fips,year,rent,rent_months,log_rent,d_log_rent,gross_inflow,gross_outflow,nonmigrant_exemptions,net_migration,irs_population_base,population_lag,net_mig_share,gross_inflow_share
01001,2021,1509.127546262817,3,7.319286978895602,,4495.0,4065.0,40564.0,430.0,44629.0,44629.0,0.009634990701113625,0.1007192632593157
01001,2022,1556.498572082841,12,7.350194072491484,0.030907093595882174,4489.0,4040.0,41562.0,449.0,45602.0,45602.0,0.009846059383360379,0.09843866497083462
01001,2023,1632.3111102665805,12,7.3977521486470135,0.04755807615552943,4345.0,3759.0,43150.0,586.0,46909.0,46909.0,0.012492272271845488,0.09262614850028779
01001,2024,1741.644395940737,12,7.462585001063475,0.06483285241646186,,,,,,,,
01001,2025,1800.0258861604132,12,7.495556324981077,0.032971323917601936,,,,,,,,
01001,2026,1857.4465987925164,4,7.526958027210965,0.03140170222988736,,,,,,,,
01003,2015,1014.6831025489926,11,6.92233162848943,,,,,,,,,
01003,2016,1043.7412395913525,12,6.950566882923952,0.028235254434521906,,,,,,,,
01003,2017,1082.8625761737114,12,6.987363347143184,0.03679646421923177,,,,,,,,
01003,2018,1109.165199552716,12,7.0113629388829715,0.023999591739787718,,,,,,,,
01003,2019,1156.5270496548271,12,7.053176870636904,0.04181393175393211,,,,,,,,
01003,2020,1206.1202651812746,12,7.095164094687719,0.04198722405081501,14892.0,9137.0,165933.0,5755.0,175070.0,175070.0,0.032872565259610444,0.08506311761009881
01003,2021,1398.020494933953,12,7.242812582867951,0.14764848818023246,15440.0,9327.0,163060.0,6113.0,172387.0,172387.0,0.035460910625511204,0.0895659185437417
01003,2022,1548.9446341363544,12,7.345329096806062,0.10251651393811123,14916.0,9097.0,172625.0,5819.0,181722.0,181722.0,0.032021439341411606,0.08208142107174696
01003,2023,1599.9577226146369,12,7.377732484512918,0.03240338770685547,14151.0,9479.0,180763.0,4672.0,190242.0,190242.0,0.024558194299891718,0.07438420538051535
01003,2024,1620.2488972663223,12,7.390335056712823,0.01260257219990546,,,,,,,,
01003,2025,1644.2355122363203,12,7.405030820974218,0.014695764261395183,,,,,,,,
01003,2026,1661.2381183253467,4,7.415318457752274,0.010287636778055997,,,,,,,,
01009,2026,1434.719424644903,2,7.26872458618109,,,,,,,,,
01015,2023,869.4868049434249,9,6.767903158225969,,4463.0,4237.0,79438.0,226.0,83675.0,83675.0,0.0027009262025694653,0.05333731700029878
01015,2024,913.4236583761971,12,6.817199801856448,0.049296643630479586,,,,,,,,
01015,2025,946.2682609888411,12,6.852526102836351,0.03532630097990275,,,,,,,,
01015,2026,974.5750171861216,4,6.882001496165524,0.029475393329172483,,,,,,,,
01021,2025,1374.1092222321086,10,7.2255609617860665,,,,,,,,,
01021,2026,1404.7403253064715,4,7.247607742840256,0.02204678105418978,,,,,,,,
01031,2015,803.0530064285507,12,6.688420722264492,,,,,,,,,
01031,2016,812.535592171676,12,6.700159718994204,0.011738996729712348,,,,,,,,
01031,2017,836.2765286217767,12,6.728959334253796,0.02879961525959196,,,,,,,,
01031,2018,851.8944269868384,12,6.747462607164312,0.018503272910516344,,,,,,,,
01031,2019,889.6414526654195,12,6.790818519381733,0.043355912217420745,,,,,,,,
01031,2020,938.4950085083888,12,6.844277537427858,0.05345901804612474,4544.0,4018.0,36614.0,526.0,40632.0,40632.0,0.01294546170506005,0.11183303799960623
01031,2021,1058.7253980268695,12,6.964821008885773,0.120543471457915,4148.0,3805.0,36054.0,343.0,39859.0,39859.0,0.008605333801650818,0.10406683559547404
01031,2022,1197.824075625156,12,7.088261919499089,0.12344091061331586,4286.0,3609.0,37027.0,677.0,40636.0,40636.0,0.016660104340978442,0.10547297962397874
01031,2023,1265.291870659838,12,7.143058102342395,0.05479618284330634,4129.0,3708.0,38460.0,421.0,42168.0,42168.0,0.009983874027698729,0.09791785239992411
01031,2024,1310.3062837453433,12,7.17801619325297,0.03495809091057467,,,,,,,,
01031,2025,1359.9788417998827,12,7.215224421108992,0.037208227856022624,,,,,,,,
01031,2026,1382.7744662122757,4,7.23184724259804,0.016622821489047368,,,,,,,,
01033,2023,937.0812441797824,7,6.842769985181622,,2946.0,2444.0,40936.0,502.0,43380.0,43380.0,0.011572153065929,0.06791147994467496
01033,2024,976.8366451036476,12,6.884319437555182,0.04154945237355978,,,,,,,,
01033,2025,1026.9005467821228,12,6.934300366663084,0.049980929107902305,,,,,,,,
01033,2026,1063.8844639027889,4,6.969682077448113,0.03538171078502916,,,,,,,,
01043,2024,1301.4020121613987,12,7.171197433211063,,,,,,,,,
01043,2025,1336.7736206915815,12,7.198014243911423,0.02681681070036035,,,,,,,,
01043,2026,1371.3363964901666,4,7.223541015249274,0.02552677133785064,,,,,,,,
01045,2023,1253.8083816067315,9,7.133940903780621,,4703.0,4764.0,32617.0,-61.0,37381.0,37381.0,-0.0016318450549744523,0.12581257858270245
01045,2024,1300.6155684123453,12,7.170592945540516,0.036652041759895226,,,,,,,,
01045,2025,1382.1892092442488,12,7.231423904684444,0.060830959143928,,,,,,,,
01045,2026,1387.4220910749525,4,7.2352026934674765,0.003778788783032283,,,,,,,,
01051,2022,1188.8514927057763,10,7.080742987885609,,5070.0,4381.0,61715.0,689.0,66096.0,66096.0,0.010424231420963447,0.07670660856935367
01051,2023,1256.6340088290933,12,7.136192003767105,0.05544901588149642,4528.0,4082.0,63364.0,446.0,67446.0,67446.0,0.006612697565459775,0.06713518963318803
01051,2024,1338.3711257392188,12,7.199208575724431,0.06301657195732613,,,,,,,,
01051,2025,1411.3635952267623,12,7.252311604856409,0.05310302913197784,,,,,,,,
01051,2026,1450.4316151698952,4,7.279616456755405,0.027304851898995786,,,,,,,,
01055,2024,1047.6193764333868,5,6.954275608485213,,,,,,,,,
01055,2025,1088.3763309690582,12,6.992442260043687,0.03816665155847332,,,,,,,,
01055,2026,1121.8308110808841,3,7.022717282449318,0.030275022405631624,,,,,,,,
01069,2022,1050.7739441636083,1,6.9572822613140115,,5376.0,4872.0,75379.0,504.0,80251.0,80251.0,0.006280295572640839,0.06698981944150229
01069,2023,1078.8610068411663,12,6.983661140316597,0.02637887900258562,5370.0,5082.0,77091.0,288.0,82173.0,82173.0,0.003504800846993538,0.06534993245956701
01069,2024,1129.2567767698013,12,7.029314975641171,0.04565383532457368,,,,,,,,
01069,2025,1183.184019160449,12,7.0759644048486905,0.04664942920751969,,,,,,,,
01069,2026,1207.8909831889728,4,7.0966311287178785,0.020666723869187997,,,,,,,,
01071,2026,1227.7444752359656,2,7.112934004999611,,,,,,,,,
01073,2015,874.8638022450106,12,6.774068219665053,,,,,,,,,
01073,2016,893.8441604470845,12,6.795531442805227,0.02146322314017368,,,,,,,,
01073,2017,912.1284417520136,12,6.815780815412379,0.020249372607151983,,,,,,,,
01073,2018,946.5846958510259,12,6.852860449848347,0.03707963443596807,,,,,,,,
01073,2019,983.7378081274945,12,6.8913594063917865,0.03849895654343971,,,,,,,,
01073,2020,1022.5667191257256,12,6.930071136766909,0.03871173037512232,22256.0,27759.0,476967.0,-5503.0,504726.0,504726.0,-0.010902945360452998,0.04409521205564999
01073,2021,1105.2955888882318,12,7.00786807943609,0.07779694266918113,22072.0,26923.0,454700.0,-4851.0,481623.0,481623.0,-0.010072193396079506,0.04582837613652172
01073,2022,1199.5507452139743,12,7.089702386690428,0.08183430725433816,21385.0,25452.0,459765.0,-4067.0,485217.0,485217.0,-0.008381816795371968,0.04407306421662885
01073,2023,1258.9471939433104,12,7.138031090307938,0.04832870361750974,21674.0,24492.0,464260.0,-2818.0,488752.0,488752.0,-0.00576570530657675,0.044345598585785836
01073,2024,1303.547243486467,12,7.172844476281383,0.034813385973444966,,,,,,,,
01073,2025,1339.8292871356298,12,7.200297487169208,0.027453010887825258,,,,,,,,
01073,2026,1346.1140725110567,4,7.204977255878929,0.004679768709721088,,,,,,,,
01077,2023,1131.8285455272849,10,7.031589785743335,,3787.0,3480.0,66261.0,307.0,69741.0,69741.0,0.004402001691974591,0.054300913379504163
01077,2024,1196.5679410667683,12,7.0872126889095535,0.05562290316621876,,,,,,,,
01077,2025,1251.5462204501566,12,7.132135042231533,0.04492235332197936,,,,,,,,
01077,2026,1273.6200642474423,4,7.1496185689291565,0.017483526697623653,,,,,,,,
01081,2015,870.0223961274654,8,6.76851895399254,,,,,,,,,
01081,2016,978.4429428103881,11,6.8859624742625964,0.11744352027005611,,,,,,,,
01081,2017,1010.6572810736349,12,6.918356171514391,0.03239369725179486,,,,,,,,
01081,2018,1071.848376630306,12,6.977139891916672,0.05878372040228097,,,,,,,,
01081,2019,1124.567932186364,12,7.025154180589696,0.048014288673023486,,,,,,,,
01081,2020,1153.8245457353498,12,7.050837395418094,0.025683214828398526,9796.0,8947.0,107947.0,849.0,116894.0,116894.0,0.007262990401560388,0.08380241928584872
01081,2021,1233.8515115060618,12,7.117895866192609,0.06705847077451477,9880.0,8453.0,105617.0,1427.0,114070.0,114070.0,0.012509862365214341,0.08661348294906636
01081,2022,1343.3322105974792,12,7.202908530488755,0.08501266429614596,9953.0,8465.0,110887.0,1488.0,119352.0,119352.0,0.012467323547154635,0.08339198337690194
01081,2023,1443.3395440901961,12,7.274714835383969,0.07180630489521356,9336.0,8878.0,115580.0,458.0,124458.0,124458.0,0.0036799562904755016,0.07501325748445259
01081,2024,1561.0795813917418,12,7.35313290024845,0.078418064864481,,,,,,,,
01081,2025,1666.3503145889172,12,7.418391073485044,0.065258173236594,,,,,,,,
01081,2026,1725.0066774323325,4,7.452986200433233,0.034595126948189225,,,,,,,,
01083,2020,1155.3756330829387,2,7.052180793530644,,7861.0,4926.0,74621.0,2935.0,79547.0,79547.0,0.03689642601229462,0.09882208002815945
01083,2021,1247.6183831539774,12,7.128991719439116,0.0768109259084726,8058.0,5036.0,74734.0,3022.0,79770.0,79770.0,0.03788391625924533,0.10101541933057541
01083,2022,1340.7744731578584,12,7.201002691030666,0.07201097159155001,7855.0,5067.0,78850.0,2788.0,83917.0,83917.0,0.03322330397893156,0.0936043948186899
01083,2023,1409.705883910502,12,7.251136368642399,0.05013367761173271,7660.0,5169.0,83568.0,2491.0,88737.0,88737.0,0.02807171754735905,0.08632250357798889
01083,2024,1467.380556049253,12,7.291234155578265,0.040097786935866075,,,,,,,,
01083,2025,1495.88231238357,12,7.310471487247117,0.019237331668851887,,,,,,,,
01083,2026,1509.5710872908228,4,7.31958084130788,0.00910935406076252,,,,,,,,
01089,2015,747.9166711000812,12,6.617291569496165,,,,,,,,,
01089,2016,766.3476969874763,12,6.641635979269756,0.024344409773591202,,,,,,,,
01089,2017,792.1112641502235,12,6.674701866985488,0.03306588771573171,,,,,,,,
01089,2018,838.0371775927434,12,6.731062464167145,0.056360597181657646,,,,,,,,
01089,2019,902.4913268244203,12,6.805159079994011,0.07409661582686589,,,,,,,,
01089,2020,1012.1798620634669,12,6.919861563367154,0.1147024833731427,20970.0,16704.0,292298.0,4266.0,309002.0,309002.0,0.013805735885204626,0.06786363842305228
01089,2021,1166.3316072683594,12,7.06161872379139,0.1417571604242358,20515.0,17238.0,284181.0,3277.0,301419.0,301419.0,0.01087190920280407,0.06806140289762755
01089,2022,1277.5812782995897,12,7.152723942989106,0.09110521919771664,20820.0,16973.0,293908.0,3847.0,310881.0,310881.0,0.012374509860686243,0.06697096316597026
01089,2023,1323.93324728662,12,7.188362317768715,0.03563837477960874,21076.0,16426.0,304533.0,4650.0,320959.0,320959.0,0.014487831779136899,0.06566570808109447
01089,2024,1335.557513997366,12,7.197104097139283,0.008741779370567748,,,,,,,,
01089,2025,1344.1787724876515,12,7.20353852748114,0.006434430341856867,,,,,,,,
01089,2026,1361.7820822198437,4,7.216549475538194,0.013010948057054605,,,,,,,,
01097,2015,728.2287739941426,12,6.590615248822453,,,,,,,,,
01097,2016,751.0753652820528,12,6.621505999967504,0.030890751145051354,,,,,,,,
01097,2017,775.1320557885125,12,6.6530334094036645,0.03152740943616017,,,,,,,,
01097,2018,799.136005406028,12,6.683531150812524,0.03049774140885919,,,,,,,,
01097,2019,833.8390224185786,12,6.726040365045484,0.04250921423296017,,,,,,,,
01097,2020,858.5331676329027,12,6.755225313991827,0.029184948946342715,10945.0,11600.0,289767.0,-655.0,301367.0,301367.0,-0.0021734297384916066,0.036317845019527686
01097,2021,969.471109141584,12,6.8767506744878695,0.1215253604960429,10708.0,11934.0,279688.0,-1226.0,291622.0,291622.0,-0.00420407239508679,0.03671876607389017
01097,2022,1074.3899951941773,12,6.9795083331721655,0.10275765868429598,10316.0,10965.0,285270.0,-649.0,296235.0,296235.0,-0.0021908282275895827,0.03482370415379682
01097,2023,1170.139071761995,12,7.064877885481788,0.08536955230962295,10507.0,11230.0,288260.0,-723.0,299490.0,299490.0,-0.0024141039767604927,0.03508297438979598
01097,2024,1225.1438056217476,12,7.110813508433169,0.04593562295138032,,,,,,,,
01097,2025,1267.4461539577762,12,7.144759252478354,0.03394574404518558,,,,,,,,
01097,2026,1294.5958330926187,4,7.165953827422944,0.021194574944590094,,,,,,,,
01101,2015,851.9704329487354,12,6.7475518231153355,,,,,,,,,
01101,2016,855.3753629328654,12,6.7515403935693605,0.003988570454025009,,,,,,,,
01101,2017,868.2819229762948,12,6.766516457981169,0.01497606441180821,,,,,,,,
01101,2018,884.9101165650201,12,6.785486076646671,0.018969618665502175,,,,,,,,
01101,2019,902.8518799434595,12,6.8055585088920525,0.020072432245381577,,,,,,,,
01101,2020,936.8792280970036,12,6.842554381825469,0.03699587293341633,9688.0,11735.0,156000.0,-2047.0,167735.0,167735.0,-0.012203773809878677,0.05775777267713954
01101,2021,1024.6419951515293,12,6.9320985575395815,0.08954417571411266,9806.0,10828.0,149339.0,-1022.0,160167.0,160167.0,-0.006380839998251825,0.06122359786972348
01101,2022,1133.5643329095208,12,7.033122224322486,0.10102366678290409,9110.0,10804.0,152209.0,-1694.0,163013.0,163013.0,-0.010391809242207676,0.05588511345720894
01101,2023,1182.161360157056,12,7.075099703164061,0.04197747884157543,8711.0,10813.0,152179.0,-2102.0,162992.0,162992.0,-0.012896338470599783,0.05344434082654363
01101,2024,1245.7192101605112,12,7.127468320950401,0.05236861778633983,,,,,,,,
01101,2025,1302.84515046695,12,7.172305729285245,0.0448374083348444,,,,,,,,
01101,2026,1325.7082332484374,4,7.18970211127691,0.01739638199166471,,,,,,,,
01103,2022,937.1875146497235,10,6.84288338457491,,5558.0,4523.0,88827.0,1035.0,93350.0,93350.0,0.011087305838243171,0.05953936797000536
01103,2023,1012.5193126140626,12,6.920196872985513,0.07731348841060282,5149.0,4680.0,91205.0,469.0,95885.0,95885.0,0.004891276007717578,0.05369974448558169
01103,2024,1063.2118291639863,12,6.969049633337882,0.04885276035236874,,,,,,,,
01103,2025,1099.2844586923677,12,7.002414755026835,0.033365121688953,,,,,,,,
01103,2026,1108.6504056570288,4,7.010898703800737,0.008483948773902128,,,,,,,,
01109,2025,1111.8356623193656,3,7.013767678205124,,,,,,,,,
01109,2026,1115.1671277192913,4,7.016759562992989,0.00299188478786494,,,,,,,,
01113,2022,1209.355798176198,5,7.097843098615052,,4656.0,4734.0,36378.0,-78.0,41112.0,41112.0,-0.0018972562755399883,0.11325160537069469
01113,2023,1228.484656124008,12,7.113536701955686,0.015693603340634077,4826.0,4863.0,36840.0,-37.0,41703.0,41703.0,-0.0008872263386327122,0.11572308946598565
01113,2024,1292.5379003013288,12,7.164362929203211,0.050826227247524614,,,,,,,,
01113,2025,1358.3924639823686,12,7.214057267825535,0.04969433862232364,,,,,,,,
01113,2026,1361.7229135384168,4,7.216506025145022,0.002448757319487349,,,,,,,,
01115,2018,1216.8549271337652,9,7.104024880568751,,,,,,,,,
01115,2019,1248.3850649848725,12,7.129606046999905,0.025581166431154045,,,,,,,,
01115,2020,1299.2177707876056,12,7.169517647567874,0.03991160056796872,5622.0,4471.0,66267.0,1151.0,70738.0,70738.0,0.016271311035087225,0.07947637761881873
01115,2021,1376.1564429629516,12,7.2270497060443875,0.05753205847651355,5948.0,4462.0,64614.0,1486.0,69076.0,69076.0,0.021512536915860792,0.08610805489605652
01115,2022,1468.035872312407,12,7.291680645056016,0.06463093901162864,5840.0,4252.0,66877.0,1588.0,71129.0,71129.0,0.02232563370777039,0.08210434562555358
01115,2023,1544.6822770250556,12,7.342573522245345,0.05089287718932933,5431.0,4186.0,69795.0,1245.0,73981.0,73981.0,0.016828645192684608,0.07341074059555831
01115,2024,1616.0884375241865,12,7.387763963774327,0.04519044152898122,,,,,,,,
01115,2025,1687.571216451077,12,7.43104562419757,0.04328166042324355,,,,,,,,
01115,2026,1709.3661646076218,4,7.443877916811684,0.012832292614113783,,,,,,,,
01117,2015,1096.5392981684988,12,6.999914406858672,,,,,,,,,
01117,2016,1115.8288755481167,11,7.017352793861411,0.017438387002739475,,,,,,,,
01117,2017,1139.760366107088,12,7.038573314123117,0.021220520261706177,,,,,,,,
01117,2018,1168.294554491926,12,7.063300318659365,0.02472700453624732,,,,,,,,
01117,2019,1207.143690188466,12,7.096012261392622,0.032711942733257615,,,,,,,,
01117,2020,1252.6139820429696,12,7.132987832445562,0.036975571052940026,15145.0,11694.0,169111.0,3451.0,180805.0,180805.0,0.019086861535908852,0.08376427643040846
01117,2021,1352.474216199338,12,7.209690946730667,0.07670311428510512,13908.0,12053.0,164188.0,1855.0,176241.0,176241.0,0.010525360160235133,0.07891466798304594
01117,2022,1462.9244998105785,12,7.288192793270544,0.07850184653987657,13080.0,11396.0,169617.0,1684.0,181013.0,181013.0,0.009303199217735742,0.07226000342516836
01117,2023,1524.229662954562,12,7.329244422369614,0.04105162909907012,12493.0,10877.0,175902.0,1616.0,186779.0,186779.0,0.008651936245509398,0.06688653435343374
01117,2024,1580.061165278985,12,7.365218837473604,0.0359744151039898,,,,,,,,
01117,2025,1643.8230501802002,12,7.4047799361128614,0.03956109863925761,,,,,,,,
01117,2026,1659.908831515941,4,7.414517959068858,0.009738022955996684,,,,,,,,
01121,2023,1320.3765642362494,12,7.185672250833527,,3649.0,3249.0,54156.0,400.0,57405.0,57405.0,0.006968034143367302,0.06356589147286822
01121,2024,1380.7642843041028,12,7.230392454050328,0.04472020321680148,,,,,,,,
01121,2025,1413.4696012629463,12,7.2538026708981045,0.023410216847776333,,,,,,,,
01121,2026,1380.398644783887,4,7.230127609467272,-0.023675061430832756,,,,,,,,
01125,2016,947.0151893429347,8,6.853315132490325,,,,,,,,,
01125,2017,995.619312690157,12,6.903364968346837,0.05004983585651246,,,,,,,,
01125,2018,1015.8755418943398,12,6.923506122499425,0.020141154152588214,,,,,,,,
01125,2019,1052.2153441387586,12,6.958653072101192,0.03514694960176623,,,,,,,,
01125,2020,1082.1448308072092,12,6.986700305168839,0.02804723306764778,7312.0,7900.0,139663.0,-588.0,147563.0,147563.0,-0.003984738721766297,0.04955171689380129
01125,2021,1139.0898850910482,12,7.037984876128972,0.05128457096013239,6962.0,7645.0,133703.0,-683.0,141348.0,141348.0,-0.004832045731103376,0.04925432266462914
01125,2022,1240.2652676151397,12,7.123080561216367,0.08509568508739473,7348.0,7627.0,136062.0,-279.0,143689.0,143689.0,-0.0019416935186409537,0.051138222132522324
01125,2023,1324.2733883646445,12,7.1886192018617585,0.06553864064539194,7459.0,7908.0,139048.0,-449.0,146956.0,146956.0,-0.0030553362911347613,0.05075668907700264
01125,2024,1393.4041184051457,12,7.239505038243399,0.05088583638164046,,,,,,,,
01125,2025,1465.3035936432673,12,7.289817731137571,0.05031269289417217,,,,,,,,
01125,2026,1496.4035805300678,4,7.310819895233804,0.02100216409623279,,,,,,,,
01127,2023,1095.7470927846332,6,6.9991916861214385,,2233.0,1870.0,44364.0,363.0,46234.0,46234.0,0.00785136479647013,0.04829778950555868
01127,2024,1146.00308025525,12,7.044035585102879,0.04484389898144059,,,,,,,,
01127,2025,1155.6792889996689,12,7.052443579079854,0.00840799397697456,,,,,,,,
01127,2026,1150.1081420862001,4,7.047611253532828,-0.004832325547025285,,,,,,,,
02020,2015,1230.3047814937715,12,7.115017207503968,,,,,,,,,
02020,2016,1215.6746732410909,12,7.103054488278266,-0.01196271922570169,,,,,,,,
02020,2017,1198.8379540853161,12,7.0891079950058336,-0.01394649327243247,,,,,,,,
02020,2018,1207.7812317014964,12,7.0965402625093965,0.0074322675035629615,,,,,,,,
02020,2019,1222.7053572054017,12,7.108821188595851,0.012280926086454258,,,,,,,,
02020,2020,1249.2254720812637,12,7.130279015916105,0.02145782732025392,14588.0,19635.0,226923.0,-5047.0,246558.0,246558.0,-0.0204698286001671,0.05916660582905442
02020,2021,1315.1530470639755,12,7.181708323439568,0.05142930752346331,14202.0,18462.0,213572.0,-4260.0,232034.0,232034.0,-0.018359378366963462,0.06120654731634157
02020,2022,1444.4436441856158,12,7.275479505081958,0.09377118164239029,14317.0,17542.0,216349.0,-3225.0,233891.0,233891.0,-0.013788474118285867,0.06121227409348799
02020,2023,1547.1760395248248,12,7.344186638232699,0.06870713315074095,13578.0,16009.0,220043.0,-2431.0,236052.0,236052.0,-0.010298578279362175,0.057521224137054544
02020,2024,1615.8198846880284,12,7.387597775374161,0.04341113714146161,,,,,,,,
02020,2025,1683.5323371290233,12,7.428649446690501,0.0410516713163398,,,,,,,,
02020,2026,1716.3833731509533,4,7.447974666022532,0.01932521933203102,,,,,,,,
02090,2021,1390.3032294466973,7,7.237277153014415,,7289.0,8185.0,67302.0,-896.0,75487.0,75487.0,-0.011869593439930054,0.09655967252639527
02090,2022,1486.5258129262327,12,7.3041970071889875,0.06691985417457236,6957.0,8315.0,68704.0,-1358.0,77019.0,77019.0,-0.017632012879938718,0.0903283605344136
02090,2023,1562.7683296071407,12,7.354214097815055,0.05001709062606796,6435.0,7885.0,70888.0,-1450.0,78773.0,78773.0,-0.01840732230586622,0.08169042692293045
02090,2024,1613.9663269167522,12,7.386449985487567,0.03223588767251151,,,,,,,,
02090,2025,1665.3786804276954,12,7.417807812247277,0.03135782675971033,,,,,,,,
02090,2026,1709.6009739373474,4,7.44401527369204,0.026207461444762714,,,,,,,,
02110,2026,2128.96262503898,2,7.663390109567465,,,,,,,,,
02122,2025,1533.3073291763087,12,7.335182334432425,,,,,,,,,
02122,2026,1565.0603667983441,4,7.355679675264419,0.020497340831993505,,,,,,,,
02170,2023,1512.7040508402813,12,7.321654090451975,,6049.0,5090.0,87537.0,959.0,92627.0,92627.0,0.010353352694138857,0.06530493268701351
02170,2024,1611.343029380646,12,7.3848232899834905,0.06316919953151512,,,,,,,,
02170,2025,1679.9546180532868,12,7.426522058968925,0.041698768985434675,,,,,,,,
02170,2026,1695.5207271905315,4,7.4357451863158195,0.009223127346894344,,,,,,,,
04003,2021,1080.3165959267003,1,6.9850094215364225,,8425.0,7355.0,89684.0,1070.0,97039.0,97039.0,0.011026494502210452,0.08682076278609631
04003,2022,1086.9623600219438,12,6.991142259126952,0.006132837590529405,7821.0,7623.0,91769.0,198.0,99392.0,99392.0,0.00199211204121056,0.07868842562781712
04003,2023,1153.2094991551191,12,7.050304202944265,0.05916194381731277,7066.0,6777.0,93351.0,289.0,100128.0,100128.0,0.002886305528922979,0.07056967082134867
04003,2024,1192.4972761772667,12,7.083804938631809,0.03350073568754475,,,,,,,,
04003,2025,1232.5840105695922,12,7.116868066327821,0.033063127696011385,,,,,,,,
04003,2026,1236.7627294128183,4,7.1202525426870045,0.003384476359183708,,,,,,,,
04005,2018,1376.2255576566386,11,7.227099927775009,,,,,,,,,
04005,2019,1406.3291192752788,12,7.2487381269658036,0.021638199190794793,,,,,,,,
04005,2020,1474.999295963508,12,7.296412791460931,0.04767466449512714,8250.0,9000.0,95434.0,-750.0,104434.0,104434.0,-0.007181569220751863,0.07899726142827049
04005,2021,1664.900209461426,12,7.417520466361013,0.1211076749000819,7865.0,8636.0,90677.0,-771.0,99313.0,99313.0,-0.007763334105303435,0.07919406321428211
04005,2022,1924.6417000886395,12,7.562495099573495,0.14497463321248283,7633.0,8391.0,92446.0,-758.0,100837.0,100837.0,-0.00751708202346361,0.07569642095659332
04005,2023,1989.1385457000117,12,7.595456932385882,0.032961832812386405,7128.0,8397.0,94029.0,-1269.0,102426.0,102426.0,-0.01238943237068713,0.06959170523109366
04005,2024,2026.3821851234252,12,7.614007307256907,0.018550374871025177,,,,,,,,
04005,2025,2062.4224539376714,12,7.631636519411184,0.017629212154276708,,,,,,,,
04005,2026,2066.0968926892247,4,7.633416547267786,0.001780027856602473,,,,,,,,
04007,2025,1877.8866423568143,10,7.537902297114052,,,,,,,,,
04007,2026,1894.9630102737488,4,7.546954597681556,0.009052300567503835,,,,,,,,
04009,2026,1829.281399729751,4,7.5116784909740675,,,,,,,,,
04013,2015,952.8150172198939,12,6.859420779062869,,,,,,,,,
04013,2016,1003.8569945631917,12,6.911604854412715,0.052184075349845926,,,,,,,,
04013,2017,1064.1186535586598,12,6.969902180186587,0.05829732577387148,,,,,,,,
04013,2018,1138.5544192358354,12,7.037514683426748,0.0676125032401611,,,,,,,,
04013,2019,1229.298046182277,12,7.114198591297817,0.07668390787106905,,,,,,,,
04013,2020,1318.1731995358166,12,7.184002117305747,0.06980352600792994,179762.0,139753.0,3347906.0,40009.0,3487659.0,3487659.0,0.011471591689439823,0.051542309612264275
04013,2021,1551.7993827280504,12,7.347170428681738,0.16316831137599141,173959.0,151233.0,3233421.0,22726.0,3384654.0,3384654.0,0.00671442339453309,0.05139639088663125
04013,2022,1738.0897788940422,12,7.46054196093195,0.11337153225021179,162037.0,154875.0,3333868.0,7162.0,3488743.0,3488743.0,0.0020528883898871314,0.04644566825358016
04013,2023,1740.3510168797777,12,7.461842105701993,0.0013001447700426993,149222.0,144612.0,3407447.0,4610.0,3552059.0,3552059.0,0.0012978388027901563,0.042010000396952865
04013,2024,1743.205664427018,12,7.463481033066972,0.0016389273649792813,,,,,,,,
04013,2025,1736.664966599196,12,7.459721867153217,-0.003759165913755247,,,,,,,,
04013,2026,1725.7818884301928,4,7.453435495425438,-0.0062863717277785724,,,,,,,,
04015,2015,754.2175401777877,12,6.62568084122021,,,,,,,,,
04015,2016,792.9940479300676,12,6.675815715843839,0.05013487462362942,,,,,,,,
04015,2017,844.6271338179595,12,6.738895268218663,0.06307955237482332,,,,,,,,
04015,2018,901.3394441843288,12,6.803881928262068,0.06498666004340503,,,,,,,,
04015,2019,975.9667102224589,12,6.88342847745276,0.0795465491906926,,,,,,,,
04015,2020,1053.7080563735624,12,6.960070704370656,0.07664222691789568,14611.0,9594.0,135375.0,5017.0,144969.0,144969.0,0.03460739882319668,0.10078706482075478
04015,2021,1236.6988113037671,12,7.120200859563566,0.16013015519290974,14859.0,9725.0,133811.0,5134.0,143536.0,143536.0,0.03576803031991974,0.10352106788540853
04015,2022,1370.3967107644996,12,7.222855546805993,0.10265468724242766,14038.0,9813.0,138905.0,4225.0,148718.0,148718.0,0.028409472962250704,0.09439341572640837
04015,2023,1398.6498413497457,12,7.2432626512355025,0.020407104429509104,12254.0,9074.0,143260.0,3180.0,152334.0,152334.0,0.020875182165504748,0.08044166108682238
04015,2024,1444.9188296872999,12,7.2758084257419755,0.032545774506473,,,,,,,,
04015,2025,1481.5351460337415,12,7.300834090008462,0.025025664266486558,,,,,,,,
04015,2026,1493.15565389109,4,7.30864704789267,0.007812957884207883,,,,,,,,
04017,2025,1855.759043463769,10,7.526049079198105,,,,,,,,,
04017,2026,1849.5232474859004,4,7.522683180799297,-0.003365898398808298,,,,,,,,
04019,2015,803.0197821488188,12,6.6883793489469525,,,,,,,,,
04019,2016,826.6406129451348,12,6.717370033395633,0.02899068444868025,,,,,,,,
04019,2017,868.7256218304993,12,6.767027335282976,0.04965730188734341,,,,,,,,
04019,2018,919.3880736187671,12,6.823708311370183,0.05668097608720668,,,,,,,,
04019,2019,981.9657072678168,12,6.889556386428834,0.06584807505865076,,,,,,,,
04019,2020,1045.088675182695,12,6.951857017432949,0.0623006310041152,41194.0,34430.0,765848.0,6764.0,800278.0,800278.0,0.008452062908139421,0.051474612572131186
04019,2021,1200.0460356556835,12,7.090115198086652,0.1382581806537031,40206.0,35761.0,744549.0,4445.0,780310.0,780310.0,0.00569645397342082,0.05152567569299381
04019,2022,1347.0749866314707,12,7.205690844223518,0.11557564613686644,39314.0,35873.0,761960.0,3441.0,797833.0,797833.0,0.004312932656332842,0.049275976300804804
04019,2023,1394.7144025350772,12,7.2404449439300125,0.034754099706494124,36318.0,33946.0,778194.0,2372.0,812140.0,812140.0,0.0029206787007166253,0.04471889083163001
04019,2024,1425.4388043743356,12,7.262234978195418,0.021790034265405822,,,,,,,,
04019,2025,1433.1784061274493,12,7.267649918423243,0.005414940227824516,,,,,,,,
04019,2026,1437.7540503683663,4,7.270837487747514,0.003187569324270889,,,,,,,,
04021,2015,902.5957818821295,12,6.805274814084982,,,,,,,,,
04021,2016,957.7546736542909,12,6.864591663395833,0.059316849310850905,,,,,,,,
04021,2017,1032.614610395432,12,6.939849321479125,0.07525765808329155,,,,,,,,
04021,2018,1114.7795288306822,12,7.016411932352252,0.07656261087312721,,,,,,,,
04021,2019,1208.5830146805272,12,7.0972038901140975,0.08079195776184545,,,,,,,,
04021,2020,1343.9914668729743,12,7.203399172010093,0.10619528189599592,42939.0,26329.0,290521.0,16610.0,316850.0,316850.0,0.05242228183683131,0.1355183840934196
04021,2021,1610.5899991003828,12,7.384355849917345,0.18095667790725134,43096.0,28278.0,287638.0,14818.0,315916.0,315916.0,0.046904873447372084,0.13641600931893288
04021,2022,1769.0734603639803,12,7.478211219789377,0.09385536987203213,41295.0,27573.0,305972.0,13722.0,333545.0,333545.0,0.04113987617862657,0.12380638294682876
04021,2023,1805.5744272772524,12,7.49863406239752,0.0204228426081432,38615.0,24877.0,327262.0,13738.0,352139.0,352139.0,0.03901300338786672,0.10965840193787113
04021,2024,1820.4425064485704,12,7.5068348859295195,0.008200823531999468,,,,,,,,
04021,2025,1827.233394986449,12,7.510558295885334,0.0037234099558141054,,,,,,,,
04021,2026,1835.9655501610564,4,7.515325807475562,0.004767511590228146,,,,,,,,
04023,2026,1594.3331144770254,2,7.374210817740816,,,,,,,,,
04025,2015,979.8610619140891,12,6.887410788056745,,,,,,,,,
04025,2016,1040.5967271777974,12,6.947549603721329,0.06013881566458412,,,,,,,,
04025,2017,1111.2307163057944,12,7.013223433521906,0.06567382980057701,,,,,,,,
04025,2018,1188.8396523496388,12,7.08073302834468,0.06750959482277352,,,,,,,,
04025,2019,1258.5548955557665,12,7.1377194334538245,0.056986405109144656,,,,,,,,
04025,2020,1333.6386027147146,12,7.195666277264436,0.05794684381061188,17815.0,11296.0,171714.0,6519.0,183010.0,183010.0,0.03562100431670401,0.09734440740943118
04025,2021,1554.2869100658975,12,7.348772140698192,0.15310586343375565,17034.0,11695.0,169754.0,5339.0,181449.0,181449.0,0.029424245931363634,0.09387761850437314
04025,2022,1737.2742364301976,12,7.460072633129039,0.11130049243084716,16586.0,11707.0,176608.0,4879.0,188315.0,188315.0,0.025908716777739427,0.08807583039056899
04025,2023,1775.1355566804893,12,7.481632068954318,0.02155943582527886,14037.0,10668.0,183378.0,3369.0,194046.0,194046.0,0.01736186265112396,0.07233851767106768
04025,2024,1810.2305172474787,12,7.501209473745874,0.019577404791555786,,,,,,,,
04025,2025,1861.7187851483352,12,7.529255418046724,0.0280459443008505,,,,,,,,
04025,2026,1859.797288898295,4,7.528222776304727,-0.0010326417419976863,,,,,,,,
04027,2021,1200.8261328988274,1,7.090765042989529,,10070.0,9051.0,164932.0,1019.0,173983.0,173983.0,0.00585689406436261,0.0578792180845255
04027,2022,1268.4885783312477,12,7.145581374924103,0.05481633193457469,9825.0,8619.0,170864.0,1206.0,179483.0,179483.0,0.006719299320827042,0.054740560387334734
04027,2023,1333.1614875473547,12,7.1953084587881335,0.04972708386403024,9105.0,8870.0,174305.0,235.0,183175.0,183175.0,0.001282926163504845,0.049706564760474956
04027,2024,1358.7673807601902,12,7.2143332300814365,0.019024771293302933,,,,,,,,
04027,2025,1392.0202686118137,12,7.238511401572707,0.024178171491270106,,,,,,,,
04027,2026,1408.1784038891374,4,7.250052235998921,0.011540834426214452,,,,,,,,
05005,2025,1123.2851880866965,3,7.02401287448981,,,,,,,,,
05005,2026,1082.6083213508387,4,6.987128520783401,-0.036884353706409634,,,,,,,,
05007,2015,873.8506583966264,12,6.772909489655613,,,,,,,,,
05007,2016,915.5047891791787,12,6.8194755953179,0.04656610566228636,,,,,,,,
05007,2017,956.16002436813,12,6.862925288549754,0.04344969323185399,,,,,,,,
05007,2018,987.0232232858398,12,6.89469356832166,0.03176827977190655,,,,,,,,
05007,2019,1021.8850872590497,12,6.929404325360737,0.03471075703907722,,,,,,,,
05007,2020,1070.6177219161352,12,6.975991071078521,0.046586745717783984,21024.0,15237.0,223190.0,5787.0,238427.0,238427.0,0.024271579980455232,0.08817793286834125
05007,2021,1185.3173525213151,12,7.0777658257499265,0.10177475467140518,20557.0,14580.0,219568.0,5977.0,234148.0,234148.0,0.025526590019987357,0.08779489895279909
05007,2022,1359.1468347559223,12,7.214612454492591,0.1368466287426644,20161.0,15544.0,228422.0,4617.0,243966.0,243966.0,0.01892476820540567,0.08263856439011993
05007,2023,1450.860328075849,12,7.279911989171626,0.06529953467903482,19662.0,14819.0,240637.0,4843.0,255456.0,255456.0,0.018958255041964175,0.07696824502066892
05007,2024,1489.2424292977128,12,7.306022832928787,0.026110843757161106,,,,,,,,
05007,2025,1548.8229991951482,12,7.345250566099007,0.03922773317021999,,,,,,,,
05007,2026,1571.0562350936116,4,7.359503433346103,0.01425286724709629,,,,,,,,
05031,2016,925.4054490071051,10,6.830231964727775,,,,,,,,,
05031,2017,938.2149230033734,12,6.843979051761648,0.013747087033872951,,,,,,,,
05031,2018,951.1382752765543,12,6.857659451846048,0.013680400084399302,,,,,,,,
05031,2019,978.7714618100708,12,6.886298174839898,0.028638722993850507,,,,,,,,
05031,2020,1012.2905873485394,12,6.919970950278892,0.03367277543899405,5769.0,5328.0,74871.0,441.0,80199.0,80199.0,0.0054988216810683424,0.07193356525642465
05031,2021,1078.2988850845857,12,6.98313997193088,0.06316902165198801,5475.0,5355.0,74835.0,120.0,80190.0,80190.0,0.0014964459408903852,0.06827534605312383
05031,2022,1136.3454579878917,12,7.035572653393413,0.052432681462533104,5551.0,5220.0,77091.0,331.0,82311.0,82311.0,0.004021333722102756,0.06743934589544533
05031,2023,1202.9666554670605,12,7.092545997774291,0.056973344380877755,5761.0,5210.0,79735.0,551.0,84945.0,84945.0,0.0064865501206663135,0.06782035434693037
05031,2024,1256.3593068418018,12,7.135973378443533,0.04342738066924223,,,,,,,,
05031,2025,1308.9109742616859,12,7.176950753101807,0.040977374658274,,,,,,,,
05031,2026,1318.4979091898736,4,7.184248420043031,0.0072976669412234685,,,,,,,,
05033,2022,886.0101262603339,4,6.786728379727504,,3695.0,2928.0,43485.0,767.0,46413.0,46413.0,0.0165255424126861,0.0796113157951436
05033,2023,926.5550341763039,11,6.831473444043657,0.044745064316153105,3526.0,3030.0,44975.0,496.0,48005.0,48005.0,0.01033225705655661,0.07345068222060203
05033,2024,976.4167453818408,12,6.883889488496529,0.05241604445287251,,,,,,,,
05033,2025,1030.4764707203965,11,6.93777656719298,0.05388707869645071,,,,,,,,
05033,2026,1057.3186524873265,4,6.9634914092052345,0.02571484201225438,,,,,,,,
05035,2026,1174.0214166577616,3,7.068190242689931,,,,,,,,,
05045,2016,887.7874538009256,8,6.788732360514684,,,,,,,,,
05045,2017,900.4749381150604,12,6.802922333151606,0.014189972636922121,,,,,,,,
05045,2018,923.5682064279235,12,6.828244653358087,0.025322320206480953,,,,,,,,
05045,2019,951.3741277490166,12,6.857907389755199,0.029662736397111367,,,,,,,,
05045,2020,1005.5526183670304,12,6.913292538392522,0.055385148637323134,6610.0,6229.0,88187.0,381.0,94416.0,94416.0,0.004035332994407727,0.0700093204541603
05045,2021,1105.671566723359,12,7.008208182035802,0.09491564364328031,6845.0,6082.0,86195.0,763.0,92277.0,92277.0,0.008268582637060156,0.07417883112801674
05045,2022,1197.4972242540716,12,7.087989011331713,0.07978082929591057,7068.0,5955.0,88897.0,1113.0,94852.0,94852.0,0.011734069919453465,0.07451608822165057
05045,2023,1248.446169247323,12,7.12965499244854,0.041665981116826956,7066.0,5878.0,92730.0,1188.0,98608.0,98608.0,0.012047704040240142,0.07165747201038455
05045,2024,1299.4912703783064,12,7.169728136381648,0.04007314393310857,,,,,,,,
05045,2025,1331.7221140175782,12,7.19422820622558,0.02450006984393127,,,,,,,,
05045,2026,1340.5863610908657,4,7.200862380137109,0.0066341739115296505,,,,,,,,
05051,2021,905.4301471929922,7,6.808410131546034,,5054.0,4338.0,68753.0,716.0,73091.0,73091.0,0.009796007716408314,0.06914668016582069
05051,2022,967.9992981147358,12,6.875231362188231,0.06682123064219692,4782.0,4279.0,69903.0,503.0,74182.0,74182.0,0.006780620635733736,0.06446307729637918
05051,2023,1037.8463140644205,12,6.944902993095731,0.06967163090750006,4446.0,4410.0,71067.0,36.0,75477.0,75477.0,0.00047696649310385945,0.058905361898326646
05051,2024,1101.5028552310084,12,7.004430758368869,0.0595277652731383,,,,,,,,
05051,2025,1136.0056095642801,12,7.03527353726563,0.030842778896761125,,,,,,,,
05051,2026,1183.0247082126098,4,7.0758297498233445,0.04055621255771413,,,,,,,,
05055,2024,1059.5050902938995,7,6.965557182127109,,,,,,,,,
05055,2025,1112.3504673256293,12,7.014230593613682,0.04867341148657278,,,,,,,,
05055,2026,1146.3949240709908,4,7.044377448792184,0.030146855178501575,,,,,,,,
05063,2026,916.7368425774548,3,6.820820454601323,,,,,,,,,
05069,2026,775.0694845970306,2,6.652952682878905,,,,,,,,,
05071,2026,666.6666666666667,1,6.502290170873973,,,,,,,,,
05085,2016,872.5520355495686,1,6.771422291896571,,,,,,,,,
05085,2017,863.3211162261201,12,6.76078671483591,-0.010635577060661205,,,,,,,,
05085,2018,871.1053877983695,12,6.769762965857228,0.008976251021318049,,,,,,,,
05085,2019,902.8156402342032,12,6.805518368933996,0.03575540307676839,,,,,,,,
05085,2020,929.3773164388268,11,6.8345148096807975,0.028996440746801078,5356.0,5279.0,54738.0,77.0,60017.0,60017.0,0.0012829698252161887,0.08924138160854425
05085,2021,1023.1458381502861,12,6.930637315077709,0.09612250539691125,5363.0,4842.0,53247.0,521.0,58089.0,58089.0,0.008968995851193857,0.09232384788858476
05085,2022,1125.109652950081,12,7.025635779177659,0.09499846409994994,5247.0,4817.0,54480.0,430.0,59297.0,59297.0,0.007251631617113851,0.08848676998836366
05085,2023,1187.1750371252037,12,7.079331845511799,0.05369606633414037,5152.0,4728.0,56379.0,424.0,61107.0,61107.0,0.006938648599996727,0.08431112638486589
05085,2024,1237.3597038484152,12,7.120735117388366,0.04140327187656734,,,,,,,,
05085,2025,1294.5344577509204,12,7.165906417416637,0.04517130002827052,,,,,,,,
05085,2026,1324.2237197198424,4,7.18858169482076,0.02267527740412323,,,,,,,,
05091,2026,1193.1866121560965,2,7.084382832460397,,,,,,,,,
05115,2023,802.2545782817506,1,6.687425986775491,,2912.0,2753.0,45891.0,159.0,48644.0,48644.0,0.0032686456705863006,0.05986349806759313
05115,2024,818.9397506162817,12,6.708010516575979,0.020584529800488305,,,,,,,,
05115,2025,852.183847555153,12,6.74780228706684,0.03979177049086058,,,,,,,,
05115,2026,893.1998522698888,4,6.7948103545717755,0.0470080675049358,,,,,,,,
05119,2015,775.6794438204473,12,6.653739346978677,,,,,,,,,
05119,2016,784.8751205212735,12,6.665524622988998,0.011785276010320977,,,,,,,,
05119,2017,802.2723514656973,12,6.6874481405749915,0.021923517585993757,,,,,,,,
05119,2018,814.5695506170027,12,6.702659814963756,0.015211674388764251,,,,,,,,
05119,2019,837.521589323461,12,6.730447041663637,0.027787226699881096,,,,,,,,
05119,2020,874.6168475441813,12,6.773785901935503,0.04333886027186651,17888.0,19593.0,282997.0,-1705.0,302590.0,302590.0,-0.00563468720050233,0.059116295978056115
05119,2021,961.4886076213794,12,6.8684827164109326,0.09469681447542921,18108.0,19216.0,271974.0,-1108.0,291190.0,291190.0,-0.00380507572375425,0.06218620144922559
05119,2022,1035.651544478419,12,6.942786019213527,0.07430330280259412,17714.0,18660.0,277507.0,-946.0,296167.0,296167.0,-0.0031941438445201526,0.05981084995965114
05119,2023,1074.0538148767546,12,6.979195380775095,0.036409361561568154,17053.0,18227.0,281608.0,-1174.0,299835.0,299835.0,-0.0039154868511014395,0.05687461437123752
05119,2024,1124.2981233400849,12,7.0249142295735725,0.04571884879847765,,,,,,,,
05119,2025,1152.0146642383118,12,7.049267570548353,0.02435334097478048,,,,,,,,
05119,2026,1169.2971617905143,4,7.064158130871039,0.01489056032268632,,,,,,,,
05125,2018,1002.929236558963,12,6.910680233687361,,,,,,,,,
05125,2019,1026.25941203553,12,6.933675832013771,0.022995598326409628,,,,,,,,
05125,2020,1071.6661949802167,12,6.976969907860636,0.043294075846865177,7951.0,6529.0,91681.0,1422.0,98210.0,98210.0,0.014479177273190104,0.0809591691273801
05125,2021,1154.9867086919342,12,7.051844115263649,0.07487420740301332,7965.0,6271.0,89003.0,1694.0,95274.0,95274.0,0.017780296828095808,0.08360098242962404
05125,2022,1253.8299928947133,12,7.133958140147876,0.08211402488422692,8245.0,6195.0,92328.0,2050.0,98523.0,98523.0,0.020807324178110695,0.08368604285293789
05125,2023,1316.2072381239489,12,7.18250957526533,0.048551435117453856,7410.0,6239.0,96058.0,1171.0,102297.0,102297.0,0.011447061008631729,0.07243614182234083
05125,2024,1374.2303904184437,12,7.2256491373418505,0.04313956207652048,,,,,,,,
05125,2025,1421.6371971721458,12,7.259564442207288,0.03391530486543726,,,,,,,,
05125,2026,1446.526896753025,4,7.276920718611119,0.01735627640383086,,,,,,,,
05131,2015,638.8432129663682,9,6.4596590611511555,,,,,,,,,
05131,2016,654.4677926041235,12,6.483822374978141,0.024163313826985444,,,,,,,,
05131,2017,668.263017513496,12,6.504681834834527,0.020859459856386486,,,,,,,,
05131,2018,680.0162296091979,12,6.5221166649576885,0.01743483012316105,,,,,,,,
05131,2019,698.3333649511718,12,6.548696588964268,0.026579924006579603,,,,,,,,
05131,2020,727.9769865954678,12,6.59026943587761,0.04157284691334162,6519.0,6898.0,91325.0,-379.0,98223.0,98223.0,-0.0038585667308064305,0.066369383952842
05131,2021,804.9909054581518,12,6.690830979787232,0.10056154390962213,6772.0,6208.0,88407.0,564.0,94615.0,94615.0,0.00596099984146277,0.07157427469217355
05131,2022,892.9644282793103,12,6.794546746129366,0.10371576634213397,6552.0,6255.0,91043.0,297.0,97298.0,97298.0,0.0030524779543258853,0.06733951365906801
05131,2023,949.0169661174654,12,6.855426676339968,0.060879930210601785,6285.0,6143.0,93259.0,142.0,99402.0,99402.0,0.0014285426852578419,0.06322810406229251
05131,2024,993.2912389514905,12,6.901023913038942,0.045597236698974086,,,,,,,,
05131,2025,1019.4303359407439,12,6.926999256086611,0.02597534304766924,,,,,,,,
05131,2026,1032.8288772088724,4,6.940056799258589,0.01305754317197838,,,,,,,,
05143,2015,902.305932992504,12,6.804953634388904,,,,,,,,,
05143,2016,950.261686511004,12,6.856737406147856,0.051783771758951325,,,,,,,,
05143,2017,1009.1350745466483,12,6.916848881113033,0.060111474965177436,,,,,,,,
05143,2018,1048.722515786626,12,6.955328050798327,0.03847916968529397,,,,,,,,
05143,2019,1084.9609269156526,12,6.989299253266804,0.03397120246847685,,,,,,,,
05143,2020,1121.224094976387,12,7.022176309406122,0.03287705613931813,14064.0,13178.0,171733.0,886.0,184911.0,184911.0,0.004791494286440504,0.07605821178837387
05143,2021,1215.3369862309098,12,7.1027766722414425,0.08060036283532046,13640.0,12985.0,167313.0,655.0,180298.0,180298.0,0.0036328744633883905,0.07565253081010327
05143,2022,1347.6417106239458,12,7.206111462837273,0.10333479059583084,13898.0,12913.0,172522.0,985.0,185435.0,185435.0,0.005311834335481436,0.07494809501981826
05143,2023,1452.23817354367,12,7.280861213299231,0.07474975046195809,14233.0,12824.0,180097.0,1409.0,192921.0,192921.0,0.007303507653391803,0.0737763125839074
05143,2024,1521.6280677350076,12,7.327536137819083,0.046674924519851224,,,,,,,,
05143,2025,1595.2539157255894,12,7.374788197361077,0.04725205954199474,,,,,,,,
05143,2026,1611.4280945441374,4,7.384876080057771,0.010087882696693917,,,,,,,,
05145,2024,870.4343942121504,11,6.768992390730145,,,,,,,,,
05145,2025,918.4873153443759,12,6.822728094374055,0.05373570364390989,,,,,,,,
05145,2026,942.9008237263281,4,6.848961106080677,0.026233011706621845,,,,,,,,
06001,2015,2111.6008917230806,12,7.65520165524672,,,,,,,,,
06001,2016,2280.5735012456425,12,7.732182225952757,0.07698057070603692,,,,,,,,
06001,2017,2390.111937771565,12,7.779095479716474,0.04691325376371758,,,,,,,,
06001,2018,2472.994192140199,12,7.813184919010854,0.03408943929437935,,,,,,,,
06001,2019,2534.8558145177203,12,7.837892036505394,0.024707117494540576,,,,,,,,
06001,2020,2532.3254202684266,12,7.836893298018499,-0.0009987384868956894,74732.0,97423.0,1300092.0,-22691.0,1397515.0,1397515.0,-0.016236677244966958,0.05347491797941346
06001,2021,2531.8521158653652,12,7.836706375502033,-0.00018692251646523772,70611.0,105644.0,1222860.0,-35033.0,1328504.0,1328504.0,-0.026370263092922567,0.05315076206018198
06001,2022,2679.8542235919754,12,7.893517677843387,0.056811302341353453,68000.0,94850.0,1241066.0,-26850.0,1335916.0,1335916.0,-0.0200985690717081,0.05090140398048979
06001,2023,2693.4466508267164,12,7.898576935288725,0.005059257445338083,61026.0,78432.0,1250825.0,-17406.0,1329257.0,1329257.0,-0.013094533261814683,0.04590985791310484
06001,2024,2685.659982667633,12,7.895681780338817,-0.0028951549499076634,,,,,,,,
06001,2025,2759.83463329454,12,7.9229260414431995,0.02724426110438216,,,,,,,,
06001,2026,2812.749492961709,4,7.9419177511869075,0.018991709743708007,,,,,,,,
06005,2025,1613.4305521448186,5,7.386117968820927,,,,,,,,,
06005,2026,1676.0652012942264,4,7.424204183205513,0.03808621438458548,,,,,,,,
06007,2015,983.69409368141,12,6.891314968313852,,,,,,,,,
06007,2016,1032.9973653394015,12,6.940219918622099,0.048904950308247486,,,,,,,,
06007,2017,1083.6011020402807,12,6.988045127228031,0.04782520860593209,,,,,,,,
06007,2018,1135.608781123062,12,7.034924157153512,0.04687902992548043,,,,,,,,
06007,2019,1244.4839506010387,12,7.126476225461764,0.09155206830825247,,,,,,,,
06007,2020,1288.3410837541985,12,7.161110688185924,0.03463446272415993,7487.0,10207.0,141916.0,-2720.0,152123.0,152123.0,-0.017880267941074,0.04921675223339009
06007,2021,1370.3682548791414,12,7.222834781883998,0.06172409369807408,7581.0,9071.0,138120.0,-1490.0,147191.0,147191.0,-0.010122901536099354,0.05150450774843571
06007,2022,1460.6253912822683,12,7.286619973179962,0.06378519129596416,7849.0,8011.0,141109.0,-162.0,149120.0,149120.0,-0.00108637339055794,0.052635461373390556
06007,2023,1497.5683545979693,12,7.311597974756193,0.024978001576230646,7622.0,6900.0,143286.0,722.0,150186.0,150186.0,0.004807372191815482,0.050750402833819395
06007,2024,1541.691492549119,12,7.340635464423864,0.029037489667670613,,,,,,,,
06007,2025,1586.8702028455475,12,7.369518929434632,0.028883465010768106,,,,,,,,
06007,2026,1612.90091550713,4,7.385789647538532,0.01627071810390035,,,,,,,,
06009,2025,1761.0151570955384,1,7.473645715554872,,,,,,,,,
06009,2026,1851.1054507202434,4,7.523538280545737,0.04989256499086547,,,,,,,,
06013,2015,1814.0805366098348,12,7.503334026938635,,,,,,,,,
06013,2016,1953.652710108101,12,7.577456084006024,0.07412205706738906,,,,,,,,
06013,2017,2065.169931142183,12,7.6329677931194215,0.05551170911339742,,,,,,,,
06013,2018,2160.1895540246023,12,7.677951253320706,0.04498346020128441,,,,,,,,
06013,2019,2241.097890363498,12,7.714721154401355,0.036769901080648815,,,,,,,,
06013,2020,2292.9850911789467,12,7.7376097809523126,0.022888626550957802,53564.0,56441.0,944663.0,-2877.0,1001104.0,1001104.0,-0.002873827294666688,0.05350493055666544
06013,2021,2399.4035122071714,12,7.782975448865358,0.04536566791304519,53064.0,60213.0,897175.0,-7149.0,957388.0,957388.0,-0.007467191984858804,0.05542580437607323
06013,2022,2547.6530114934103,12,7.842927826686045,0.05995237782068763,48081.0,55614.0,922646.0,-7533.0,978260.0,978260.0,-0.007700406844806084,0.049149510355120316
06013,2023,2575.8728621120376,12,7.853943731236086,0.011015904550040645,42594.0,47604.0,934915.0,-5010.0,982519.0,982519.0,-0.005099138031936278,0.043351833399659444
06013,2024,2649.070026863375,12,7.8819639241296775,0.028020192893591478,,,,,,,,
06013,2025,2706.365285978394,12,7.903361790743087,0.02139786661340981,,,,,,,,
06013,2026,2743.3160800219375,4,7.91692271580532,0.013560925062233053,,,,,,,,
06015,2026,1822.5,1,7.507964463882813,,,,,,,,,
06017,2015,1298.0969752600151,12,7.168654605767596,,,,,,,,,
06017,2016,1412.8064742350343,12,7.253333412395137,0.08467880662754101,,,,,,,,
06017,2017,1517.485513772169,12,7.324809976774197,0.07147656437905958,,,,,,,,
06017,2018,1621.083118404431,12,7.390849796426307,0.06603981965211059,,,,,,,,
06017,2019,1699.2578675949246,12,7.437946886255708,0.04709708982940075,,,,,,,,
06017,2020,1801.5007272547598,12,7.496375333882077,0.05842844762636901,12974.0,11007.0,152008.0,1967.0,163015.0,163015.0,0.01206637426003742,0.07958776799681011
06017,2021,2094.210156070176,12,7.6469317474596785,0.1505564135776014,12879.0,11093.0,146249.0,1786.0,157342.0,157342.0,0.011351069644468737,0.08185354196590866
06017,2022,2240.087759060973,12,7.714270322233862,0.06733857477418326,11018.0,11076.0,150528.0,-58.0,161604.0,161604.0,-0.00035890200737605504,0.06817900547016163
06017,2023,2304.2814874026685,12,7.7425241877050786,0.028253865471216777,9487.0,9281.0,154023.0,206.0,163304.0,163304.0,0.0012614510361044432,0.05809410669671288
06017,2024,2385.341588516003,12,7.777097616763345,0.034573429058266214,,,,,,,,
06017,2025,2461.0145106884697,12,7.80832894663067,0.031231329867325464,,,,,,,,
06017,2026,2525.5564474175912,4,7.834216692645297,0.025887746014626956,,,,,,,,
06019,2015,1036.4453023093313,12,6.943552158953538,,,,,,,,,
06019,2016,1077.7358259752098,12,6.982617662044785,0.03906550309124679,,,,,,,,
06019,2017,1136.3740834109421,12,7.035597843851392,0.052980181806607796,,,,,,,,
06019,2018,1202.5502978415036,12,7.092199828831983,0.05660198498059099,,,,,,,,
06019,2019,1287.9783440522267,12,7.160829092898901,0.06862926406691727,,,,,,,,
06019,2020,1367.537220979899,12,7.220766752192563,0.059937659293662016,23242.0,25061.0,781795.0,-1819.0,806856.0,806856.0,-0.002254429538852038,0.028805635702033573
06019,2021,1586.360287020805,12,7.369197543496384,0.14843079130382097,22880.0,25750.0,749580.0,-2870.0,775330.0,775330.0,-0.0037016496201617375,0.029510015090348625
06019,2022,1742.8318082600845,12,7.463266545316168,0.0940690018197845,22059.0,25727.0,773651.0,-3668.0,799378.0,799378.0,-0.004588567611317799,0.027595205272099056
06019,2023,1831.086793348749,12,7.512664945707672,0.049398400391504005,20145.0,24118.0,777040.0,-3973.0,801158.0,801158.0,-0.004959071743651065,0.02514485282553504
06019,2024,1890.1877622087507,12,7.544431448203287,0.03176650249561508,,,,,,,,
06019,2025,1949.8211104083268,12,7.575492909097441,0.03106146089415418,,,,,,,,
06019,2026,1991.5743944018816,4,7.5966807578877695,0.02118784879032809,,,,,,,,
06021,2026,1300.0,1,7.170119543449628,,,,,,,,,
06023,2022,1349.8040394199836,9,7.207714704911128,,4062.0,4663.0,88946.0,-601.0,93609.0,93609.0,-0.006420322832206305,0.043393263468256255
06023,2023,1385.8334930325589,12,7.23405703763593,0.02634233272480202,3644.0,4390.0,89071.0,-746.0,93461.0,93461.0,-0.007981938990595008,0.03898952504253111
06023,2024,1430.825719046742,12,7.2660069825145746,0.031949944878644665,,,,,,,,
06023,2025,1465.4033243874203,12,7.289885790310311,0.02387880779573681,,,,,,,,
06023,2026,1470.297334881336,4,7.293219927946001,0.0033341376356892383,,,,,,,,
06025,2023,1680.5337228738397,8,7.426866714130637,,4545.0,5533.0,162221.0,-988.0,167754.0,167754.0,-0.0058895764035432835,0.02709324367824314
06025,2024,1799.0156316205528,12,7.49499492297368,0.06812820884304305,,,,,,,,
06025,2025,1944.9021312160828,12,7.572966936645715,0.07797201367203499,,,,,,,,
06025,2026,1995.1790945810617,4,7.598489097014554,0.025522160368839586,,,,,,,,
06029,2015,978.4711285483942,12,6.885991280573942,,,,,,,,,
06029,2016,997.6740216062635,12,6.905426591298675,0.01943531072473359,,,,,,,,
06029,2017,1032.324466468007,12,6.939568302118714,0.03414171082003836,,,,,,,,
06029,2018,1074.3264733609735,12,6.97944920779741,0.03988090567869662,,,,,,,,
06029,2019,1134.0740020699861,12,7.033571739715823,0.054122531918412875,,,,,,,,
06029,2020,1206.4256872762546,12,7.095417289530536,0.0618455498147128,27405.0,26710.0,681943.0,695.0,708653.0,708653.0,0.000980733871161203,0.03867195933693923
06029,2021,1359.2217261063852,12,7.214667554710832,0.11925026518029647,28476.0,26890.0,658011.0,1586.0,684901.0,684901.0,0.0023156631396362396,0.04157681183119896
06029,2022,1560.2163659870141,12,7.352579786771684,0.13791223206085146,25663.0,28166.0,680071.0,-2503.0,708237.0,708237.0,-0.0035341277001907554,0.036235045613262226
06029,2023,1629.6858812988824,12,7.396142564370103,0.04356277759841909,23611.0,25051.0,686616.0,-1440.0,711667.0,711667.0,-0.0020234182560101843,0.033177033640733655
06029,2024,1695.0251636742253,12,7.435452865529854,0.03931030115975087,,,,,,,,
06029,2025,1751.6542335586707,12,7.468315896744491,0.03286303121463696,,,,,,,,
06029,2026,1771.7438714330387,4,7.479719578637135,0.01140368189264418,,,,,,,,
06031,2022,1692.2487018444413,8,7.43381351627035,,5821.0,7316.0,106398.0,-1495.0,113714.0,113714.0,-0.013147017957331551,0.051189827110118366
06031,2023,1777.79249895842,12,7.483127704515526,0.04931418824517575,5865.0,6336.0,105847.0,-471.0,112183.0,112183.0,-0.0041984970984908585,0.05228064858311866
06031,2024,1845.880563441942,12,7.520711712775685,0.03758400826015951,,,,,,,,
06031,2025,1924.2325502737265,12,7.562282492047326,0.0415707792716411,,,,,,,,
06031,2026,1960.5946554446414,4,7.581003101844435,0.018720609797108878,,,,,,,,
06033,2022,1373.166995492954,10,7.2248750265531845,,2612.0,2521.0,42636.0,91.0,45157.0,45157.0,0.002015191443187103,0.05784263790774409
06033,2023,1453.038349674428,12,7.281412056666186,0.056537030113001485,2366.0,2314.0,42601.0,52.0,44915.0,44915.0,0.0011577424023154848,0.05267727930535456
06033,2024,1520.1194564708455,12,7.326544200535758,0.04513214386957198,,,,,,,,
06033,2025,1586.984237803409,12,7.36959078840614,0.04304658787038207,,,,,,,,
06033,2026,1592.1462898940072,4,7.372838252819582,0.003247464413441925,,,,,,,,
06037,2015,1754.0474148006908,12,7.4696812049502785,,,,,,,,,
06037,2016,1875.9059317377887,12,7.536846985312054,0.06716578036177534,,,,,,,,
06037,2017,1994.4757069964105,12,7.598136491274499,0.06128950596244476,,,,,,,,
06037,2018,2099.009004015334,12,7.649220609480482,0.05108411820598313,,,,,,,,
06037,2019,2190.214212493976,12,7.691754631951267,0.04253402247078508,,,,,,,,
06037,2020,2213.561987337008,12,7.702358255998295,0.01060362404702797,181699.0,307509.0,7629454.0,-125810.0,7936963.0,7936963.0,-0.0158511511266967,0.02289276137484829
06037,2021,2308.406650604849,12,7.744312803877908,0.04195454787961328,174839.0,320280.0,7260542.0,-145441.0,7580822.0,7580822.0,-0.019185386492388292,0.023063330071593818
06037,2022,2556.4932763511993,12,7.846391784495551,0.10207898061764276,180146.0,297551.0,7387364.0,-117405.0,7684915.0,7684915.0,-0.015277332280187874,0.023441508461707124
06037,2023,2638.809578550499,12,7.878083177230902,0.031691392735351265,174784.0,259326.0,7351115.0,-84542.0,7610441.0,7610441.0,-0.011108686080083927,0.02296634321191111
06037,2024,2691.71949253701,12,7.89793548494051,0.01985230770960822,,,,,,,,
06037,2025,2769.466874335953,12,7.92641011651914,0.028474631578629506,,,,,,,,
06037,2026,2778.2664181464806,4,7.929582421576408,0.0031723050572685096,,,,,,,,
06039,2022,2023.797581148346,8,7.612731016092033,,7058.0,5889.0,119454.0,1169.0,125343.0,125343.0,0.009326408335527314,0.056309486768307764
06039,2023,2106.787507583815,12,7.6529195580225515,0.040188541930518795,6341.0,5411.0,121163.0,930.0,126574.0,126574.0,0.007347480525226349,0.05009717635533364
06039,2024,2199.273958315853,12,7.695882565930831,0.04296300790827967,,,,,,,,
06039,2025,2272.7903351487807,12,7.728763578132477,0.03288101220164563,,,,,,,,
06039,2026,2274.6240815430792,4,7.72957007884944,0.0008065007169628657,,,,,,,,
06041,2015,2535.8981905234837,12,7.838303169058624,,,,,,,,,
06041,2016,2627.3726240467636,12,7.873739623572875,0.035436454514250926,,,,,,,,
06041,2017,2730.7888146948553,12,7.912345789554652,0.03860616598177735,,,,,,,,
06041,2018,2825.8164418558913,12,7.946552607793048,0.03420681823839633,,,,,,,,
06041,2019,2898.8683336378763,12,7.972075710035068,0.025523102242019924,,,,,,,,
06041,2020,2952.922496454281,12,7.990550635701659,0.018474925666590813,12585.0,13442.0,206415.0,-857.0,219857.0,219857.0,-0.0038979882378091216,0.057241752593731376
06041,2021,3081.0814984150797,12,8.033035950182907,0.04248531448124737,11649.0,13648.0,197274.0,-1999.0,210922.0,210922.0,-0.009477437156863675,0.05522894719374935
06041,2022,3292.318263906327,12,8.099347235102782,0.06631128491987504,9990.0,12358.0,200885.0,-2368.0,213243.0,213243.0,-0.011104702147315505,0.046847962183987284
06041,2023,3340.502838715174,12,8.11387662515268,0.014529390049897728,9292.0,10493.0,202940.0,-1201.0,213433.0,213433.0,-0.0056270586085563155,0.043535910566782084
06041,2024,3451.7424109333447,12,8.146634429179619,0.0327578040269394,,,,,,,,
06041,2025,3563.2527817631653,12,8.178429109416282,0.0317946802366631,,,,,,,,
06041,2026,3642.6502859626307,4,8.200466796233366,0.02203768681708418,,,,,,,,
06045,2024,1857.9774997675497,6,7.527243809379871,,,,,,,,,
06045,2025,1922.2714338278183,12,7.561262804235256,0.03401899485538529,,,,,,,,
06045,2026,1969.2340396292564,4,7.58539993375397,0.024137129518713607,,,,,,,,
06047,2015,923.6331958165815,12,6.828315018602079,,,,,,,,,
06047,2016,1004.0491786194484,12,6.911796281740755,0.0834812631386761,,,,,,,,
06047,2017,1096.375571671122,12,6.999765083690743,0.08796880194998824,,,,,,,,
06047,2018,1185.248834996765,12,7.077708018864018,0.077942935173275,,,,,,,,
06047,2019,1262.7529687099102,12,7.14104951233325,0.06334149346923201,,,,,,,,
06047,2020,1332.7538001679611,12,7.195002607072252,0.05395309473900145,11704.0,9876.0,216331.0,1828.0,226207.0,226207.0,0.008081093865353415,0.05174022024075294
06047,2021,1546.0991385320121,12,7.343490352920639,0.14848774584838687,11795.0,9643.0,205966.0,2152.0,215609.0,215609.0,0.00998103047646434,0.054705508582665846
06047,2022,1707.5148358025033,12,7.442794280017743,0.09930392709710478,11073.0,10298.0,216943.0,775.0,227241.0,227241.0,0.003410476102463904,0.048728002429139106
06047,2023,1753.8834233705902,12,7.469587707422655,0.026793427404911974,9195.0,9878.0,220535.0,-683.0,230413.0,230413.0,-0.0029642424689579148,0.03990660249204689
06047,2024,1827.9356556031082,12,7.5109425520527395,0.04135484463008421,,,,,,,,
06047,2025,1905.7019741782012,12,7.552605710067152,0.04166315801441289,,,,,,,,
06047,2026,1911.3934228920166,4,7.555587795836318,0.0029820857691653657,,,,,,,,
06051,2026,3126.8477628555715,3,8.04778067154471,,,,,,,,,
06053,2015,1497.283201365867,12,7.3114075457966035,,,,,,,,,
06053,2016,1641.7348444235329,12,7.403508793673841,0.09210124787723739,,,,,,,,
06053,2017,1759.2069354347389,12,7.4726183816126905,0.06910958793884969,,,,,,,,
06053,2018,1873.8808085930475,12,7.535766858103832,0.06314847649114164,,,,,,,,
06053,2019,1962.8202236828163,12,7.58213760764892,0.0463707495450878,,,,,,,,
06053,2020,2036.4016308354223,12,7.61893962287024,0.036802015221319984,14527.0,18192.0,354219.0,-3665.0,372411.0,372411.0,-0.009841277513285054,0.039007977745018275
06053,2021,2192.4368600212442,12,7.692768925665754,0.07382930279551392,13963.0,18232.0,330902.0,-4269.0,349134.0,349134.0,-0.012227396930691367,0.03999324041771927
06053,2022,2384.680878149625,12,7.776820590659078,0.08405166499332406,13022.0,17509.0,342205.0,-4487.0,359714.0,359714.0,-0.012473798628910746,0.0362009818911691
06053,2023,2501.4035792810396,12,7.8246072850248884,0.04778669436581051,11387.0,15889.0,340334.0,-4502.0,356223.0,356223.0,-0.012638150821255224,0.031965931453050475
06053,2024,2606.96190422272,12,7.86594080094707,0.04133351592218126,,,,,,,,
06053,2025,2741.560422581801,12,7.916282534572702,0.050341733625632656,,,,,,,,
06053,2026,2789.704920990015,4,7.933691106136085,0.017408571563382935,,,,,,,,
06055,2016,1974.5272774800085,9,7.588084295511,,,,,,,,,
06055,2017,2051.214851679813,12,7.6261875071836664,0.038103211672666504,,,,,,,,
06055,2018,2174.7011466168547,12,7.68464653022769,0.05845902304402362,,,,,,,,
06055,2019,2246.9003963592736,12,7.71730694381489,0.032660413587199955,,,,,,,,
06055,2020,2326.2824997591765,12,7.752026778738687,0.03471983492379671,5911.0,6891.0,114077.0,-980.0,120968.0,120968.0,-0.00810131605052576,0.04886416242312017
06055,2021,2474.402032497884,12,7.813754042780919,0.061727264042231944,5633.0,6825.0,104129.0,-1192.0,110954.0,110954.0,-0.010743190871892856,0.05076878706490978
06055,2022,2682.1739192506743,12,7.894382908588775,0.08062886580785644,5061.0,6403.0,107052.0,-1342.0,113455.0,113455.0,-0.011828478251289057,0.04460799435899696
06055,2023,2749.18025414741,12,7.919058056822198,0.024675148233423094,4970.0,5604.0,107396.0,-634.0,113000.0,113000.0,-0.005610619469026548,0.04398230088495575
06055,2024,2799.0196108372256,12,7.937024495863623,0.01796643904142492,,,,,,,,
06055,2025,2822.326222385467,12,7.945316725442991,0.008292229579367927,,,,,,,,
06055,2026,2787.7788643377603,4,7.933000451782636,-0.012316273660355037,,,,,,,,
06057,2022,2170.645598469064,12,7.682779913102175,,6042.0,6050.0,75808.0,-8.0,81858.0,81858.0,-9.773021573945125e-05,0.07381074543722055
06057,2023,2291.867997121604,12,7.737122483297215,0.05434257019503974,5089.0,5064.0,76896.0,25.0,81960.0,81960.0,0.0003050268423621279,0.06209126403123475
06057,2024,2388.8343511336134,12,7.778560806760909,0.04143832346369436,,,,,,,,
06057,2025,2487.551669806325,12,7.819054240598454,0.04049343383754511,,,,,,,,
06057,2026,2517.3890025388587,4,7.830977533268717,0.011923292670262597,,,,,,,,
06059,2015,1875.6404931810841,12,7.536705476437001,,,,,,,,,
06059,2016,1960.036263111133,12,7.580718253640724,0.04401277720372221,,,,,,,,
06059,2017,2052.1958764287006,12,7.626665658084262,0.045947404443538176,,,,,,,,
06059,2018,2121.679992998706,12,7.659963503371404,0.033297845287142636,,,,,,,,
06059,2019,2185.1680893422904,12,7.689448033331598,0.029484529960194017,,,,,,,,
06059,2020,2221.2942273338736,11,7.70584529028195,0.016397256950351213,104941.0,123836.0,2560049.0,-18895.0,2683885.0,2683885.0,-0.007040167518354922,0.03910040854954665
06059,2021,2464.3394250784254,12,7.809679068850668,0.10383377856871867,103638.0,129032.0,2441185.0,-25394.0,2570217.0,2570217.0,-0.009880099618047814,0.04032266536249663
06059,2022,2812.6769528981386,12,7.941891961119515,0.13221289226884636,96296.0,126144.0,2509438.0,-29848.0,2635582.0,2635582.0,-0.011325012843463038,0.03653690152687338
06059,2023,2887.54411365138,12,7.968161632168373,0.026269671048858356,89824.0,111565.0,2526857.0,-21741.0,2638422.0,2638422.0,-0.008240152636689658,0.034044591805253294
06059,2024,2975.6921811183497,12,7.998231956839346,0.030070324670973037,,,,,,,,
06059,2025,3063.547865278453,12,8.027328956420492,0.029096999581145866,,,,,,,,
06059,2026,3104.658918472372,4,8.040659139210494,0.013330182790001643,,,,,,,,
06061,2015,1519.8133390545945,12,7.326342803045829,,,,,,,,,
06061,2016,1605.3672841874766,12,7.381107846884794,0.05476504383896508,,,,,,,,
06061,2017,1718.9847555242752,12,7.449489137120301,0.06838129023550632,,,,,,,,
06061,2018,1805.544780406922,12,7.498617642629229,0.049128505508928555,,,,,,,,
06061,2019,1893.785792570179,12,7.546333169446161,0.047715526816931586,,,,,,,,
06061,2020,1962.0153630885034,12,7.5817274704149895,0.035394300968828674,28367.0,22578.0,323622.0,5789.0,346200.0,346200.0,0.01672154823801271,0.08193818601964183
06061,2021,2219.1801812955136,12,7.704893118958106,0.12316564854311629,28818.0,23012.0,313862.0,5806.0,336874.0,336874.0,0.017234930567511887,0.08554533742586248
06061,2022,2363.060467342844,12,7.767712866086273,0.06281974712816751,26782.0,22614.0,327755.0,4168.0,350369.0,350369.0,0.01189602961449215,0.0764394110209522
06061,2023,2382.060624001993,12,7.775721200473826,0.008008334387552551,25001.0,19301.0,340320.0,5700.0,359621.0,359621.0,0.015850019882042484,0.06952041176683231
06061,2024,2470.152952989871,12,7.812035351992191,0.03631415151836492,,,,,,,,
06061,2025,2515.9916248310124,12,7.830422289051282,0.018386937059091224,,,,,,,,
06061,2026,2540.1438513200587,4,7.839975992786893,0.009553703735610597,,,,,,,,
06065,2015,1346.582774778425,12,7.205325384389997,,,,,,,,,
06065,2016,1410.773457642936,12,7.25189338449264,0.04656800010264295,,,,,,,,
06065,2017,1505.0830264898595,12,7.316603342764224,0.06470995827158355,,,,,,,,
06065,2018,1593.7845991809725,12,7.373866717961115,0.057263375196891175,,,,,,,,
06065,2019,1678.8686852643295,12,7.425875443932212,0.05200872597109729,,,,,,,,
06065,2020,1771.7571181562362,12,7.479727055267302,0.05385161133508998,123687.0,101484.0,1849711.0,22203.0,1951195.0,1951195.0,0.011379180450954415,0.06339038384169701
06065,2021,2061.9523584190697,12,7.631408559760558,0.15168150449325601,123885.0,103944.0,1780031.0,19941.0,1883975.0,1883975.0,0.010584535357422471,0.06575724200161892
06065,2022,2318.810898852523,12,7.748809789666936,0.11740122990637758,112975.0,103760.0,1855694.0,9215.0,1959454.0,1959454.0,0.004702840689294058,0.05765636753912059
06065,2023,2380.6553017141573,12,7.775131065621973,0.02632127595503686,100631.0,93166.0,1889432.0,7465.0,1982598.0,1982598.0,0.003765261540665329,0.05075713785648931
06065,2024,2447.764995616873,12,7.802930640501544,0.02779957487957141,,,,,,,,
06065,2025,2510.7700337337806,12,7.82834477142464,0.025414130923095968,,,,,,,,
06065,2026,2543.4647177172646,4,7.841282492618452,0.012937721193812202,,,,,,,,
06067,2015,1174.991917924335,12,7.0690165481923355,,,,,,,,,
06067,2016,1269.1044572031585,12,7.146066778907626,0.07705023071529027,,,,,,,,
06067,2017,1392.2591476691257,12,7.238682992869544,0.09261621396191799,,,,,,,,
06067,2018,1485.4576343936558,12,7.303478175070635,0.06479518220109082,,,,,,,,
06067,2019,1563.4150784383753,12,7.354627860384965,0.051149685314330284,,,,,,,,
06067,2020,1641.7481200625461,12,7.403516879988986,0.04888901960402148,60985.0,63516.0,1222332.0,-2531.0,1285848.0,1285848.0,-0.0019683508470674607,0.04742784528186846
06067,2021,1830.1028117379285,12,7.512127425534914,0.10861054554592808,58484.0,66626.0,1170089.0,-8142.0,1236715.0,1236715.0,-0.006583570183914645,0.04728979595137117
06067,2022,1983.037484309837,12,7.592385031170105,0.08025760563519047,53736.0,65560.0,1201657.0,-11824.0,1267217.0,1267217.0,-0.009330682905926925,0.04240473415366113
06067,2023,2011.6345484043397,12,7.6067028787398785,0.014317847569773612,50975.0,56521.0,1218324.0,-5546.0,1274845.0,1274845.0,-0.004350332785554322,0.03998525310920151
06067,2024,2066.990527114576,12,7.633848976756209,0.027146098016330278,,,,,,,,
06067,2025,2118.3104488488825,12,7.658374091835982,0.024525115079772952,,,,,,,,
06067,2026,2126.1010539103036,4,7.662045090185389,0.0036709983494072063,,,,,,,,
06069,2022,2634.9258525815912,1,7.876610321141815,,3810.0,3402.0,54702.0,408.0,58104.0,58104.0,0.007021891780256092,0.06557207765386204
06069,2023,2656.936455441874,12,7.884929029569372,0.008318708427557553,3166.0,2958.0,56253.0,208.0,59211.0,59211.0,0.0035128607860026007,0.05346979446386651
06069,2024,2776.9388089691097,11,7.929104452123123,0.04417542255375029,,,,,,,,
06069,2025,2859.9019726965075,12,7.958542627945546,0.02943817582242314,,,,,,,,
06069,2026,2912.837091892853,4,7.976882830882333,0.01834020293678762,,,,,,,,
06071,2015,1283.154349600349,12,7.157076661043292,,,,,,,,,
06071,2016,1353.4008405982684,12,7.210375844899062,0.053299183855769705,,,,,,,,
06071,2017,1436.5510414710668,12,7.2700004096162045,0.059624564717142725,,,,,,,,
06071,2018,1532.426044011733,12,7.334607408252244,0.06460699863603914,,,,,,,,
06071,2019,1612.2859366950418,12,7.3854082874203595,0.05080087916811582,,,,,,,,
06071,2020,1709.7954525963535,12,7.444129023977153,0.05872073655679344,99919.0,96676.0,1652980.0,3243.0,1749656.0,1749656.0,0.0018535072037017563,0.057107797189847605
06071,2021,1985.211381439576,12,7.593480676841913,0.14935165286475982,98256.0,98000.0,1597407.0,256.0,1695407.0,1695407.0,0.00015099619147496737,0.057954225740485914
06071,2022,2214.2849749312277,12,7.702684819949943,0.1092041431080304,91922.0,96410.0,1650769.0,-4488.0,1747179.0,1747179.0,-0.0025687121926259416,0.05261166715030343
06071,2023,2280.478287139266,12,7.732140475009857,0.029455655059913433,84783.0,88168.0,1667838.0,-3385.0,1756006.0,1756006.0,-0.0019276699510138349,0.04828172568886439
06071,2024,2337.2183294792717,12,7.756716753144512,0.02457627813465546,,,,,,,,
06071,2025,2409.908948865033,12,7.787344245217069,0.030627492072556883,,,,,,,,
06071,2026,2436.5778362453984,4,7.798349807697946,0.011005562480876918,,,,,,,,
06073,2015,1649.7417867970337,12,7.40837406179806,,,,,,,,,
06073,2016,1741.1943064023951,12,7.462326539745387,0.05395247794732683,,,,,,,,
06073,2017,1847.2683228694405,12,7.521463244617772,0.05913670487238498,,,,,,,,
06073,2018,1943.9009882756027,12,7.572452051766314,0.05098880714854204,,,,,,,,
06073,2019,2018.0716724119493,12,7.609897716839818,0.037445665073503775,,,,,,,,
06073,2020,2068.597643863168,12,7.634626189942362,0.024728473102544335,116814.0,136972.0,2676037.0,-20158.0,2813009.0,2813009.0,-0.007165992003580508,0.04152635131988557
06073,2021,2286.8887775377634,12,7.734947560368721,0.10032137042635902,113935.0,140175.0,2576529.0,-26240.0,2716704.0,2716704.0,-0.009658762971600881,0.04193868746834399
06073,2022,2640.134682504516,12,7.87858521093928,0.14363765057055922,109348.0,137177.0,2626129.0,-27829.0,2763306.0,2763306.0,-0.010070907818388554,0.039571440875530974
06073,2023,2773.0448776984304,12,7.927701229292405,0.04911601835312496,105675.0,124400.0,2654537.0,-18725.0,2778937.0,2778937.0,-0.0067381880193757545,0.03802713051789227
06073,2024,2821.7559870381433,12,7.94511466057997,0.01741343128756423,,,,,,,,
06073,2025,2879.5257800853565,12,7.965380899879512,0.0202662392995423,,,,,,,,
06073,2026,2896.2335707559664,4,7.971166403138685,0.005785503259173375,,,,,,,,
06075,2015,3234.4187669989637,12,8.081604520622047,,,,,,,,,
06075,2016,3290.8272829740363,12,8.098894265941713,0.01728974531966543,,,,,,,,
06075,2017,3291.789430933837,12,8.099186595879324,0.000292329937611413,,,,,,,,
06075,2018,3394.413865127946,12,8.129886378586333,0.030699782707008794,,,,,,,,
06075,2019,3484.8538258974822,12,8.156181378526576,0.026294999940242647,,,,,,,,
06075,2020,3290.2145990612858,10,8.098708069310387,-0.05747330921618854,38072.0,77273.0,618122.0,-39201.0,695395.0,695395.0,-0.056372277626385005,0.05474873992479094
06075,2021,3080.094440134675,12,8.032715537878927,-0.06599253143146022,38651.0,70852.0,572443.0,-32201.0,643295.0,643295.0,-0.05005635050793182,0.060082854677869404
06075,2022,3307.0332342785446,12,8.103806762607299,0.07109122472837193,41328.0,54889.0,577572.0,-13561.0,632461.0,632461.0,-0.021441638298646083,0.06534474062432308
06075,2023,3311.341988327271,12,8.105108820744695,0.0013020581373961448,40632.0,47139.0,583784.0,-6507.0,630923.0,630923.0,-0.010313461389107704,0.06440088568652592
06075,2024,3348.948145070924,12,8.116401588969023,0.011292768224327787,,,,,,,,
06075,2025,3629.278945377224,12,8.196789269890699,0.08038768092167636,,,,,,,,
06075,2026,3967.3573893453786,4,8.285855507040077,0.08906623714937822,,,,,,,,
06077,2015,1270.4490205170905,12,7.147125676427494,,,,,,,,,
06077,2016,1386.339239461052,12,7.234421911316546,0.08729623488905158,,,,,,,,
06077,2017,1502.323019671405,12,7.314767868903393,0.0803459575868466,,,,,,,,
06077,2018,1607.841619496161,12,7.382647949549719,0.06788008064632667,,,,,,,,
06077,2019,1689.1661126581591,12,7.431990261680582,0.04934231213086271,,,,,,,,
06077,2020,1806.3174503410264,12,7.499045493912877,0.06705523223229459,33939.0,28835.0,610369.0,5104.0,639204.0,639204.0,0.007984931258252451,0.053095725308352264
06077,2021,2050.825661214416,12,7.625997752613793,0.12695225870091686,35263.0,29864.0,583707.0,5399.0,613571.0,613571.0,0.008799307659586258,0.0574717514354492
06077,2022,2198.315092181859,12,7.69544647873024,0.06944872611644648,32864.0,30194.0,609147.0,2670.0,639341.0,639341.0,0.00417617515535528,0.05140292895340671
06077,2023,2239.557530105312,12,7.714033594134242,0.01858711540400204,29161.0,26990.0,621472.0,2171.0,648462.0,648462.0,0.003347921697801876,0.04496948163500714
06077,2024,2306.381003612346,12,7.743434909909917,0.029401315775674952,,,,,,,,
06077,2025,2372.5263608096766,12,7.771710641406414,0.02827573149649698,,,,,,,,
06077,2026,2390.5161753527045,4,7.779264594557678,0.007553953151264281,,,,,,,,
06079,2015,1621.336945672511,12,7.391006362980661,,,,,,,,,
06079,2016,1737.5598682183802,12,7.4602370333738985,0.06923067039323794,,,,,,,,
06079,2017,1842.3891875317656,12,7.518818479802632,0.05858144642873331,,,,,,,,
06079,2018,1918.9600658872848,12,7.559538685935666,0.04072020613303451,,,,,,,,
06079,2019,1986.7007750346572,12,7.594230639885512,0.03469195394984581,,,,,,,,
06079,2020,2056.1772124214936,12,7.62860381567268,0.034373175787167476,11864.0,11251.0,209450.0,613.0,220701.0,220701.0,0.0027775134684482625,0.05375598660631352
06079,2021,2221.3779298631266,12,7.705882971446034,0.07727915577335409,12013.0,11223.0,203481.0,790.0,214704.0,214704.0,0.00367948431328713,0.05595144943736493
06079,2022,2443.9354601822724,12,7.801364912488741,0.09548194104270724,10672.0,11105.0,208055.0,-433.0,219160.0,219160.0,-0.001975725497353532,0.04869501733893046
06079,2023,2605.4109152980113,12,7.865345682744982,0.06398077025624094,10041.0,9871.0,209924.0,170.0,219795.0,219795.0,0.0007734479856229668,0.045683477786118885
06079,2024,2744.986783803665,12,7.917531539288567,0.052185856543585096,,,,,,,,
06079,2025,2864.9740885551314,12,7.960314584973607,0.04278304568503977,,,,,,,,
06079,2026,2926.5340851015467,4,7.981574095716772,0.02125951074316479,,,,,,,,
06081,2015,2709.258073840676,12,7.904430102900418,,,,,,,,,
06081,2016,2843.0576760400277,12,7.952635398480052,0.04820529557963482,,,,,,,,
06081,2017,2913.9185124496908,12,7.97725402220824,0.024618623728187572,,,,,,,,
06081,2018,3013.9494614542878,12,8.0110066111143,0.03375258890606059,,,,,,,,
06081,2019,3109.9930872643145,12,8.042375782426216,0.03136917131191552,,,,,,,,
06081,2020,3059.168925590942,12,8.025898565114247,-0.016477217311969383,36288.0,52643.0,624080.0,-16355.0,676723.0,676723.0,-0.02416793872825366,0.053623122015950396
06081,2021,2959.1341060465807,12,7.99265197278133,-0.033246592332917047,33723.0,54798.0,577593.0,-21075.0,632391.0,632391.0,-0.03332590122250317,0.05332618585653496
06081,2022,3183.1291586521183,12,8.065620004106382,0.07296803132505225,33514.0,45125.0,586572.0,-11611.0,631697.0,631697.0,-0.018380647683937077,0.05305391667207538
06081,2023,3222.9326135729557,12,8.078046973614535,0.012426969508153363,31710.0,37953.0,593826.0,-6243.0,631779.0,631779.0,-0.009881619996865992,0.05019160181012664
06081,2024,3316.4975603092785,12,8.106664553343233,0.028617579728697606,,,,,,,,
06081,2025,3473.745304471838,12,8.152988629338445,0.046324075995212155,,,,,,,,
06081,2026,3563.775803257624,4,8.178575880679835,0.02558725134139017,,,,,,,,
06083,2015,1768.9159863553066,12,7.478122200864278,,,,,,,,,
06083,2016,1887.1470382159223,12,7.5428214640158675,0.06469926315158947,,,,,,,,
06083,2017,1970.66638514256,12,7.586127031102624,0.04330556708675637,,,,,,,,
06083,2018,2053.400784080661,12,7.627252616709859,0.04112558560723478,,,,,,,,
06083,2019,2157.2819460271585,12,7.676604349959803,0.04935173324994402,,,,,,,,
06083,2020,2268.771672866947,12,7.726993850746353,0.05038950078655002,14068.0,16971.0,345447.0,-2903.0,362418.0,362418.0,-0.008010087799171122,0.038817056547963955
06083,2021,2576.9534852380875,12,7.854363160523644,0.12736930977729166,13403.0,17083.0,328039.0,-3680.0,345122.0,345122.0,-0.010662896019378655,0.03883554221405764
06083,2022,2992.902131191508,12,8.00399880808369,0.14963564756004555,12361.0,17245.0,335835.0,-4884.0,353080.0,353080.0,-0.013832559193383935,0.03500906310184661
06083,2023,3101.9124154197493,12,8.039774108463517,0.0357753003798269,11761.0,15252.0,337197.0,-3491.0,352449.0,352449.0,-0.009904979160105434,0.033369366915496995
06083,2024,3182.66348503954,12,8.065473699116737,0.025699590653220028,,,,,,,,
06083,2025,3282.678578853349,12,8.096415008003573,0.03094130888683644,,,,,,,,
06083,2026,3350.558733053802,4,8.116882396898085,0.020467388894511274,,,,,,,,
06085,2015,2627.567619937072,12,7.873813837886014,,,,,,,,,
06085,2016,2726.528896753672,12,7.910784612789202,0.03697077490318801,,,,,,,,
06085,2017,2798.496650300236,12,7.936837641368124,0.026053028578921555,,,,,,,,
06085,2018,2900.424709258134,12,7.972612456719918,0.035774815351794054,,,,,,,,
06085,2019,2971.5327158607465,12,7.9968331646268895,0.02422070790697184,,,,,,,,
06085,2020,2915.127205789248,12,7.977668736182124,-0.019164428444765846,63960.0,104797.0,1605303.0,-40837.0,1710100.0,1710100.0,-0.023879890064908486,0.037401321560142683
06085,2021,2869.7973943116335,12,7.961996711945266,-0.015672024236857318,63939.0,110695.0,1493667.0,-46756.0,1604362.0,1604362.0,-0.02914304876330903,0.03985322514494859
06085,2022,3130.639270281714,12,8.048992502386728,0.08699579044146155,66899.0,99937.0,1513782.0,-33038.0,1613719.0,1613719.0,-0.02047320506234357,0.0414564121758497
06085,2023,3187.626113506088,12,8.067031753705525,0.0180392513187968,63834.0,84172.0,1530503.0,-20338.0,1614675.0,1614675.0,-0.012595723597628006,0.03953365228296716
06085,2024,3280.998939434791,12,8.095903209716548,0.028871456011023255,,,,,,,,
06085,2025,3404.320626023255,12,8.132800676216227,0.03689746649967951,,,,,,,,
06085,2026,3496.7557246197366,4,8.1595908817839,0.026790205567673198,,,,,,,,
06087,2015,2046.303080085988,12,7.623790068525318,,,,,,,,,
06087,2016,2234.2418637117503,12,7.711657238635423,0.08786717011010481,,,,,,,,
06087,2017,2371.0219714957,12,7.771076352785734,0.05941911415031065,,,,,,,,
06087,2018,2495.2839466864016,12,7.82215780799731,0.05108145521157592,,,,,,,,
06087,2019,2565.4973865923143,12,7.849907651707681,0.027749843710370925,,,,,,,,
06087,2020,2620.176982233481,12,7.870997144944506,0.02108949323682552,10393.0,12376.0,206421.0,-1983.0,218797.0,218797.0,-0.00906319556483864,0.04750065128863741
06087,2021,2823.2458922724322,12,7.94564252763856,0.07464538269405363,9926.0,12063.0,194398.0,-2137.0,206461.0,206461.0,-0.010350623120105007,0.048076876504521436
06087,2022,3153.2017839914174,12,8.056173654957323,0.11053112731876347,8782.0,11761.0,200209.0,-2979.0,211970.0,211970.0,-0.014053875548426664,0.04143039109307921
06087,2023,3267.7376553659,12,8.091853175941717,0.03567952098439342,7905.0,9827.0,199759.0,-1922.0,209586.0,209586.0,-0.009170459858960044,0.037717213936045345
06087,2024,3376.7655943176264,12,8.124673605574174,0.03282042963245679,,,,,,,,
06087,2025,3442.9269780692252,12,8.14407725430421,0.019403648730037304,,,,,,,,
06087,2026,3483.144261021873,4,8.155690688119206,0.011613433814995133,,,,,,,,
06089,2015,879.966257964348,4,6.7798835635148,,,,,,,,,
06089,2016,912.8286537492918,12,6.816548189103919,0.036664625589119204,,,,,,,,
06089,2017,949.2731055588024,12,6.855696539672989,0.039148350569069734,,,,,,,,
06089,2018,999.5813885573124,12,6.90733657989722,0.051640040224230965,,,,,,,,
06089,2019,1073.9583506821061,12,6.979106494691261,0.07176991479404116,,,,,,,,
06089,2020,1138.732968160946,12,7.037671491852829,0.058564997161568044,7566.0,7273.0,129385.0,293.0,136658.0,136658.0,0.0021440384024352765,0.055364486528414
06089,2021,1247.844792647811,12,7.129173176329886,0.09150168447705642,7587.0,7291.0,126807.0,296.0,134098.0,134098.0,0.0022073408999388508,0.056578025026473175
06089,2022,1360.43605243952,12,7.215560554134076,0.08638737780419081,7165.0,7264.0,128464.0,-99.0,135728.0,135728.0,-0.0007293999764234351,0.05278940233407992
06089,2023,1417.3643572767014,12,7.256554339507628,0.04099378537355136,6513.0,6293.0,130215.0,220.0,136508.0,136508.0,0.0016116271573827176,0.04771148943651654
06089,2024,1471.387190616237,12,7.293960901884789,0.037406562377161556,,,,,,,,
06089,2025,1557.889224701381,12,7.3510871229410135,0.057126221056224225,,,,,,,,
06089,2026,1611.2207123141907,4,7.38474737709157,0.033660254150556845,,,,,,,,
06093,2025,1463.0379278895534,12,7.288270325420621,,,,,,,,,
06093,2026,1512.630605374312,4,7.321605536837695,0.033335211417074184,,,,,,,,
06095,2015,1428.6692266467687,12,7.264498679230421,,,,,,,,,
06095,2016,1538.547019800988,12,7.338593756401674,0.07409507717125319,,,,,,,,
06095,2017,1663.8445330862933,12,7.416886187380692,0.07829243097901806,,,,,,,,
06095,2018,1769.6949847271535,12,7.478562485705306,0.06167629832461419,,,,,,,,
06095,2019,1868.403332357654,12,7.532839512161823,0.054277026456516886,,,,,,,,
06095,2020,1942.9987439674703,12,7.571987802937432,0.039148290775608885,22332.0,23660.0,352000.0,-1328.0,375660.0,375660.0,-0.0035351115370281638,0.05944737262418144
06095,2021,2100.4901688121477,12,7.64992601019484,0.07793820725740819,21694.0,24120.0,335522.0,-2426.0,359642.0,359642.0,-0.006745597010360303,0.06032109709099605
06095,2022,2235.6060808389097,12,7.712267647394935,0.062341637200094446,20898.0,22483.0,341330.0,-1585.0,363813.0,363813.0,-0.004356633765148579,0.0574415977438959
06095,2023,2260.082067327969,12,7.723156404584008,0.010888757189073672,19526.0,19403.0,345716.0,123.0,365119.0,365119.0,0.0003368764704110167,0.0534784549694757
06095,2024,2323.7749673657763,12,7.750948283406454,0.027791878822445604,,,,,,,,
06095,2025,2376.1665952436647,12,7.773243793867828,0.022295510461374235,,,,,,,,
06095,2026,2369.9229413645603,4,7.77061271940841,-0.0026310744594182367,,,,,,,,
06097,2015,1660.5011862739818,12,7.414874755224243,,,,,,,,,
06097,2016,1818.9789466981392,12,7.506030604343467,0.09115584911922348,,,,,,,,
06097,2017,1920.516013243774,12,7.560349185810961,0.05431858146749402,,,,,,,,
06097,2018,2059.8286180566806,12,7.6303780632046045,0.07002887739364372,,,,,,,,
06097,2019,2064.5623278027497,12,7.632673535135746,0.002295471931141435,,,,,,,,
06097,2020,2103.8786238392354,12,7.65153788390423,0.018864348768484085,16392.0,17148.0,390663.0,-756.0,407811.0,407811.0,-0.0018537999220227016,0.0401950903727462
06097,2021,2214.3493144536606,12,7.702713876096029,0.05117599219179869,16374.0,18760.0,371526.0,-2386.0,390286.0,390286.0,-0.0061134655099081186,0.04195384922851447
06097,2022,2396.0341488327786,12,7.781570211568157,0.07885633547212834,15551.0,16921.0,384022.0,-1370.0,400943.0,400943.0,-0.003416944553215794,0.03878606185916701
06097,2023,2464.06719729104,12,7.809568595909403,0.02799838434124613,14055.0,14088.0,389478.0,-33.0,403566.0,403566.0,-8.177101143307415e-05,0.03482701714217749
06097,2024,2516.049905436605,12,7.830445452852791,0.0208768569433877,,,,,,,,
06097,2025,2566.7330133001146,12,7.850389168177284,0.01994371532449346,,,,,,,,
06097,2026,2592.0836712331006,4,7.860217337519485,0.009828169342200432,,,,,,,,
06099,2015,1021.9886184137354,12,6.929505634120165,,,,,,,,,
06099,2016,1120.7184538331664,12,7.021725235267703,0.09221960114753802,,,,,,,,
06099,2017,1223.8242454062615,12,7.109735862407828,0.08801062714012531,,,,,,,,
06099,2018,1307.9067816456816,12,7.176183261622486,0.06644739921465792,,,,,,,,
06099,2019,1377.4203579825823,12,7.2279677230090575,0.05178446138657122,,,,,,,,
06099,2020,1477.6294239799129,12,7.298194342046205,0.07022661903714766,19107.0,20737.0,438294.0,-1630.0,459031.0,459031.0,-0.0035509584320013244,0.0416246397302143
06099,2021,1655.3102021609518,12,7.411743703577612,0.11354936153140649,19099.0,20747.0,414136.0,-1648.0,434883.0,434883.0,-0.0037895249986778052,0.04391755943552634
06099,2022,1822.506683318524,12,7.507968130991878,0.09622442741426607,17695.0,20137.0,427907.0,-2442.0,448044.0,448044.0,-0.005450357554168787,0.039493888993045324
06099,2023,1884.0025529433933,12,7.5411538102008855,0.033185679209007724,16294.0,17387.0,433493.0,-1093.0,450880.0,450880.0,-0.0024241483321504613,0.03613821859474805
06099,2024,1958.34655022203,12,7.579855799371022,0.038701989170136564,,,,,,,,
06099,2025,2008.4658139928163,12,7.605126432988722,0.025270633617699545,,,,,,,,
06099,2026,2014.4424502547542,4,7.608097736466947,0.0029713034782252734,,,,,,,,
06101,2022,1689.057700080414,10,7.431926078498063,,4045.0,4846.0,76094.0,-801.0,80940.0,80940.0,-0.009896219421793922,0.04997529033852236
06101,2023,1732.548056080787,12,7.457348468676935,0.025422390178872156,3724.0,4688.0,76241.0,-964.0,80929.0,80929.0,-0.011911675666324803,0.04601564334169457
06101,2024,1812.393479543119,12,7.5024036150945665,0.04505514641763142,,,,,,,,
06101,2025,1882.5280897382645,12,7.540370881070435,0.03796726597586808,,,,,,,,
06101,2026,1901.8968421992122,4,7.550607005146162,0.010236124075727382,,,,,,,,
06103,2023,1367.168012392851,11,7.22049673509179,,2578.0,2680.0,46281.0,-102.0,48961.0,48961.0,-0.0020832907824595084,0.052654153305692286
06103,2024,1432.4431758603212,12,7.267136779990812,0.04664004489902229,,,,,,,,
06103,2025,1528.503943771243,12,7.33204472148539,0.06490794149457813,,,,,,,,
06103,2026,1552.761550722159,4,7.347790270292542,0.01574554880715162,,,,,,,,
06107,2015,960.814151367293,12,6.867780999390959,,,,,,,,,
06107,2016,993.8281125563216,12,6.901564266709683,0.033783267318724164,,,,,,,,
06107,2017,1040.1042260448946,12,6.947076204464856,0.04551193775517248,,,,,,,,
06107,2018,1077.5922067238355,12,6.982484393002292,0.03540818853743666,,,,,,,,
06107,2019,1120.9861868882297,12,7.021964100862638,0.03947970786034549,,,,,,,,
06107,2020,1178.2330006231111,12,7.071771138051224,0.04980703718858592,11943.0,11738.0,371095.0,205.0,382833.0,382833.0,0.0005354815284993717,0.03119637021886828
06107,2021,1357.4727465335488,12,7.213379975388181,0.14160883733695684,11916.0,11333.0,355239.0,583.0,366572.0,366572.0,0.0015904106151042633,0.03250657442466964
06107,2022,1528.4669300707112,12,7.332020505552651,0.11864053016447063,10697.0,11849.0,368920.0,-1152.0,380769.0,380769.0,-0.0030254563790644722,0.028093148339281823
06107,2023,1569.123232304013,12,7.358272291588873,0.026251786036222136,10282.0,11260.0,370344.0,-978.0,381604.0,381604.0,-0.002562866217335248,0.026944162010880388
06107,2024,1638.3256271751488,12,7.401430040245014,0.04315774865614053,,,,,,,,
06107,2025,1702.9857842653748,12,7.440138333161832,0.038708292916817655,,,,,,,,
06107,2026,1725.7500338156508,4,7.453417037178341,0.013278704016509657,,,,,,,,
06111,2015,1774.3408498765311,12,7.481184280758984,,,,,,,,,
06111,2016,1859.6158273938274,12,7.528125200962092,0.046940920203107694,,,,,,,,
06111,2017,1953.8509083267952,12,7.577557528937734,0.049432327975642565,,,,,,,,
06111,2018,2052.0125283803504,12,7.626576311720536,0.04901878278280147,,,,,,,,
06111,2019,2117.7403300403753,12,7.658104917153378,0.031528605432842305,,,,,,,,
06111,2020,2187.1236926508095,12,7.69034257721679,0.03223766006341222,29635.0,32065.0,692450.0,-2430.0,724515.0,724515.0,-0.0033539678267530694,0.040903224915978274
06111,2021,2419.729985999366,12,7.791411236892343,0.10106865967555301,29006.0,33225.0,659467.0,-4219.0,692692.0,692692.0,-0.006090730079169385,0.04187431066043783
06111,2022,2658.2103850690273,12,7.885408387784592,0.0939971508922488,26998.0,32780.0,675737.0,-5782.0,708517.0,708517.0,-0.008160707505959632,0.03810494314180182
06111,2023,2732.527319489242,12,7.912982217983968,0.027573830199376204,24570.0,28412.0,678600.0,-3842.0,707012.0,707012.0,-0.0054341369029097105,0.03475188539939916
06111,2024,2838.2843053077045,12,7.950955030753138,0.03797281276917008,,,,,,,,
06111,2025,2938.6067977000694,12,7.985690869683596,0.03473583893045795,,,,,,,,
06111,2026,2964.1752163612173,4,7.994354099500485,0.008663229816888496,,,,,,,,
06113,2015,1399.251196221637,12,7.243692512673113,,,,,,,,,
06113,2016,1494.4695041460172,12,7.309526576126718,0.06583406345360476,,,,,,,,
06113,2017,1615.7309162698741,12,7.387542713007107,0.07801613688038955,,,,,,,,
06113,2018,1720.5107250800347,12,7.450376458917632,0.06283374591052482,,,,,,,,
06113,2019,1816.945245409862,12,7.504911933330041,0.05453547441240847,,,,,,,,
06113,2020,1883.6972269584148,12,7.540991734662237,0.036079801332196126,10782.0,11402.0,153886.0,-620.0,165288.0,165288.0,-0.0037510285078166594,0.06523159576012778
06113,2021,2017.2059712952168,12,7.6094686503881634,0.06847691572592662,11031.0,11605.0,147057.0,-574.0,158662.0,158662.0,-0.003617753463337157,0.06952515410117105
06113,2022,2179.2408012858727,12,7.686731838836946,0.07726318844878222,10081.0,11639.0,152245.0,-1558.0,163884.0,163884.0,-0.009506724268384956,0.0615130214053843
06113,2023,2243.610227452028,12,7.7158415561244285,0.029109717287482795,9437.0,11095.0,154096.0,-1658.0,165191.0,165191.0,-0.01003686641524054,0.057127809626432435
06113,2024,2296.0898772732075,12,7.738962901827142,0.023121345702713292,,,,,,,,
06113,2025,2347.847478577423,12,7.761254220821694,0.02229131899455261,,,,,,,,
06113,2026,2378.2652862955338,4,7.774126629605291,0.012872408783596967,,,,,,,,
06115,2022,1781.2883016433382,1,7.485092146462743,,6748.0,6079.0,57870.0,669.0,63949.0,63949.0,0.010461461477114575,0.10552158751505106
06115,2023,1824.7018328424372,12,7.509171873404328,0.024079726941584667,6270.0,5437.0,60236.0,833.0,65673.0,65673.0,0.012684055852481233,0.09547302544424649
06115,2024,1908.9883630002043,12,7.554328727845567,0.04515685444123907,,,,,,,,
06115,2025,1973.417506566511,12,7.587522093654878,0.03319336580931154,,,,,,,,
06115,2026,2000.287575996664,4,7.601046237203911,0.01352414354903253,,,,,,,,
08001,2015,1201.846190515841,12,7.09161414560611,,,,,,,,,
08001,2016,1276.808437588935,12,7.1521188350610325,0.06050468945492238,,,,,,,,
08001,2017,1341.5299265532653,12,7.2015659778936065,0.04944714283257401,,,,,,,,
08001,2018,1405.9935909852459,12,7.248499514028248,0.046933536134641685,,,,,,,,
08001,2019,1468.4487017067713,12,7.291961817585057,0.04346230355680891,,,,,,,,
08001,2020,1511.9010388911065,12,7.321123104128658,0.029161286543600617,41218.0,42130.0,385788.0,-912.0,427918.0,427918.0,-0.0021312494449871235,0.09632219256960446
08001,2021,1631.4195819685267,12,7.397205823962596,0.07608271983393866,40025.0,41214.0,368500.0,-1189.0,409714.0,409714.0,-0.0029020243389291066,0.09769009601819806
08001,2022,1784.9087733297795,12,7.487122585529438,0.08991676156684125,40941.0,39567.0,386001.0,1374.0,425568.0,425568.0,0.00322862621249718,0.096203191969321
08001,2023,1841.1051175844905,12,7.518121277693479,0.030998692164041053,37867.0,36608.0,403823.0,1259.0,440431.0,440431.0,0.0028585635434381323,0.08597714511467176
08001,2024,1897.55061672944,12,7.548319184397236,0.03019790670375766,,,,,,,,
08001,2025,1872.326365848987,12,7.534936982573255,-0.013382201823981532,,,,,,,,
08001,2026,1845.8802385358872,4,7.520711536758835,-0.014225445814419757,,,,,,,,
08003,2026,1376.041926312514,4,7.226966487732959,,,,,,,,,
08005,2015,1230.08280945053,12,7.114836770856782,,,,,,,,,
08005,2016,1296.187795681163,12,7.16718277048961,0.05234599963282793,,,,,,,,
08005,2017,1360.6533464058753,12,7.215720265143137,0.048537494653526636,,,,,,,,
08005,2018,1413.4117555229157,12,7.253761745416814,0.038041480273677486,,,,,,,,
08005,2019,1465.1943532077767,12,7.289743176957686,0.035981431540871966,,,,,,,,
08005,2020,1494.5610604014346,12,7.309587837631724,0.01984466067403723,56206.0,58983.0,492609.0,-2777.0,551592.0,551592.0,-0.005034518267124977,0.1018977795181946
08005,2021,1618.3490003450445,12,7.389161772965169,0.07957393533344526,53917.0,57722.0,470221.0,-3805.0,527943.0,527943.0,-0.0072072174458227495,0.10212655532888967
08005,2022,1781.7398793558307,12,7.485345626195134,0.09618385322996481,51359.0,57128.0,487424.0,-5769.0,544552.0,544552.0,-0.010594029587624322,0.09431422527141577
08005,2023,1845.046665160362,12,7.520259848924614,0.03491422272948075,47900.0,52347.0,504040.0,-4447.0,556387.0,556387.0,-0.007992638217643474,0.08609115597596637
08005,2024,1881.0533876485451,12,7.539587211486527,0.019327362561912587,,,,,,,,
08005,2025,1828.4601124197316,12,7.511229422978916,-0.028357788507610948,,,,,,,,
08005,2026,1791.8100695912326,4,7.490981599966435,-0.020247823012480737,,,,,,,,
08007,2026,2061.6666666666665,1,7.631269996158479,,,,,,,,,
08013,2015,1441.2699624731174,12,7.273279922292633,,,,,,,,,
08013,2016,1504.7249929191955,12,7.316365431528661,0.04308550923602805,,,,,,,,
08013,2017,1565.9407458046205,12,7.356242037906792,0.039876606378131285,,,,,,,,
08013,2018,1635.7335081611902,12,7.399846611572286,0.04360457366549397,,,,,,,,
08013,2019,1696.0951118826033,12,7.436083894898877,0.036237283326590486,,,,,,,,
08013,2020,1734.7153044602194,12,7.458598589268492,0.022514694369615285,21199.0,22701.0,238801.0,-1502.0,261502.0,261502.0,-0.005743741921667903,0.0810663015961637
08013,2021,1859.5285696168378,12,7.528078277386295,0.06947968811780303,20491.0,22591.0,228576.0,-2100.0,251167.0,251167.0,-0.008360970987430674,0.08158316976354378
08013,2022,2035.4937098500177,12,7.618493677714735,0.09041540032843987,19717.0,23298.0,234737.0,-3581.0,258035.0,258035.0,-0.01387796229193714,0.07641211463561144
08013,2023,2123.3726861745276,12,7.660760993246542,0.04226731553180674,18856.0,20236.0,241564.0,-1380.0,261800.0,261800.0,-0.005271199388846448,0.0720244461420932
08013,2024,2197.6698719770925,12,7.6951529289503116,0.03439193570376986,,,,,,,,
08013,2025,2225.438088091442,12,7.707709068743598,0.012556139793286292,,,,,,,,
08013,2026,2221.3823525775038,4,7.7058849624219565,-0.0018241063216413167,,,,,,,,
08014,2016,1469.922259098287,10,7.2929647934071715,,,,,,,,,
08014,2017,1503.0697266393024,12,7.315264780319831,0.022299986912659442,,,,,,,,
08014,2018,1573.4501357879117,12,7.361026026004174,0.04576124568434281,,,,,,,,
08014,2019,1616.0309585390605,12,7.387728396409333,0.026702370405159215,,,,,,,,
08014,2020,1636.110624791595,12,7.400077133942394,0.01234873753306065,9408.0,8813.0,54805.0,595.0,63618.0,63618.0,0.00935269892168883,0.1478826747147034
08014,2021,1772.1087276569153,12,7.479925488005521,0.0798483540631274,8744.0,8861.0,52923.0,-117.0,61784.0,61784.0,-0.0018936941603004014,0.14152531399715138
08014,2022,1950.6669987748403,12,7.575926643725568,0.09600115572004686,8990.0,8711.0,55069.0,279.0,63780.0,63780.0,0.004374412041392286,0.140953276889307
08014,2023,1988.7790182864437,12,7.5952761707643734,0.019349527038805547,8038.0,8051.0,57774.0,-13.0,65825.0,65825.0,-0.0001974933535890619,0.12211165970375996
08014,2024,2022.125045935744,12,7.611904240366428,0.01662806960205465,,,,,,,,
08014,2025,1989.661039528657,12,7.595719571315266,-0.016184669051162004,,,,,,,,
08014,2026,1937.3060184288165,4,7.569053636694598,-0.026665934620668352,,,,,,,,
08015,2024,2209.836289165702,10,7.700673714467352,,,,,,,,,
08015,2025,2250.692276880362,11,7.718993126488602,0.01831941202124998,,,,,,,,
08015,2026,2232.166786376733,4,7.710728045788604,-0.008265080699998428,,,,,,,,
08019,2024,1974.7464785583636,11,7.5881953038087895,,,,,,,,,
08019,2025,2034.4404623955352,12,7.617976103015283,0.02978079920649357,,,,,,,,
08019,2026,2043.7374733664826,4,7.622535505387138,0.00455940237185537,,,,,,,,
08029,2026,1581.4938426891424,3,7.366125149402142,,,,,,,,,
08031,2015,1345.089142114128,12,7.2042155665045176,,,,,,,,,
08031,2016,1410.7758611119498,12,7.2518950881446,0.04767952164008271,,,,,,,,
08031,2017,1460.3105025110845,12,7.286404365043493,0.03450927689889305,,,,,,,,
08031,2018,1520.372084484646,12,7.326710376307655,0.040306011264161334,,,,,,,,
08031,2019,1577.7195781266303,12,7.363735778469946,0.037025402162291776,,,,,,,,
08031,2020,1584.2479318027854,12,7.3678650827287555,0.004129304258809086,65684.0,74006.0,482485.0,-8322.0,556491.0,556491.0,-0.01495441974802827,0.1180324569489893
08031,2021,1680.0769674493256,12,7.426594885305809,0.05872980257705329,62858.0,74815.0,462070.0,-11957.0,536885.0,536885.0,-0.022271063635601666,0.11707907652476787
08031,2022,1845.629824248089,12,7.520575866377921,0.09398098107211261,64504.0,73054.0,475766.0,-8550.0,548820.0,548820.0,-0.015578878320760905,0.11753215990670894
08031,2023,1890.4427467501018,12,7.544566338159411,0.02399047178148983,62726.0,66009.0,491676.0,-3283.0,557685.0,557685.0,-0.005886835758537525,0.11247568071581628
08031,2024,1904.5085967040638,12,7.551979299798765,0.007412961639353455,,,,,,,,
08031,2025,1866.8073878697699,12,7.531984971572528,-0.019994328226236924,,,,,,,,
08031,2026,1833.2839467195308,4,7.5138641440366305,-0.018120827535897277,,,,,,,,
08035,2015,1563.6796855590337,12,7.3547970955001505,,,,,,,,,
08035,2016,1599.8019683769098,12,7.377635130803332,0.022838035303181847,,,,,,,,
08035,2017,1644.9256348966326,12,7.405450455427849,0.02781532462451697,,,,,,,,
08035,2018,1686.688037003978,12,7.430522143693597,0.025071688265748016,,,,,,,,
08035,2019,1733.3483882129613,12,7.457810301371168,0.02728815767757098,,,,,,,,
08035,2020,1761.6708850481552,12,7.474018004173469,0.01620770280230044,34521.0,27502.0,296233.0,7019.0,323735.0,323735.0,0.021681313419926792,0.10663351197738892
08035,2021,1915.4696006063011,12,7.557718093801406,0.0837000896279374,32672.0,27162.0,287855.0,5510.0,315017.0,315017.0,0.017491119526882676,0.10371503760114534
08035,2022,2094.962051782301,12,7.6472907184844505,0.08957262468304439,32758.0,27863.0,301499.0,4895.0,329362.0,329362.0,0.014862066662213612,0.0994589539776902
08035,2023,2175.5365349092094,12,7.685030595818484,0.03773987733403317,30288.0,24781.0,319761.0,5507.0,344542.0,344542.0,0.015983537565812004,0.08790800541008063
08035,2024,2213.1197597823416,12,7.702158455072274,0.017127859253790234,,,,,,,,
08035,2025,2214.5680249731345,12,7.702812640874367,0.0006541858020927549,,,,,,,,
08035,2026,2176.737771871415,4,7.685582600084776,-0.017230040789590895,,,,,,,,
08037,2023,3132.670420335273,12,8.049641089228219,,2816.0,3507.0,44374.0,-691.0,47881.0,47881.0,-0.014431611704016207,0.05881247258829181
08037,2024,3312.989898802494,12,8.105606353337352,0.05596526410913327,,,,,,,,
08037,2025,3375.1701498125694,12,8.124201016795128,0.01859466345777605,,,,,,,,
08037,2026,3546.926805462983,4,8.173836818942712,0.04963580214758423,,,,,,,,
08041,2015,1016.0489646722941,12,6.923676820552247,,,,,,,,,
08041,2016,1078.5501191095655,12,6.983372935875623,0.059696115323376375,,,,,,,,
08041,2017,1156.5281007426045,12,7.053177779467614,0.06980484359199046,,,,,,,,
08041,2018,1227.349339089854,12,7.112612114123411,0.05943433465579684,,,,,,,,
08041,2019,1294.727863515768,12,7.166055808047025,0.053443693923614255,,,,,,,,
08041,2020,1367.7573896819542,12,7.220927735730989,0.05487192768396376,55043.0,53004.0,555176.0,2039.0,608180.0,608180.0,0.0033526258673419055,0.09050445591765596
08041,2021,1523.788670658971,12,7.328955059084751,0.1080273233537623,52557.0,54067.0,536260.0,-1510.0,590327.0,590327.0,-0.0025579043479291986,0.08903031709544032
08041,2022,1660.0081510651423,12,7.41457779161874,0.08562273253398889,52480.0,52679.0,553011.0,-199.0,605690.0,605690.0,-0.0003285509088807806,0.08664498340735359
08041,2023,1704.848186349439,12,7.441231345489038,0.026653553870298552,49028.0,49227.0,579248.0,-199.0,628475.0,628475.0,-0.000316639484466367,0.0780110585146585
08041,2024,1735.9604229260433,12,7.4593160971067585,0.018084751617720052,,,,,,,,
08041,2025,1737.7162253459858,12,7.46032701593845,0.0010109188316915763,,,,,,,,
08041,2026,1732.8772082652772,4,7.457538432193891,-0.0027885837445591477,,,,,,,,
08043,2023,1305.285267835886,4,7.174176891910984,,2412.0,2174.0,31296.0,238.0,33470.0,33470.0,0.007110845533313415,0.07206453540484016
08043,2024,1354.8427120793415,11,7.211440646929796,0.037263755018811295,,,,,,,,
08043,2025,1407.4349739756062,12,7.249524159284516,0.03808351235472074,,,,,,,,
08043,2026,1441.4418920405928,4,7.273399205506743,0.02387504622222636,,,,,,,,
08045,2023,2436.4696836038793,7,7.79830541960565,,3099.0,3056.0,47682.0,43.0,50738.0,50738.0,0.000847491032362332,0.061078481611415505
08045,2024,2554.4705879486078,12,7.845600274885272,0.04729485527962218,,,,,,,,
08045,2025,2617.205744246598,12,7.869862517799303,0.02426224291403134,,,,,,,,
08045,2026,2572.0537843847924,4,7.8524599966415085,-0.017402521157794837,,,,,,,,
08049,2025,2839.8504761600666,12,7.9515066805298185,,,,,,,,,
08049,2026,2934.7693876457847,4,7.984384155970999,0.03287747544118069,,,,,,,,
08059,2015,1244.9199210985353,12,7.12682648642738,,,,,,,,,
08059,2016,1313.7575425016346,12,7.180646663374783,0.053820176947403375,,,,,,,,
08059,2017,1383.8502284627587,12,7.232624913893152,0.051978250518368796,,,,,,,,
08059,2018,1444.981341537281,12,7.275851688032219,0.04322677413906728,,,,,,,,
08059,2019,1499.7202191195775,12,7.313033849106225,0.03718216107400618,,,,,,,,
08059,2020,1535.0254205543167,12,7.3363022205058765,0.023268371399651322,45043.0,47250.0,447460.0,-2207.0,494710.0,494710.0,-0.0044611994906106605,0.09104930161104485
08059,2021,1656.5776194057225,12,7.412509078116199,0.07620685761032231,42330.0,46421.0,427404.0,-4091.0,473825.0,473825.0,-0.008633989342056666,0.08933678045691974
08059,2022,1833.4131847709489,12,7.513934636933556,0.10142555881735671,42319.0,45209.0,437957.0,-2890.0,483166.0,483166.0,-0.005981381140229238,0.0875868749042772
08059,2023,1904.2157248387123,12,7.551825509793921,0.0378908728603653,39720.0,39390.0,453024.0,330.0,492414.0,492414.0,0.0006701677856437876,0.08066383165385224
08059,2024,1944.192512621901,12,7.572602009243816,0.020776499449895347,,,,,,,,
08059,2025,1941.1204573344082,12,7.571020640663501,-0.0015813685803154343,,,,,,,,
08059,2026,1904.3152761067836,4,7.551877787833968,-0.019142852829532764,,,,,,,,
08065,2026,1733.25,1,7.4577535378226,,,,,,,,,
08067,2021,1627.7623167283325,12,7.3949615388082535,,3549.0,3337.0,39579.0,212.0,42916.0,42916.0,0.004939882561282505,0.08269643023580948
08067,2022,1812.3433312268014,12,7.502375945049022,0.10741440624076848,3231.0,3242.0,40616.0,-11.0,43858.0,43858.0,-0.00025080943043458435,0.07366956997583109
08067,2023,1889.1215252314114,12,7.543867198535142,0.04149125348611982,3013.0,2930.0,41784.0,83.0,44714.0,44714.0,0.0018562418929194435,0.06738381714899137
08067,2024,1954.111906475557,12,7.577691101421157,0.033823902886015667,,,,,,,,
08067,2025,2022.6791650027183,12,7.61217823091902,0.03448712949786259,,,,,,,,
08067,2026,1999.275026202459,4,7.600539906929055,-0.011638323989965116,,,,,,,,
08069,2015,1249.4799864268928,12,7.130482732881338,,,,,,,,,
08069,2016,1302.2338012721823,12,7.171836377517168,0.04135364463583002,,,,,,,,
08069,2017,1343.2026456304882,12,7.2028120754088665,0.03097569789169885,,,,,,,,
08069,2018,1395.4486056802261,12,7.240971223692115,0.03815914828324818,,,,,,,,
08069,2019,1450.2677894881415,12,7.279503500768539,0.03853227707642404,,,,,,,,
08069,2020,1485.3579884321935,12,7.303411091835489,0.023907591066950395,23821.0,22749.0,266180.0,1072.0,288929.0,288929.0,0.00371025407626095,0.08244586040169039
08069,2021,1589.8563529390492,12,7.371398947069515,0.06798785523402628,24095.0,22758.0,256823.0,1337.0,279581.0,279581.0,0.00478215615510353,0.08618253743995478
08069,2022,1737.1833864873824,12,7.460020337229825,0.08862139016030923,23891.0,23120.0,267379.0,771.0,290499.0,290499.0,0.00265405388658825,0.08224124695782085
08069,2023,1835.603995920291,12,7.515128859419753,0.055108522189928344,21954.0,20914.0,280060.0,1040.0,300974.0,300974.0,0.003455447978895187,0.07294317781602398
08069,2024,1901.6827200003656,12,7.5504944153104185,0.03536555589066559,,,,,,,,
08069,2025,1936.548484232185,12,7.5686625356835675,0.018168120373148966,,,,,,,,
08069,2026,1963.327521147294,4,7.5823960276067375,0.013733491923169971,,,,,,,,
08071,2026,1250.0,1,7.1308988302963465,,,,,,,,,
08075,2025,1100.7500366458764,3,7.0037470779275965,,,,,,,,,
08075,2026,1134.976088627218,4,7.03436686240479,0.030619784477193157,,,,,,,,
08077,2015,904.6701040944064,12,6.807570351381689,,,,,,,,,
08077,2016,930.75883410611,12,6.836000204092269,0.028429852710579517,,,,,,,,
08077,2017,973.605448248143,12,6.88100613763973,0.045005933547461296,,,,,,,,
08077,2018,1040.3996869233195,12,6.94736023265492,0.06635409501518996,,,,,,,,
08077,2019,1114.6206842980637,12,7.016269432560647,0.06890919990572719,,,,,,,,
08077,2020,1171.6944963340175,12,7.066206267499997,0.04993683493934942,7632.0,6330.0,117127.0,1302.0,123457.0,123457.0,0.010546182071490478,0.06181909490753866
08077,2021,1310.7978328639865,12,7.178391263530637,0.11218499603064025,7243.0,6258.0,114058.0,985.0,120316.0,120316.0,0.008186774826290768,0.06019980717444064
08077,2022,1457.413486428789,12,7.284418558952656,0.10602729542201939,7132.0,6337.0,117837.0,795.0,124174.0,124174.0,0.006402306440961876,0.05743553400872969
08077,2023,1535.4183183004955,12,7.336558142959919,0.052139584007262485,6863.0,5388.0,122862.0,1475.0,128250.0,128250.0,0.011500974658869395,0.053512670565302144
08077,2024,1634.9480689195425,12,7.399366320698206,0.06280817773828762,,,,,,,,
08077,2025,1711.9741433081363,12,7.445402453379769,0.04603613268156259,,,,,,,,
08077,2026,1739.3541441151986,4,7.461269141760665,0.01586668838089622,,,,,,,,
08083,2025,1588.865886577488,10,7.370775761827783,,,,,,,,,
08083,2026,1610.9225733826333,4,7.384562320806996,0.01378655897921277,,,,,,,,
08085,2023,1503.2144667452008,9,7.315361072018619,,2491.0,1999.0,35090.0,492.0,37089.0,37089.0,0.013265388659710426,0.06716277063280218
08085,2024,1603.2802225374098,12,7.379806948646502,0.06444587662788326,,,,,,,,
08085,2025,1656.1157985679795,12,7.412230259171935,0.03242331052543257,,,,,,,,
08085,2026,1707.3737772890404,4,7.4427116661878205,0.030481407015885864,,,,,,,,
08087,2026,1298.75,1,7.169157542413437,,,,,,,,,
08093,2026,2654.1132701793085,3,7.883865893024121,,,,,,,,,
08097,2021,7365.190176795106,10,8.90452015025991,,1297.0,1379.0,12470.0,-82.0,13849.0,13849.0,-0.005921005126723951,0.0936529713336703
08097,2022,9446.875898288099,12,9.153439373056205,0.24891922279629597,1057.0,1354.0,12847.0,-297.0,14201.0,14201.0,-0.020914020139426802,0.07443137807196676
08097,2023,10477.501550464576,12,9.256985527779609,0.10354615472340356,1037.0,1247.0,13184.0,-210.0,14431.0,14431.0,-0.014552006097983508,0.07185919201718523
08097,2024,11330.262828569006,12,9.335232551331899,0.07824702355229007,,,,,,,,
08097,2025,12769.131391255725,12,9.454785927234356,0.1195533759024574,,,,,,,,
08097,2026,14242.067511572324,4,9.563955364846263,0.10916943761190723,,,,,,,,
08101,2015,716.7221104565488,9,6.574688192888946,,,,,,,,,
08101,2016,754.3507544306171,12,6.625857451392453,0.05116925850350729,,,,,,,,
08101,2017,803.9835669798898,12,6.689578829890347,0.06372137849789361,,,,,,,,
08101,2018,845.438952343963,12,6.739855962708765,0.05027713281841795,,,,,,,,
08101,2019,896.3286439970492,12,6.798307135899137,0.058451173190372074,,,,,,,,
08101,2020,964.881005011011,12,6.872004782866157,0.07369764696702052,7792.0,6336.0,119908.0,1456.0,126244.0,126244.0,0.011533221380818099,0.0617217451918507
08101,2021,1082.3950879458846,12,6.986931538732723,0.11492675586656542,7615.0,6622.0,117303.0,993.0,123925.0,123925.0,0.008012911034900141,0.06144845672785959
08101,2022,1185.803828714783,12,7.078176160071211,0.09124462133848876,7230.0,6736.0,121112.0,494.0,127848.0,127848.0,0.0038639634566047182,0.05655152994180589
08101,2023,1232.1902056546726,12,7.116548519883624,0.038372359812412604,6955.0,6424.0,124379.0,531.0,130803.0,130803.0,0.0040595399188092015,0.053171563343348396
08101,2024,1265.6520814903736,12,7.143342747786765,0.026794227903140566,,,,,,,,
08101,2025,1300.5449196794636,12,7.170538624607055,0.02719587682029001,,,,,,,,
08101,2026,1305.6272429275,4,7.174438850204998,0.003900225597943674,,,,,,,,
08107,2025,2858.155783510951,11,7.957931864880782,,,,,,,,,
08107,2026,3125.854142772397,4,8.047462850511009,0.08953098563022621,,,,,,,,
08117,2024,3022.104450306443,11,8.013708705539969,,,,,,,,,
08117,2025,3081.2523385917216,12,8.033091396765712,0.019382691225743542,,,,,,,,
08117,2026,3125.864158111656,4,8.047466054538694,0.014374657772981081,,,,,,,,
08119,2022,1761.4457806068906,10,7.473890217067373,,2428.0,2289.0,18626.0,139.0,20915.0,20915.0,0.006645947884293569,0.11608893138895529
08119,2023,1871.5401322493628,11,7.534516971009498,0.0606267539421248,2064.0,2038.0,19401.0,26.0,21439.0,21439.0,0.0012127431316759176,0.0962731470684267
08119,2024,1921.9644097374187,12,7.561103072052557,0.02658610104305925,,,,,,,,
08119,2025,1991.6934572635703,12,7.596740539386859,0.035637467334302286,,,,,,,,
08119,2026,2022.2512949404643,4,7.611966672244236,0.01522613285737684,,,,,,,,
08123,2015,1107.5802594151294,10,7.009932968291399,,,,,,,,,
08123,2016,1143.9478287961072,12,7.042240566700633,0.032307598409233584,,,,,,,,
08123,2017,1193.1403657210117,12,7.0843440729479585,0.04210350624732584,,,,,,,,
08123,2018,1260.3305743969177,12,7.139129326167466,0.054785253219507446,,,,,,,,
08123,2019,1315.3982070491127,12,7.181894717820185,0.04276539165271931,,,,,,,,
08123,2020,1346.600715711011,12,7.205338707605923,0.02344398978573814,25968.0,20036.0,254855.0,5932.0,274891.0,274891.0,0.021579462405098747,0.094466534008025
08123,2021,1438.1501842599628,12,7.271112972507634,0.06577426490171057,26428.0,20155.0,248568.0,6273.0,268723.0,268723.0,0.023343740580449013,0.09834662459112171
08123,2022,1557.2663961085793,12,7.350687252965376,0.0795742804577424,26411.0,20709.0,263096.0,5702.0,283805.0,283805.0,0.020091259843906906,0.09306037596236853
08123,2023,1632.314772233819,12,7.397754392069305,0.04706713910392857,24089.0,18790.0,280620.0,5299.0,299410.0,299410.0,0.017698139674693563,0.08045489462609799
08123,2024,1675.7102601195975,12,7.423992390273652,0.026237998204346802,,,,,,,,
08123,2025,1705.6630792631101,12,7.44170921690814,0.017716826634488037,,,,,,,,
08123,2026,1688.134820397111,4,7.4313795418699735,-0.010329675038166286,,,,,,,,
09001,2015,1701.1621487471784,12,7.43906691339481,,,,,,,,,
09001,2016,1736.034945740308,12,7.459359025052429,0.020292111657618683,,,,,,,,
09001,2017,1782.1013655035088,12,7.48554848941158,0.026189464359151593,,,,,,,,
09001,2018,1850.3805900697962,12,7.523146621276068,0.03759813186448735,,,,,,,,
09001,2019,1909.9174106789842,12,7.554815279623572,0.03166865834750432,,,,,,,,
09001,2020,1998.6518256662275,12,7.60022814507629,0.045412865452718165,37919.0,39245.0,757397.0,-1326.0,796642.0,796642.0,-0.0016644866828512681,0.047598544892184944
09001,2021,2175.5133577885426,12,7.685019942242341,0.08479179716605056,38543.0,38865.0,720460.0,-322.0,759325.0,759325.0,-0.00042406084351233005,0.05075955618476937
09001,2022,2388.734895531849,12,7.778519172366244,0.09349923012390349,,,,,,,,
09001,2023,2497.294403970978,12,7.82296318640183,0.04444401403558551,,,,,,,,
09001,2024,2632.030070464411,12,7.875510717328428,0.05254753092659836,,,,,,,,
09001,2025,2760.7750002170847,12,7.923266716475149,0.04775599914672135,,,,,,,,
09001,2026,2787.0887976500035,4,7.932752888348624,0.009486171873474447,,,,,,,,
09003,2015,1138.7751052563196,12,7.037708494659423,,,,,,,,,
09003,2016,1161.7374131044928,12,7.057671933479447,0.019963438820023605,,,,,,,,
09003,2017,1191.9560381892143,12,7.083350966231438,0.02567903275199157,,,,,,,,
09003,2018,1222.6558383496267,12,7.108780688357382,0.025429722125943854,,,,,,,,
09003,2019,1256.2044226578735,12,7.135850090677889,0.027069402320506697,,,,,,,,
09003,2020,1302.2968090367171,12,7.1718847607185765,0.03603467004068772,29038.0,31750.0,717943.0,-2712.0,749693.0,749693.0,-0.0036174807554559,0.03873318811833644
09003,2021,1425.4221433103687,12,7.26222328975163,0.09033852903305384,29678.0,31441.0,687763.0,-1763.0,719204.0,719204.0,-0.002451321182863277,0.041265065266600294
09003,2022,1567.0267892678833,12,7.3569353381051545,0.0947120483535242,,,,,,,,
09003,2023,1675.8032595926368,12,7.424047887273748,0.0671125491685931,,,,,,,,
09003,2024,1794.0332216028166,12,7.492221560620536,0.06817367334678792,,,,,,,,
09003,2025,1879.3931902892475,12,7.538704232599444,0.04648267197890821,,,,,,,,
09003,2026,1907.7389367322214,4,7.5536740170347105,0.014969784435266753,,,,,,,,
09005,2015,874.175776437331,12,6.773281472639366,,,,,,,,,
09005,2016,893.5669207128694,12,6.7952212290672,0.021939756427833856,,,,,,,,
09005,2017,932.5580262422641,12,6.83793137611524,0.04271014704803999,,,,,,,,
09005,2018,968.7792764221953,12,6.876036801033828,0.03810542491858815,,,,,,,,
09005,2019,998.7017459462537,12,6.906456181466499,0.03041938043267134,,,,,,,,
09005,2020,1107.6029078659355,12,7.009953416668889,0.10349723520238996,8949.0,7623.0,146329.0,1326.0,153952.0,153952.0,0.008613074204946997,0.058128507586780294
09005,2021,1277.1257945557384,12,7.152367359055459,0.14241394238657,8791.0,7608.0,140152.0,1183.0,147760.0,147760.0,0.008006226312939903,0.05949512723335138
09005,2022,1412.7697357889201,12,7.253307408179794,0.1009400491243353,,,,,,,,
09005,2023,1549.198196612336,12,7.345492783563193,0.09218537538339877,,,,,,,,
09005,2024,1667.3455542990268,12,7.41898815239015,0.07349536882695684,,,,,,,,
09005,2025,1770.988744618692,12,7.479293282380759,0.060305129990609,,,,,,,,
09005,2026,1811.5683941253233,4,7.501948265142875,0.022654982762116305,,,,,,,,
09007,2015,1198.8855325338952,10,7.0891476813573675,,,,,,,,,
09007,2016,1228.1767739901268,12,7.113286051107573,0.024138369750205335,,,,,,,,
09007,2017,1247.8534534424,12,7.129180116908221,0.015894065800647894,,,,,,,,
09007,2018,1286.30055886357,12,7.159525593558314,0.03034547665009324,,,,,,,,
09007,2019,1333.9501859911322,12,7.195899883942612,0.03637429038429829,,,,,,,,
09007,2020,1415.1389741427163,12,7.254983020196415,0.059083136253803126,8517.0,8074.0,129430.0,443.0,137504.0,137504.0,0.0032217244589248313,0.06194001629043519
09007,2021,1541.071208716094,12,7.340233043672412,0.08525002347599653,8775.0,7815.0,123764.0,960.0,131579.0,131579.0,0.007295997081601167,0.06668997332401067
09007,2022,1676.5281197054346,12,7.424480338628987,0.08424729495657513,,,,,,,,
09007,2023,1824.3445737397233,12,7.508976063834348,0.08449572520536108,,,,,,,,
09007,2024,1945.2673291110598,12,7.573154690880987,0.06417862704663868,,,,,,,,
09007,2025,2065.944898273005,12,7.633342978594487,0.060188287713500266,,,,,,,,
09007,2026,2055.025219518681,4,7.628043399126895,-0.005299579467592075,,,,,,,,
09009,2015,1210.829174212167,12,7.0990606718458595,,,,,,,,,
09009,2016,1243.1410130527431,12,7.125396530814559,0.026335858968699277,,,,,,,,
09009,2017,1275.680070506782,12,7.1512347040241435,0.025838173209584703,,,,,,,,
09009,2018,1315.5556065020826,12,7.182014369828022,0.030779665803878586,,,,,,,,
09009,2019,1365.0709424906702,12,7.218961678789173,0.036947308961150505,,,,,,,,
09009,2020,1426.5383725456243,12,7.263006070078389,0.044044391289216556,30112.0,31661.0,654794.0,-1549.0,686455.0,686455.0,-0.0022565208207384314,0.043865948969706685
09009,2021,1561.9836134006591,12,7.3537118395639745,0.09070576948558529,30780.0,31193.0,627934.0,-413.0,659127.0,659127.0,-0.0006265863786493347,0.046698132529846295
09009,2022,1739.8291533561398,12,7.461542199661488,0.10783036009751346,,,,,,,,
09009,2023,1872.7591306078793,12,7.535168093324253,0.07362589366276495,,,,,,,,
09009,2024,2011.206870263316,12,7.606490253832195,0.07132216050794238,,,,,,,,
09009,2025,2103.077345452252,12,7.651156953653226,0.044666699821030775,,,,,,,,
09009,2026,2132.361517201278,4,7.664985338078426,0.01382838442520029,,,,,,,,
09011,2015,1049.1157395324767,12,6.955702935515449,,,,,,,,,
09011,2016,1080.8700506224507,12,6.985521598222997,0.02981866270754807,,,,,,,,
09011,2017,1105.9460401003876,12,7.008456392556094,0.022934794333097308,,,,,,,,
09011,2018,1126.7932219798236,12,7.027131020701754,0.01867462814565979,,,,,,,,
09011,2019,1168.8472594549999,12,7.063773293786573,0.036642273084819266,,,,,,,,
09011,2020,1244.222199682644,12,7.126265874457223,0.06249258067065,11990.0,11792.0,210432.0,198.0,222224.0,222224.0,0.0008909928720570236,0.053954568363453095
09011,2021,1381.151464278074,12,7.230672824642158,0.10440695018493518,11836.0,11445.0,203004.0,391.0,214449.0,214449.0,0.0018232773293417083,0.05519260989792445
09011,2022,1525.6714215840154,12,7.33018986859681,0.099517043954652,,,,,,,,
09011,2023,1659.6066973206196,12,7.414335923953474,0.08414605535666375,,,,,,,,
09011,2024,1799.7157765921836,12,7.495384029523208,0.0810481055697343,,,,,,,,
09011,2025,1875.3948527610592,12,7.536574504373173,0.041190474849964964,,,,,,,,
09011,2026,1909.5652648327398,4,7.554630885098366,0.018056380725192334,,,,,,,,
09013,2016,1060.738061326621,5,6.966720229083081,,,,,,,,,
09013,2017,1095.1884513591094,12,6.998681729140619,0.031961500057538395,,,,,,,,
09013,2018,1153.1229616232056,12,7.050229159529296,0.05154743038867693,,,,,,,,
09013,2019,1181.1533845582974,12,7.07424668461278,0.02401752508348398,,,,,,,,
09013,2020,1235.339435775248,12,7.119101058080197,0.04485437346741694,7541.0,7281.0,110069.0,260.0,117350.0,117350.0,0.002215594375798892,0.06426075841499787
09013,2021,1355.9675244723696,12,7.212270518709395,0.09316946062919751,7626.0,7236.0,105126.0,390.0,112362.0,112362.0,0.003470924333849522,0.0678699204357345
09013,2022,1492.2265253685712,12,7.308024595893745,0.09575407718434992,,,,,,,,
09013,2023,1619.6231318501457,12,7.3899487665023855,0.08192417060864088,,,,,,,,
09013,2024,1737.3334931052004,12,7.460106741540475,0.0701579750380894,,,,,,,,
09013,2025,1836.7506897508263,12,7.515753360028192,0.05564661848771735,,,,,,,,
09013,2026,1894.8940702507757,4,7.5469182163502735,0.031164856322081214,,,,,,,,
09015,2022,1396.2543426975096,12,7.241548460636414,,,,,,,,,
09015,2023,1513.418310982086,12,7.3221261534221185,0.08057769278570426,,,,,,,,
09015,2024,1652.4994581521514,12,7.410044243829964,0.08791809040784582,,,,,,,,
09015,2025,1783.9026252175715,12,7.486558729373142,0.07651448554317763,,,,,,,,
09015,2026,1791.3441375678215,4,7.49072153188167,0.004162802508528074,,,,,,,,
10001,2015,1020.5849790697874,12,6.928131250776891,,,,,,,,,
10001,2016,1045.3302473048814,12,6.952088140602245,0.023956889825353933,,,,,,,,
10001,2017,1069.3116854222237,12,6.974770435807476,0.022682295205230574,,,,,,,,
10001,2018,1107.3160967127742,12,7.009694435501477,0.034923999694001395,,,,,,,,
10001,2019,1139.9923383982923,12,7.038776820662704,0.029082385161227187,,,,,,,,
10001,2020,1189.4080611641566,12,7.081211034754282,0.04243421409157744,9860.0,8464.0,137037.0,1396.0,145501.0,145501.0,0.009594435777073697,0.06776585727933142
10001,2021,1378.5349409107712,12,7.228776577194322,0.1475655424400406,10118.0,8532.0,131889.0,1586.0,140421.0,140421.0,0.011294606932011593,0.07205474964570827
10001,2022,1495.7187428218215,12,7.310362134723908,0.08158555752958563,10066.0,8397.0,136052.0,1669.0,144449.0,144449.0,0.011554250981315205,0.06968549453440315
10001,2023,1571.6016374573762,12,7.35985052958843,0.04948839486452172,9479.0,7964.0,140851.0,1515.0,148815.0,148815.0,0.010180425360346738,0.0636965359674764
10001,2024,1636.628995720478,12,7.400393914984166,0.04054338539573621,,,,,,,,
10001,2025,1688.3544118985594,12,7.431509612773003,0.03111569778883716,,,,,,,,
10001,2026,1720.6848826856558,4,7.450477678159791,0.018968065386787636,,,,,,,,
10003,2015,1123.3595697269018,12,7.024079090245526,,,,,,,,,
10003,2016,1147.032085095233,12,7.044933089794133,0.020853999548607227,,,,,,,,
10003,2017,1168.8752822908084,12,7.063797268261995,0.018864178467861592,,,,,,,,
10003,2018,1204.1082957832584,12,7.093494568487643,0.029697300225648426,,,,,,,,
10003,2019,1246.3305594716915,12,7.127958960688735,0.034464392201091876,,,,,,,,
10003,2020,1297.5820217555934,12,7.168257828267937,0.040298867579201314,20233.0,20081.0,435971.0,152.0,456052.0,456052.0,0.00033329532597159976,0.0443655548051538
10003,2021,1439.8472325819914,12,7.272292298457537,0.10403447018960055,20654.0,19999.0,415046.0,655.0,435045.0,435045.0,0.0015055913756048226,0.04747554850647634
10003,2022,1621.1548285475435,12,7.390894031392586,0.11860173293504861,21184.0,19880.0,425907.0,1304.0,445787.0,445787.0,0.002925163811416663,0.047520452592830206
10003,2023,1704.0200935155078,12,7.440745499288931,0.04985146789634509,19689.0,19098.0,436422.0,591.0,455520.0,455520.0,0.001297418335089568,0.04322312961011591
10003,2024,1783.0994493103008,12,7.486108392701582,0.04536289341265132,,,,,,,,
10003,2025,1860.4413094776382,12,7.528569001724815,0.0424606090232329,,,,,,,,
10003,2026,1908.9767370189952,4,7.554322637700213,0.025753635975397593,,,,,,,,
10005,2021,1837.0712431032134,6,7.515927866772971,,16879.0,8382.0,179563.0,8497.0,187945.0,187945.0,0.045210034850621195,0.08980818856580383
10005,2022,1932.6248121785795,12,7.566634364238137,0.05070649746516587,15439.0,8922.0,190783.0,6517.0,199705.0,199705.0,0.03263313387246188,0.07730903082046017
10005,2023,1976.0131523658222,12,7.588836534341239,0.022202170103102326,14158.0,8461.0,200694.0,5697.0,209155.0,209155.0,0.027238172647079915,0.06769142501972221
10005,2024,1991.8650772560413,12,7.596826703549423,0.00799016920818385,,,,,,,,
10005,2025,2037.9696335069032,12,7.619709313527846,0.022882609978422508,,,,,,,,
10005,2026,2064.585469795515,4,7.632684744224837,0.01297543069699092,,,,,,,,
11001,2015,1939.7008759784512,12,7.570289052529264,,,,,,,,,
11001,2016,1992.6921677239923,12,7.597241851546543,0.02695279901727865,,,,,,,,
11001,2017,2053.5556473428874,12,7.627328031808551,0.030086180262007822,,,,,,,,
11001,2018,2099.175795196839,12,7.649300068193982,0.021972036385431437,,,,,,,,
11001,2019,2166.190152331248,12,7.680725213334267,0.03142514514028516,,,,,,,,
11001,2020,2163.2843588145042,10,7.679382882321309,-0.001342331012958553,37786.0,53104.0,444616.0,-15318.0,497720.0,497720.0,-0.030776340110905732,0.0759181869324118
11001,2021,2158.4812224086204,12,7.67716011558712,-0.0022227667341887525,35836.0,51255.0,420774.0,-15419.0,472029.0,472029.0,-0.03266536589912908,0.0759190642947785
11001,2022,2314.577440073785,12,7.74698241857385,0.0698223029867302,38582.0,46615.0,427413.0,-8033.0,474028.0,474028.0,-0.016946256339287976,0.08139181651716776
11001,2023,2384.5275925990495,12,7.77675630932117,0.029773890747319953,41301.0,43869.0,436527.0,-2568.0,480396.0,480396.0,-0.005345589888342118,0.08597282242150225
11001,2024,2450.2010256343606,12,7.803925351452081,0.02716904213091098,,,,,,,,
11001,2025,2501.7685481368967,12,7.824753180007995,0.020827828555913364,,,,,,,,
11001,2026,2456.6541461490174,4,7.8065555999550735,-0.018197580052921047,,,,,,,,
12001,2015,923.2516773712113,12,6.827901870542515,,,,,,,,,
12001,2016,962.2557978755568,12,6.8692803174775365,0.04137844693502135,,,,,,,,
12001,2017,1014.7221736538758,12,6.9223701334695305,0.053089815991993916,,,,,,,,
12001,2018,1069.2430700838884,12,6.974706265986075,0.05233613251654479,,,,,,,,
12001,2019,1133.4724602756974,12,7.033041173468657,0.058334907482581855,,,,,,,,
12001,2020,1178.314359699894,12,7.071840187439482,0.038799013970824525,13481.0,15430.0,172650.0,-1949.0,188080.0,188080.0,-0.010362611654615057,0.07167694598043385
12001,2021,1300.6013562787991,12,7.170582018244595,0.09874183080511312,14224.0,14780.0,168115.0,-556.0,182895.0,182895.0,-0.003039995625905574,0.07777139889007353
12001,2022,1487.0215216147615,12,7.304530419532798,0.13394840128820285,14706.0,15196.0,171600.0,-490.0,186796.0,186796.0,-0.0026231825092614403,0.07872759587999743
12001,2023,1552.7166767696751,12,7.347761370426435,0.04323095089363704,14589.0,15277.0,174561.0,-688.0,189838.0,189838.0,-0.0036241426900831234,0.07684973503724228
12001,2024,1582.5047069116447,12,7.366764128365658,0.01900275793922379,,,,,,,,
12001,2025,1626.2166763868952,12,7.394011538540303,0.027247410174644493,,,,,,,,
12001,2026,1650.5036433396278,4,7.408835758706521,0.01482422016621765,,,,,,,,
12005,2015,927.4205378681585,12,6.832407117353899,,,,,,,,,
12005,2016,959.4483550304035,12,6.866358489122024,0.033951371768124794,,,,,,,,
12005,2017,994.5047803118356,12,6.902244905031429,0.03588641590940522,,,,,,,,
12005,2018,1050.5449147194463,10,6.957064274934552,0.054819369903123416,,,,,,,,
12005,2019,1344.737349286492,12,7.203953993625548,0.24688971869099596,,,,,,,,
12005,2020,1315.5160258394856,12,7.181984282724263,-0.021969710901285744,12739.0,11091.0,122120.0,1648.0,133211.0,133211.0,0.012371350714280352,0.09563024074588435
12005,2021,1475.7079399734846,12,7.296893112934352,0.1149088302100898,13655.0,9517.0,122056.0,4138.0,131573.0,131573.0,0.03145022155001406,0.1037826909776322
12005,2022,1641.1198099098722,12,7.403134098729582,0.10624098579523,13183.0,9340.0,128940.0,3843.0,138280.0,138280.0,0.027791437662713334,0.09533555105582875
12005,2023,1664.9338428112017,12,7.4175406675778,0.01440656884821756,13785.0,9724.0,133993.0,4061.0,143717.0,143717.0,0.028256921588956072,0.09591767153503065
12005,2024,1675.8746540080501,12,7.424090489467195,0.006549821889395346,,,,,,,,
12005,2025,1676.2641483875543,12,7.424322875059927,0.00023238559273153214,,,,,,,,
12005,2026,1665.4067137070188,4,7.417824645081583,-0.006498229978343595,,,,,,,,
12007,2026,1485.2358703210684,2,7.303328873856863,,,,,,,,,
12009,2015,985.9661259459364,12,6.893621998988083,,,,,,,,,
12009,2016,1054.1694203305008,12,6.9605084565354804,0.06688645754739753,,,,,,,,
12009,2017,1136.7845177642546,12,7.035958957552443,0.07545050101696216,,,,,,,,
12009,2018,1215.2368384681736,12,7.102694265558893,0.06673530800645011,,,,,,,,
12009,2019,1271.5684854933882,12,7.148006445380517,0.04531217982162428,,,,,,,,
12009,2020,1329.4743613196945,12,7.1925389260440955,0.04453248066357851,34031.0,23798.0,459987.0,10233.0,483785.0,483785.0,0.021151957997870955,0.07034323098070423
12009,2021,1522.2898876066863,12,7.3279709852044705,0.13543205916037504,36378.0,23987.0,451517.0,12391.0,475504.0,475504.0,0.02605866617315522,0.07650408829368417
12009,2022,1769.580336899322,12,7.478497699658755,0.15052671445428434,37471.0,23750.0,465504.0,13721.0,489254.0,489254.0,0.02804473749831376,0.07658802993945885
12009,2023,1833.7086334748913,12,7.5140957707705125,0.03559807111175761,34866.0,24742.0,481760.0,10124.0,506502.0,506502.0,0.019988075071766746,0.06883684565904971
12009,2024,1854.5123598964253,12,7.525377061720822,0.011281290950309497,,,,,,,,
12009,2025,1876.2019075107692,12,7.53700475037973,0.011627688658908397,,,,,,,,
12009,2026,1893.4732151348458,4,7.5461681015511965,0.00916335117146616,,,,,,,,
12011,2015,1407.1525283200187,12,7.249323458004983,,,,,,,,,
12011,2016,1468.7920612438295,12,7.292195614925033,0.04287215692005031,,,,,,,,
12011,2017,1521.2778785411276,12,7.32730597020851,0.035110355283476835,,,,,,,,
12011,2018,1575.7371992875014,12,7.362478504792082,0.03517253458357228,,,,,,,,
12011,2019,1627.1904996205028,12,7.394610186794276,0.03213168200219396,,,,,,,,
12011,2020,1678.382081342637,12,7.425585561549913,0.030975374755636942,84675.0,96065.0,1462390.0,-11390.0,1558455.0,1558455.0,-0.0073085202973457684,0.054332656380838715
12011,2021,1921.4178756166752,8,7.560818669365626,0.13523310781571318,88250.0,96404.0,1398382.0,-8154.0,1494786.0,1494786.0,-0.005454961445986248,0.05903855133778347
12011,2022,2300.3014443528696,12,7.7407954560913845,0.17997678672575823,87547.0,92579.0,1427769.0,-5032.0,1520348.0,1520348.0,-0.003309768552989184,0.05758352692936091
12011,2023,2408.8794711504456,12,7.786916968631954,0.0461215125405694,82244.0,95442.0,1456628.0,-13198.0,1552070.0,1552070.0,-0.008503482446023697,0.052989878033851565
12011,2024,2448.6022267052253,12,7.803272621018322,0.016355652386367936,,,,,,,,
12011,2025,2476.2153950420366,12,7.814486623171867,0.011214002153544733,,,,,,,,
12011,2026,2487.6173467853096,4,7.819080642507121,0.0045940193352542735,,,,,,,,
12015,2015,1067.1686160744453,12,6.972764267002599,,,,,,,,,
12015,2016,1129.7833266537539,12,7.029781146996598,0.057016879993998515,,,,,,,,
12015,2017,1185.8582852962554,12,7.078222082786054,0.04844093578945596,,,,,,,,
12015,2018,1238.0917906113407,12,7.121326594770094,0.04310451198404053,,,,,,,,
12015,2019,1284.6167898234576,12,7.15821573481726,0.03688914004716537,,,,,,,,
12015,2020,1357.9560452657813,12,7.21373594033839,0.05552020552113035,18068.0,10712.0,128922.0,7356.0,139634.0,139634.0,0.05268057922855465,0.12939541945371472
12015,2021,1554.2850070694585,12,7.348770916344058,0.13503497600566838,19452.0,11184.0,129292.0,8268.0,140476.0,140476.0,0.05885702895868333,0.13847205216549446
12015,2022,1887.3173639035458,12,7.542911715595744,0.19414079925168526,18754.0,11600.0,134872.0,7154.0,146472.0,146472.0,0.04884209951390027,0.12803812332732536
12015,2023,2000.9928654359994,12,7.601398769078126,0.05848705348238248,16275.0,12528.0,139667.0,3747.0,152195.0,152195.0,0.02461973126581031,0.10693518183908801
12015,2024,1953.2501328797732,12,7.577249998906941,-0.024148770171184886,,,,,,,,
12015,2025,1922.2914237310372,12,7.561273203286571,-0.015976795620370687,,,,,,,,
12015,2026,1898.4060575012859,4,7.548769895962063,-0.012503307324507773,,,,,,,,
12017,2016,922.0577763738103,8,6.826607885773114,,,,,,,,,
12017,2017,1007.168517015738,12,6.914898224314412,0.08829033854129875,,,,,,,,
12017,2018,1071.3693284529586,12,6.976692855496444,0.06179463118203188,,,,,,,,
12017,2019,1113.0751739701338,12,7.014881890746845,0.03818903525040085,,,,,,,,
12017,2020,1180.1180924577407,12,7.073369790806224,0.05848790005937854,11808.0,7192.0,104774.0,4616.0,111966.0,111966.0,0.04122680099315864,0.10546058624939714
12017,2021,1373.0232036257212,12,7.224770305571069,0.15140051476484562,12634.0,7177.0,104711.0,5457.0,111888.0,111888.0,0.04877198627198627,0.11291648791648792
12017,2022,1565.118577908449,12,7.355716868735553,0.13094656316448372,12699.0,7201.0,109622.0,5498.0,116823.0,116823.0,0.04706265033426637,0.1087029095298015
12017,2023,1654.1918765571572,12,7.4110678764472695,0.05535100771171653,11644.0,7429.0,113908.0,4215.0,121337.0,121337.0,0.034737961215457774,0.09596413295202617
12017,2024,1696.8495000812502,12,7.436528575432958,0.0254606989856887,,,,,,,,
12017,2025,1725.650190830336,12,7.45335918066861,0.016830605235651497,,,,,,,,
12017,2026,1710.881347899305,4,7.4447639248478055,-0.008595255820804226,,,,,,,,
12019,2015,1089.5485922022594,12,6.993518753851103,,,,,,,,,
12019,2016,1126.9470153680295,12,7.0272674990641635,0.03374874521306026,,,,,,,,
12019,2017,1165.1896930343912,12,7.060639179383945,0.03337168031978166,,,,,,,,
12019,2018,1225.612544538937,12,7.111196034360623,0.05055685497667817,,,,,,,,
12019,2019,1276.704004031653,12,7.152037039056723,0.04084100469609986,,,,,,,,
12019,2020,1341.6748733626102,12,7.2016740179578544,0.04963697890113128,19860.0,16008.0,170693.0,3852.0,186701.0,186701.0,0.020631919486237354,0.10637329205521127
12019,2021,1531.6605686718885,12,7.334107764833157,0.13243374687530274,19463.0,16042.0,166572.0,3421.0,182614.0,182614.0,0.01873350345537582,0.10657999934287624
12019,2022,1699.5416572803788,12,7.438113880327607,0.1040061154944496,20227.0,14874.0,172143.0,5353.0,187017.0,187017.0,0.028623066352256747,0.1081559430426111
12019,2023,1753.566042922863,12,7.469406732357074,0.03129285202946708,18939.0,15407.0,179399.0,3532.0,194806.0,194806.0,0.018130858392451977,0.09721979815816761
12019,2024,1794.0122377999967,12,7.492209864111638,0.022803131754564276,,,,,,,,
12019,2025,1818.9578091487522,12,7.506018983718477,0.013809119606839282,,,,,,,,
12019,2026,1816.2374734715768,4,7.5045223179421,-0.001496665776377526,,,,,,,,
12021,2015,1507.4244472830196,12,7.318157809456853,,,,,,,,,
12021,2016,1566.851788401811,12,7.356823654859032,0.03866584540217932,,,,,,,,
12021,2017,1613.5670136743822,12,7.386202543740406,0.029378888881374188,,,,,,,,
12021,2018,1689.5035997851899,12,7.4321900368328615,0.04598749309245509,,,,,,,,
12021,2019,1746.7463981421322,12,7.465510135396446,0.033320098563584644,,,,,,,,
12021,2020,1800.9314630515455,12,7.496059289511008,0.030549154114561716,26190.0,18152.0,294137.0,8038.0,312289.0,312289.0,0.025738978958592843,0.08386462539506676
12021,2021,2132.420470627903,12,7.665012984709273,0.1689536951982653,29355.0,19005.0,286420.0,10350.0,305425.0,305425.0,0.03388720635180486,0.09611197511664074
12021,2022,2674.1056899155337,12,7.891370281905303,0.2263572971960297,27009.0,19330.0,295296.0,7679.0,314626.0,314626.0,0.024406755957867437,0.08584478078734752
12021,2023,2802.660926304854,12,7.938324575708007,0.04695429380270433,23081.0,20621.0,305624.0,2460.0,326245.0,326245.0,0.007540345445907217,0.07074744440527825
12021,2024,2788.4944823437077,12,7.933257117109239,-0.005067458598768226,,,,,,,,
12021,2025,2735.365948156885,12,7.914020507790923,-0.019236609318316056,,,,,,,,
12021,2026,2757.825202766242,4,7.922197678087415,0.008177170296492342,,,,,,,,
12023,2023,1353.9136853513232,7,7.210754703546089,,3782.0,3132.0,47497.0,650.0,50629.0,50629.0,0.012838491773489502,0.07470027059590353
12023,2024,1413.5505700508986,12,7.2538599529711485,0.04310524942505989,,,,,,,,
12023,2025,1492.4834014422097,12,7.308196723893163,0.05433677092201439,,,,,,,,
12023,2026,1503.259160512676,4,7.315390803706317,0.0071940798131544526,,,,,,,,
12027,2026,1475.0,1,7.29641326877392,,,,,,,,,
12031,2015,962.8620636816389,12,6.869910165486567,,,,,,,,,
12031,2016,995.389542987436,12,6.903134161032158,0.0332239955455913,,,,,,,,
12031,2017,1037.5701554728626,12,6.944636869551622,0.041502708519463916,,,,,,,,
12031,2018,1093.8958538750128,12,6.9975007808955185,0.052863911343896675,,,,,,,,
12031,2019,1142.9694187045113,12,7.04138490814774,0.04388412725222146,,,,,,,,
12031,2020,1189.863665300008,12,7.0815940125674945,0.04020910441975456,51691.0,53249.0,718013.0,-1558.0,771262.0,771262.0,-0.0020200658142109943,0.0670213234931839
12031,2021,1361.3489349144413,9,7.216231351065791,0.13463733849829662,55468.0,52582.0,697798.0,2886.0,750380.0,750380.0,0.003846051333990778,0.07391988059383246
12031,2022,1540.6018128964054,12,7.339928406665158,0.12369705559936683,55546.0,49684.0,714457.0,5862.0,764141.0,764141.0,0.007671359081635457,0.07269077303796027
12031,2023,1569.6310749382662,12,7.358595886613506,0.018667479948348387,51491.0,50727.0,728249.0,764.0,778976.0,778976.0,0.0009807747607114981,0.06610088115680073
12031,2024,1578.1674044853091,12,7.364019582271637,0.005423695658130612,,,,,,,,
12031,2025,1591.6243138366863,12,7.372510354784851,0.008490772513214395,,,,,,,,
12031,2026,1592.3188960387097,4,7.372946657926746,0.00043630314189435637,,,,,,,,
12033,2015,866.6651202053167,12,6.764652650961391,,,,,,,,,
12033,2016,903.605324682689,12,6.806392677319613,0.04174002635822127,,,,,,,,
12033,2017,947.3968270801817,12,6.853718041402538,0.047325364082925425,,,,,,,,
12033,2018,1005.1671429887629,12,6.912909118096568,0.05919107669403001,,,,,,,,
12033,2019,1068.7277432602714,12,6.974224195014497,0.06131507691792937,,,,,,,,
12033,2020,1146.6132073635201,12,7.044567839127217,0.07034364411271987,19736.0,19268.0,224895.0,468.0,244163.0,244163.0,0.001916752333482141,0.08083124797778533
12033,2021,1371.6520451770775,12,7.223771164734055,0.17920332560683772,18259.0,19543.0,217581.0,-1284.0,237124.0,237124.0,-0.005414888412813549,0.0770019061756718
12033,2022,1532.0974403883054,12,7.334392951664549,0.11062178693049418,19229.0,18078.0,222622.0,1151.0,240700.0,240700.0,0.004781886165351059,0.07988782717075198
12033,2023,1562.3410609446667,12,7.353940655441212,0.019547703776662928,19022.0,18037.0,228208.0,985.0,246245.0,246245.0,0.004000081219923247,0.0772482690003858
12033,2024,1605.6888948328549,12,7.381308161440831,0.027367505999619013,,,,,,,,
12033,2025,1631.802355144425,12,7.397440422273733,0.016132260832901757,,,,,,,,
12033,2026,1651.2336513572009,4,7.409277955019741,0.011837532746008073,,,,,,,,
12035,2015,1026.0499159011504,12,6.933471675523075,,,,,,,,,
12035,2016,1089.9724194709684,12,6.993907671665413,0.06043599614233841,,,,,,,,
12035,2017,1154.214189172441,12,7.051175035714073,0.05726736404866006,,,,,,,,
12035,2018,1211.1874771324738,12,7.099356543406215,0.048181507692142134,,,,,,,,
12035,2019,1265.2827370998568,12,7.143050883776341,0.04369434037012532,,,,,,,,
12035,2020,1325.293004693758,12,7.189388849591376,0.046337965815035354,11132.0,6605.0,85579.0,4527.0,92184.0,92184.0,0.04910830512887269,0.12075848303393213
12035,2021,1523.6227062835678,12,7.32884613754116,0.13945728794978418,12108.0,6303.0,85855.0,5805.0,92158.0,92158.0,0.06298964821285184,0.13138305952820156
12035,2022,1789.2928801569312,12,7.489575781767858,0.16072964422669767,11453.0,6519.0,91860.0,4934.0,98379.0,98379.0,0.050152979802600146,0.11641712154016609
12035,2023,1833.3750482499079,12,7.513913835884453,0.024338054116594954,11320.0,6971.0,97336.0,4349.0,104307.0,104307.0,0.04169422953397183,0.10852579405025549
12035,2024,1838.3733433593673,12,7.516636407076055,0.002722571191601908,,,,,,,,
12035,2025,1860.0505197403484,12,7.528358927489115,0.01172252041305999,,,,,,,,
12035,2026,1865.1509741838547,4,7.531097280106552,0.0027383526174373785,,,,,,,,
12051,2026,2091.9824285808927,3,7.645867425809621,,,,,,,,,
12053,2015,930.8183200032568,12,6.836064113231931,,,,,,,,,
12053,2016,977.61025848361,12,6.885111081901155,0.04904696866922453,,,,,,,,
12053,2017,1034.0752812567036,12,6.941262858275704,0.05615177637454849,,,,,,,,
12053,2018,1103.6200080206825,12,7.006350971954688,0.06508811367898382,,,,,,,,
12053,2019,1168.8183625716226,12,7.063748570932195,0.057397598977507513,,,,,,,,
12053,2020,1249.8073120772535,12,7.130744668075765,0.06699609714357013,15396.0,10120.0,136522.0,5276.0,146642.0,146642.0,0.035978778249069164,0.10499038474652556
12053,2021,1497.7693284216791,12,7.311732165852677,0.18098749777691125,16827.0,10355.0,134654.0,6472.0,145009.0,145009.0,0.044631712514395655,0.11604107331269094
12053,2022,1751.2120386471936,12,7.46806342069804,0.15633125484536325,16703.0,10247.0,141281.0,6456.0,151528.0,151528.0,0.04260598701230136,0.11023045245763159
12053,2023,1830.072574510795,12,7.512110903251721,0.044047482553681405,15310.0,10498.0,147387.0,4812.0,157885.0,157885.0,0.030477879469233936,0.09696931310764163
12053,2024,1889.3196252755258,12,7.543972056616242,0.031861153364520334,,,,,,,,
12053,2025,1917.7059514153104,12,7.558884933687759,0.01491287707151745,,,,,,,,
12053,2026,1880.737430831627,4,7.539419229356256,-0.019465704331502742,,,,,,,,
12055,2017,888.2673951479933,3,6.789272818326597,,,,,,,,,
12055,2018,927.6636063150099,12,6.832669173874629,0.04339635554803145,,,,,,,,
12055,2019,964.5174511293516,12,6.871627925628809,0.03895875175418073,,,,,,,,
12055,2020,1020.6313727433389,12,6.928176707666866,0.0565487820380568,6454.0,4919.0,68333.0,1535.0,73252.0,73252.0,0.02095505924752908,0.08810680937039261
12055,2021,1167.3470794890861,12,7.062488999798606,0.13431229213173967,7136.0,4442.0,67410.0,2694.0,71852.0,71852.0,0.0374937371263152,0.09931525914379558
12055,2022,1352.6867575424146,12,7.209848084398685,0.14735908460007963,6985.0,4458.0,69757.0,2527.0,74215.0,74215.0,0.034049720406925825,0.09411843966853062
12055,2023,1470.9914229474516,12,7.29369188982132,0.08384380542263425,6371.0,4836.0,72195.0,1535.0,77031.0,77031.0,0.019927042359569522,0.08270696213212862
12055,2024,1508.8450218603805,12,7.319099750949102,0.025407861127781928,,,,,,,,
12055,2025,1537.3068919032012,12,7.337787393030342,0.01868764208124052,,,,,,,,
12055,2026,1533.268513425232,4,7.335157019062403,-0.0026303739679391924,,,,,,,,
12057,2015,1113.5385091333223,12,7.015298069964095,,,,,,,,,
12057,2016,1164.694584686995,12,7.060214172563149,0.04491610259905343,,,,,,,,
12057,2017,1219.4449359651605,12,7.106151063676451,0.04593689111330246,,,,,,,,
12057,2018,1277.5135624779073,12,7.152670938442568,0.04651987476611641,,,,,,,,
12057,2019,1332.4443804142873,12,7.1947704143915585,0.04209947594899077,,,,,,,,
12057,2020,1387.642516916813,12,7.235361555240776,0.040591140849217666,83625.0,76813.0,1082889.0,6812.0,1159702.0,1159702.0,0.005873922783611652,0.07210904180556729
12057,2021,1617.0121789714601,12,7.388335391380196,0.15297383613942017,86944.0,78117.0,1056759.0,8827.0,1134876.0,1134876.0,0.007777942259771111,0.0766110130093508
12057,2022,1895.5103035747027,12,7.547243370749952,0.1589079793697561,86371.0,78769.0,1083043.0,7602.0,1161812.0,1161812.0,0.006543227303556858,0.0743416318647079
12057,2023,1952.1557603441354,12,7.576689559047832,0.029446188297879594,80113.0,81622.0,1105727.0,-1509.0,1187349.0,1187349.0,-0.0012708984468761922,0.0674721585650049
12057,2024,1968.973811972035,12,7.585267778384114,0.008578219336281556,,,,,,,,
12057,2025,2005.6549591823648,12,7.603725949331798,0.018458170947684316,,,,,,,,
12057,2026,1987.5275779120916,4,7.594646722111261,-0.009079227220537334,,,,,,,,
12061,2015,1007.9235980508834,12,6.915647650174242,,,,,,,,,
12061,2016,1085.6167087420285,12,6.989903499653162,0.07425584947892006,,,,,,,,
12061,2017,1185.0959306120985,12,7.077579004395662,0.0876755047424993,,,,,,,,
12061,2018,1252.6276455264156,12,7.132998740362225,0.05541973596656291,,,,,,,,
12061,2019,1315.7298648836015,12,7.182146820969237,0.04914808060701237,,,,,,,,
12061,2020,1406.8160666801407,12,7.249084321262605,0.06693750029336787,11329.0,7444.0,119553.0,3885.0,126997.0,126997.0,0.03059127380961755,0.08920683165744073
12061,2021,1635.6100016324892,12,7.399771103434183,0.1506867821715785,11948.0,7603.0,118060.0,4345.0,125663.0,125663.0,0.034576605683454956,0.09507969728559719
12061,2022,1946.5225774354212,12,7.573799765973955,0.17402866253977134,11474.0,7602.0,122719.0,3872.0,130321.0,130321.0,0.029711251448346774,0.08804413716899041
12061,2023,2058.0429410502097,12,7.629510781604017,0.0557110156300622,9864.0,7878.0,126874.0,1986.0,134752.0,134752.0,0.014738185704108288,0.07320113987176442
12061,2024,2114.187759553814,12,7.656425979682864,0.026915198078847347,,,,,,,,
12061,2025,2148.0910122595687,12,7.672334825429266,0.01590884574640139,,,,,,,,
12061,2026,2171.774190690703,4,7.683299711878824,0.01096488644955862,,,,,,,,
12063,2025,1095.3113284690428,2,6.9987939200764,,,,,,,,,
12063,2026,1100.0447792787497,3,7.003106166393123,0.004312246316723112,,,,,,,,
12069,2015,1095.2818589710466,12,6.998767014580512,,,,,,,,,
12069,2016,1147.908756197812,12,7.0456970930568295,0.04693007847631758,,,,,,,,
12069,2017,1211.5832837824053,12,7.099683282245761,0.05398618918893128,,,,,,,,
12069,2018,1275.796192104705,12,7.151325727091616,0.05164244484585545,,,,,,,,
12069,2019,1351.3205058269555,12,7.208837545817496,0.05751181872587985,,,,,,,,
12069,2020,1412.6221391678016,12,7.253202929489556,0.04436538367206033,31985.0,22950.0,274841.0,9035.0,297791.0,297791.0,0.030340070720740384,0.10740754421725304
12069,2021,1575.430620357177,12,7.362283923640687,0.10908099415113082,34813.0,22675.0,271097.0,12138.0,293772.0,293772.0,0.04131775662758874,0.11850346527238811
12069,2022,1837.597202458019,12,7.516214128984754,0.15393020534406698,33674.0,22047.0,284994.0,11627.0,307041.0,307041.0,0.03786790689191346,0.10967264958100058
12069,2023,1908.5722496131157,12,7.554110728221744,0.037896599236989736,35233.0,22456.0,299791.0,12777.0,322247.0,322247.0,0.039649709694737266,0.10933538558931503
12069,2024,1952.4127364235953,12,7.576821187462108,0.022710459240363967,,,,,,,,
12069,2025,1972.8203431706627,12,7.587219444183081,0.010398256720972832,,,,,,,,
12069,2026,1981.8691938492243,4,7.5917957156632045,0.00457627148012385,,,,,,,,
12071,2015,1050.2704427932451,12,6.956802974552506,,,,,,,,,
12071,2016,1130.2141831344754,12,7.030162436342339,0.07335946178983299,,,,,,,,
12071,2017,1184.6016687100457,12,7.077161852511504,0.046999416169165364,,,,,,,,
12071,2018,1238.1469545748992,12,7.121371149410615,0.04420929689911102,,,,,,,,
12071,2019,1278.636422568619,12,7.153549494215512,0.032178344804896675,,,,,,,,
12071,2020,1337.8645197711633,12,7.198829979785051,0.04528048556953923,50457.0,33135.0,555061.0,17322.0,588196.0,588196.0,0.029449367217730144,0.08578263027970269
12071,2021,1564.158247914804,12,7.355103097517955,0.15627311773290398,58695.0,33325.0,548857.0,25370.0,582182.0,582182.0,0.04357743798331106,0.10081898787664338
12071,2022,1913.1603751844402,12,7.55651180031445,0.2014087027964946,53757.0,37770.0,568298.0,15987.0,606068.0,606068.0,0.026378228185616137,0.08869796788479181
12071,2023,2032.7679743091874,12,7.617153677409787,0.06064187709533719,46346.0,41365.0,581796.0,4981.0,623161.0,623161.0,0.00799311895320792,0.07437243344817791
12071,2024,1981.0029127488003,12,7.591358517040125,-0.025795160369662007,,,,,,,,
12071,2025,1917.920359560194,12,7.558996731932804,-0.03236178510732124,,,,,,,,
12071,2026,1869.9959237283708,4,7.533691530021856,-0.025305201910947872,,,,,,,,
12073,2015,874.3400557312211,12,6.77346937976763,,,,,,,,,
12073,2016,890.8921388824934,12,6.792223363894306,0.018753984126675505,,,,,,,,
12073,2017,924.0852224240502,12,6.82880429944923,0.03658093555492403,,,,,,,,
12073,2018,958.8724290161152,12,6.865758041025562,0.036953741576332355,,,,,,,,
12073,2019,1010.5321306468678,12,6.91823233311884,0.0524742920932777,,,,,,,,
12073,2020,1035.230185207555,12,6.942379082138716,0.024146749019876346,13922.0,15209.0,191239.0,-1287.0,206448.0,206448.0,-0.006234015345268542,0.06743586762768349
12073,2021,1122.9132520039134,12,7.023681705097521,0.08130262295880453,17951.0,16840.0,190389.0,1111.0,207229.0,207229.0,0.005361218748341207,0.0866239763739631
12073,2022,1294.9716548690521,12,7.1662440857620835,0.14256238066456284,13712.0,16166.0,190380.0,-2454.0,206546.0,206546.0,-0.011881130595605822,0.06638714862548778
12073,2023,1388.5128546297328,12,7.2359885646296265,0.06974447886754298,13143.0,15171.0,190126.0,-2028.0,205297.0,205297.0,-0.009878371335187557,0.06401944499919629
12073,2024,1442.7788721065215,12,7.274326305247727,0.03833774061810047,,,,,,,,
12073,2025,1488.7435060567766,12,7.305687758649435,0.031361453401707706,,,,,,,,
12073,2026,1515.624952675427,4,7.323583142901387,0.01789538425195225,,,,,,,,
12075,2026,1616.6666666666663,1,7.388121695263419,,,,,,,,,
12081,2015,1221.3041121804556,12,7.10767451122325,,,,,,,,,
12081,2016,1264.8471872395187,12,7.142706593263469,0.03503208204021924,,,,,,,,
12081,2017,1317.2357870840829,12,7.183290719191809,0.04058412592833971,,,,,,,,
12081,2018,1361.6078624480867,12,7.216421532220833,0.03313081302902443,,,,,,,,
12081,2019,1416.668710947338,12,7.256063416270962,0.039641884050128695,,,,,,,,
12081,2020,1473.6626621763874,12,7.295506187789402,0.039442771518440445,30881.0,21255.0,290561.0,9626.0,311816.0,311816.0,0.030870769941247402,0.09903596993098494
12081,2021,1738.9317047093027,12,7.461026240845483,0.1655200530560803,34151.0,21144.0,287892.0,13007.0,309036.0,309036.0,0.04208894756597937,0.11050816086151775
12081,2022,2071.1010550774236,12,7.635835655510503,0.1748094146650203,32860.0,21329.0,300228.0,11531.0,321557.0,321557.0,0.03585989420227207,0.10219028041684677
12081,2023,2133.9433274620483,12,7.66572687455594,0.029891219045437012,31695.0,22080.0,312505.0,9615.0,334585.0,334585.0,0.028737092218718712,0.09472929151037852
12081,2024,2123.11439609385,12,7.660639344421999,-0.00508753013394081,,,,,,,,
12081,2025,2111.981430288958,12,7.655381852310679,-0.0052574921113199835,,,,,,,,
12081,2026,2064.3296220660795,4,7.632560814464078,-0.022821037846600944,,,,,,,,
12083,2015,858.4444408987478,12,6.755121961759633,,,,,,,,,
12083,2016,899.3954580490054,12,6.801722824344987,0.04660086258535401,,,,,,,,
12083,2017,955.3401376043403,12,6.862067442099745,0.06034461775475819,,,,,,,,
12083,2018,1011.185083015043,12,6.918878271518598,0.05681082941885318,,,,,,,,
12083,2019,1062.499163344188,12,6.968379113357497,0.049500841838899134,,,,,,,,
12083,2020,1136.4838543757614,12,7.035694436747129,0.06731532338963131,24981.0,15753.0,264356.0,9228.0,280109.0,280109.0,0.032944318104737795,0.0891831394207255
12083,2021,1320.789643097855,12,7.185985051189541,0.15029061444241254,27344.0,16959.0,262230.0,10385.0,279189.0,279189.0,0.037197024238060955,0.09794082145070185
12083,2022,1537.1123657791366,12,7.337660848074681,0.1516757968851401,28992.0,16304.0,274718.0,12688.0,291022.0,291022.0,0.04359807849578382,0.09962133446955901
12083,2023,1576.228749991722,12,7.362790405819006,0.025129557744325126,28352.0,17042.0,285746.0,11310.0,302788.0,302788.0,0.03735286735273525,0.09363647172278955
12083,2024,1591.0575605676668,12,7.372154206544232,0.009363800725225246,,,,,,,,
12083,2025,1634.3526036981539,12,7.399002043877196,0.026847837332964808,,,,,,,,
12083,2026,1634.2561915517051,4,7.398943051105338,-5.8992771858612514e-05,,,,,,,,
12085,2015,1132.8956337496518,12,7.032532141824573,,,,,,,,,
12085,2016,1199.7046613680793,12,7.089830689958094,0.05729854813352109,,,,,,,,
12085,2017,1279.9257419736962,12,7.154557341147731,0.06472665118963672,,,,,,,,
12085,2018,1342.3903579105945,12,7.202207152962618,0.047649811814887144,,,,,,,,
12085,2019,1409.8747368246366,12,7.251256140294321,0.0490489873317026,,,,,,,,
12085,2020,1471.6747993573829,12,7.294156350531838,0.042900210237517555,11407.0,9067.0,117553.0,2340.0,126620.0,126620.0,0.018480492813141684,0.09008845364081504
12085,2021,1718.5929320379462,12,7.449261172242914,0.15510482171107576,12068.0,9097.0,114505.0,2971.0,123602.0,123602.0,0.024036827883043965,0.09763596058316208
12085,2022,2039.9089053602868,12,7.620660431606079,0.1713992593631648,11086.0,8530.0,118405.0,2556.0,126935.0,126935.0,0.02013629022728168,0.08733603812975145
12085,2023,2135.2768343177904,12,7.666351582042823,0.04569115043674454,10206.0,8868.0,121714.0,1338.0,130582.0,130582.0,0.01024643519014872,0.07815778591230031
12085,2024,2169.0813364644027,12,7.6820590096463315,0.015707427603508073,,,,,,,,
12085,2025,2220.990539993154,12,7.705708564539636,0.023649554893304447,,,,,,,,
12085,2026,2261.6596511237094,4,7.723854181661064,0.01814561712142826,,,,,,,,
12086,2015,1679.4013140058903,12,7.426192648174958,,,,,,,,,
12086,2016,1724.0952407635405,12,7.4524576937601195,0.02626504558516185,,,,,,,,
12086,2017,1739.9581999640184,12,7.461616368910833,0.009158675150713336,,,,,,,,
12086,2018,1778.6888593169513,12,7.483631775976733,0.022015407065899772,,,,,,,,
12086,2019,1816.8168088969007,12,7.504841242673308,0.02120946669657542,,,,,,,,
12086,2020,1839.9524765281346,12,7.517495022295644,0.012653779622335826,64946.0,99545.0,2045647.0,-34599.0,2145192.0,2145192.0,-0.016128626248839265,0.03027514553475866
12086,2021,2140.596233277359,12,7.668839682891322,0.15134466059567853,71776.0,100913.0,1948648.0,-29137.0,2049561.0,2049561.0,-0.014216215082156617,0.03502018237076135
12086,2022,2683.501201131461,12,7.894877639215614,0.22603795632429158,70311.0,98500.0,1995946.0,-28189.0,2094446.0,2094446.0,-0.013458928996020905,0.03357021379400567
12086,2023,2785.2861258881926,12,7.932105885284606,0.037228246068991666,65368.0,105365.0,2044403.0,-39997.0,2149768.0,2149768.0,-0.01860526345168409,0.03040700205789648
12086,2024,2830.21158969693,12,7.948106754519755,0.01600086923514965,,,,,,,,
12086,2025,2855.2809645083366,12,7.9569255286344855,0.00881877411473031,,,,,,,,
12086,2026,2853.009080730607,4,7.9561295340793095,-0.0007959945551760939,,,,,,,,
12087,2017,2130.659958496317,3,7.664187050382705,,,,,,,,,
12087,2018,2155.4436054448483,12,7.67575183074813,0.011564780365424632,,,,,,,,
12087,2019,2261.149982282042,12,7.723628804568002,0.047876973819872326,,,,,,,,
12087,2020,2336.8975545933286,12,7.756579497289328,0.032950692721326114,6314.0,6338.0,58005.0,-24.0,64343.0,64343.0,-0.00037300094804407625,0.09813033274792907
12087,2021,2671.93951815981,12,7.8905598989811185,0.13398040169179026,6170.0,6367.0,56111.0,-197.0,62478.0,62478.0,-0.0031531098946829283,0.09875476167610998
12087,2022,3182.147910342102,12,8.06531169126873,0.17475179228761206,5561.0,6225.0,56166.0,-664.0,62391.0,62391.0,-0.010642560625731275,0.08913144524049943
12087,2023,3352.0015760341103,12,8.117312931779104,0.05200124051037314,5301.0,5997.0,57391.0,-696.0,63388.0,63388.0,-0.01097999621379441,0.08362781599040828
12087,2024,3419.4386154385957,12,8.137231669050395,0.019918737271291675,,,,,,,,
12087,2025,3410.5578478549855,12,8.134631148644223,-0.002600520406172535,,,,,,,,
12087,2026,3383.973927938998,4,8.126806016186682,-0.007825132457540462,,,,,,,,
12089,2015,1087.6219096754883,11,6.991748857531032,,,,,,,,,
12089,2016,1148.7640115414556,12,7.046441870802437,0.054693013271404745,,,,,,,,
12089,2017,1199.335881876854,12,7.0895232508069155,0.043081380004478476,,,,,,,,
12089,2018,1275.8047403382548,12,7.151332427381964,0.06180917657504814,,,,,,,,
12089,2019,1348.9995634261318,12,7.207118532579929,0.05578610519796534,,,,,,,,
12089,2020,1429.6057454669578,12,7.265153982770381,0.05803545019045231,8168.0,4986.0,70798.0,3182.0,75784.0,75784.0,0.0419877546711707,0.10778000633379077
12089,2021,1667.4193368987474,12,7.41903240294582,0.15387842017543907,8613.0,5161.0,70366.0,3452.0,75527.0,75527.0,0.045705509288069164,0.11403868815125717
12089,2022,1891.604110885889,12,7.545180483999485,0.12614808105366482,8774.0,4969.0,74269.0,3805.0,79238.0,79238.0,0.04801988944698251,0.11072970039627451
12089,2023,1969.711804006202,12,7.585642518647622,0.04046203464813658,8172.0,5197.0,78676.0,2975.0,83873.0,83873.0,0.03547029437363633,0.09743302373827095
12089,2024,2049.5836289222602,12,7.625391943660463,0.0397494250128414,,,,,,,,
12089,2025,2125.3590096619014,12,7.661696012812043,0.03630406915157991,,,,,,,,
12089,2026,2158.6259316618784,4,7.67722715550443,0.015531142692386979,,,,,,,,
12091,2015,1017.6323102638289,12,6.925233943520302,,,,,,,,,
12091,2016,1051.1738001378974,12,6.957662723654425,0.03242878013412298,,,,,,,,
12091,2017,1102.2467114713545,12,7.00510584076465,0.047443117110224975,,,,,,,,
12091,2018,1167.8043810112608,12,7.062880667350587,0.0577748265859368,,,,,,,,
12091,2019,1270.5884534680936,12,7.147235421327025,0.08435475397643799,,,,,,,,
12091,2020,1340.0724868959019,12,7.200478986180326,0.05324356485330117,18728.0,18754.0,162387.0,-26.0,181141.0,181141.0,-0.00014353459459757868,0.10338907260090206
12091,2021,1562.5323773498465,12,7.3540631028997705,0.15358411671944427,18736.0,17654.0,157512.0,1082.0,175166.0,175166.0,0.006176997819211491,0.10696139661806515
12091,2022,1792.355749603674,12,7.4912860948163855,0.13722299191661502,18657.0,16851.0,162277.0,1806.0,179128.0,179128.0,0.010082175874235183,0.10415457103300434
12091,2023,1834.6124906356351,12,7.514588561422396,0.023302466606010874,17133.0,17611.0,167872.0,-478.0,185483.0,185483.0,-0.0025770555792175025,0.09236965112705747
12091,2024,1855.8726640634152,12,7.526110303268076,0.011521741845679223,,,,,,,,
12091,2025,1881.6379321434545,12,7.539897917016123,0.013787613748047711,,,,,,,,
12091,2026,1897.1973787740828,4,7.5481330123738,0.008235095357676414,,,,,,,,
12095,2015,1132.8469274205831,12,7.032489148123602,,,,,,,,,
12095,2016,1191.210539165391,12,7.082725328850297,0.05023618072669489,,,,,,,,
12095,2017,1253.3167578461648,12,7.133548722505637,0.05082339365533972,,,,,,,,
12095,2018,1335.4702662880738,12,7.197038768197392,0.06349004569175509,,,,,,,,
12095,2019,1398.96740840826,12,7.243489678045482,0.046450909848090305,,,,,,,,
12095,2020,1426.1596655446394,12,7.262740562128966,0.0192508840834833,85027.0,97498.0,1024241.0,-12471.0,1121739.0,1121739.0,-0.011117559432274353,0.07579927237976035
12095,2021,1589.79346092985,12,7.3713593879904415,0.10861882586147598,90565.0,97290.0,994340.0,-6725.0,1091630.0,1091630.0,-0.0061605122614805385,0.08296309189010928
12095,2022,1868.8351392787836,12,7.5330705955814805,0.16171120759103896,88755.0,89939.0,1020888.0,-1184.0,1110827.0,1110827.0,-0.001065872543609401,0.0798999304122064
12095,2023,1919.7552947710244,12,7.559953006259213,0.026882410677732338,83500.0,93025.0,1046392.0,-9525.0,1139417.0,1139417.0,-0.008359538255090103,0.07328309126509434
12095,2024,1929.8958901573944,12,7.565221337520329,0.005268331261116366,,,,,,,,
12095,2025,1942.779730454599,12,7.571875077256056,0.006653739735726916,,,,,,,,
12095,2026,1936.530871137633,4,7.568653440546114,-0.003221636709942466,,,,,,,,
12097,2015,1209.732125822494,12,7.098154230464043,,,,,,,,,
12097,2016,1265.993418452939,12,7.143612403996247,0.045458173532204604,,,,,,,,
12097,2017,1333.852823719583,12,7.1958268933423035,0.052214489346056325,,,,,,,,
12097,2018,1419.2654602112518,12,7.257894735217682,0.06206784187537817,,,,,,,,
12097,2019,1482.4116205804614,12,7.3014255139720365,0.04353077875435485,,,,,,,,
12097,2020,1513.068063431161,12,7.32189469852085,0.020469184548813857,39002.0,32098.0,283146.0,6904.0,315244.0,315244.0,0.021900496123637564,0.12372003908083896
12097,2021,1717.3007664178715,12,7.448509015282077,0.12661431676122703,43520.0,32721.0,282353.0,10799.0,315074.0,315074.0,0.03427448789808109,0.13812628144499386
12097,2022,2001.25083089846,12,7.601527679500575,0.1530186642184974,40558.0,32179.0,302646.0,8379.0,334825.0,334825.0,0.02502501306652729,0.12113193459269768
12097,2023,2060.683179809692,12,7.630792847487327,0.02926516798675216,38912.0,33895.0,319115.0,5017.0,353010.0,353010.0,0.01421206198124699,0.11022917197813092
12097,2024,2075.2763686729736,12,7.6378496135177505,0.007056766030423489,,,,,,,,
12097,2025,2076.3595036033,12,7.638371400585895,0.0005217870681448744,,,,,,,,
12097,2026,2070.400186425948,4,7.635497194350022,-0.002874206235873089,,,,,,,,
12099,2015,1375.2023345369328,12,7.226356151665318,,,,,,,,,
12099,2016,1434.467613853348,12,7.268549058556838,0.04219290689152011,,,,,,,,
12099,2017,1503.5730687033113,12,7.315599600318729,0.04705054176189094,,,,,,,,
12099,2018,1561.4734665228143,12,7.353385184278292,0.037785583959562885,,,,,,,,
12099,2019,1624.2570562706196,12,7.392805794076659,0.039420609798367146,,,,,,,,
12099,2020,1703.441104039428,12,7.4404056630013935,0.04759986892473478,69731.0,62165.0,1115251.0,7566.0,1177416.0,1177416.0,0.006425936117735787,0.05922375778824137
12099,2021,2022.3169673768682,12,7.611999146630697,0.17159348362930338,75412.0,63525.0,1075074.0,11887.0,1138599.0,1138599.0,0.010440023221520482,0.06623227317080026
12099,2022,2436.264736964006,12,7.798221299839496,0.1862221532087993,70850.0,63587.0,1103970.0,7263.0,1167557.0,1167557.0,0.0062206813029256815,0.0606822621936231
12099,2023,2506.9996780651923,12,7.826841969743922,0.028620669904426244,64010.0,65206.0,1133792.0,-1196.0,1198998.0,1198998.0,-0.000997499578814977,0.05338624418055743
12099,2024,2556.6221593457763,12,7.846442197202334,0.019600227458411723,,,,,,,,
12099,2025,2600.4169892921586,12,7.86342709164698,0.016984894444646237,,,,,,,,
12099,2026,2636.9530764375004,4,7.8773793918974695,0.013952300250489102,,,,,,,,
12101,2015,1066.3901156367672,12,6.972034499913785,,,,,,,,,
12101,2016,1117.7977370019382,12,7.019115722322847,0.04708122240906221,,,,,,,,
12101,2017,1174.2820294462113,12,7.068412201048806,0.049296478725959325,,,,,,,,
12101,2018,1234.8784557224424,12,7.118727827799789,0.050315626750983,,,,,,,,
12101,2019,1294.3586090368913,12,7.165770568843704,0.04704274104391448,,,,,,,,
12101,2020,1368.6625897985414,12,7.22158933019119,0.05581876134748587,49793.0,32332.0,398811.0,17461.0,431143.0,431143.0,0.0404993238902174,0.1154906840653797
12101,2021,1617.238155658346,12,7.388475131142968,0.1668858009517784,53460.0,32649.0,398986.0,20811.0,431635.0,431635.0,0.04821434777068588,0.12385464570760017
12101,2022,1882.3618861492678,12,7.540282589731155,0.15180745858818678,52596.0,32343.0,421858.0,20253.0,454201.0,454201.0,0.04459039059799516,0.1157989524461637
12101,2023,1946.7560367762715,12,7.573919695403243,0.033637105672087664,51790.0,33501.0,444574.0,18289.0,478075.0,478075.0,0.03825550384353919,0.10833028290540188
12101,2024,1979.5085880220931,12,7.590603905017246,0.016684209614003187,,,,,,,,
12101,2025,2021.6750946889642,12,7.611681701549974,0.02107779653272779,,,,,,,,
12101,2026,1991.951263188013,4,7.596869971574161,-0.014811729975812149,,,,,,,,
12103,2015,1021.7416098838279,12,6.929263910894966,,,,,,,,,
12103,2016,1083.734775794379,12,6.988168480286166,0.058904569391200035,,,,,,,,
12103,2017,1146.3401087407963,12,7.044329632250437,0.05616115196427085,,,,,,,,
12103,2018,1216.517233835216,12,7.103747328859947,0.05941769660950946,,,,,,,,
12103,2019,1277.7335534416563,12,7.152843126066162,0.04909579720621515,,,,,,,,
12103,2020,1344.327631089244,12,7.203649264507131,0.050806138440969484,51083.0,47369.0,693243.0,3714.0,740612.0,740612.0,0.005014771567298396,0.06897403768775014
12103,2021,1585.7993279743298,11,7.368843867061144,0.16519460255401253,52723.0,47638.0,672335.0,5085.0,719973.0,719973.0,0.007062764853682013,0.0732291349814507
12103,2022,1869.1158812179312,12,7.533220807255275,0.1643769401941313,51610.0,46296.0,677971.0,5314.0,724267.0,724267.0,0.0073370732064280166,0.07125825144594466
12103,2023,1944.4963726327542,12,7.572758288144206,0.03953748088893061,46579.0,47746.0,679472.0,-1167.0,727218.0,727218.0,-0.0016047457571182232,0.06405094483359873
12103,2024,1975.178561794667,12,7.588414084283666,0.015655796139459888,,,,,,,,
12103,2025,2025.754410262314,12,7.613697458439447,0.02528337415578097,,,,,,,,
12103,2026,2003.6767521583702,4,7.60273914787612,-0.010958310563326634,,,,,,,,
12105,2015,1020.9243949643691,12,6.928463765436904,,,,,,,,,
12105,2016,1068.4830838893818,12,6.973995242990813,0.04553147755390885,,,,,,,,
12105,2017,1123.2522555827734,12,7.023983556034408,0.04998831304359541,,,,,,,,
12105,2018,1191.3959609762137,12,7.082880975039616,0.058897419005207396,,,,,,,,
12105,2019,1258.6884084854933,12,7.137825512138898,0.054944537099282265,,,,,,,,
12105,2020,1329.3343298723937,12,7.192433592066593,0.05460807992769556,52023.0,34492.0,525125.0,17531.0,559617.0,559617.0,0.031326782424408124,0.09296179351234862
12105,2021,1506.5331150222198,12,7.3175663397573905,0.12513274769079707,58798.0,34849.0,522383.0,23949.0,557232.0,557232.0,0.04297850805409596,0.10551798891664513
12105,2022,1731.0711333036295,12,7.456495648094813,0.13892930833742234,60301.0,35568.0,552005.0,24733.0,587573.0,587573.0,0.04209349306384058,0.10262724801854407
12105,2023,1785.0223106864662,12,7.487186193119642,0.030690545024829596,56660.0,38452.0,581735.0,18208.0,620187.0,620187.0,0.029358886916365547,0.09135954155762697
12105,2024,1805.5402871696188,12,7.498615154049083,0.011428960929440457,,,,,,,,
12105,2025,1824.8886854883403,12,7.509274269903402,0.010659115854319445,,,,,,,,
12105,2026,1823.8536637856387,4,7.508706939228126,-0.0005673306752767004,,,,,,,,
12107,2023,1221.9474987421363,2,7.1082011754224474,,4198.0,3087.0,49798.0,1111.0,52885.0,52885.0,0.021007847215656614,0.0793797863288267
12107,2024,1245.4842311214688,12,7.12727967394081,0.019078498518362963,,,,,,,,
12107,2025,1334.3275886886452,12,7.196182765060621,0.06890309111981097,,,,,,,,
12107,2026,1323.4611751644102,4,7.188005686264765,-0.008177078795855941,,,,,,,,
12109,2015,1260.6669639379713,12,7.139396196355108,,,,,,,,,
12109,2016,1301.0132722881824,12,7.1708986800655286,0.03150248371042075,,,,,,,,
12109,2017,1360.6641958316134,12,7.215728238799699,0.04482955873417005,,,,,,,,
12109,2018,1419.6819261496466,12,7.258188129835267,0.04245989103556802,,,,,,,,
12109,2019,1469.3629708062124,12,7.2925842326550985,0.03439610281983185,,,,,,,,
12109,2020,1534.8626341482625,12,7.336196166862678,0.04361193420757914,29063.0,14613.0,216081.0,14450.0,230694.0,230694.0,0.06263708635681899,0.12598073638672874
12109,2021,1761.094441957612,12,7.4736907367899335,0.13749456992725584,29712.0,15649.0,218325.0,14063.0,233974.0,233974.0,0.06010496892817151,0.12698846880422612
12109,2022,2018.8910209103087,12,7.610303640090467,0.13661290330053344,27937.0,15375.0,233674.0,12562.0,249049.0,249049.0,0.05043987327794932,0.1121747126067561
12109,2023,2072.24650122145,12,7.63638856407424,0.026084923983773045,26449.0,15817.0,246995.0,10632.0,262812.0,262812.0,0.04045477375462308,0.10063847921708294
12109,2024,2081.7238099895108,12,7.640951584270373,0.004563020196132861,,,,,,,,
12109,2025,2101.958489688381,12,7.6506248032344715,0.009673218964098673,,,,,,,,
12109,2026,2098.8887856879023,4,7.649163333989992,-0.0014614692444796518,,,,,,,,
12111,2015,1152.4069021889181,12,7.0496079925962185,,,,,,,,,
12111,2016,1228.6464350528388,12,7.1136683831098955,0.06406039051367696,,,,,,,,
12111,2017,1311.6517200085693,12,7.179042476953464,0.06537409384356874,,,,,,,,
12111,2018,1390.4248110245678,12,7.237364598874764,0.05832212192130015,,,,,,,,
12111,2019,1452.9426014319608,12,7.281346159302017,0.04398156042725265,,,,,,,,
12111,2020,1528.1821918682665,12,7.3318341981343575,0.05048803883234054,26153.0,16320.0,238593.0,9833.0,254913.0,254913.0,0.03857394483608133,0.10259578758243008
12111,2021,1832.5297357812415,12,7.513452660522053,0.18161846238769552,29425.0,17122.0,237514.0,12303.0,254636.0,254636.0,0.04831602758447352,0.11555710897123737
12111,2022,2142.28850703933,12,7.669629932432295,0.15617727191024233,30150.0,17396.0,253245.0,12754.0,270641.0,270641.0,0.04712515842019502,0.11140218961650304
12111,2023,2232.3335957833974,12,7.71080277280953,0.0411728403772349,28707.0,18541.0,268927.0,10166.0,287468.0,287468.0,0.03536393615985083,0.0998615498072829
12111,2024,2263.912584886107,12,7.724849827661623,0.014047054852092344,,,,,,,,
12111,2025,2318.4091099885736,12,7.748636500987861,0.023786673326238628,,,,,,,,
12111,2026,2336.5010952766124,4,7.756409830908448,0.007773329920587102,,,,,,,,
12113,2015,1073.478700455085,12,6.978659775906426,,,,,,,,,
12113,2016,1111.8423581580585,12,7.013773700514677,0.035113924608251246,,,,,,,,
12113,2017,1155.7029949472605,12,7.052464091435389,0.03869039092071169,,,,,,,,
12113,2018,1217.9731066104102,12,7.104943368067464,0.05247927663207541,,,,,,,,
12113,2019,1293.8439952755555,12,7.1653729077276385,0.06042953966017439,,,,,,,,
12113,2020,1384.063320129089,12,7.232778886669404,0.06740597894176581,17225.0,12686.0,137859.0,4539.0,150545.0,150545.0,0.030150453352818095,0.11441761599521738
12113,2021,1605.4768577224702,12,7.381176099051635,0.14839721238223103,17225.0,12472.0,136470.0,4753.0,148942.0,148942.0,0.03191175088289401,0.11564904459454016
12113,2022,1839.14962272917,12,7.517058582213227,0.13588248316159213,16678.0,12012.0,142673.0,4666.0,154685.0,154685.0,0.030164527911562208,0.10781911626854575
12113,2023,1892.0485406621717,12,7.545415405023826,0.028356822810598814,15633.0,12114.0,150294.0,3519.0,162408.0,162408.0,0.021667651839810845,0.09625757351854589
12113,2024,1916.5125056146892,12,7.558262410035266,0.012847005011439983,,,,,,,,
12113,2025,1956.248533104507,12,7.578783904437451,0.020521494402184537,,,,,,,,
12113,2026,1985.5770605210973,4,7.593664861463129,0.014880957025678043,,,,,,,,
12115,2015,1303.9719921604026,12,7.173170263851334,,,,,,,,,
12115,2016,1354.0456722844483,12,7.210852184280323,0.037681920428988214,,,,,,,,
12115,2017,1414.0948606127004,12,7.254244930919672,0.04339274663934933,,,,,,,,
12115,2018,1462.308207687123,12,7.287771430463412,0.033526499543739874,,,,,,,,
12115,2019,1512.9012601362504,12,7.3217844506780985,0.03401302021468666,,,,,,,,
12115,2020,1563.2785448914192,12,7.354540526246421,0.032756075568322274,35443.0,23218.0,315479.0,12225.0,338697.0,338697.0,0.03609420809750308,0.1046451548138897
12115,2021,1853.9138078662615,12,7.525054255221092,0.17051372897467143,39424.0,23017.0,312819.0,16407.0,335836.0,335836.0,0.04885420264652986,0.11739063114139044
12115,2022,2212.8358217415494,12,7.702030149202072,0.17697589398097957,35440.0,24306.0,323178.0,11134.0,347484.0,347484.0,0.032041763073983265,0.10199030746739418
12115,2023,2288.685099838339,12,7.735732739426475,0.03370259022440347,30536.0,25653.0,331613.0,4883.0,357266.0,357266.0,0.013667687381390896,0.08547132948559337
12115,2024,2275.0854276809864,12,7.7297728813090485,-0.0059598581174267196,,,,,,,,
12115,2025,2249.5782319498667,12,7.71849802516033,-0.01127485614871837,,,,,,,,
12115,2026,2207.3848632064723,4,7.699563774020025,-0.01893425114030478,,,,,,,,
12117,2015,1104.6497172245165,12,7.007283565710508,,,,,,,,,
12117,2016,1155.3232421956664,12,7.052135447174317,0.04485188146380903,,,,,,,,
12117,2017,1216.682512673716,12,7.103883181938998,0.051747734764680864,,,,,,,,
12117,2018,1288.8064069091195,12,7.161471803071016,0.05758862113201779,,,,,,,,
12117,2019,1343.1848540271187,12,7.202798829662769,0.04132702659175358,,,,,,,,
12117,2020,1384.6988124826896,12,7.233237931061319,0.03043910139854944,35995.0,36511.0,354464.0,-516.0,390975.0,390975.0,-0.0013197774793784769,0.09206471001982224
12117,2021,1549.9306010197542,12,7.345965435375285,0.11272750431396616,36139.0,34703.0,343743.0,1436.0,378446.0,378446.0,0.0037944647320885937,0.09549314829592596
12117,2022,1796.4235684926261,12,7.493553060974227,0.14758762559894212,35350.0,32274.0,351243.0,3076.0,383517.0,383517.0,0.008020504958059225,0.09217322830539454
12117,2023,1845.1821333341834,12,7.5203332688567,0.026780207882473483,33158.0,33239.0,358525.0,-81.0,391764.0,391764.0,-0.00020675712929212484,0.08463769003787995
12117,2024,1850.2067815044636,12,7.523052685612343,0.0027194167556423565,,,,,,,,
12117,2025,1875.2434514543604,12,7.536493770751586,0.01344108513924347,,,,,,,,
12117,2026,1872.9474060338448,4,7.535268621982482,-0.0012251487691044005,,,,,,,,
12119,2022,1595.3009101353873,12,7.374817655817281,,15840.0,7194.0,101817.0,8646.0,109011.0,109011.0,0.07931309684343782,0.14530643696507692
12119,2023,1702.9657552149285,12,7.440126571954889,0.06530891613760836,13598.0,8252.0,109189.0,5346.0,117441.0,117441.0,0.04552072955782052,0.11578579882664487
12119,2024,1781.8211659397355,12,7.4853912471809325,0.045264675226043494,,,,,,,,
12119,2025,1742.254382653585,12,7.462935175829073,-0.022456071351859563,,,,,,,,
12119,2026,1758.6379351430596,4,7.472294887929726,0.009359712100653006,,,,,,,,
12127,2015,931.6366898090296,12,6.83694292088541,,,,,,,,,
12127,2016,989.0163979940722,12,6.896710911863492,0.05976799097808172,,,,,,,,
12127,2017,1048.780642193093,12,6.955383475178748,0.058672563315256276,,,,,,,,
12127,2018,1126.0186904932218,12,7.026443407578944,0.07105993240019615,,,,,,,,
12127,2019,1191.4814629433108,12,7.082952738669818,0.05650933109087397,,,,,,,,
12127,2020,1250.3608641178994,12,7.131187479927353,0.04823474125753435,34401.0,24898.0,395336.0,9503.0,420234.0,420234.0,0.02261359147522571,0.08186153428803952
12127,2021,1404.6277039216675,12,7.247527567239414,0.11634008731206169,37269.0,24516.0,391132.0,12753.0,415648.0,415648.0,0.030682211871583646,0.08966481253368234
12127,2022,1625.4178116944931,12,7.3935201766043885,0.14599260936497416,36830.0,23933.0,405864.0,12897.0,429797.0,429797.0,0.030007189440596375,0.08569161720533182
12127,2023,1695.0122102983626,12,7.435445223504452,0.04192504690006338,33618.0,25599.0,417962.0,8019.0,443561.0,443561.0,0.018078685907913453,0.07579115386609733
12127,2024,1717.8719935995798,12,7.448841590804114,0.013396367299661982,,,,,,,,
12127,2025,1744.662919865769,12,7.464316646845603,0.015475056041489132,,,,,,,,
12127,2026,1746.9888146941817,4,7.465648907534385,0.0013322606887822275,,,,,,,,
12129,2025,1692.8155181161947,10,7.434148408751095,,,,,,,,,
12129,2026,1697.6673873496297,4,7.437010462730226,0.002862053979130863,,,,,,,,
12131,2015,1102.290089525007,12,7.0051451942049185,,,,,,,,,
12131,2016,1157.021793225049,11,7.053604562992988,0.04845936878806967,,,,,,,,
12131,2017,1235.8622772187662,12,7.119524205610867,0.06591964261787897,,,,,,,,
12131,2018,1317.155809258956,12,7.183230000940762,0.06370579532989495,,,,,,,,
12131,2019,1441.1238361408125,12,7.2731785299481855,0.08994852900742334,,,,,,,,
12131,2020,1489.7928424364911,12,7.306392357351854,0.033213827403668184,7789.0,5071.0,52296.0,2718.0,57367.0,57367.0,0.047379155263479,0.1357749228650618
12131,2021,1864.3679750751623,12,7.530677387283456,0.22428502993160215,8664.0,5164.0,52442.0,3500.0,57606.0,57606.0,0.060757559976391345,0.15040099989584418
12131,2022,2082.1038375932617,12,7.641134121895352,0.11045673461189587,7688.0,5088.0,56693.0,2600.0,61781.0,61781.0,0.042084135899386546,0.12443955261326298
12131,2023,2050.6240035621045,12,7.625899417796128,-0.015234704099223784,7444.0,4946.0,60295.0,2498.0,65241.0,65241.0,0.038288806118851645,0.11410002912279088
12131,2024,2040.633903381675,12,7.621015775521336,-0.004883642274791988,,,,,,,,
12131,2025,2057.6987072440156,12,7.629343504920292,0.008327729398955874,,,,,,,,
12131,2026,2035.6967076219883,4,7.618593401751846,-0.010750103168446046,,,,,,,,
13009,2024,1235.7115020387625,4,7.11940219818268,,,,,,,,,
13009,2025,1290.6081365709001,12,7.162868809968849,0.04346661178616884,,,,,,,,
13009,2026,1293.3069297678348,4,7.164957728612855,0.002088918644005844,,,,,,,,
13011,2025,1475.34832772935,1,7.29664939528664,,,,,,,,,
13011,2026,1512.743621620586,4,7.321680249080114,0.025030853793473362,,,,,,,,
13013,2015,1045.3031869576832,12,6.952062253379018,,,,,,,,,
13013,2016,1091.1316823247541,12,6.994970677289027,0.04290842391000904,,,,,,,,
13013,2017,1166.7981895712057,12,7.062018686373581,0.06704800908455422,,,,,,,,
13013,2018,1233.5578143772634,12,7.117657805059335,0.055639118685753886,,,,,,,,
13013,2019,1301.1395236578016,12,7.17099571615804,0.05333791109870489,,,,,,,,
13013,2020,1393.613937503732,12,7.239655607127255,0.0686598909692151,7586.0,6262.0,61632.0,1324.0,67894.0,67894.0,0.019500986832415235,0.11173299555188972
13013,2021,1579.1714055794898,12,7.364655561612733,0.12499995448547807,8277.0,6000.0,59868.0,2277.0,65868.0,65868.0,0.034569138276553106,0.12566041173255602
13013,2022,1790.3669069711266,12,7.490175853791622,0.12552029217888894,8199.0,5803.0,64308.0,2396.0,70111.0,70111.0,0.03417438062500892,0.11694313303190655
13013,2023,1899.476578356669,12,7.54933364212611,0.05915778833448826,8183.0,5671.0,68432.0,2512.0,74103.0,74103.0,0.03389876253323077,0.11042737810884849
13013,2024,1982.7201636589855,12,7.592225000891053,0.04289135876494221,,,,,,,,
13013,2025,2032.4091638387345,12,7.616977148584994,0.02475214769394185,,,,,,,,
13013,2026,2055.030787574432,4,7.628046108606154,0.011068960021159313,,,,,,,,
13015,2015,797.5651237307524,12,6.681563491175488,,,,,,,,,
13015,2016,851.0610838601569,12,6.746483904916494,0.06492041374100577,,,,,,,,
13015,2017,915.3975620853813,12,6.819358464992685,0.07287456007619042,,,,,,,,
13015,2018,983.4233302367329,12,6.891039678752492,0.07168121375980707,,,,,,,,
13015,2019,1047.0292017215654,12,6.953712101333137,0.0626724225806452,,,,,,,,
13015,2020,1132.3185616086782,12,7.032022634022053,0.07831053268891619,7404.0,6118.0,78947.0,1286.0,85065.0,85065.0,0.01511785105507553,0.0870393228707459
13015,2021,1324.5379493264143,12,7.188818960114741,0.1567963260926879,7433.0,5930.0,76833.0,1503.0,82763.0,82763.0,0.018160289018039462,0.08981066418568684
13015,2022,1516.6836227182232,12,7.324281403028606,0.1354624429138651,7382.0,5884.0,79719.0,1498.0,85603.0,85603.0,0.01749938670373702,0.08623529549198042
13015,2023,1603.38879554446,12,7.379874665649085,0.055593262620479145,7590.0,5888.0,82945.0,1702.0,88833.0,88833.0,0.019159546564902683,0.08544122116780926
13015,2024,1656.671777665434,12,7.4125659155277255,0.03269124987864025,,,,,,,,
13015,2025,1674.0419974859171,12,7.422996338838613,0.010430423310887171,,,,,,,,
13015,2026,1684.1749157437007,4,7.429031058614712,0.006034719776099706,,,,,,,,
13021,2016,731.329634348675,8,6.594864294290111,,,,,,,,,
13021,2017,751.7062561054314,12,6.622345630758118,0.0274813364680071,,,,,,,,
13021,2018,780.6812881187567,12,6.660166984757486,0.0378213539993677,,,,,,,,
13021,2019,816.6670683080688,12,6.70523150667634,0.045064521918854794,,,,,,,,
13021,2020,860.3591421287965,12,6.757349909200474,0.052118402524133245,7053.0,7783.0,104250.0,-730.0,112033.0,112033.0,-0.006515937268483393,0.06295466514330599
13021,2021,994.6967967316672,12,6.902437963817069,0.14508805461659513,7624.0,7777.0,99768.0,-153.0,107545.0,107545.0,-0.0014226602817425263,0.07089125482356223
13021,2022,1082.9857933816522,12,6.987477129077141,0.08503916526007238,8015.0,7838.0,103150.0,177.0,110988.0,110988.0,0.0015947670018380366,0.07221501423577324
13021,2023,1141.5986683707686,12,7.040184899703264,0.05270777062612275,7809.0,8114.0,104799.0,-305.0,112913.0,112913.0,-0.0027011947251423664,0.06915944133979259
13021,2024,1168.7692994874367,12,7.063706593396987,0.023521693693723478,,,,,,,,
13021,2025,1192.8865065608568,12,7.084131284765175,0.02042469136818781,,,,,,,,
13021,2026,1199.9476602598115,4,7.0900332183747095,0.005901933609534282,,,,,,,,
13029,2015,1286.8749554427854,12,7.1599720431577,,,,,,,,,
13029,2016,1305.2456450856582,12,7.174146535825152,0.01417449266745141,,,,,,,,
13029,2017,1327.6517682157355,12,7.191167072920873,0.017020537095721266,,,,,,,,
13029,2018,1360.1544407466793,12,7.215353531655278,0.02418645873440539,,,,,,,,
13029,2019,1397.9510127273622,12,7.242762881212254,0.027409349556975826,,,,,,,,
13029,2020,1445.3405652438225,12,7.27610025806696,0.03333737685470606,5940.0,4705.0,32401.0,1235.0,37106.0,37106.0,0.03328302700371907,0.16008192745108607
13029,2021,1593.5657205947718,12,7.373729375928025,0.09762911786106443,5897.0,4348.0,32812.0,1549.0,37160.0,37160.0,0.041684607104413345,0.15869214208826696
13029,2022,1823.7252915560075,12,7.508636551592241,0.13490717566421662,5376.0,4525.0,34848.0,851.0,39373.0,39373.0,0.02161379625631778,0.13654026871206157
13029,2023,1988.4726512842,12,7.5951221111129845,0.08648555952074322,5281.0,4379.0,36557.0,902.0,40936.0,40936.0,0.022034395153410203,0.1290062536642564
13029,2024,2118.0472380719257,12,7.658249829062747,0.06312771794976246,,,,,,,,
13029,2025,2153.8999254072373,12,7.67503539675182,0.016785567689073133,,,,,,,,
13029,2026,2169.673077622726,4,7.682331779711431,0.007296382959610881,,,,,,,,
13031,2021,1114.9284057891778,1,7.016545471778116,,4449.0,3714.0,44071.0,735.0,47785.0,47785.0,0.015381395835513236,0.093104530710474
13031,2022,1190.7995433491608,12,7.0823802456591505,0.06583477388103454,4319.0,3650.0,46903.0,669.0,50553.0,50553.0,0.013233635985994896,0.08543508792752161
13031,2023,1327.9747138368077,12,7.191410289069565,0.10903004341041456,4495.0,3936.0,48363.0,559.0,52299.0,52299.0,0.010688540889883172,0.08594810608233427
13031,2024,1437.6535716138512,12,7.2707675993923555,0.07935731032279048,,,,,,,,
13031,2025,1516.763313343488,12,7.3243339443302755,0.05356634493792001,,,,,,,,
13031,2026,1544.3641773153322,4,7.342367568909551,0.018033624579275376,,,,,,,,
13035,2025,1518.538687896288,1,7.325503761867072,,,,,,,,,
13035,2026,1622.553353404575,3,7.391756331491879,0.0662525696248073,,,,,,,,
13039,2022,1378.7231159540127,8,7.2289130715228564,,5131.0,4250.0,39196.0,881.0,43446.0,43446.0,0.02027804631036229,0.11810063066795562
13039,2023,1423.8110021136638,12,7.261092359928626,0.03217928840576967,4754.0,4313.0,41106.0,441.0,45419.0,45419.0,0.00970959290164909,0.10466985182412647
13039,2024,1484.1235764510086,12,7.302579692801471,0.041487332872844895,,,,,,,,
13039,2025,1522.332070990961,12,7.327998695301061,0.02541900249959017,,,,,,,,
13039,2026,1507.9328210036115,4,7.3184949991694985,-0.009503696131562656,,,,,,,,
13045,2015,867.1463708966279,12,6.765207787094863,,,,,,,,,
13045,2016,909.2004758864783,12,6.812565615390568,0.047357828295704785,,,,,,,,
13045,2017,954.6484951748713,12,6.861343204847406,0.0487775894568383,,,,,,,,
13045,2018,1011.7795158188627,12,6.919465956366143,0.058122751518737026,,,,,,,,
13045,2019,1067.5238280294066,12,6.973097066192685,0.053631109826541845,,,,,,,,
13045,2020,1170.9361418141136,12,7.065558829074114,0.09246176288142838,7505.0,6264.0,82923.0,1241.0,89187.0,89187.0,0.013914583964030633,0.08414903517328759
13045,2021,1355.7164718897875,12,7.212085355110955,0.14652652603684135,8117.0,6314.0,80609.0,1803.0,86923.0,86923.0,0.020742496232297552,0.09338149856769785
13045,2022,1514.3230287039103,12,7.3227237723381675,0.11063841722721257,8135.0,6425.0,85530.0,1710.0,91955.0,91955.0,0.01859605241694307,0.088467185036159
13045,2023,1588.7402548405862,12,7.370696688631562,0.04797291629339462,7726.0,6198.0,89303.0,1528.0,95501.0,95501.0,0.015999832462487304,0.08089967644317861
13045,2024,1671.514124903003,12,7.421485156259988,0.05078846762842559,,,,,,,,
13045,2025,1713.7777179088027,12,7.446455404580187,0.024970248320199673,,,,,,,,
13045,2026,1720.9091793685975,4,7.450608022807774,0.004152618227586835,,,,,,,,
13047,2023,1295.6974536903851,8,7.166804403432853,,4218.0,3754.0,49616.0,464.0,53370.0,53370.0,0.008694022859284242,0.07903316469926926
13047,2024,1359.9937835722837,12,7.215235407816919,0.048431004384065446,,,,,,,,
13047,2025,1386.5255322045443,12,7.234556279747114,0.01932087193019516,,,,,,,,
13047,2026,1435.937326172317,4,7.269573103928912,0.03501682418179808,,,,,,,,
13051,2015,947.197971125468,12,6.853508122156868,,,,,,,,,
13051,2016,979.063374468115,12,6.88659637431495,0.03308825215808131,,,,,,,,
13051,2017,1026.125648809704,12,6.933545482959329,0.0469491086443794,,,,,,,,
13051,2018,1079.638074549573,12,6.984381147796495,0.05083566483716595,,,,,,,,
13051,2019,1127.0934863282105,12,7.0273974620885875,0.04301631429209252,,,,,,,,
13051,2020,1175.062015159682,12,7.0690762040448085,0.04167874195622101,17506.0,18306.0,190061.0,-800.0,208367.0,208367.0,-0.003839379556263708,0.08401522313994059
13051,2021,1327.293860849025,11,7.190897457328779,0.12182125328397042,18555.0,17877.0,183931.0,678.0,201808.0,201808.0,0.003359628954253548,0.09194382779671767
13051,2022,1576.028598474901,12,7.362663416493603,0.17176595916482373,18799.0,16691.0,191247.0,2108.0,207938.0,207938.0,0.010137637180313363,0.09040675585991978
13051,2023,1670.513813073075,12,7.420886530588171,0.05822311409456837,17262.0,18015.0,195909.0,-753.0,213924.0,213924.0,-0.0035199416615246536,0.08069220844785999
13051,2024,1723.604833870945,12,7.452173210257909,0.03128667966973797,,,,,,,,
13051,2025,1751.0416870440638,12,7.467966139566171,0.015792929308261705,,,,,,,,
13051,2026,1733.8038330661427,4,7.458073021221197,-0.00989311834497375,,,,,,,,
13057,2015,1152.9825660596418,12,7.050107399651397,,,,,,,,,
13057,2016,1203.8384822698367,12,7.093270465931051,0.043163066279653606,,,,,,,,
13057,2017,1268.2302664203198,12,7.145377716633509,0.05210725070245825,,,,,,,,
13057,2018,1338.728489739701,12,7.199475554211551,0.054097837578042096,,,,,,,,
13057,2019,1407.9180637718912,12,7.249867341680862,0.05039178746931139,,,,,,,,
13057,2020,1469.0919188340902,12,7.292399746601665,0.042532404920802236,20214.0,15189.0,205360.0,5025.0,220549.0,220549.0,0.02278405252347551,0.09165310203174805
13057,2021,1692.3804854173297,12,7.433891388064076,0.14149164146241144,20232.0,15177.0,199149.0,5055.0,214326.0,214326.0,0.02358556591360824,0.09439825312841185
13057,2022,1889.8965598668663,12,7.544277376326763,0.11038598826268675,19710.0,15332.0,211747.0,4378.0,227079.0,227079.0,0.019279633959987493,0.08679798660378106
13057,2023,1930.2142130573347,12,7.565386266961278,0.021108890634515376,19284.0,15585.0,221719.0,3699.0,237304.0,237304.0,0.015587600714695074,0.08126285271213296
13057,2024,1987.010708068934,12,7.594386631600675,0.029000364639396814,,,,,,,,
13057,2025,2005.0029323657254,12,7.603400802266147,0.00901417066547161,,,,,,,,
13057,2026,2010.8700040984347,4,7.6063227452657545,0.002921942999607907,,,,,,,,
13059,2015,811.957990861721,12,6.699448603431387,,,,,,,,,
13059,2016,856.9594876631209,12,6.753390645208673,0.05394204177728579,,,,,,,,
13059,2017,907.691124094869,12,6.810904149028089,0.057513503819416556,,,,,,,,
13059,2018,993.7447239755148,12,6.9014803567474186,0.09057620771932928,,,,,,,,
13059,2019,1069.299134498882,12,6.974758698353214,0.07327834160579538,,,,,,,,
13059,2020,1148.758987707018,12,7.046437497540938,0.07167879918772435,7131.0,8596.0,67593.0,-1465.0,76189.0,76189.0,-0.019228497552140074,0.09359618842615075
13059,2021,1273.64229293302,12,7.149636021929641,0.10319852438870303,7193.0,8291.0,65163.0,-1098.0,73454.0,73454.0,-0.014948130802951508,0.09792523211806028
13059,2022,1436.0727911625536,12,7.269667438548083,0.12003141661844197,6888.0,8167.0,68097.0,-1279.0,76264.0,76264.0,-0.01677069128291199,0.09031784328123361
13059,2023,1565.633440817295,12,7.3560457755990845,0.08637833705100117,7200.0,8358.0,69234.0,-1158.0,77592.0,77592.0,-0.014924218991648624,0.09279307145066502
13059,2024,1639.8809421306432,12,7.402378921921205,0.04633314632212038,,,,,,,,
13059,2025,1676.8548982606578,12,7.424675233488601,0.022296311567395755,,,,,,,,
13059,2026,1705.5705584472335,4,7.441654972124155,0.016979738635554575,,,,,,,,
13063,2015,764.1063279612041,12,6.638706952206984,,,,,,,,,
13063,2016,799.6474765293432,12,6.684170976212952,0.04546402400596783,,,,,,,,
13063,2017,850.0419543838589,12,6.745285706364949,0.06111473015199653,,,,,,,,
13063,2018,906.6326322667097,12,6.809737331976238,0.06445162561128903,,,,,,,,
13063,2019,976.1188296943459,12,6.883584330737961,0.07384699876172363,,,,,,,,
13063,2020,1069.4889571133915,12,6.974936203189483,0.09135187245152121,26597.0,28074.0,190904.0,-1477.0,218978.0,218978.0,-0.0067449698143192465,0.121459690014522
13063,2021,1261.878017795854,12,7.140356380581512,0.1654201773920292,24530.0,26407.0,185060.0,-1877.0,211467.0,211467.0,-0.008876089413478226,0.1159991866343212
13063,2022,1429.8914303916854,12,7.265353797568654,0.12499741698714217,22505.0,24870.0,191485.0,-2365.0,216355.0,216355.0,-0.010931108594670795,0.10401885789558826
13063,2023,1489.8988228093722,12,7.306463492479129,0.04110969491047545,23558.0,25882.0,190181.0,-2324.0,216063.0,216063.0,-0.010756122056992636,0.10903301351920505
13063,2024,1518.36227987002,12,7.325387585522609,0.01892409304347975,,,,,,,,
13063,2025,1566.1422301605319,12,7.356370696283812,0.03098311076120286,,,,,,,,
13063,2026,1568.2909547421123,4,7.357741741567866,0.0013710452840536291,,,,,,,,
13067,2015,1006.0663675563873,12,6.913803320209677,,,,,,,,,
13067,2016,1064.0903433104177,12,6.969875575423346,0.05607225521366921,,,,,,,,
13067,2017,1126.3951891332717,12,7.026777714383712,0.05690213896036589,,,,,,,,
13067,2018,1196.5900600161801,12,7.087231174065487,0.06045345968177518,,,,,,,,
13067,2019,1257.902537993812,12,7.137200960486334,0.049969786420846596,,,,,,,,
13067,2020,1313.6165357525063,12,7.180539326737468,0.04333836625113374,50358.0,54575.0,558188.0,-4217.0,612763.0,612763.0,-0.006881942937155148,0.08218185497492506
13067,2021,1518.9440043340671,12,7.325770638410087,0.14523131167261916,50771.0,52655.0,531929.0,-1884.0,584584.0,584584.0,-0.0032228045926676065,0.08684979404157486
13067,2022,1687.525672457228,12,7.43101863593895,0.10524799752886338,48376.0,51599.0,553157.0,-3223.0,604756.0,604756.0,-0.005329422114042688,0.07999259205365469
13067,2023,1710.943010422432,12,7.4447999655773565,0.01378132963840617,46502.0,49160.0,567127.0,-2658.0,616287.0,616287.0,-0.004312925633673921,0.07545510452110786
13067,2024,1719.0006430721248,12,7.44949837947942,0.004698413902063159,,,,,,,,
13067,2025,1736.7127242530944,12,7.4597493664108,0.010250986931380268,,,,,,,,
13067,2026,1745.7031198513548,4,7.464912687492656,0.005163321081855798,,,,,,,,
13073,2015,1036.6011436290787,12,6.943702509005122,,,,,,,,,
13073,2016,1058.6983882589846,12,6.964795496970717,0.021092987965595,,,,,,,,
13073,2017,1087.8025386477004,12,6.991914920731036,0.027119423760319172,,,,,,,,
13073,2018,1122.8634078168145,12,7.023637315832997,0.031722395101961176,,,,,,,,
13073,2019,1167.7533786839415,12,7.062836992706177,0.03919967687317971,,,,,,,,
13073,2020,1247.9206307208153,12,7.129233949728153,0.06639695702197645,14465.0,11456.0,120139.0,3009.0,131595.0,131595.0,0.022865610395531744,0.10992058968805805
13073,2021,1374.9616320157002,12,7.226181105722766,0.0969471559946129,13393.0,11594.0,117084.0,1799.0,128678.0,128678.0,0.013980633830180762,0.1040815057741028
13073,2022,1519.5893822034752,12,7.3261954340578646,0.10001432833509849,13179.0,11279.0,122045.0,1900.0,133324.0,133324.0,0.014250997569829888,0.09884941945936215
13073,2023,1583.1521538090249,12,7.367173172639812,0.04097773858194742,12063.0,11083.0,127703.0,980.0,138786.0,138786.0,0.0070612309598950904,0.08691798884613722
13073,2024,1646.2390271237045,12,7.406248587658636,0.03907541501882417,,,,,,,,
13073,2025,1729.3108593768693,12,7.455478260949509,0.049229673290873244,,,,,,,,
13073,2026,1729.1687774679312,4,7.455396096574445,-8.216437506458618e-05,,,,,,,,
13077,2015,1043.344371939497,12,6.950186574943824,,,,,,,,,
13077,2016,1090.6276003796033,12,6.994508589690165,0.04432201474634123,,,,,,,,
13077,2017,1138.4622616419697,12,7.037433737516523,0.0429251478263577,,,,,,,,
13077,2018,1179.6722304327998,12,7.07299190805459,0.0355581705380672,,,,,,,,
13077,2019,1238.3206629308918,12,7.121511436612474,0.04851952855788433,,,,,,,,
13077,2020,1299.1574869002475,12,7.169471246350659,0.04795980973818459,10419.0,8283.0,112948.0,2136.0,121231.0,121231.0,0.01761925580090901,0.08594336432100701
13077,2021,1527.5619640822686,12,7.331428255906959,0.16195700955629988,10884.0,8131.0,110057.0,2753.0,118188.0,118188.0,0.02329339696077436,0.09209056757031171
13077,2022,1721.379379613053,12,7.450881213296789,0.11945295738983042,10797.0,8214.0,115029.0,2583.0,123243.0,123243.0,0.020958593997224995,0.08760740975146661
13077,2023,1758.1265268184243,12,7.472004047679393,0.021122834382603983,9755.0,8125.0,120878.0,1630.0,129003.0,129003.0,0.012635365069029403,0.0756183964713999
13077,2024,1796.435470924978,12,7.493559686579196,0.02155563889980261,,,,,,,,
13077,2025,1814.9292077193352,12,7.503801741926889,0.010242055347693402,,,,,,,,
13077,2026,1816.9025615191322,4,7.5048884409368535,0.001086699009964498,,,,,,,,
13085,2023,2021.3775417206436,9,7.611534509318946,,3496.0,2140.0,21869.0,1356.0,24009.0,24009.0,0.05647882044233413,0.14561206214336292
13085,2024,2067.9532810147857,12,7.63431464398763,0.022780134668684227,,,,,,,,
13085,2025,2093.862179815917,12,7.646765572557647,0.012450928570016728,,,,,,,,
13085,2026,2106.716462299964,4,7.652885835361144,0.006120262803497312,,,,,,,,
13089,2015,972.3853717020174,12,6.879752198830271,,,,,,,,,
13089,2016,1034.4311094222367,12,6.941606901852892,0.06185470302262086,,,,,,,,
13089,2017,1110.2664505349292,12,7.012355311027025,0.07074840917413283,,,,,,,,
13089,2018,1181.2924268523316,12,7.074364395074983,0.062009084047957685,,,,,,,,
13089,2019,1262.004385003896,12,7.140456517741632,0.06609212266664954,,,,,,,,
13089,2020,1327.9544773106406,12,7.191395050315283,0.05093853257365044,55228.0,64620.0,506057.0,-9392.0,570677.0,570677.0,-0.016457645918794693,0.0967762850088579
13089,2021,1512.9592448569003,12,7.321822776781077,0.13042772646579426,53979.0,62451.0,481262.0,-8472.0,543713.0,543713.0,-0.015581749930569988,0.0992784796390743
13089,2022,1697.0888573298841,12,7.4366696252835,0.114846848502423,52561.0,59701.0,495301.0,-7140.0,555002.0,555002.0,-0.01286481850515854,0.09470416322824061
13089,2023,1715.7095365173752,12,7.4475819979567355,0.010912372673235637,50922.0,58515.0,501719.0,-7593.0,560234.0,560234.0,-0.013553265242737856,0.09089416208227276
13089,2024,1715.6700796866062,12,7.447559000308452,-2.2997648283507033e-05,,,,,,,,
13089,2025,1748.7335746930712,12,7.466647133336908,0.0190881330284558,,,,,,,,
13089,2026,1761.094000136868,4,7.473690485911395,0.007043352574487294,,,,,,,,
13095,2017,518.5102224188416,12,6.250959742844266,,,,,,,,,
13095,2018,532.524803373591,12,6.277629475604143,0.02666973275987683,,,,,,,,
13095,2019,557.5600776582395,12,6.323570260143977,0.04594078453983386,,,,,,,,
13095,2020,599.806674681034,12,6.396607394430774,0.07303713428679703,4065.0,5321.0,54510.0,-1256.0,59831.0,59831.0,-0.020992462101586135,0.06794136818706022
13095,2021,672.2547331246386,12,6.510637335845108,0.11402994141433442,3928.0,4528.0,52572.0,-600.0,57100.0,57100.0,-0.010507880910683012,0.06879159369527145
13095,2022,754.3435313129911,12,6.625847876069348,0.11521054022423982,3723.0,4293.0,54627.0,-570.0,58920.0,58920.0,-0.009674134419551934,0.06318737270875764
13095,2023,794.9201948996002,12,6.678241725841456,0.05239384977210815,4209.0,4508.0,54832.0,-299.0,59340.0,59340.0,-0.0050387596899224806,0.07093023255813953
13095,2024,839.3088005573221,12,6.732578696625756,0.05433697078430022,,,,,,,,
13095,2025,868.2151657282528,12,6.7664395707252,0.03386087409944327,,,,,,,,
13095,2026,913.2313441291375,4,6.816989237466888,0.050549666741688704,,,,,,,,
13097,2015,978.8281948950884,12,6.886356136726885,,,,,,,,,
13097,2016,1024.4143109122904,12,6.931876324271025,0.04552018754414,,,,,,,,
13097,2017,1083.3159476171893,12,6.9877819381735335,0.05590561390250848,,,,,,,,
13097,2018,1150.285456851716,12,7.047765413904296,0.05998347573076224,,,,,,,,
13097,2019,1216.119324637131,12,7.103420186525225,0.05565477262092955,,,,,,,,
13097,2020,1304.8147297215512,12,7.173816340116132,0.07039615359090678,13285.0,12439.0,101070.0,846.0,113509.0,113509.0,0.007453153494436564,0.11703917751015339
13097,2021,1493.4856416074188,12,7.308868023687901,0.13505168357176878,13148.0,12481.0,96324.0,667.0,108805.0,108805.0,0.00613023298561647,0.12084003492486559
13097,2022,1651.3572893016017,12,7.409352828321751,0.10048480463385001,12590.0,12029.0,100045.0,561.0,112074.0,112074.0,0.005005621285936078,0.11233649196066885
13097,2023,1696.7796045435741,12,7.4364873832251295,0.02713455490337857,12660.0,11622.0,102490.0,1038.0,114112.0,114112.0,0.009096326416152552,0.11094363432417274
13097,2024,1741.97726268304,12,7.4627761049065064,0.02628872168137697,,,,,,,,
13097,2025,1768.0775178900265,12,7.477648087196849,0.0148719822903427,,,,,,,,
13097,2026,1755.4898528041444,4,7.470503215360591,-0.0071448718362585595,,,,,,,,
13103,2022,1710.082922781264,11,7.444297141175506,,5833.0,3816.0,50693.0,2017.0,54509.0,54509.0,0.037003063714249024,0.10700985158414207
13103,2023,1881.1195276291298,11,7.539622372007897,0.0953252308323913,5378.0,4049.0,53513.0,1329.0,57562.0,57562.0,0.02308814843125673,0.09342969320037525
13103,2024,1992.7619305657338,12,7.597276860275801,0.05765448826790376,,,,,,,,
13103,2025,2057.373740975256,12,7.629185565407186,0.031908705131384885,,,,,,,,
13103,2026,2086.2984230169404,4,7.6431466852600405,0.013961119852854864,,,,,,,,
13113,2015,1288.8547103139483,12,7.161509281546764,,,,,,,,,
13113,2016,1354.7900359274058,12,7.211401766271905,0.04989248472514074,,,,,,,,
13113,2017,1415.8269787247089,12,7.255469076621672,0.0440673103497673,,,,,,,,
13113,2018,1469.4372185090942,12,7.29263476191746,0.03716568529578801,,,,,,,,
13113,2019,1519.1915236385223,12,7.325933579992333,0.033298818074873004,,,,,,,,
13113,2020,1585.8038299315006,12,7.368846705976951,0.04291312598461783,9834.0,8221.0,93920.0,1613.0,102141.0,102141.0,0.015791895516981427,0.09627867359826123
13113,2021,1850.1128041976065,12,7.523001891455405,0.1541551854784542,9640.0,8100.0,89464.0,1540.0,97564.0,97564.0,0.015784510680168916,0.09880693698495346
13113,2022,2021.1941706884072,12,7.611443789329094,0.08844189787368872,9219.0,7766.0,93388.0,1453.0,101154.0,101154.0,0.014364236708385235,0.09113826442849517
13113,2023,2089.5306932106087,12,7.644694771040964,0.0332509817118698,8274.0,7789.0,96281.0,485.0,104070.0,104070.0,0.004660324781397137,0.07950417987892765
13113,2024,2175.643680760388,12,7.685079844916839,0.040385073875874866,,,,,,,,
13113,2025,2244.387960093047,12,7.716188139441223,0.031108294524384128,,,,,,,,
13113,2026,2250.2856558189637,4,7.718812445281725,0.002624305840502217,,,,,,,,
13115,2022,1068.8370153286726,7,6.974326434788106,,4318.0,3644.0,69489.0,674.0,73133.0,73133.0,0.00921608576155771,0.05904311323205667
13115,2023,1118.6239455298582,12,7.019854588854111,0.04552815406600441,4200.0,3872.0,71311.0,328.0,75183.0,75183.0,0.004362688373701502,0.055863692590080206
13115,2024,1166.9610322123876,12,7.062158240308645,0.0423036514545343,,,,,,,,
13115,2025,1218.350114455459,12,7.105252857255761,0.04309461694711558,,,,,,,,
13115,2026,1221.6897544363558,4,7.107990224057714,0.002737366801953023,,,,,,,,
13117,2015,1330.2703157927324,12,7.193137445521283,,,,,,,,,
13117,2016,1382.2409221465286,12,7.231461317749581,0.038323872228297695,,,,,,,,
13117,2017,1433.1416866442996,12,7.2676242970816185,0.036162979332037715,,,,,,,,
13117,2018,1484.2331381369722,12,7.302653512558695,0.035029215477076825,,,,,,,,
13117,2019,1546.5096163651576,12,7.343755810253323,0.04110229769462759,,,,,,,,
13117,2020,1600.702658054606,12,7.378197973108908,0.03444216285558532,21029.0,15478.0,204886.0,5551.0,220364.0,220364.0,0.025190139950264107,0.09542847289030876
13117,2021,1818.6749245014507,12,7.505863451443185,0.12766547833427655,21794.0,14992.0,200210.0,6802.0,215202.0,215202.0,0.03160751294132954,0.10127229300842928
13117,2022,2057.551257256947,12,7.629271844637974,0.12340839319478913,20400.0,15318.0,212337.0,5082.0,227655.0,227655.0,0.02232325228964881,0.08960927719575673
13117,2023,2129.687794180764,12,7.663730672458243,0.0344588278202691,17854.0,14424.0,223912.0,3430.0,238336.0,238336.0,0.014391447368421052,0.07491104994629431
13117,2024,2154.5175756010035,12,7.675322114646664,0.01159144218842112,,,,,,,,
13117,2025,2186.4103734798673,12,7.6900163791506575,0.01469426450399336,,,,,,,,
13117,2026,2200.325374726821,4,7.696360526013735,0.006344146863077604,,,,,,,,
13121,2015,1092.7010824078309,12,6.996407967157183,,,,,,,,,
13121,2016,1168.4122729351766,12,7.063401074511121,0.06699310735393738,,,,,,,,
13121,2017,1249.9390135424521,12,7.1308500399400785,0.06744896542895784,,,,,,,,
13121,2018,1334.7432888399646,12,7.196494259339908,0.06564421939982967,,,,,,,,
13121,2019,1415.5153257688582,12,7.2552489315995645,0.05875467225965636,,,,,,,,
13121,2020,1454.3403169803316,12,7.282307686401567,0.027058754802002483,83320.0,88135.0,740585.0,-4815.0,828720.0,828720.0,-0.005810165073848827,0.10054059272130514
13121,2021,1624.0650588602805,12,7.392687580793765,0.11037989439219764,81724.0,87692.0,698594.0,-5968.0,786286.0,786286.0,-0.007590113521034331,0.10393673548810484
13121,2022,1812.2889912206947,12,7.502345961314796,0.10965838052103116,78983.0,84162.0,723753.0,-5179.0,807915.0,807915.0,-0.0064103278191393895,0.09776152194228353
13121,2023,1822.7055015450744,12,7.5080772155755255,0.0057312542607297345,77445.0,81365.0,732927.0,-3920.0,814292.0,814292.0,-0.004813997927033546,0.09510716057630432
13121,2024,1796.24173648569,12,7.493451836957149,-0.014625378618376317,,,,,,,,
13121,2025,1838.123561738216,12,7.516500526846595,0.023048689889446194,,,,,,,,
13121,2026,1855.2773780314064,4,7.525789493799117,0.00928896695252135,,,,,,,,
13127,2021,1419.790291036396,1,7.258264457320457,,5055.0,4390.0,57944.0,665.0,62334.0,62334.0,0.010668335098020343,0.08109538935412455
13127,2022,1482.6285283748114,12,7.301571824162685,0.043307366842228134,4778.0,4214.0,60084.0,564.0,64298.0,64298.0,0.008771656972223086,0.0743102429313509
13127,2023,1559.0538818279072,12,7.351834430248798,0.05026260608611288,4663.0,4172.0,60957.0,491.0,65129.0,65129.0,0.0075388843679466905,0.0715963702805202
13127,2024,1594.9531858030796,12,7.374599664194528,0.022765233945730046,,,,,,,,
13127,2025,1635.910835065828,12,7.399955013883912,0.025355349689384354,,,,,,,,
13127,2026,1654.8781057641504,4,7.411482632992461,0.011527619108548492,,,,,,,,
13129,2024,1562.1905033399985,9,7.353844284128145,,,,,,,,,
13129,2025,1663.304991824045,12,7.416561860948749,0.06271757682060475,,,,,,,,
13129,2026,1654.8469433960458,4,7.411463802202807,-0.005098058745942602,,,,,,,,
13133,2026,3000.0,1,8.006367567650246,,,,,,,,,
13135,2015,1064.6126409817405,12,6.970366294594276,,,,,,,,,
13135,2016,1116.8313789452047,12,7.018250828806445,0.04788453421216854,,,,,,,,
13135,2017,1177.366006416332,12,7.07103502443992,0.052784195633474695,,,,,,,,
13135,2018,1241.8288841796432,12,7.124340478589132,0.053305454149212395,,,,,,,,
13135,2019,1302.5877535637019,12,7.1721081445355575,0.04776766594642545,,,,,,,,
13135,2020,1366.1250560717247,12,7.219733585041196,0.04762544050563822,59512.0,60099.0,713538.0,-587.0,773637.0,773637.0,-0.0007587537824586983,0.076924966101673
13135,2021,1586.8233882384177,12,7.369489427779359,0.14975584273816356,59081.0,58309.0,681588.0,772.0,739897.0,739897.0,0.00104338847163862,0.07985030348818822
13135,2022,1757.5130411048751,12,7.471655043916109,0.1021656161367499,56900.0,58900.0,715410.0,-2000.0,774310.0,774310.0,-0.002582944815384019,0.07348477999767535
13135,2023,1802.899158493922,12,7.497151291796658,0.025496247880548495,52919.0,57900.0,734104.0,-4981.0,792004.0,792004.0,-0.006289109650961359,0.06681658173443568
13135,2024,1811.317791788347,12,7.501809921112997,0.004658629316339535,,,,,,,,
13135,2025,1820.8069602017829,12,7.507035066531133,0.005225145418135568,,,,,,,,
13135,2026,1801.678731693014,4,7.496474137974644,-0.010560928556488491,,,,,,,,
13137,2026,1424.2572489129043,2,7.261405727982733,,,,,,,,,
13139,2015,945.714669637005,12,6.851940905836238,,,,,,,,,
13139,2016,1003.8472805050114,12,6.91159517763083,0.05965427179459226,,,,,,,,
13139,2017,1056.93005331568,12,6.963123808955599,0.0515286313247687,,,,,,,,
13139,2018,1121.0487271113107,12,7.022019889666556,0.058896080710956866,,,,,,,,
13139,2019,1189.248456023263,12,7.081076837033863,0.059056947367307266,,,,,,,,
13139,2020,1242.5952633119114,12,7.1249574257053085,0.04388058867144551,12924.0,10736.0,157994.0,2188.0,168730.0,168730.0,0.012967462810407159,0.07659574468085106
13139,2021,1445.9890187695803,12,7.2765488084779655,0.15159138277265694,13900.0,10849.0,150966.0,3051.0,161815.0,161815.0,0.018854865123752434,0.08590056546055681
13139,2022,1614.7018370211574,12,7.386905597572664,0.11035678909469837,13972.0,10534.0,160447.0,3438.0,170981.0,170981.0,0.0201074973242641,0.08171668197051134
13139,2023,1683.5956157279352,12,7.428687032787498,0.04178143521483424,12593.0,11086.0,167488.0,1507.0,178574.0,178574.0,0.008439078477269928,0.07051978451510298
13139,2024,1702.585452488055,12,7.439903229121227,0.011216196333728945,,,,,,,,
13139,2025,1713.4650171057945,12,7.446272925060613,0.006369695939385522,,,,,,,,
13139,2026,1713.6793040469408,4,7.446397977828366,0.00012505276775343077,,,,,,,,
13143,2026,1536.25,1,7.337099660880245,,,,,,,,,
13151,2015,1000.9012534098862,12,6.9086561265070205,,,,,,,,,
13151,2016,1048.0128690191211,12,6.954651144403992,0.04599501789697147,,,,,,,,
13151,2017,1098.0893752137906,12,7.001327016947889,0.04667587254389716,,,,,,,,
13151,2018,1165.2772940822654,12,7.060714358348847,0.05938734140095825,,,,,,,,
13151,2019,1240.7943470448497,12,7.1235070559564395,0.0627926976075921,,,,,,,,
13151,2020,1345.4871508548015,12,7.204511420403637,0.08100436444719783,21838.0,18388.0,171685.0,3450.0,190073.0,190073.0,0.0181509209619462,0.11489269912086408
13151,2021,1580.2122097477238,12,7.36531442696915,0.16080300656551305,21374.0,18816.0,165892.0,2558.0,184708.0,184708.0,0.01384888580895251,0.11571778157957424
13151,2022,1735.9329450654968,12,7.459300268359943,0.09398584139079258,21679.0,18256.0,172660.0,3423.0,190916.0,190916.0,0.017929351128244883,0.11355255714555092
13151,2023,1788.1019662231574,12,7.488909982196434,0.029609713836491025,21912.0,18493.0,178047.0,3419.0,196540.0,196540.0,0.017395949933855705,0.1114887554696245
13151,2024,1802.8722807863871,12,7.497136383637343,0.008226401440908582,,,,,,,,
13151,2025,1853.8589398317336,12,7.525024658998095,0.02788827536075278,,,,,,,,
13151,2026,1854.6911910608178,4,7.52547348736157,0.0004488283634742629,,,,,,,,
13153,2015,875.5545892182411,11,6.774857501830346,,,,,,,,,
13153,2016,897.2195301219191,12,6.799300570266826,0.024443068436480253,,,,,,,,
13153,2017,922.3402173163064,12,6.826914154751577,0.02761358448475093,,,,,,,,
13153,2018,958.1918985624174,12,6.865048069562953,0.03813391481137618,,,,,,,,
13153,2019,1003.5119202592506,12,6.911261046849699,0.04621297728674545,,,,,,,,
13153,2020,1070.267663063698,12,6.975664048569038,0.06440300171933888,11517.0,9869.0,120661.0,1648.0,130530.0,130530.0,0.012625450088102352,0.08823259020914732
13153,2021,1187.0138169978043,12,7.079196034809658,0.1035319862406201,10780.0,9184.0,118370.0,1596.0,127554.0,127554.0,0.012512347711557459,0.08451322577104599
13153,2022,1359.6210045694693,12,7.214961266782847,0.13576523197318924,11255.0,9465.0,123338.0,1790.0,132803.0,132803.0,0.01347861117595235,0.08474959150019201
13153,2023,1447.5692140824697,12,7.27764102459585,0.06267975781300272,10804.0,9568.0,128229.0,1236.0,137797.0,137797.0,0.008969716321835745,0.07840519024361924
13153,2024,1508.887286133296,12,7.319127761566747,0.04148673697089755,,,,,,,,
13153,2025,1565.3633925095683,12,7.355873275706704,0.03674551413995619,,,,,,,,
13153,2026,1590.5879503277504,4,7.371859006942819,0.015985731236115797,,,,,,,,
13157,2022,1806.5081396734272,10,7.499151056347501,,8238.0,5084.0,61189.0,3154.0,66273.0,66273.0,0.04759102500264059,0.12430401520981395
13157,2023,1903.4299750674636,12,7.551412787684602,0.05226173133710077,8930.0,5137.0,66186.0,3793.0,71323.0,71323.0,0.05318060092817184,0.12520505306843516
13157,2024,1966.5116486459492,12,7.584016515396629,0.032603727712026576,,,,,,,,
13157,2025,2000.8884623100632,12,7.601346592055666,0.01733007665903763,,,,,,,,
13157,2026,2004.524287972277,4,7.603162048732665,0.0018154566769990055,,,,,,,,
13169,2026,2052.0,1,7.62657020629066,,,,,,,,,
13173,2026,1650.0,1,7.408530566894626,,,,,,,,,
13175,2024,935.5354412476527,6,6.841119029814975,,,,,,,,,
13175,2025,975.9858195504808,12,6.8834480571584455,0.042329027343470216,,,,,,,,
13175,2026,1018.5999160116489,3,6.926184331995807,0.04273627483736142,,,,,,,,
13177,2024,1602.9376526841281,12,7.37959325770726,,,,,,,,,
13177,2025,1639.9367884442934,12,7.402412976443891,0.022819718736631245,,,,,,,,
13177,2026,1652.7522268196067,4,7.4101971935548505,0.007784217110959446,,,,,,,,
13179,2015,915.590301859102,12,6.819568995906874,,,,,,,,,
13179,2016,923.3051557567405,12,6.827959792816648,0.008390796909774068,,,,,,,,
13179,2017,940.2396485344585,12,6.846134788020456,0.018174995203808386,,,,,,,,
13179,2018,960.6180332484938,12,6.8675768619553,0.021442073934843542,,,,,,,,
13179,2019,991.7095151842638,12,6.89943023696733,0.03185337501203023,,,,,,,,
13179,2020,1039.9161705912259,12,6.9468953836859,0.047465146718570494,9639.0,10447.0,41562.0,-808.0,52009.0,52009.0,-0.015535772654732835,0.1853333076967448
13179,2021,1216.8073254439885,12,7.103985761180075,0.15709037749417476,9487.0,9497.0,40888.0,-10.0,50385.0,50385.0,-0.0001984717673910886,0.18829016572392576
13179,2022,1424.6713165649824,12,7.261696411055668,0.15771064987559313,9040.0,8766.0,43174.0,274.0,51940.0,51940.0,0.005275317674239507,0.17404697728147864
13179,2023,1496.2778383146135,12,7.310735862088989,0.049039451033320525,9087.0,9419.0,44701.0,-332.0,54120.0,54120.0,-0.006134515890613452,0.16790465631929047
13179,2024,1599.4260771962188,12,7.377400142126647,0.06666428003765823,,,,,,,,
13179,2025,1638.4738865863835,12,7.401520530621806,0.02412038849515863,,,,,,,,
13179,2026,1699.0807974461077,4,7.437842676424711,0.03632214580290505,,,,,,,,
13183,2024,1579.2085548185928,10,7.36467908584957,,,,,,,,,
13183,2025,1676.7896296283782,12,7.424636309487117,0.05995722363754741,,,,,,,,
13183,2026,1705.1959015749756,4,7.441435281401758,0.01679897191464086,,,,,,,,
13185,2020,900.2404845344314,9,6.802661932669659,,7261.0,7604.0,76113.0,-343.0,83717.0,83717.0,-0.0040971367822545,0.08673268272871698
13185,2021,988.3545309809975,11,6.896041470406561,0.09337953773690177,7127.0,7056.0,74517.0,71.0,81573.0,81573.0,0.0008703860345947802,0.0873695953317887
13185,2022,1139.644409894868,12,7.03847157158617,0.14243010117960875,7464.0,6876.0,78165.0,588.0,85041.0,85041.0,0.006914311920132642,0.08776942886372456
13185,2023,1176.0407631830803,12,7.069908790428486,0.031437218842316206,7284.0,7106.0,79281.0,178.0,86387.0,86387.0,0.0020604952134001646,0.08431824232812807
13185,2024,1241.3343509508177,12,7.123942169506292,0.05403337907780603,,,,,,,,
13185,2025,1330.398248047615,12,7.193233611016467,0.06929144151017486,,,,,,,,
13185,2026,1364.508257409178,4,7.218549391730799,0.02531578071433227,,,,,,,,
13187,2026,2277.2209791823607,4,7.730711109744116,,,,,,,,,
13191,2026,1950.0,1,7.575584651557793,,,,,,,,,
13215,2015,726.8867194795699,12,6.588770646244683,,,,,,,,,
13215,2016,729.4393583601204,12,6.592276236831218,0.003505590586534879,,,,,,,,
13215,2017,743.816906204101,12,6.611794910735349,0.019518673904131312,,,,,,,,
13215,2018,760.3073226275463,12,6.633722723422453,0.021927812687104087,,,,,,,,
13215,2019,797.5087530253022,12,6.681492810179084,0.04777008675663108,,,,,,,,
13215,2020,866.7624521533562,12,6.7647649509498,0.08327214077071599,13543.0,14711.0,133060.0,-1168.0,147771.0,147771.0,-0.0079041219183737,0.09164856433264984
13215,2021,972.4950619144997,12,6.8798649977568305,0.11510004680703023,12194.0,14830.0,128023.0,-2636.0,142853.0,142853.0,-0.018452535123518583,0.08536047545378816
13215,2022,1071.2034121043012,12,6.976537979682104,0.0966729819252734,11824.0,13993.0,131081.0,-2169.0,145074.0,145074.0,-0.014950990528971421,0.08150323283289908
13215,2023,1097.5974377650991,12,7.00087892257121,0.024340942889105932,12674.0,13115.0,132112.0,-441.0,145227.0,145227.0,-0.003036625420892809,0.08727027343400331
13215,2024,1155.0047402564012,12,7.051859727065568,0.05098080449435827,,,,,,,,
13215,2025,1206.3434375815368,12,7.095349110860723,0.04348938379515488,,,,,,,,
13215,2026,1225.7327177653515,4,7.111294081117528,0.015944970256804858,,,,,,,,
13217,2015,943.3279035972674,12,6.849413946048651,,,,,,,,,
13217,2016,988.4301068218606,12,6.896117933810267,0.04670398776161555,,,,,,,,
13217,2017,1055.4900694582518,12,6.961760458867282,0.06564252505701518,,,,,,,,
13217,2018,1122.661058125101,12,7.02345709094983,0.0616966320825485,,,,,,,,
13217,2019,1192.1701944349647,12,7.083530617999366,0.06007352704953561,,,,,,,,
13217,2020,1301.6297395316687,12,7.17137240408547,0.08784178608610382,10099.0,8438.0,77934.0,1661.0,86372.0,86372.0,0.019230769230769232,0.1169244662622146
13217,2021,1514.8695460050594,12,7.323084605988456,0.15171220190298573,10266.0,8433.0,76429.0,1833.0,84862.0,84862.0,0.021599773750324056,0.12097287360656124
13217,2022,1693.3782028183623,12,7.4344807492807385,0.11139614329228298,9723.0,8438.0,80123.0,1285.0,88561.0,88561.0,0.01450977292487664,0.10978873318955297
13217,2023,1756.3992591738427,12,7.471021116900775,0.03654036762003621,10028.0,8027.0,82709.0,2001.0,90736.0,90736.0,0.022052988890848176,0.11051842708517017
13217,2024,1792.105454912077,12,7.491146439410609,0.02012532250983412,,,,,,,,
13217,2025,1826.01029808294,12,7.5098887008339394,0.018742261423330575,,,,,,,,
13217,2026,1827.7025035437089,4,7.510814994537709,0.0009262937037695096,,,,,,,,
13219,2022,1895.29765849458,9,7.54713118090416,,3125.0,2413.0,34886.0,712.0,37299.0,37299.0,0.019088983618863777,0.08378240703504115
13219,2023,2027.8267231731427,11,7.614719918838363,0.06758873793420239,2692.0,2327.0,36698.0,365.0,39025.0,39025.0,0.009352978859705317,0.06898142216527867
13219,2024,2100.1152989989796,11,7.649747526489557,0.035027607651194614,,,,,,,,
13219,2025,2129.2589168983463,12,7.663529271824255,0.013781745334697781,,,,,,,,
13219,2026,2203.131084580914,4,7.697634847792412,0.034105575968157,,,,,,,,
13223,2019,1443.4699234246614,7,7.274805163018002,,,,,,,,,
13223,2020,1513.1186159882634,12,7.321928108592642,0.04712294557463981,15491.0,11978.0,126067.0,3513.0,138045.0,138045.0,0.02544822340541128,0.11221703067840197
13223,2021,1732.416930748305,12,7.457272782294509,0.13534467370186665,16114.0,12558.0,122936.0,3556.0,135494.0,135494.0,0.026244704562563656,0.11892777539964869
13223,2022,1898.0438761756093,12,7.548579095960428,0.09130631366591935,15426.0,12681.0,128541.0,2745.0,141222.0,141222.0,0.01943748141224455,0.10923227259208905
13223,2023,1963.7486806498102,12,7.582610517717185,0.03403142175675722,15197.0,12079.0,135286.0,3118.0,147365.0,147365.0,0.021158348318800257,0.10312489397075289
13223,2024,2010.0703308895363,12,7.605924990933275,0.023314473216089482,,,,,,,,
13223,2025,2060.131109851617,12,7.630524905317372,0.0245999143840967,,,,,,,,
13223,2026,2042.7226534027932,4,7.6220388310269,-0.00848607429047199,,,,,,,,
13227,2026,2400.0,1,7.783224016336037,,,,,,,,,
13233,2026,1197.5,1,7.08799132928507,,,,,,,,,
13245,2015,782.0395390757959,12,6.661905300745122,,,,,,,,,
13245,2016,809.6832029759488,12,6.696643063726923,0.03473776298180109,,,,,,,,
13245,2017,833.9584608689453,12,6.726183594006755,0.0295405302798315,,,,,,,,
13245,2018,870.7722123386383,12,6.769380418353582,0.043196824346827256,,,,,,,,
13245,2019,909.0096793772586,12,6.812355742500608,0.04297532414702587,,,,,,,,
13245,2020,973.2077327299077,12,6.880597556551771,0.06824181405116292,12601.0,14540.0,129586.0,-1939.0,144126.0,144126.0,-0.013453505960062723,0.08743044280698833
13245,2021,1098.5049797352567,12,7.001705425028097,0.12110786847632582,12652.0,13469.0,125938.0,-817.0,139407.0,139407.0,-0.00586053784960583,0.09075584439805749
13245,2022,1200.2570551367528,12,7.090291025449806,0.08858560042170982,12309.0,13355.0,129333.0,-1046.0,142688.0,142688.0,-0.007330679524557075,0.08626513792330119
13245,2023,1267.740280953663,12,7.144991288271191,0.054700262821384626,12748.0,13305.0,130823.0,-557.0,144128.0,144128.0,-0.0038646203374777975,0.08844915630550622
13245,2024,1299.0437862377742,12,7.169383723752836,0.02439243548164516,,,,,,,,
13245,2025,1364.5283494371324,12,7.218564116361391,0.04918039260855522,,,,,,,,
13245,2026,1361.5701284527277,4,7.2163938190155354,-0.0021702973458559427,,,,,,,,
13247,2015,875.6487022085036,12,6.774964985628274,,,,,,,,,
13247,2016,932.3998625904032,12,6.837761759789651,0.0627967741613773,,,,,,,,
13247,2017,984.4210151976944,12,6.892053666519114,0.05429190672946316,,,,,,,,
13247,2018,1049.497918480273,12,6.956067155914531,0.06401348939541673,,,,,,,,
13247,2019,1126.7134937070741,12,7.02706026140716,0.0709931054926285,,,,,,,,
13247,2020,1220.9579702516828,12,7.107391051119946,0.08033078971278673,8666.0,8468.0,60723.0,198.0,69191.0,69191.0,0.0028616438554147218,0.12524750328799988
13247,2021,1432.7512833644603,12,7.267351849166543,0.15996079804659669,8672.0,8082.0,57800.0,590.0,65882.0,65882.0,0.008955405118241704,0.13162927658541027
13247,2022,1591.3900704180166,12,7.372363171397776,0.105011322231233,8305.0,7610.0,59848.0,695.0,67458.0,67458.0,0.010302706869459515,0.12311364108037594
13247,2023,1662.1408778441562,12,7.415861735868947,0.04349856447117073,8232.0,7547.0,61491.0,685.0,69038.0,69038.0,0.009922071902430546,0.11923868014716534
13247,2024,1688.7809728965265,12,7.431762229829551,0.015900493960604223,,,,,,,,
13247,2025,1719.2187956526625,12,7.449625278058593,0.017863048229042278,,,,,,,,
13247,2026,1711.3696095157477,4,7.445049270151719,-0.004576007906874402,,,,,,,,
13255,2021,1109.3958109778548,4,7.011570831679135,,5157.0,4220.0,44138.0,937.0,48358.0,48358.0,0.019376318292733365,0.10664212746598288
13255,2022,1156.6244380877592,11,7.053261074748486,0.04169024306935043,5121.0,4301.0,46020.0,820.0,50321.0,50321.0,0.01629538363705014,0.10176665805528506
13255,2023,1225.540005493949,12,7.111136846657264,0.057875771908778795,4799.0,4170.0,47966.0,629.0,52136.0,52136.0,0.012064600276200706,0.09204772134417677
13255,2024,1261.279332794274,12,7.139881828320492,0.028744981663227698,,,,,,,,
13255,2025,1296.7306248823306,12,7.167601471829994,0.027719643509501957,,,,,,,,
13255,2026,1300.325143725915,4,7.170369622735593,0.0027681509055987874,,,,,,,,
13275,2024,1747.9183470453427,9,7.466180842907808,,,,,,,,,
13275,2025,1840.0150168637927,12,7.517529011908746,0.05134816900093764,,,,,,,,
13275,2026,1948.1109828463882,4,7.5746154552933485,0.05708644338460278,,,,,,,,
13281,2026,2450.0,1,7.803843303538772,,,,,,,,,
13285,2021,938.0124425388419,2,6.843763213885028,,3546.0,2988.0,46568.0,558.0,49556.0,49556.0,0.011259988699652917,0.07155541205908467
13285,2022,1052.8970882367958,12,6.959300775389041,0.11553756150401284,3494.0,3266.0,48639.0,228.0,51905.0,51905.0,0.004392640400732107,0.06731528754455254
13285,2023,1159.0982972951335,12,7.0553976519048645,0.09609687651582366,3572.0,3238.0,50128.0,334.0,53366.0,53366.0,0.0062586665667278794,0.06693400292320953
13285,2024,1240.2592805878523,12,7.123075733989568,0.06767808208470338,,,,,,,,
13285,2025,1275.2726049070036,12,7.150915242509101,0.027839508519533318,,,,,,,,
13285,2026,1299.3359650784328,4,7.169608616855349,0.01869337434624807,,,,,,,,
13295,2023,1290.8674540969978,8,7.163069716402291,,3871.0,3362.0,47167.0,509.0,50529.0,50529.0,0.01007342318272675,0.0766094717884779
13295,2024,1327.0061869927983,12,7.1906806967122945,0.027610980310003086,,,,,,,,
13295,2025,1354.089804801087,12,7.210884776827495,0.020204080115200362,,,,,,,,
13295,2026,1376.1069829608496,4,7.227013764715776,0.016128987888281543,,,,,,,,
13297,2021,1589.330940777405,1,7.371068414692599,,8933.0,5648.0,69965.0,3285.0,75613.0,75613.0,0.043444910266753074,0.11814106039966672
13297,2022,1686.3377327913092,12,7.430314434510308,0.05924601981770916,9331.0,6028.0,74389.0,3303.0,80417.0,80417.0,0.04107340487707823,0.11603267965728639
13297,2023,1791.5331067326342,12,7.490827016469671,0.06051258195936349,8401.0,5886.0,79546.0,2515.0,85432.0,85432.0,0.029438617848113118,0.09833551830695758
13297,2024,1871.0900565392758,12,7.53427645795341,0.043449441483738305,,,,,,,,
13297,2025,1928.4418805553225,12,7.564467640069609,0.030191182116199755,,,,,,,,
13297,2026,1935.9927149825485,4,7.5683755049072055,0.003907864837596087,,,,,,,,
13313,2024,1364.4302773175161,11,7.218492241237528,,,,,,,,,
13313,2025,1397.5438581378023,12,7.242471587819673,0.023979346582144956,,,,,,,,
13313,2026,1419.8800162530576,4,7.258327651428914,0.015856063609240856,,,,,,,,
15001,2021,1936.2781527829818,4,7.5685229314745595,,8259.0,6035.0,143716.0,2224.0,149751.0,149751.0,0.014851319857630333,0.05515155157561552
15001,2022,2137.738288727853,12,7.667503674704068,0.09898074322950823,7607.0,6230.0,147334.0,1377.0,153564.0,153564.0,0.008966945377822928,0.04953634966528613
15001,2023,2302.297427836968,12,7.741662785035162,0.07415911033109435,6986.0,6052.0,150179.0,934.0,156231.0,156231.0,0.00597832696455889,0.04471583744583341
15001,2024,2472.973327426403,12,7.813176481950273,0.07151369691511089,,,,,,,,
15001,2025,2590.6906715468435,12,7.85967978769475,0.04650330574447725,,,,,,,,
15001,2026,2697.5466497916022,3,7.900097990696046,0.040418203001295616,,,,,,,,
15003,2015,1972.9587695921698,12,7.587289608486559,,,,,,,,,
15003,2016,2011.3192625924603,12,7.606546135298449,0.019256526811889607,,,,,,,,
15003,2017,2053.4570915521595,12,7.627280037902998,0.020733902604549215,,,,,,,,
15003,2018,2092.736029211245,12,7.646227593713914,0.018947555810916228,,,,,,,,
15003,2019,2144.2121188813494,12,7.670527453342251,0.024299859628336584,,,,,,,,
15003,2020,2157.2243720750384,12,7.676577661412897,0.006050208070646157,38742.0,50140.0,786322.0,-11398.0,836462.0,836462.0,-0.013626440890321377,0.046316509297493494
15003,2021,2308.7957005078188,12,7.74448132579846,0.06790366438556283,35689.0,48541.0,734861.0,-12852.0,783402.0,783402.0,-0.01640537042284804,0.04555643207446496
15003,2022,2467.1858923451578,12,7.810833465269473,0.0663521394710136,36663.0,46256.0,743950.0,-9593.0,790206.0,790206.0,-0.012139872387706497,0.04639676236323187
15003,2023,2558.70904157675,12,7.847258129647285,0.036424664377811666,36388.0,42655.0,755775.0,-6267.0,798430.0,798430.0,-0.007849153964655636,0.045574439838182434
15003,2024,2661.749233739097,12,7.886738792316059,0.03948066266877426,,,,,,,,
15003,2025,2787.0823106699063,12,7.932750560834822,0.04601176851876243,,,,,,,,
15003,2026,2869.606453933092,4,7.961930175286178,0.029179614451356528,,,,,,,,
15007,2025,4393.412539372006,11,8.387861547914493,,,,,,,,,
15007,2026,4598.261125839834,4,8.433433494889305,0.04557194697481215,,,,,,,,
15009,2020,2193.6464578197347,1,7.6933204873856305,,5608.0,5470.0,133286.0,138.0,138756.0,138756.0,0.0009945515869584018,0.040416270287410995
15009,2021,2636.4015015493746,12,7.877170198723758,0.18384971133812744,5167.0,5754.0,126309.0,-587.0,132063.0,132063.0,-0.004444848292103011,0.039125265971543886
15009,2022,3026.748922895959,12,8.015244359726205,0.1380741610024474,4974.0,5530.0,127037.0,-556.0,132567.0,132567.0,-0.004194105622062806,0.03752064993550431
15009,2023,3225.783407719015,12,8.078931116852461,0.0636867571262556,4448.0,5665.0,127350.0,-1217.0,133015.0,133015.0,-0.00914934405894072,0.033439837612299364
15009,2024,3501.175499780889,12,8.160854048170394,0.08192293131793349,,,,,,,,
15009,2025,3466.792391461074,12,8.15098506257135,-0.009868985599045033,,,,,,,,
15009,2026,3486.351547550734,4,8.156611066534907,0.005626003963557835,,,,,,,,
16001,2015,937.3557675764114,12,6.843062898090267,,,,,,,,,
16001,2016,995.4101584758322,12,6.903154871793147,0.06009197370288,,,,,,,,
16001,2017,1067.8177683025863,12,6.973372376031206,0.07021750423805884,,,,,,,,
16001,2018,1153.7356287202317,12,7.050760329592339,0.07738795356113304,,,,,,,,
16001,2019,1239.4681266985874,12,7.122437636500477,0.07167730690813823,,,,,,,,
16001,2020,1323.0582870724481,12,7.187701219888589,0.06526358338811189,34280.0,23601.0,388358.0,10679.0,411959.0,411959.0,0.02592248257714967,0.08321216431732284
16001,2021,1587.860768443821,12,7.3701429606608215,0.18244174077223274,32531.0,26614.0,376829.0,5917.0,403443.0,403443.0,0.014666260165624388,0.08063344759978486
16001,2022,1722.9371830957446,12,7.451785777996665,0.08164281733584389,29519.0,26226.0,394506.0,3293.0,420732.0,420732.0,0.007826835134955268,0.07016105264158656
16001,2023,1725.9457835136166,12,7.453530459512484,0.0017446815158184137,28490.0,24490.0,411652.0,4000.0,436142.0,436142.0,0.0091713249354568,0.06532276185279107
16001,2024,1758.3188073026522,12,7.472113408392357,0.018582948879872774,,,,,,,,
16001,2025,1804.5692958699644,12,7.498077225046799,0.025963816654442695,,,,,,,,
16001,2026,1837.015532554714,4,7.515897540571166,0.017820315524367025,,,,,,,,
16005,2022,1013.9476858012946,12,6.921606590908282,,4399.0,3907.0,66216.0,492.0,70123.0,70123.0,0.007016242887497683,0.06273262695549249
16005,2023,1047.5915117153306,12,6.954249009999862,0.032642419091580166,3946.0,3966.0,68420.0,-20.0,72386.0,72386.0,-0.0002762965214267952,0.0545133036775067
16005,2024,1079.1432792269743,12,6.983922745346059,0.029673735346197105,,,,,,,,
16005,2025,1123.1673420408272,12,7.023907957030485,0.03998521168442615,,,,,,,,
16005,2026,1122.1475020135265,4,7.022999540912243,-0.0009084161182419948,,,,,,,,
16011,2024,1038.8287288573342,8,6.945849135218014,,,,,,,,,
16011,2025,1062.9354084606546,11,6.968789613053305,0.022940477835291517,,,,,,,,
16011,2026,1105.2584386616145,4,7.007834467747656,0.039044854694350484,,,,,,,,
16013,2026,2817.0,1,7.943427767876373,,,,,,,,,
16017,2025,1967.055895883311,10,7.5842932348044805,,,,,,,,,
16017,2026,1988.2151652459568,4,7.594992613374926,0.010699378570445894,,,,,,,,
16019,2015,709.1709586510971,11,6.564096623913064,,,,,,,,,
16019,2016,738.6788772290662,12,6.604863289607201,0.04076666569413767,,,,,,,,
16019,2017,787.3113081773103,12,6.668623733325313,0.0637604437181114,,,,,,,,
16019,2018,847.2346478376772,12,6.741977690332053,0.07335395700674052,,,,,,,,
16019,2019,909.1067600566461,12,6.812462535088116,0.07048484475606287,,,,,,,,
16019,2020,988.1638201184136,12,6.895848493839387,0.08338595875127108,9076.0,6890.0,104510.0,2186.0,111400.0,111400.0,0.019622980251346497,0.0814721723518851
16019,2021,1173.8751603269818,12,7.068065657704031,0.17221716386464347,8319.0,6918.0,97327.0,1401.0,104245.0,104245.0,0.013439493500887332,0.07980238860376997
16019,2022,1320.1406837882134,12,7.185493588528753,0.11742793082472236,7928.0,7023.0,101463.0,905.0,108486.0,108486.0,0.008342090223623325,0.07307855391479084
16019,2023,1337.5847549110483,12,7.198620844920278,0.013127256391524789,7436.0,6542.0,105945.0,894.0,112487.0,112487.0,0.007947585054272939,0.06610541662592122
16019,2024,1370.7067142904577,12,7.223081735664426,0.024460890744148145,,,,,,,,
16019,2025,1389.403475849141,12,7.23662977994641,0.013548044281984417,,,,,,,,
16019,2026,1404.9405118448128,4,7.247750240547493,0.011120460601082627,,,,,,,,
16027,2015,758.3975405852972,12,6.6312077080364205,,,,,,,,,
16027,2016,820.0812935865038,12,6.709403473864527,0.07819576582810672,,,,,,,,
16027,2017,887.6209895464548,12,6.788544838307518,0.07914136444299125,,,,,,,,
16027,2018,969.7762485569556,12,6.877065373297878,0.0885205349903595,,,,,,,,
16027,2019,1052.8014058066553,12,6.959209895872835,0.08214452257495708,,,,,,,,
16027,2020,1127.3607000145694,12,7.027634516085274,0.068424620212439,19126.0,12637.0,179874.0,6489.0,192511.0,192511.0,0.033707164785388884,0.09935016700344396
16027,2021,1342.9057285898516,12,7.2025909994130535,0.17495648332777947,19386.0,12932.0,174946.0,6454.0,187878.0,187878.0,0.03435207954097872,0.10318398109411427
16027,2022,1497.349814895245,12,7.311452034406077,0.10886103499302369,17781.0,12973.0,186059.0,4808.0,199032.0,199032.0,0.024156919490333214,0.08933739298203304
16027,2023,1515.8631501248312,12,7.323740291761496,0.012288257355418608,16625.0,12465.0,196697.0,4160.0,209162.0,209162.0,0.01988888995132959,0.07948384505789771
16027,2024,1545.2013216463602,12,7.342909486115576,0.019169194354080155,,,,,,,,
16027,2025,1588.806944409219,12,7.37073866413308,0.027829178017504397,,,,,,,,
16027,2026,1619.9625713411965,4,7.390158323849153,0.019419659716072957,,,,,,,,
16039,2024,1360.157644374,2,7.215355886993358,,,,,,,,,
16039,2025,1407.3036552588412,12,7.2494308513549655,0.03407496436160784,,,,,,,,
16039,2026,1470.581281701404,4,7.293413031339897,0.04398217998493159,,,,,,,,
16045,2026,1547.5,1,7.344396004558751,,,,,,,,,
16051,2026,1427.625693860253,3,7.263767989394821,,,,,,,,,
16053,2026,1545.0,1,7.3427791893318455,,,,,,,,,
16055,2017,996.9272681203405,11,6.904677816568949,,,,,,,,,
16055,2018,1063.7380978714314,12,6.969544490984971,0.06486667441602201,,,,,,,,
16055,2019,1136.3911696622538,12,7.03561287950128,0.06606838851630936,,,,,,,,
16055,2020,1235.974000843786,12,7.119614602880368,0.08400172337908796,14251.0,8000.0,136887.0,6251.0,144887.0,144887.0,0.04314396736767274,0.09835941112729231
16055,2021,1548.9371463925524,12,7.3453242627004816,0.22570965982011337,13708.0,9141.0,133296.0,4567.0,142437.0,142437.0,0.03206329815988823,0.09623903901373941
16055,2022,1692.7047811898954,12,7.4340829907848445,0.08875872808436291,11884.0,9236.0,140681.0,2648.0,149917.0,149917.0,0.017663106919161935,0.07927052969309685
16055,2023,1659.7097609118255,12,7.414398023239599,-0.019684967545245513,10002.0,8217.0,147726.0,1785.0,155943.0,155943.0,0.011446490063677112,0.06413881995344453
16055,2024,1695.4430215578514,12,7.435699355314104,0.02130133207450502,,,,,,,,
16055,2025,1724.4291636002815,12,7.452651355047459,0.016951999733355372,,,,,,,,
16055,2026,1735.88805615723,4,7.45927440936073,0.006623054313270593,,,,,,,,
16057,2024,1021.9999775308561,12,6.929516748778186,,,,,,,,,
16057,2025,1095.4408122114953,12,6.998912129471428,0.06939538069324236,,,,,,,,
16057,2026,1144.666638990882,4,7.042868728611281,0.04395659913985295,,,,,,,,
16065,2021,933.7790830909036,11,6.839239882511813,,4045.0,5136.0,25187.0,-1091.0,30323.0,30323.0,-0.03597928964812189,0.1333970913168222
16065,2022,1087.169192530434,12,6.991332525910828,0.15209264339901463,4108.0,5461.0,27026.0,-1353.0,32487.0,32487.0,-0.04164742820205005,0.12645058023209282
16065,2023,1116.9904522502598,12,7.018393251360565,0.027060725449737255,4346.0,5495.0,28917.0,-1149.0,34412.0,34412.0,-0.03338951528536557,0.12629315355108683
16065,2024,1133.879560528335,12,7.033400271000295,0.015007019639730501,,,,,,,,
16065,2025,1158.5529498477856,12,7.0549270483504385,0.021526777350143078,,,,,,,,
16065,2026,1180.1754000462743,4,7.073418350520282,0.01849130216984385,,,,,,,,
16069,2025,1204.430209345427,1,7.093761878778428,,,,,,,,,
16069,2026,1220.9040757195266,4,7.107346908960275,0.013585030181847202,,,,,,,,
16075,2025,1680.6231102153597,1,7.4269199025690105,,,,,,,,,
16075,2026,1738.4856805596341,4,7.460769714749993,0.03384981218098293,,,,,,,,
16081,2026,2637.9902579224,2,7.877772640291821,,,,,,,,,
16083,2022,1423.94525947906,8,7.261186649855968,,5122.0,4233.0,70757.0,889.0,74990.0,74990.0,0.011854913988531805,0.06830244032537672
16083,2023,1478.5090548726027,12,7.298789463638068,0.037602813782100064,4875.0,4135.0,73886.0,740.0,78021.0,78021.0,0.009484625934043398,0.062483177606029144
16083,2024,1530.4354923849485,12,7.333307609431188,0.03451814579312007,,,,,,,,
16083,2025,1572.339944000989,12,7.360320198975125,0.02701258954393726,,,,,,,,
16083,2026,1593.6894518122658,4,7.373807017165304,0.01348681819017905,,,,,,,,
17001,2024,885.3197430937593,7,6.7859488713891905,,,,,,,,,
17001,2025,959.6946259789019,12,6.866615135919357,0.08066626453016656,,,,,,,,
17001,2026,1012.1515957248919,4,6.919833636775915,0.053218500856558215,,,,,,,,
17007,2026,2056.25,1,7.628639214513682,,,,,,,,,
17011,2026,1175.0,1,7.069023426578259,,,,,,,,,
17019,2015,879.127549529083,12,6.778929994699715,,,,,,,,,
17019,2016,887.641111832041,12,6.7885675079579,0.00963751325818496,,,,,,,,
17019,2017,913.1202187764538,12,6.816867546380596,0.028300038422695906,,,,,,,,
17019,2018,933.2310907922798,12,6.83865285591493,0.021785309534333663,,,,,,,,
17019,2019,969.1637292791202,12,6.87643356488172,0.03778070896678987,,,,,,,,
17019,2020,987.7803078174794,12,6.895460312513481,0.019026747631761154,7806.0,9661.0,137535.0,-1855.0,147196.0,147196.0,-0.012602244626212669,0.053031332373162314
17019,2021,1031.196446301362,12,6.938475005441152,0.04301469292767113,7695.0,9350.0,132761.0,-1655.0,142111.0,142111.0,-0.011645826149981352,0.054147814032692754
17019,2022,1130.4039794287726,12,7.030330351736355,0.09185534629520298,7598.0,10033.0,133979.0,-2435.0,144012.0,144012.0,-0.016908313196122546,0.05275949226453351
17019,2023,1191.6641658035383,12,7.083106067831395,0.052775716095039726,7296.0,9405.0,136836.0,-2109.0,146241.0,146241.0,-0.014421400291299978,0.049890249656389114
17019,2024,1271.0686656956832,12,7.147613294667755,0.06450722683636023,,,,,,,,
17019,2025,1347.6416326549477,12,7.206111404981391,0.05849811031363572,,,,,,,,
17019,2026,1382.882992939706,4,7.2319257242821156,0.025814319300724975,,,,,,,,
17029,2026,766.6594249213441,4,6.6420426674497515,,,,,,,,,
17031,2015,1489.097796393308,12,7.305925709770545,,,,,,,,,
17031,2016,1534.4133117726612,12,7.335903379647238,0.02997766987669337,,,,,,,,
17031,2017,1572.2252104874326,12,7.3602472263967424,0.024343846749504294,,,,,,,,
17031,2018,1607.477793342746,12,7.382421641610598,0.02217441521385588,,,,,,,,
17031,2019,1651.6344680367938,12,7.409520663276366,0.02709902166576761,,,,,,,,
17031,2020,1655.7518825878162,12,7.412010494364482,0.00248983108811629,114715.0,188520.0,4053549.0,-73805.0,4242069.0,4242069.0,-0.017398349720384086,0.02704222868604919
17031,2021,1692.7783589278395,12,7.434126457395021,0.0221159630305392,107740.0,193426.0,3766014.0,-85686.0,3959440.0,3959440.0,-0.02164093912270422,0.02721091871577799
17031,2022,1851.174006056531,12,7.523575314668685,0.08944885727366358,114360.0,183546.0,3811801.0,-69186.0,3995347.0,3995347.0,-0.01731664358565101,0.028623296049129148
17031,2023,1965.9287112078594,12,7.583720039219489,0.06014472455080355,119132.0,159992.0,3849264.0,-40860.0,4009256.0,4009256.0,-0.010191417060921028,0.029714241245757316
17031,2024,2061.252353076246,12,7.631069015450475,0.04734897623098622,,,,,,,,
17031,2025,2180.055226608107,12,7.687105488768723,0.05603647331824835,,,,,,,,
17031,2026,2250.9793884235114,4,7.719120684233762,0.03201519546503917,,,,,,,,
17037,2016,771.1495562412018,12,6.64788233171877,,,,,,,,,
17037,2017,790.6659285864838,12,6.672875537958114,0.02499320623934409,,,,,,,,
17037,2018,813.64628937646,12,6.701525737629758,0.028650199671644394,,,,,,,,
17037,2019,839.133177785592,12,6.732369427822143,0.030843690192384976,,,,,,,,
17037,2020,887.0211926058699,12,6.787868874477226,0.055499446655082885,5274.0,6078.0,75914.0,-804.0,81992.0,81992.0,-0.009805834715582008,0.0643233486193775
17037,2021,920.758873208802,12,6.825198192214718,0.03732931773749204,5084.0,5528.0,72728.0,-444.0,78256.0,78256.0,-0.005673686362707013,0.0649662645675731
17037,2022,1003.9859329587788,12,6.911733289156287,0.08653509694156902,5031.0,5388.0,74130.0,-357.0,79518.0,79518.0,-0.004489549535954124,0.0632686938806308
17037,2023,1057.8988646486603,12,6.964040016779808,0.052306727623521176,5048.0,5030.0,76484.0,18.0,81514.0,81514.0,0.0002208209632701131,0.06192801236597394
17037,2024,1115.6890800333506,12,7.017227502003822,0.05318748522401329,,,,,,,,
17037,2025,1189.5742446148747,12,7.081350744453328,0.06412324244950618,,,,,,,,
17037,2026,1252.026097452912,4,7.13251839605375,0.051167651600422026,,,,,,,,
17043,2015,1314.3238847634723,12,7.181077656314901,,,,,,,,,
17043,2016,1348.108726961025,12,7.206457946202528,0.025380289887626972,,,,,,,,
17043,2017,1383.5730144116933,12,7.2324245729784,0.025966626775871582,,,,,,,,
17043,2018,1419.3442629996941,12,7.257950257319095,0.025525684340695243,,,,,,,,
17043,2019,1453.7173035605458,12,7.281879212478,0.023928955158904586,,,,,,,,
17043,2020,1490.6466560890578,12,7.30696530216509,0.025086089687090585,47294.0,54384.0,791816.0,-7090.0,846200.0,846200.0,-0.008378633892696762,0.05588986055306074
17043,2021,1592.6286331114873,12,7.373141158508573,0.06617585634348266,46458.0,54346.0,739114.0,-7888.0,793460.0,793460.0,-0.00994126988127946,0.05855115569782976
17043,2022,1753.9717664749935,12,7.469638076152059,0.09649691764348578,45215.0,51530.0,758706.0,-6315.0,810236.0,810236.0,-0.00779402544443841,0.05580472849885712
17043,2023,1858.1060191627396,12,7.527312978651545,0.05767490249948626,40889.0,45947.0,776685.0,-5058.0,822632.0,822632.0,-0.006148557313598304,0.049705092921257625
17043,2024,1960.630124025988,12,7.581021192407126,0.05370821375558066,,,,,,,,
17043,2025,2049.310675221894,12,7.625258759596412,0.04423756718928651,,,,,,,,
17043,2026,2081.4563092567178,4,7.640823076386736,0.015564316790324106,,,,,,,,
17063,2025,1398.8576115920498,10,7.2434111907809235,,,,,,,,,
17063,2026,1424.563565240579,4,7.261620775785903,0.018209585004979267,,,,,,,,
17077,2022,649.841943164782,2,6.476729168958562,,2537.0,2918.0,33137.0,-381.0,36055.0,36055.0,-0.010567189016779919,0.07036472056580224
17077,2023,657.0386443120647,12,6.487742836103473,0.011013667144910144,2341.0,2706.0,33715.0,-365.0,36421.0,36421.0,-0.010021690782790148,0.06427610444523764
17077,2024,687.1197197809133,11,6.532508541641076,0.044765705537603395,,,,,,,,
17077,2025,710.915773366842,12,6.566553960573439,0.03404541893236335,,,,,,,,
17077,2026,729.9649847358857,4,6.592996566876801,0.026442606303361593,,,,,,,,
17081,2026,750.0,1,6.620073206530356,,,,,,,,,
17089,2015,1287.271897501074,12,7.160280449852509,,,,,,,,,
17089,2016,1319.4578338619513,12,7.1849761992841925,0.02469574943168329,,,,,,,,
17089,2017,1354.40989901369,12,7.211121139573736,0.026144940289543506,,,,,,,,
17089,2018,1393.231658269139,12,7.239381261653957,0.028260122080220995,,,,,,,,
17089,2019,1434.9859397551425,12,7.26891033006568,0.029529068411722648,,,,,,,,
17089,2020,1473.081606709078,12,7.295111816631392,0.02620148656571253,26817.0,28180.0,436165.0,-1363.0,464345.0,464345.0,-0.0029353174902281708,0.05775231778096028
17089,2021,1583.0430369791713,12,7.367104246485029,0.07199242985363696,25676.0,27313.0,408147.0,-1637.0,435460.0,435460.0,-0.0037592430992513665,0.058962935746107566
17089,2022,1743.3514440418203,12,7.463564656888612,0.09646041040358266,24840.0,25922.0,421058.0,-1082.0,446980.0,446980.0,-0.0024206899637567677,0.05557295628439751
17089,2023,1872.0138025069143,12,7.534770030144391,0.07120537325577914,22344.0,23225.0,432103.0,-881.0,455328.0,455328.0,-0.0019348689296507134,0.049072317098882566
17089,2024,1988.379225059375,12,7.595075126096822,0.06030509595243139,,,,,,,,
17089,2025,2097.930708646478,12,7.6487067610735915,0.05363163497676915,,,,,,,,
17089,2026,2124.8388260686743,4,7.661451231926104,0.01274447085251218,,,,,,,,
17091,2021,992.151148546874,10,6.899875463164895,,3754.0,3949.0,80327.0,-195.0,84276.0,84276.0,-0.0023138260002847784,0.04454411694907209
17091,2022,1071.5220288934197,12,6.9768353736322295,0.07695991046733486,3483.0,3850.0,81310.0,-367.0,85160.0,85160.0,-0.004309534992954439,0.04089948332550493
17091,2023,1140.8076386379119,12,7.039491745498337,0.06265637186610729,3605.0,3592.0,82968.0,13.0,86560.0,86560.0,0.000150184842883549,0.041647412199630314
17091,2024,1220.0233916419431,12,7.106625311020496,0.06713356552215899,,,,,,,,
17091,2025,1286.5068449102198,12,7.159685952275247,0.05306064125475096,,,,,,,,
17091,2026,1313.651113032654,4,7.180565648593306,0.020879696318059082,,,,,,,,
17093,2015,1464.4029721113077,12,7.289202910820167,,,,,,,,,
17093,2016,1512.0035542853093,12,7.321190907454513,0.031987996634345706,,,,,,,,
17093,2017,1547.9641912572345,12,7.3446959216193495,0.023505014164836524,,,,,,,,
17093,2018,1604.9097455488125,12,7.380822800680044,0.03612687906069478,,,,,,,,
17093,2019,1652.9055513543979,12,7.410289958471965,0.02946715779192033,,,,,,,,
17093,2020,1705.311853436863,12,7.441503278234054,0.031213319762089853,10874.0,8760.0,110974.0,2114.0,119734.0,119734.0,0.01765580369819767,0.09081797985534602
17093,2021,1849.4812822373044,12,7.5226604907764765,0.08115721254242203,10540.0,8916.0,106525.0,1624.0,115441.0,115441.0,0.014067792205542225,0.09130205039803882
17093,2022,2009.6670890615233,12,7.605724360002824,0.0830638692263479,9985.0,8206.0,111917.0,1779.0,120123.0,120123.0,0.014809819934567068,0.08312313212290735
17093,2023,2193.127013062565,12,7.693083664233924,0.08735930423110005,8943.0,7366.0,117526.0,1577.0,124892.0,124892.0,0.012626909649937547,0.07160586746949364
17093,2024,2317.3662209379763,12,7.748186570180718,0.05510290594679379,,,,,,,,
17093,2025,2405.755821848184,12,7.785619404205809,0.03743283402509068,,,,,,,,
17093,2026,2439.8747794600467,4,7.799701997076913,0.01408259287110436,,,,,,,,
17097,2015,1287.381930789207,12,7.1603659240914075,,,,,,,,,
17097,2016,1312.4602439795854,12,7.17965870370575,0.019292779614342948,,,,,,,,
17097,2017,1347.3458303422265,12,7.205891884617775,0.026233180912024423,,,,,,,,
17097,2018,1389.6561705940155,12,7.2368116362415025,0.03091975162372762,,,,,,,,
17097,2019,1422.219926288962,12,7.259974258242113,0.023162622000610256,,,,,,,,
17097,2020,1460.96061277838,12,7.286849452303368,0.026875194061255492,31060.0,33163.0,595842.0,-2103.0,629005.0,629005.0,-0.003343375648842219,0.04937957567904866
17097,2021,1560.1160970227338,12,7.352515518642884,0.06566606633951544,31583.0,33515.0,559934.0,-1932.0,593449.0,593449.0,-0.0032555451268769515,0.05321940048765774
17097,2022,1729.5038870475773,12,7.455589875872574,0.1030743572296906,29584.0,32309.0,574575.0,-2725.0,606884.0,606884.0,-0.004490149682641164,0.048747371820644474
17097,2023,1842.6762295792605,12,7.51897426647971,0.06338439060713608,26119.0,29155.0,588596.0,-3036.0,617751.0,617751.0,-0.004914601514202324,0.04228078950904167
17097,2024,1951.4715428596326,12,7.576339004326099,0.05736473784638907,,,,,,,,
17097,2025,2067.492682044209,12,7.634091887372457,0.05775288304635762,,,,,,,,
17097,2026,2112.4879001827317,4,7.655621631490774,0.021529744118317318,,,,,,,,
17099,2024,1134.3658899792704,7,7.0338290865487,,,,,,,,,
17099,2025,1181.9881164746596,12,7.074953144171562,0.041124057622861976,,,,,,,,
17099,2026,1224.1650509414185,4,7.110014299521803,0.03506115535024179,,,,,,,,
17109,2026,801.8107441964881,2,6.686872600214022,,,,,,,,,
17111,2015,1266.8934036927392,12,7.1443230439425776,,,,,,,,,
17111,2016,1296.8007108436211,12,7.167655518573399,0.023332474630821665,,,,,,,,
17111,2017,1339.0441686260785,12,7.199711331425015,0.03205581285161596,,,,,,,,
17111,2018,1380.6722805916977,12,7.230325819376472,0.030614487951456937,,,,,,,,
17111,2019,1424.0328448023556,12,7.261248156876118,0.030922337499645458,,,,,,,,
17111,2020,1474.5469680985268,12,7.296106081324501,0.034857924448383315,15739.0,15111.0,266151.0,628.0,281262.0,281262.0,0.0022327936230276397,0.05595850132616564
17111,2021,1586.6002209176488,12,7.369348780107556,0.073242698783055,15955.0,14974.0,252866.0,981.0,267840.0,267840.0,0.0036626344086021505,0.05956914575866189
17111,2022,1720.4613116114426,12,7.450347738272379,0.08099895816482316,15037.0,14119.0,260304.0,918.0,274423.0,274423.0,0.003345200657379301,0.054794969809381866
17111,2023,1831.0947556340668,12,7.512669294091394,0.06232155581901466,13525.0,12325.0,269739.0,1200.0,282064.0,282064.0,0.00425435362187305,0.047950110613194166
17111,2024,1979.092420193988,12,7.5903936449638705,0.07772435087247676,,,,,,,,
17111,2025,2078.7836928662023,12,7.639538238609677,0.04914459364580637,,,,,,,,
17111,2026,2136.7724007781226,4,7.66705174556582,0.02751350695614274,,,,,,,,
17113,2016,805.0075817945523,5,6.690851695752537,,,,,,,,,
17113,2017,824.5580916730061,12,6.714847596367906,0.02399590061536916,,,,,,,,
17113,2018,834.6432673831349,12,6.72700440887353,0.012156812505623726,,,,,,,,
17113,2019,860.2451785984239,11,6.7572174400102405,0.03021303113671081,,,,,,,,
17113,2020,906.8516523390157,12,6.809978878126078,0.05276143811583722,6403.0,7389.0,130191.0,-986.0,137580.0,137580.0,-0.007166739351649949,0.0465401947957552
17113,2021,986.723771401037,12,6.8943901333951905,0.08441125526911275,6329.0,7071.0,125258.0,-742.0,132329.0,132329.0,-0.005607236509004073,0.047827762621949835
17113,2022,1147.595403491,12,7.0454240787759055,0.15103394538071502,6213.0,7327.0,126920.0,-1114.0,134247.0,134247.0,-0.008298137016097194,0.04628036380701245
17113,2023,1229.5332836968396,12,7.114389932210406,0.06896585343450035,5919.0,6998.0,129370.0,-1079.0,136368.0,136368.0,-0.007912413469435645,0.04340461105244632
17113,2024,1333.9194343301583,12,7.195876830596421,0.0814868983860153,,,,,,,,
17113,2025,1389.2998459257772,12,7.236555191254196,0.040678360657774526,,,,,,,,
17113,2026,1412.3070948352156,4,7.252979883665895,0.016424692411699304,,,,,,,,
17115,2023,860.5503763445658,12,6.757572157046167,,2935.0,3417.0,76327.0,-482.0,79744.0,79744.0,-0.006044341894060995,0.03680527688603531
17115,2024,936.0429034090943,12,6.841661312402638,0.08408915535647132,,,,,,,,
17115,2025,1010.5242602336779,12,6.918224544703607,0.07656323230096884,,,,,,,,
17115,2026,1034.799263124902,4,6.941962738217401,0.023738193513794137,,,,,,,,
17119,2015,709.4649828030217,11,6.5645111406295,,,,,,,,,
17119,2016,732.5521548503043,12,6.596534539517365,0.03202339888786554,,,,,,,,
17119,2017,752.1683779540512,12,6.622960205740233,0.026425666222867683,,,,,,,,
17119,2018,772.7057597303736,12,6.649898328943559,0.026938123203326114,,,,,,,,
17119,2019,790.1828759744807,12,6.672264407247013,0.022366078303454273,,,,,,,,
17119,2020,815.6760896295204,12,6.704017327175573,0.03175291992856,9487.0,10295.0,207615.0,-808.0,217910.0,217910.0,-0.0037079528245605982,0.04353632233490891
17119,2021,858.9563558721667,12,6.755718112628484,0.05170078545291101,9512.0,9788.0,200381.0,-276.0,210169.0,210169.0,-0.001313228877712698,0.045258815524649214
17119,2022,941.8550635653652,12,6.847851402404641,0.09213328977615642,9306.0,9499.0,203144.0,-193.0,212643.0,212643.0,-0.0009076245162079166,0.043763490921403476
17119,2023,1003.2952281686415,12,6.911045089784147,0.06319368737950626,9142.0,8755.0,207020.0,387.0,215775.0,215775.0,0.0017935349322210636,0.042368207623682076
17119,2024,1057.2486883320896,12,6.963425235710627,0.052380145926480104,,,,,,,,
17119,2025,1106.3971244107781,12,7.008864181296898,0.04543894558627137,,,,,,,,
17119,2026,1132.8904777268724,4,7.032527590624658,0.023663409327759233,,,,,,,,
17133,2026,1041.25,1,6.948177193481053,,,,,,,,,
17143,2016,687.3837540901557,9,6.5328927302844795,,,,,,,,,
17143,2017,688.2815453455345,12,6.534197977110446,0.001305246825966222,,,,,,,,
17143,2018,693.1775698103735,12,6.541286199860311,0.007088222749865203,,,,,,,,
17143,2019,717.7377269765233,12,6.576104219553723,0.034818019693411806,,,,,,,,
17143,2020,749.5820848778249,12,6.619515831062605,0.04341161150888251,7201.0,9303.0,142601.0,-2102.0,151904.0,151904.0,-0.013837686960185381,0.04740493996208132
17143,2021,797.7574196648729,12,6.681804565854522,0.06228873479191677,7040.0,9069.0,135386.0,-2029.0,144455.0,144455.0,-0.01404589664601433,0.04873490014191271
17143,2022,881.6610324160192,12,6.781807665149451,0.10000309929492879,7193.0,8478.0,136002.0,-1285.0,144480.0,144480.0,-0.008893964562569214,0.04978543743078627
17143,2023,971.577918691533,12,6.8789214701216475,0.09711380497219668,7024.0,7500.0,138616.0,-476.0,146116.0,146116.0,-0.0032576856743956857,0.04807139532973802
17143,2024,1039.4871965487755,12,6.946482790289819,0.06756132016817151,,,,,,,,
17143,2025,1106.3352720279497,12,7.008808275410634,0.06232548512081504,,,,,,,,
17143,2026,1140.1002580878876,4,7.038871483212675,0.030063207802040637,,,,,,,,
17161,2021,830.7683675987173,12,6.72235101664869,,5164.0,6021.0,108100.0,-857.0,114121.0,114121.0,-0.007509573172334627,0.0452502168750712
17161,2022,898.389692921502,12,6.800603930653058,0.07825291400436818,4962.0,5958.0,108203.0,-996.0,114161.0,114161.0,-0.008724520633140914,0.0434649311060695
17161,2023,929.652269371362,12,6.834810612326047,0.03420668167298846,5096.0,5582.0,109031.0,-486.0,114613.0,114613.0,-0.004240356678561769,0.0444626700287053
17161,2024,987.8312585031563,12,6.895511892172718,0.06070127984667106,,,,,,,,
17161,2025,1022.7779564799803,12,6.930277691053358,0.03476579888064002,,,,,,,,
17161,2026,1039.4051084933824,3,6.946403817410621,0.016126126357263182,,,,,,,,
17163,2015,790.0203908594746,12,6.672058756342488,,,,,,,,,
17163,2016,804.487075488462,12,6.690204901031124,0.018146144688635957,,,,,,,,
17163,2017,825.3258761132494,12,6.715778309691578,0.025573408660454433,,,,,,,,
17163,2018,849.9351888543505,12,6.7451600981706585,0.02938178847908013,,,,,,,,
17163,2019,880.4344044429281,12,6.780415427083831,0.03525532891317251,,,,,,,,
17163,2020,915.0957681619674,12,6.819028724456446,0.03861329737261521,11965.0,12949.0,197999.0,-984.0,210948.0,210948.0,-0.004664656692644633,0.056720139560460396
17163,2021,990.3312549515898,12,6.89803948812342,0.07901076366697346,11219.0,12705.0,189080.0,-1486.0,201785.0,201785.0,-0.007364273855836658,0.05559878088064028
17163,2022,1083.9649714042826,12,6.988380867274785,0.09034137915136498,11054.0,12150.0,190393.0,-1096.0,202543.0,202543.0,-0.005411196634788662,0.054576065329337474
17163,2023,1153.2598989457433,12,7.050347905922222,0.061967038647437356,10482.0,11318.0,192773.0,-836.0,204091.0,204091.0,-0.00409621198386994,0.051359442601584586
17163,2024,1229.802421926186,12,7.114608802883332,0.06426089696110981,,,,,,,,
17163,2025,1307.035260475369,12,7.17551669143581,0.060907888552478084,,,,,,,,
17163,2026,1338.3886665391433,4,7.199221681719205,0.023704990283395233,,,,,,,,
17167,2016,727.1072442210659,7,6.589073982776598,,,,,,,,,
17167,2017,737.8411507677682,12,6.6037285585703005,0.014654575793702662,,,,,,,,
17167,2018,750.5801890262807,12,6.620846492835793,0.01711793426549235,,,,,,,,
17167,2019,772.8257094231088,12,6.6500535502319895,0.029207057396196667,,,,,,,,
17167,2020,796.8703541692339,12,6.680691998267658,0.03063844803566873,6366.0,7237.0,159555.0,-871.0,166792.0,166792.0,-0.00522207300110317,0.0381672981917598
17167,2021,846.6562703209025,12,6.741294792120543,0.06060279385288503,6081.0,6937.0,153571.0,-856.0,160508.0,160508.0,-0.005333067510653674,0.037885962070426396
17167,2022,926.0897805348351,12,6.83097118516753,0.08967639304698682,5943.0,6580.0,155516.0,-637.0,162096.0,162096.0,-0.003929770012831902,0.03666345869114599
17167,2023,992.0960741917697,12,6.899819951578952,0.06884876641142146,5765.0,6347.0,158048.0,-582.0,164395.0,164395.0,-0.003540253657349676,0.03506797651996715
17167,2024,1059.366225962709,12,6.965426108257428,0.06560615667847625,,,,,,,,
17167,2025,1115.9310433736848,12,7.017444351940552,0.0520182436831238,,,,,,,,
17167,2026,1152.1612368823824,4,7.049394794033502,0.03195044209295084,,,,,,,,
17177,2024,665.9301755623861,7,6.501184823546216,,,,,,,,,
17177,2025,736.5404926896039,12,6.601964214282186,0.10077939073596998,,,,,,,,
17177,2026,923.1467962478055,3,6.82778826437893,0.2258240500967439,,,,,,,,
17179,2023,947.6240312795065,10,6.853957832114509,,5074.0,4760.0,107884.0,314.0,112644.0,112644.0,0.002787543055999432,0.045044565178793364
17179,2024,1015.2592357559271,12,6.922899263551306,0.0689414314367971,,,,,,,,
17179,2025,1074.1197024496273,12,6.979256723652997,0.05635746010169118,,,,,,,,
17179,2026,1131.8654748641789,4,7.031622413242073,0.052365689589075615,,,,,,,,
17183,2022,670.0046121012884,6,6.5072845960945855,,1991.0,2436.0,53281.0,-445.0,55717.0,55717.0,-0.007986790387134986,0.03573415654109159
17183,2023,698.6979349456936,12,6.549218509987548,0.041933913892962416,2113.0,2173.0,53711.0,-60.0,55884.0,55884.0,-0.001073652566029633,0.0378104645336769
17183,2024,789.334811091804,12,6.671190579494259,0.12197206950671102,,,,,,,,
17183,2025,832.3898996194954,12,6.724300960399123,0.05311038090486431,,,,,,,,
17183,2026,855.8275601839296,4,6.7520689074650315,0.02776794706590824,,,,,,,,
17197,2015,1345.9922331945,12,7.204886739901621,,,,,,,,,
17197,2016,1377.1710345528975,12,7.227786699114885,0.022899959213264154,,,,,,,,
17197,2017,1419.20558876161,12,7.257852549513746,0.030065850398861116,,,,,,,,
17197,2018,1459.4918774335376,12,7.285843624971069,0.027991075457323156,,,,,,,,
17197,2019,1503.4097128521,12,7.315490949313227,0.029647324342157333,,,,,,,,
17197,2020,1557.2227051202674,12,7.350659196364826,0.035168247051599266,35571.0,35349.0,587333.0,222.0,622682.0,622682.0,0.00035652226979421275,0.0571254669317565
17197,2021,1692.8302428393706,12,7.434157107075855,0.08349791071102874,35055.0,34579.0,554863.0,476.0,589442.0,589442.0,0.0008075434054580434,0.059471500164562416
17197,2022,1840.1080519140698,12,7.517579572745195,0.08342246566934008,33688.0,32779.0,570757.0,909.0,603536.0,603536.0,0.00150612390975849,0.05581771427056547
17197,2023,1960.9284647036848,12,7.58117334654254,0.06359377379734532,30179.0,29808.0,588273.0,371.0,618081.0,618081.0,0.0006002449517134486,0.04882693368668508
17197,2024,2090.0328874013658,12,7.644935080433793,0.06376173389125306,,,,,,,,
17197,2025,2211.1169565726705,12,7.701253077048952,0.05631799661515835,,,,,,,,
17197,2026,2244.0025250891686,4,7.716016391904507,0.014763314855555265,,,,,,,,
17199,2022,809.2980891295736,7,6.6961673153590855,,3125.0,3015.0,49489.0,110.0,52504.0,52504.0,0.0020950784702117933,0.05951927472192595
17199,2023,845.2552336776724,12,6.739638633438299,0.043471318079213894,2900.0,2595.0,50668.0,305.0,53263.0,53263.0,0.00572630156018249,0.05444680171976794
17199,2024,900.1592575102951,12,6.80257170045923,0.06293306702093027,,,,,,,,
17199,2025,962.003354701815,12,6.86901793787565,0.06644623741642075,,,,,,,,
17199,2026,997.9136886395048,4,6.905666788242325,0.036648850366674424,,,,,,,,
17201,2015,663.2390932748849,12,6.497135548517596,,,,,,,,,
17201,2016,684.015720232056,12,6.527980900153853,0.030845351636257234,,,,,,,,
17201,2017,704.8164573879018,12,6.557937424786217,0.029956524632363646,,,,,,,,
17201,2018,731.2536984476801,12,6.594760456239506,0.03682303145328891,,,,,,,,
17201,2019,765.251124710082,12,6.640204047553396,0.045443591313889975,,,,,,,,
17201,2020,808.98606058513,12,6.6957816864837545,0.05557763893035883,9713.0,11165.0,224988.0,-1452.0,236153.0,236153.0,-0.006148556232611908,0.041130114798456935
17201,2021,884.4569905357312,12,6.784973886680692,0.08919220019693785,9782.0,10907.0,214690.0,-1125.0,225597.0,225597.0,-0.0049867684410696955,0.04336050568048334
17201,2022,963.3132831080017,12,6.870378678839069,0.08540479215837671,9682.0,10632.0,217915.0,-950.0,228547.0,228547.0,-0.004156694246697616,0.04236327757529086
17201,2023,1038.4056544159837,12,6.945441791250855,0.07506311241178576,9434.0,9813.0,221845.0,-379.0,231658.0,231658.0,-0.0016360324271123812,0.04072382563952033
17201,2024,1118.2748739676638,12,7.019542485720982,0.07410069447012724,,,,,,,,
17201,2025,1204.1805274548458,12,7.093554554375475,0.07401206865449339,,,,,,,,
17201,2026,1251.9809484380705,4,7.132482334641766,0.038927780266290846,,,,,,,,
17203,2026,1061.5,1,6.967438281143311,,,,,,,,,
18003,2015,673.2423970880499,12,6.512105438776922,,,,,,,,,
18003,2016,695.45868055844,12,6.544571599905559,0.03246616112863698,,,,,,,,
18003,2017,719.2005926638768,12,6.578140307216967,0.033568707311407486,,,,,,,,
18003,2018,752.3814227903099,12,6.623243406519067,0.04510309930209999,,,,,,,,
18003,2019,784.3057275106236,12,6.664798902895798,0.041555496376731504,,,,,,,,
18003,2020,820.70373764362,12,6.7101621888395275,0.04536328594372918,13750.0,13062.0,319541.0,688.0,332603.0,332603.0,0.002068532153949303,0.0413405772046554
18003,2021,913.4157878646846,12,6.817191185323092,0.10702899648356468,13009.0,12656.0,305569.0,353.0,318225.0,318225.0,0.001109278026553539,0.04087988058763454
18003,2022,1036.8833452795986,12,6.943974709403795,0.12678352408070293,12752.0,12457.0,314962.0,295.0,327419.0,327419.0,0.0009009861981131211,0.03894703728250346
18003,2023,1083.7665480639314,12,6.9881977972413205,0.04422308783752538,12625.0,12293.0,324634.0,332.0,336927.0,336927.0,0.0009853766542900985,0.03747102488076052
18003,2024,1135.864096618441,12,7.035148958866053,0.04695116162473223,,,,,,,,
18003,2025,1174.2992235939676,12,7.06842684320584,0.03327788433978718,,,,,,,,
18003,2026,1208.98674267347,4,7.0975378850240425,0.029111041818202565,,,,,,,,
18005,2018,923.5311957920443,8,6.828204579027664,,,,,,,,,
18005,2019,946.2639785920632,12,6.852521577262955,0.024316998235290654,,,,,,,,
18005,2020,965.1486147399897,12,6.872282094393353,0.019760517130397837,4153.0,4251.0,67946.0,-98.0,72197.0,72197.0,-0.0013573971217640621,0.05752316578251174
18005,2021,1024.9709500221709,12,6.932419549729098,0.060137455335745216,4146.0,4306.0,64798.0,-160.0,69104.0,69104.0,-0.0023153507756425097,0.059996526973836534
18005,2022,1145.3061107511198,12,7.04342722589203,0.11100767616293172,4171.0,4563.0,66018.0,-392.0,70581.0,70581.0,-0.00555390260835069,0.059095223927119196
18005,2023,1197.4254621347402,12,7.087929082783906,0.044501856891876024,3785.0,4096.0,67968.0,-311.0,72064.0,72064.0,-0.004315608348134991,0.05252275754884547
18005,2024,1270.2865811425556,12,7.14699780843946,0.05906872565555421,,,,,,,,
18005,2025,1340.9875505354612,12,7.201161599521553,0.05416379108209313,,,,,,,,
18005,2026,1347.2772350851642,4,7.205840971925786,0.004679372404233106,,,,,,,,
18011,2019,1331.8535727067456,11,7.1943269146572035,,,,,,,,,
18011,2020,1362.7687403557368,12,7.217273747716088,0.02294683305888423,5777.0,4135.0,59656.0,1642.0,63791.0,63791.0,0.025740308193945856,0.09056136445580097
18011,2021,1512.3495688883952,12,7.321419726372478,0.10414597865639053,5511.0,4278.0,58115.0,1233.0,62393.0,62393.0,0.019761832256823684,0.08832721619412434
18011,2022,1665.2951624086772,12,7.417757661423164,0.09633793505068589,5821.0,4430.0,60760.0,1391.0,65190.0,65190.0,0.02133762847062433,0.08929283632458966
18011,2023,1734.967134450322,12,7.458743749521615,0.0409860880984505,6124.0,4226.0,64151.0,1898.0,68377.0,68377.0,0.02775787179899674,0.0895622797139389
18011,2024,1797.6020108396758,12,7.494208839495147,0.03546508997353204,,,,,,,,
18011,2025,1844.8583783952063,12,7.520157793851058,0.02594895435591127,,,,,,,,
18011,2026,1850.2514923164129,4,7.523076850625778,0.0029190567747203744,,,,,,,,
18015,2026,1111.1594565303685,4,7.013159304570724,,,,,,,,,
18019,2021,1153.7817066489572,2,7.050800266825334,,7425.0,6218.0,91000.0,1207.0,97218.0,97218.0,0.012415396325783291,0.07637474541751528
18019,2022,1197.943138029723,12,7.088361313466906,0.03756104664157167,7239.0,6138.0,93557.0,1101.0,99695.0,99695.0,0.011043683233863283,0.07261146496815286
18019,2023,1272.3297605601158,12,7.148604956025063,0.06024364255815762,6950.0,6204.0,96738.0,746.0,102942.0,102942.0,0.007246799168463795,0.06751374560432089
18019,2024,1298.3006761836702,12,7.168811516188432,0.02020656016336897,,,,,,,,
18019,2025,1338.240055974455,12,7.199110638627132,0.030299122438699477,,,,,,,,
18019,2026,1335.1357048789473,4,7.196788217262894,-0.002322421364238103,,,,,,,,
18023,2026,781.25,1,6.660895201050611,,,,,,,,,
18029,2026,1190.0,1,7.081708586105575,,,,,,,,,
18033,2026,913.0914660773947,2,6.816836057480049,,,,,,,,,
18035,2017,559.2632785200193,7,6.326620343530513,,,,,,,,,
18035,2018,578.255811411146,12,6.360016351058706,0.03339600752819383,,,,,,,,
18035,2019,614.261457535376,12,6.42042066411357,0.060404313054863934,,,,,,,,
18035,2020,638.8126371096106,12,6.459611198721282,0.03919053460771149,4160.0,4367.0,76189.0,-207.0,80556.0,80556.0,-0.002569640995084165,0.051641094393961966
18035,2021,707.3645906904136,12,6.561546219949451,0.10193502122816955,4168.0,4270.0,73967.0,-102.0,78237.0,78237.0,-0.0013037309712795736,0.0532740263558163
18035,2022,774.5945685732062,12,6.6523397551443795,0.09079353519492805,4290.0,4252.0,75544.0,38.0,79796.0,79796.0,0.00047621434658378866,0.05376209333801193
18035,2023,821.0657112073308,12,6.710603144260922,0.05826338911654272,4622.0,4313.0,77148.0,309.0,81461.0,81461.0,0.003793226206405519,0.05673880752752851
18035,2024,872.3056703062958,12,6.771139901826501,0.06053675756557908,,,,,,,,
18035,2025,929.050534399988,12,6.834163133889823,0.06302323206332172,,,,,,,,
18035,2026,950.6267980846701,4,6.8571215544880815,0.022958420598258478,,,,,,,,
18039,2021,919.2555668058462,3,6.823564175975768,,7392.0,8137.0,164357.0,-745.0,172494.0,172494.0,-0.004318990805477292,0.042853664475286095
18039,2022,1007.7980269639688,12,6.9155230584791205,0.09195888250335216,7007.0,7861.0,167782.0,-854.0,175643.0,175643.0,-0.004862135126364273,0.039893420176152765
18039,2023,1038.8501892687254,12,6.945869793281398,0.030346734802277453,6877.0,8061.0,171385.0,-1184.0,179446.0,179446.0,-0.006598085217837121,0.038323506793129965
18039,2024,1065.8291185467508,12,6.971508290325232,0.025638497043834363,,,,,,,,
18039,2025,1109.455232830748,12,7.011624392600291,0.04011610227505891,,,,,,,,
18039,2026,1147.4263417043358,4,7.045276749638546,0.033652357038254976,,,,,,,,
18041,2026,729.75,1,6.592702009734224,,,,,,,,,
18043,2022,1035.6274598677305,5,6.942762763427475,,4913.0,4733.0,61244.0,180.0,65977.0,65977.0,0.002728223471815936,0.0744653439835094
18043,2023,1103.1968388794112,12,7.005967461064736,0.06320469763726067,4795.0,4454.0,63057.0,341.0,67511.0,67511.0,0.005051028721245427,0.07102546251721942
18043,2024,1175.8341197044936,12,7.0697330638363765,0.06376560277164067,,,,,,,,
18043,2025,1209.1447698046918,12,7.097668586874319,0.02793552303794211,,,,,,,,
18043,2026,1238.5998210803025,4,7.121736844050779,0.024068257176460328,,,,,,,,
18045,2026,862.0,1,6.759255270663693,,,,,,,,,
18049,2026,894.9577958587606,2,6.796776561697929,,,,,,,,,
18053,2025,800.0483092735801,7,6.684672112436705,,,,,,,,,
18053,2026,831.7589943453988,4,6.723542728600742,0.03887061616403642,,,,,,,,
18057,2015,1139.6167628961684,12,7.038447311971668,,,,,,,,,
18057,2016,1158.9820728843142,12,7.055297375475789,0.016850063504120882,,,,,,,,
18057,2017,1179.9183915620658,12,7.073200555374904,0.017903179899115607,,,,,,,,
18057,2018,1218.1883264907399,12,7.105120055768013,0.031919500393108535,,,,,,,,
18057,2019,1258.048738395318,12,7.137317179272478,0.03219712350446535,,,,,,,,
18057,2020,1304.7777974022003,12,7.173788035069294,0.03647085579681608,24704.0,18667.0,297489.0,6037.0,316156.0,316156.0,0.01909500373233467,0.07813864041802149
18057,2021,1433.681870689926,12,7.268001149051205,0.0942131139819109,24107.0,18380.0,289016.0,5727.0,307396.0,307396.0,0.01863069135577561,0.07842327161056097
18057,2022,1596.2541173106674,12,7.375414986707975,0.10741383765676993,22953.0,19217.0,302195.0,3736.0,321412.0,321412.0,0.011623710377957263,0.07141301507099922
18057,2023,1663.4859327357226,12,7.416670638997,0.04125565228902506,21671.0,18955.0,315583.0,2716.0,334538.0,334538.0,0.008118659165774889,0.06477888909481135
18057,2024,1713.6480388647503,12,7.446379733185201,0.02970909418820078,,,,,,,,
18057,2025,1760.671316483117,12,7.473450445126289,0.027070711941088454,,,,,,,,
18057,2026,1795.463696417882,4,7.4930185942569825,0.019568149130693158,,,,,,,,
18059,2019,1212.894719524654,10,7.100765111710382,,,,,,,,,
18059,2020,1256.1967457145222,12,7.135843979437815,0.03507886772743252,6357.0,4908.0,65740.0,1449.0,70648.0,70648.0,0.020510134752576153,0.08998131581927302
18059,2021,1358.4746840487076,12,7.214117793469141,0.07827381403132616,6547.0,4686.0,63738.0,1861.0,68424.0,68424.0,0.02719805916052847,0.09568280135624926
18059,2022,1496.157262060958,12,7.310655274708025,0.09653748123888395,6919.0,5223.0,66438.0,1696.0,71661.0,71661.0,0.02366698762227711,0.09655182037649489
18059,2023,1570.1000347998242,12,7.358894612745557,0.04823933803753189,6976.0,4556.0,70687.0,2420.0,75243.0,75243.0,0.032162460295309864,0.09271294339672793
18059,2024,1663.1870321670283,12,7.416490939596036,0.05759632685047933,,,,,,,,
18059,2025,1734.6767759720976,12,7.45857637875597,0.04208543915993346,,,,,,,,
18059,2026,1773.582690285102,4,7.480756898604668,0.022180519848698843,,,,,,,,
18063,2015,1113.4193295524954,12,7.015191036432638,,,,,,,,,
18063,2016,1130.067724226835,12,7.030032842854581,0.014841806421943105,,,,,,,,
18063,2017,1156.8979059383819,12,7.053497482970435,0.02346464011585425,,,,,,,,
18063,2018,1199.17068141965,12,7.0893854980402615,0.035888015069826196,,,,,,,,
18063,2019,1243.2825833619365,12,7.125510405465323,0.03612490742506136,,,,,,,,
18063,2020,1310.2048766182459,12,7.1779387983319465,0.0524283928666236,13680.0,10397.0,144298.0,3283.0,154695.0,154695.0,0.02122240537832509,0.08843207602055658
18063,2021,1444.1124086104448,12,7.275250161721075,0.09731136338912894,13484.0,10397.0,140298.0,3087.0,150695.0,150695.0,0.020485085769269055,0.08947874846544344
18063,2022,1581.9825797415042,12,7.366434136725571,0.09118397500449582,12831.0,10460.0,146928.0,2371.0,157388.0,157388.0,0.015064680915952932,0.08152463974381782
18063,2023,1659.0107168718562,12,7.41397675000795,0.04754261328237863,12169.0,10724.0,153622.0,1445.0,164346.0,164346.0,0.00879242573594733,0.07404500261643118
18063,2024,1737.847213502686,12,7.460402392584031,0.046425642576081394,,,,,,,,
18063,2025,1807.635309026753,12,7.499774810996906,0.03937241841287431,,,,,,,,
18063,2026,1839.441503247996,4,7.517217273684741,0.017442462687835558,,,,,,,,
18065,2025,915.3714585001502,12,6.819329948467728,,,,,,,,,
18065,2026,926.9562199973641,4,6.831906336831787,0.012576388364059277,,,,,,,,
18067,2017,576.265563030627,6,6.356568601374584,,,,,,,,,
18067,2018,585.3468415922355,12,6.372204563151724,0.015635961777140217,,,,,,,,
18067,2019,603.7565737144432,12,6.403171093047372,0.030966529895647632,,,,,,,,
18067,2020,635.5924805722364,12,6.4545576041524235,0.05138651110505155,3523.0,3727.0,66325.0,-204.0,70052.0,70052.0,-0.0029121224233426596,0.050291212242334266
18067,2021,676.7053460451098,12,6.517235943377078,0.0626783392246546,3684.0,3355.0,64320.0,329.0,67675.0,67675.0,0.00486147026228297,0.05443664573328408
18067,2022,759.1030033448914,12,6.632137477469765,0.11490153409268711,3681.0,3353.0,65719.0,328.0,69072.0,69072.0,0.004748668056520732,0.05329221681723419
18067,2023,820.9456409030033,11,6.710456896423613,0.07831941895384809,3669.0,3357.0,67579.0,312.0,70936.0,70936.0,0.004398330889816172,0.05172267959851133
18067,2024,933.153991142824,12,6.838570236684584,0.12811334026097043,,,,,,,,
18067,2025,985.6305446145153,12,6.893281583182282,0.054711346497698266,,,,,,,,
18067,2026,985.1248418862502,4,6.8927683761725955,-0.0005132070096864894,,,,,,,,
18081,2015,1019.5538058309331,11,6.9271203653074345,,,,,,,,,
18081,2016,1037.4264791216465,12,6.944498386096709,0.017378020789274196,,,,,,,,
18081,2017,1062.6365779396847,12,6.9685084364807395,0.024010050384030812,,,,,,,,
18081,2018,1096.715234293393,12,7.000074840700406,0.03156640421966639,,,,,,,,
18081,2019,1129.4953786581082,12,7.0295262444062026,0.029451403705796686,,,,,,,,
18081,2020,1194.343273011565,12,7.085351750967464,0.05582550656126184,12182.0,10131.0,130485.0,2051.0,140616.0,140616.0,0.014585822381521306,0.08663310007396029
18081,2021,1310.3396234260892,12,7.178041637118283,0.09268988615081852,11553.0,10515.0,126551.0,1038.0,137066.0,137066.0,0.0075729940320721405,0.08428786132228269
18081,2022,1425.6618822943028,12,7.262391463668882,0.08434982655059908,11823.0,10500.0,130915.0,1323.0,141415.0,141415.0,0.009355443199094862,0.08360499239826044
18081,2023,1478.309531357114,12,7.298654505398344,0.0362630417294616,11277.0,9973.0,136293.0,1304.0,146266.0,146266.0,0.008915263971121109,0.07709925751712633
18081,2024,1561.4240814152988,12,7.3533535565308155,0.054699051132471865,,,,,,,,
18081,2025,1605.0936542750333,12,7.380937385434959,0.02758382890414346,,,,,,,,
18081,2026,1611.4767499108375,4,7.384906273544114,0.003968888109155522,,,,,,,,
18085,2022,928.5550781242958,1,6.833629698499554,,3565.0,3484.0,65666.0,81.0,69150.0,69150.0,0.0011713665943600868,0.051554591467823575
18085,2023,982.0571079981966,12,6.889649461447856,0.05601976294830191,3379.0,3576.0,67397.0,-197.0,70973.0,70973.0,-0.0027757034365181125,0.04760965437560762
18085,2024,1015.9336892446667,12,6.923563359517007,0.03391389806915068,,,,,,,,
18085,2025,1064.9734673225696,12,6.970705164521043,0.04714180500403575,,,,,,,,
18085,2026,1101.6371615292433,4,7.004552680986024,0.03384751646498163,,,,,,,,
18089,2015,799.9781655596846,11,6.684584434245071,,,,,,,,,
18089,2016,825.8127470547951,12,6.716368049340115,0.031783615095044127,,,,,,,,
18089,2017,848.4443656787689,12,6.743404514674019,0.027036465333903692,,,,,,,,
18089,2018,881.058830215623,12,6.781124400341932,0.03771988566791329,,,,,,,,
18089,2019,917.5049851125665,12,6.821658013279159,0.040533612937227126,,,,,,,,
18089,2020,962.2499138669763,12,6.869274202651746,0.047616189372586604,20749.0,19762.0,382423.0,987.0,402185.0,402185.0,0.002454094508745975,0.051590685878389296
18089,2021,1075.4178957333568,12,6.980464605238938,0.1111904025871917,19132.0,18842.0,363509.0,290.0,382351.0,382351.0,0.0007584653891319756,0.050037792499561924
18089,2022,1165.9680944364911,12,7.061307003274043,0.08084239803510496,19485.0,17970.0,372058.0,1515.0,390028.0,390028.0,0.0038843365091737006,0.04995795173679839
18089,2023,1233.0477499138915,12,7.1172442290275395,0.05593722575349691,18301.0,17790.0,379463.0,511.0,397253.0,397253.0,0.0012863338980448227,0.04606887801980098
18089,2024,1313.0225368184156,12,7.180087038525952,0.06284280949841214,,,,,,,,
18089,2025,1384.6511095391577,12,7.233203480417752,0.05311644189180065,,,,,,,,
18089,2026,1423.253847841019,4,7.260700971387009,0.027497490969256688,,,,,,,,
18091,2022,921.4857379865626,12,6.825987300035755,,4113.0,4229.0,83406.0,-116.0,87635.0,87635.0,-0.0013236720488389341,0.04693330290409083
18091,2023,992.1121838033231,11,6.899836189402263,0.07384888936650835,3838.0,3949.0,84127.0,-111.0,88076.0,88076.0,-0.0012602752168581679,0.043576002543258094
18091,2024,1055.215641339889,12,6.961500424397763,0.06166423499549989,,,,,,,,
18091,2025,1122.2638804096196,12,7.023103245961245,0.06160282156348185,,,,,,,,
18091,2026,1142.1834362065792,4,7.0406970044679165,0.017593758506671442,,,,,,,,
18095,2016,575.8437723130604,4,6.355836395283597,,,,,,,,,
18095,2017,594.091601421163,11,6.3870335186200675,0.03119712333647051,,,,,,,,
18095,2018,621.8107406047576,12,6.4326357708829285,0.045602252262860965,,,,,,,,
18095,2019,651.0277828554349,12,6.478552318495212,0.04591654761228359,,,,,,,,
18095,2020,694.8251603947929,12,6.5436602461390345,0.06510792764382245,5946.0,5215.0,97444.0,731.0,102659.0,102659.0,0.00712066160784734,0.057919909603639234
18095,2021,769.8891883100663,12,6.646246593205879,0.10258634706684422,6372.0,5259.0,94192.0,1113.0,99451.0,99451.0,0.01119144101115122,0.0640717539290706
18095,2022,852.2393111236689,12,6.747867368990015,0.10162077578413609,6734.0,5327.0,96384.0,1407.0,101711.0,101711.0,0.013833312031147073,0.06620719489534072
18095,2023,918.1779381586388,12,6.822391204254233,0.07452383526421791,6586.0,5652.0,98597.0,934.0,104249.0,104249.0,0.008959318554614433,0.06317566595363025
18095,2024,975.2439303351457,12,6.882687624665933,0.06029642041170025,,,,,,,,
18095,2025,1020.8403934432872,12,6.928381482187034,0.04569385752110122,,,,,,,,
18095,2026,1041.4180397722835,4,6.948338563194746,0.01995708100771143,,,,,,,,
18097,2015,788.7836832649288,12,6.670492117558413,,,,,,,,,
18097,2016,811.2009703698513,12,6.6985158290515034,0.028023711493090353,,,,,,,,
18097,2017,841.3970591752128,12,6.735063675993684,0.03654784694218094,,,,,,,,
18097,2018,878.3619161182875,12,6.7780587138480275,0.04299503785434311,,,,,,,,
18097,2019,916.8110091199229,12,6.820901354090736,0.042842640242708896,,,,,,,,
18097,2020,977.4726034916156,12,6.884970264348202,0.06406891025746564,41923.0,52888.0,714718.0,-10965.0,767606.0,767606.0,-0.01428467208437662,0.05461525834868409
18097,2021,1065.9648768642799,12,6.971635655650404,0.08666539130220219,41297.0,52511.0,682837.0,-11214.0,735348.0,735348.0,-0.015249922485680249,0.056159804609518214
18097,2022,1185.1701609325648,12,7.077641638984036,0.10600598333363198,40947.0,51663.0,696043.0,-10716.0,747706.0,747706.0,-0.0143318363099935,0.054763503302100024
18097,2023,1252.864010456811,12,7.133187417846368,0.055545778862331474,41235.0,48796.0,706954.0,-7561.0,755750.0,755750.0,-0.010004631161098248,0.05456169368177307
18097,2024,1310.0208276600113,12,7.1777983150459175,0.044610897199549804,,,,,,,,
18097,2025,1370.1654765626092,12,7.222686797340275,0.0448884822943576,,,,,,,,
18097,2026,1383.786509867807,4,7.232578868403092,0.009892071062816754,,,,,,,,
18103,2026,928.1791325748791,2,6.83322474495005,,,,,,,,,
18105,2015,887.2588867326333,11,6.788136807517734,,,,,,,,,
18105,2016,902.3334207220697,12,6.804984097793697,0.016847290275962656,,,,,,,,
18105,2017,942.2729283208506,12,6.848294965436596,0.04331086764289882,,,,,,,,
18105,2018,979.2427882970892,12,6.8867796080021915,0.038484642565595806,,,,,,,,
18105,2019,1032.7893574310228,12,6.940018534900547,0.05323892689835574,,,,,,,,
18105,2020,1075.051843108744,12,6.980124165546589,0.04010563064604167,5804.0,7450.0,85772.0,-1646.0,93222.0,93222.0,-0.01765677629744052,0.06225998154941966
18105,2021,1149.6731486165195,12,7.0472329623652055,0.06710879681861659,5836.0,6948.0,82817.0,-1112.0,89765.0,89765.0,-0.012387901743441208,0.0650142037542472
18105,2022,1280.1919496159703,12,7.1547653063081675,0.10753234394296207,6020.0,7527.0,84519.0,-1507.0,92046.0,92046.0,-0.016372248658279555,0.06540208156791169
18105,2023,1345.9463918535096,12,7.204852681665249,0.050087375357081854,6056.0,7358.0,86622.0,-1302.0,93980.0,93980.0,-0.013854011491806767,0.0644392423919983
18105,2024,1398.6222902742386,12,7.243242952704783,0.03839027103953363,,,,,,,,
18105,2025,1451.671728577752,12,7.28047108757757,0.03722813487278742,,,,,,,,
18105,2026,1460.627517805861,4,7.286621429078277,0.006150341500706702,,,,,,,,
18107,2024,938.8650858730595,11,6.844671790369072,,,,,,,,,
18107,2025,994.0114568284712,12,6.901748732574528,0.05707694220545534,,,,,,,,
18107,2026,1014.3571768619222,4,6.922010367553232,0.020261634978703924,,,,,,,,
18109,2025,1529.2361175129568,11,7.33252362011054,,,,,,,,,
18109,2026,1519.784358161477,4,7.326323734145267,-0.006199885965273211,,,,,,,,
18113,2026,915.0,1,6.818924065275521,,,,,,,,,
18127,2018,956.1440482508378,12,6.862908579787249,,,,,,,,,
18127,2019,987.7039793392391,12,6.895383036800609,0.03247445701335927,,,,,,,,
18127,2020,1047.0219689729743,12,6.9537051934326115,0.05832215663200291,9703.0,8261.0,140831.0,1442.0,149092.0,149092.0,0.009671880449655246,0.06508062136130711
18127,2021,1140.3032044451163,12,7.039049474836612,0.08534428140400063,9007.0,7902.0,135366.0,1105.0,143268.0,143268.0,0.007712817935617165,0.06286819108244689
18127,2022,1250.508914616826,12,7.131305879134188,0.09225640429757576,8105.0,7767.0,138633.0,338.0,146400.0,146400.0,0.002308743169398907,0.0553620218579235
18127,2023,1324.3937170118297,12,7.188710061635736,0.05740418250154811,7765.0,7176.0,142268.0,589.0,149444.0,149444.0,0.003941275661786355,0.051959262332378686
18127,2024,1391.0263578454167,12,7.237797140590369,0.049087078954633157,,,,,,,,
18127,2025,1460.9522861768376,12,7.286843752885329,0.04904661229496021,,,,,,,,
18127,2026,1491.619567808758,4,7.30761776688901,0.020774014003680286,,,,,,,,
18129,2026,650.0,1,6.476972362889683,,,,,,,,,
18141,2015,697.5946646797314,12,6.54763822445734,,,,,,,,,
18141,2016,717.5187914489717,12,6.575799137463602,0.028160913006262334,,,,,,,,
18141,2017,752.2149109183118,12,6.623022068916486,0.047222931452883365,,,,,,,,
18141,2018,793.6077042256549,12,6.676589263869175,0.05356719495268969,,,,,,,,
18141,2019,828.1125342281198,12,6.719149056053736,0.04255979218456041,,,,,,,,
18141,2020,880.6589241122366,12,6.780670404678584,0.06152134862484804,10651.0,11909.0,211365.0,-1258.0,223274.0,223274.0,-0.005634332703315209,0.04770371830128004
18141,2021,1006.555706011978,12,6.914289589809578,0.13361918513099447,10632.0,10994.0,200458.0,-362.0,211452.0,211452.0,-0.0017119724571061045,0.05028091481754725
18141,2022,1125.6266440776521,12,7.026095176520072,0.1118055867104939,10159.0,11247.0,204861.0,-1088.0,216108.0,216108.0,-0.005034519777148463,0.047008902955929445
18141,2023,1213.323005785309,12,7.101118160211048,0.07502298369097549,10222.0,11069.0,209096.0,-847.0,220165.0,220165.0,-0.0038471146640019984,0.046428814752571934
18141,2024,1264.7373089992086,12,7.142619718726926,0.04150155851587822,,,,,,,,
18141,2025,1335.9157101579453,12,7.197372260907115,0.05475254218018932,,,,,,,,
18141,2026,1366.0981108250571,4,7.21971386099596,0.022341600088845226,,,,,,,,
18145,2025,1139.2924916296467,8,7.038162727345872,,,,,,,,,
18145,2026,1242.62289285383,4,7.124979660809178,0.08681693346330555,,,,,,,,
18151,2026,1010.3177718709478,4,6.918020185965846,,,,,,,,,
18157,2015,767.2801058014907,12,6.642851931311317,,,,,,,,,
18157,2016,783.064387067758,12,6.663214923858733,0.02036299254741536,,,,,,,,
18157,2017,811.2424943853647,12,6.698567016062237,0.03535209220350399,,,,,,,,
18157,2018,841.9410638090603,12,6.735710016316354,0.0371430002541171,,,,,,,,
18157,2019,881.783900933766,12,6.781947015707693,0.04623699939133896,,,,,,,,
18157,2020,915.4728955174245,12,6.81944075746922,0.03749374176152731,8014.0,9323.0,127363.0,-1309.0,136686.0,136686.0,-0.009576694028649605,0.058630730286935016
18157,2021,971.0208191226301,12,6.878347908970463,0.05890715150124315,7770.0,9195.0,122039.0,-1425.0,131234.0,131234.0,-0.010858466555923008,0.059207217641769665
18157,2022,1081.620076194864,12,6.986215266687131,0.10786735771666756,7674.0,8970.0,124760.0,-1296.0,133730.0,133730.0,-0.00969116877290062,0.05738428176175877
18157,2023,1190.1669060651368,12,7.081848833468048,0.09563356678091761,7530.0,9366.0,128578.0,-1836.0,137944.0,137944.0,-0.01330974888360494,0.054587368787333994
18157,2024,1265.04394611367,12,7.142862140569007,0.06101330710095887,,,,,,,,
18157,2025,1312.3571920528855,12,7.179580182491026,0.03671804192201922,,,,,,,,
18157,2026,1332.1739778935234,4,7.194567456605241,0.014987274114214522,,,,,,,,
18163,2015,556.0254501747555,12,6.320814066898603,,,,,,,,,
18163,2016,574.2266552981858,12,6.353024188236448,0.03221012133784562,,,,,,,,
18163,2017,590.3270141326233,12,6.3806766445954715,0.027652456359023248,,,,,,,,
18163,2018,618.3605424392903,12,6.427071689350225,0.0463950447547532,,,,,,,,
18163,2019,642.9717032900944,12,6.466100715944377,0.03902902659415197,,,,,,,,
18163,2020,674.0051982086711,12,6.513237823358339,0.047137107413962376,7608.0,7650.0,135939.0,-42.0,143589.0,143589.0,-0.00029250151473998704,0.0529845600986148
18163,2021,732.5711736009474,12,6.596560501496503,0.08332267813816419,7115.0,8012.0,132305.0,-897.0,140317.0,140317.0,-0.0063926680302458004,0.05070661430902884
18163,2022,789.7878624532513,12,6.671764380860635,0.07520387936413186,7146.0,7309.0,135229.0,-163.0,142538.0,142538.0,-0.0011435547012024865,0.05013399935455808
18163,2023,848.2012894874684,12,6.743117977302797,0.07135359644216166,7114.0,7457.0,137661.0,-343.0,145118.0,145118.0,-0.0023635937650739397,0.049022175057539384
18163,2024,910.0313654620298,12,6.813479066457596,0.07036108915479922,,,,,,,,
18163,2025,971.9307318367422,12,6.879284538378626,0.06580547192103037,,,,,,,,
18163,2026,1010.289045112474,4,6.917991752172359,0.03870721379373254,,,,,,,,
18167,2021,726.6274392649607,12,6.5884138829950105,,3841.0,4039.0,72435.0,-198.0,76474.0,76474.0,-0.00258911525485786,0.05022622067630829
18167,2022,800.819189641445,12,6.685635190802618,0.09722130780760718,3900.0,4066.0,73416.0,-166.0,77482.0,77482.0,-0.00214243308123177,0.05033427118556568
18167,2023,842.363529037419,12,6.736211665767424,0.05057647496480655,3982.0,4100.0,74742.0,-118.0,78842.0,78842.0,-0.0014966642145049593,0.05050607544202329
18167,2024,890.6308391910367,12,6.791930019720196,0.05571835395277169,,,,,,,,
18167,2025,938.9561218405661,12,6.844768749512152,0.05283872979195614,,,,,,,,
18167,2026,959.6057012562661,4,6.8665224722320355,0.021753722719883406,,,,,,,,
18173,2024,1461.8595634352032,2,7.287464577854015,,,,,,,,,
18173,2025,1491.6678541231825,12,7.3076501381007635,0.020185560246748224,,,,,,,,
18173,2026,1515.3879273365062,4,7.323426742814164,0.01577660471340092,,,,,,,,
18177,2022,705.2120632788498,1,6.558498556558418,,2251.0,2252.0,49522.0,-1.0,51774.0,51774.0,-1.9314713949086413e-05,0.043477421099393516
18177,2023,732.1033786569219,11,6.595921731663013,0.03742317510459525,2300.0,2109.0,50396.0,191.0,52505.0,52505.0,0.0036377487858299208,0.043805351871250356
18177,2024,767.1438367448582,12,6.642674315395387,0.04675258373237323,,,,,,,,
18177,2025,827.4206502908925,12,6.718313211766254,0.07563889637086696,,,,,,,,
18177,2026,857.8966876651391,4,6.754483681591327,0.036170469825073326,,,,,,,,
19013,2016,786.5413291877855,8,6.66764526935394,,,,,,,,,
19013,2017,808.1127644989282,12,6.694701608806927,0.027056339452986577,,,,,,,,
19013,2018,827.9027353610753,12,6.718895678114511,0.024194069307584165,,,,,,,,
19013,2019,847.9997862194342,12,6.742880383692148,0.023984705577636767,,,,,,,,
19013,2020,865.8015719684057,12,6.763655750631556,0.02077536693940818,3988.0,5174.0,97917.0,-1186.0,103091.0,103091.0,-0.011504399026103151,0.03868426923785782
19013,2021,911.5777869199893,12,6.815176929939926,0.05152117930837008,4069.0,5349.0,94451.0,-1280.0,99800.0,99800.0,-0.01282565130260521,0.04077154308617235
19013,2022,958.6645123607826,12,6.865541182980577,0.05036425304065073,4144.0,4917.0,95849.0,-773.0,100766.0,100766.0,-0.0076712383145108465,0.04112498263303098
19013,2023,1009.5183100168359,12,6.91722857529701,0.051687392316432934,4524.0,4671.0,97286.0,-147.0,101957.0,101957.0,-0.0014417842816089135,0.04437164687073963
19013,2024,1063.5158309120268,12,6.969335520201365,0.05210694490435497,,,,,,,,
19013,2025,1097.1642227774319,12,7.000484150782471,0.031148630581106396,,,,,,,,
19013,2026,1118.437255712985,4,7.019687682542202,0.019203531759730552,,,,,,,,
19015,2026,1104.375,1,7.007034843073961,,,,,,,,,
19017,2026,1062.5,1,6.968379900798572,,,,,,,,,
19033,2026,903.75,1,6.8065527734729745,,,,,,,,,
19045,2026,840.5546644716404,4,6.734061988772623,,,,,,,,,
19049,2016,1210.0996991498835,7,7.098458031188063,,,,,,,,,
19049,2017,1223.8318707025135,12,7.109742093100286,0.011284061912223642,,,,,,,,
19049,2018,1231.2007879684706,12,7.115745222524847,0.006003129424560605,,,,,,,,
19049,2019,1253.8931702385798,12,7.134008526366585,0.018263303841737688,,,,,,,,
19049,2020,1275.0291288424924,12,7.150724303482532,0.016715777115947184,9600.0,7321.0,81968.0,2279.0,89289.0,89289.0,0.02552386072192543,0.10751604340960252
19049,2021,1320.5471595986903,12,7.185801444540363,0.03507714105783144,10012.0,7248.0,81770.0,2764.0,89018.0,89018.0,0.03104990002022063,0.11247163495023478
19049,2022,1414.8815878543692,12,7.254801123080534,0.06899967854017053,9213.0,7478.0,85950.0,1735.0,93428.0,93428.0,0.018570449972171083,0.09861069486663528
19049,2023,1490.9299715254265,12,7.30715534620729,0.052354223126756416,8890.0,7273.0,90461.0,1617.0,97734.0,97734.0,0.01654490760636012,0.09096118034665521
19049,2024,1527.7292230508272,12,7.33153774397764,0.024382397770350117,,,,,,,,
19049,2025,1528.5273062129456,12,7.332060005883744,0.000522261906104049,,,,,,,,
19049,2026,1529.972802378149,4,7.33300523800505,0.0009452321213059278,,,,,,,,
19061,2021,852.2345432828553,1,6.74786177448846,,2837.0,3386.0,78120.0,-549.0,81506.0,81506.0,-0.006735700439231468,0.03480725345373347
19061,2022,900.9315817953724,12,6.803429318870872,0.05556754438241196,2942.0,3266.0,79079.0,-324.0,82345.0,82345.0,-0.003934665128423098,0.03572773088833566
19061,2023,972.6807937491785,12,6.880055964383012,0.07662664551213982,3139.0,3053.0,80507.0,86.0,83560.0,83560.0,0.00102920057443753,0.037565820966969844
19061,2024,1028.860666203619,12,6.9362073196721274,0.0561513552891153,,,,,,,,
19061,2025,1069.9156801363986,12,6.975335120739942,0.03912780106781444,,,,,,,,
19061,2026,1095.7376528021446,4,6.9991830709736425,0.023847950233700566,,,,,,,,
19065,2026,750.0,1,6.620073206530356,,,,,,,,,
19079,2026,650.0,1,6.476972362889683,,,,,,,,,
19099,2025,782.7965002597721,1,6.662872764714497,,,,,,,,,
19099,2026,779.3738642139724,4,6.658490859129595,-0.00438190558490259,,,,,,,,
19103,2015,975.0734770933273,2,6.882512829279702,,,,,,,,,
19103,2016,977.0402828924276,12,6.884527882403064,0.0020150531233618096,,,,,,,,
19103,2017,1011.2679292365774,12,6.918960197992122,0.034432315589057794,,,,,,,,
19103,2018,1026.7239271087324,12,6.934128358902102,0.015168160909980521,,,,,,,,
19103,2019,1040.607200060733,12,6.9475596679757725,0.013431309073670405,,,,,,,,
19103,2020,1052.649329035137,12,6.959065435810896,0.011505767835123137,7459.0,8566.0,106785.0,-1107.0,115351.0,115351.0,-0.009596795866529116,0.06466350530121108
19103,2021,1094.0460274794682,12,6.997638054747234,0.03857261893633801,6952.0,8225.0,104050.0,-1273.0,112275.0,112275.0,-0.011338232019594744,0.061919394344244046
19103,2022,1148.3842782552583,12,7.046111258023678,0.04847320327644411,7121.0,8380.0,106524.0,-1259.0,114904.0,114904.0,-0.010956972777274943,0.06197347350831999
19103,2023,1204.3760222616847,12,7.09371688795846,0.047605629934782456,7088.0,8165.0,109742.0,-1077.0,117907.0,117907.0,-0.009134317724986641,0.06011517551968925
19103,2024,1259.4307768528422,12,7.138415133466736,0.04469824550827539,,,,,,,,
19103,2025,1318.449943268368,12,7.184212040164327,0.045796906697590956,,,,,,,,
19103,2026,1364.494427627576,4,7.218539256320029,0.034327216155702445,,,,,,,,
19113,2015,774.7738491582776,12,6.652571179231536,,,,,,,,,
19113,2016,786.7409980298216,12,6.6678990939087,0.015327914677163434,,,,,,,,
19113,2017,801.2424496060108,12,6.686163584921851,0.018264491013151307,,,,,,,,
19113,2018,821.0519101200962,12,6.710586335370919,0.02442275044906772,,,,,,,,
19113,2019,846.0772934425833,12,6.74061071884015,0.03002438346923153,,,,,,,,
19113,2020,876.4306433716571,12,6.775857572162145,0.03524685332199429,8285.0,9306.0,184103.0,-1021.0,193409.0,193409.0,-0.0052789684037454305,0.04283668288445729
19113,2021,913.6610120644069,12,6.817459618703894,0.04160204654174926,7228.0,9186.0,177255.0,-1958.0,186441.0,186441.0,-0.010501981860213151,0.03876829667294211
19113,2022,960.5806108387915,12,6.867537904599358,0.050078285895463814,7826.0,8872.0,179067.0,-1046.0,187939.0,187939.0,-0.005565635658378517,0.04164117080542091
19113,2023,1019.2964650729314,12,6.926867928173584,0.05933002357422623,7943.0,7983.0,182553.0,-40.0,190536.0,190536.0,-0.00020993408069866062,0.04168766007473653
19113,2024,1057.139108350717,12,6.963321583975933,0.03645365580234916,,,,,,,,
19113,2025,1116.961120168223,12,7.0183669910938695,0.055045407117936485,,,,,,,,
19113,2026,1185.0689498362142,4,7.077556237392312,0.05918924629844291,,,,,,,,
19125,2024,938.3483411320614,6,6.844121245879441,,,,,,,,,
19125,2025,961.5388951790434,12,6.868535016814959,0.02441377093551811,,,,,,,,
19125,2026,952.5762112155455,4,6.859170115574936,-0.00936490124002276,,,,,,,,
19127,2025,1057.1898364707492,12,6.963369569054287,,,,,,,,,
19127,2026,1056.2610397906592,4,6.962490630489577,-0.0008789385647105519,,,,,,,,
19137,2026,714.1666666666667,1,6.571116361803825,,,,,,,,,
19139,2026,764.6825450066277,4,6.639460773853516,,,,,,,,,
19153,2015,901.6617683042331,12,6.804239470033094,,,,,,,,,
19153,2016,920.3375954907752,12,6.824740554353214,0.0205010843201201,,,,,,,,
19153,2017,946.4584513774253,12,6.852727072567461,0.027986518214246914,,,,,,,,
19153,2018,963.8683100735034,12,6.87095467747128,0.018227604903819028,,,,,,,,
19153,2019,984.7588269996896,12,6.892396765506896,0.021442088035615647,,,,,,,,
19153,2020,1006.2899612303112,12,6.914025540968144,0.021628775461247862,21151.0,22218.0,396389.0,-1067.0,418607.0,418607.0,-0.0025489301421142024,0.050527105375686505
19153,2021,1046.3748396115852,12,6.953086935700156,0.039061394732012644,24286.0,23147.0,383960.0,1139.0,407107.0,407107.0,0.002797790261528296,0.05965507839462353
19153,2022,1117.1322185350077,12,7.018520161388194,0.06543322568803767,20842.0,23105.0,390564.0,-2263.0,413669.0,413669.0,-0.005470557378000286,0.0503832774512956
19153,2023,1156.9211614011103,12,7.053517584337096,0.03499742294890229,20008.0,20087.0,399952.0,-79.0,420039.0,420039.0,-0.00018807777373053454,0.047633672111399177
19153,2024,1192.2803080203903,12,7.083622977715276,0.030105393378179635,,,,,,,,
19153,2025,1208.8877872620972,12,7.097456031801137,0.013833054085861107,,,,,,,,
19153,2026,1221.1034182160197,4,7.107510170127515,0.010054138326378137,,,,,,,,
19155,2022,1043.6908531370393,12,6.9505186069062574,,3758.0,3668.0,69976.0,90.0,73644.0,73644.0,0.0012220954863940035,0.051029275976318504
19155,2023,1130.0537932707596,12,7.030020515237709,0.07950190833145143,3725.0,3705.0,70990.0,20.0,74695.0,74695.0,0.00026775553919271706,0.04986946917464355
19155,2024,1200.297645815618,12,7.090324843199389,0.06030432796168039,,,,,,,,
19155,2025,1273.174198086717,12,7.149268429797877,0.05894358659848731,,,,,,,,
19155,2026,1279.3530960915846,4,7.154109835480782,0.004841405682905808,,,,,,,,
19163,2015,729.6327999087194,12,6.592541393764871,,,,,,,,,
19163,2016,738.3073415379167,12,6.604360189856824,0.011818796091953132,,,,,,,,
19163,2017,749.5937175465064,12,6.619531349814526,0.015171159957701796,,,,,,,,
19163,2018,767.3587721872051,12,6.642954452349865,0.023423102535338636,,,,,,,,
19163,2019,783.3846985365908,12,6.663623888920209,0.020669436570344146,,,,,,,,
19163,2020,805.1283092262346,12,6.691001655060421,0.027377766140212145,7502.0,8131.0,138864.0,-629.0,146995.0,146995.0,-0.004279057110786081,0.051035749515289636
19163,2021,851.3610805273483,12,6.746836340025214,0.05583468496479327,7358.0,7764.0,133601.0,-406.0,141365.0,141365.0,-0.002871998019311711,0.05204965868496445
19163,2022,906.6379105260412,12,6.809743153787387,0.06290681376217311,7157.0,7513.0,135570.0,-356.0,143083.0,143083.0,-0.0024880663670736563,0.05001991850883753
19163,2023,948.6587013759214,12,6.855049093645583,0.04530593985819564,7340.0,6882.0,137618.0,458.0,144500.0,144500.0,0.0031695501730103805,0.05079584775086505
19163,2024,992.4673378350723,12,6.900194103037538,0.045145009391955426,,,,,,,,
19163,2025,1011.6388578281411,12,6.919326926304165,0.019132823266626353,,,,,,,,
19163,2026,1036.8262240613706,4,6.94391961854721,0.024592692243045278,,,,,,,,
19169,2017,825.9799562973598,3,6.716570507242729,,,,,,,,,
19169,2018,806.9277571889485,12,6.693234144050816,-0.023336363191912568,,,,,,,,
19169,2019,818.7418526101578,12,6.707768835889456,0.01453469183863998,,,,,,,,
19169,2020,833.7639790332404,12,6.725950363545938,0.018181527656482288,4768.0,5345.0,60204.0,-577.0,65549.0,65549.0,-0.008802575172771514,0.07273947733756427
19169,2021,863.4889169154061,12,6.760981062432453,0.03503069888651478,4396.0,5164.0,58212.0,-768.0,63376.0,63376.0,-0.012118151981822771,0.0693637970209543
19169,2022,900.1496439237552,12,6.80256102052921,0.041579958096757075,4681.0,5437.0,59390.0,-756.0,64827.0,64827.0,-0.011661807580174927,0.07220756783438999
19169,2023,934.6896943177029,12,6.840214596470006,0.0376535759407961,4862.0,5370.0,61488.0,-508.0,66858.0,66858.0,-0.00759819318555745,0.07272128989799276
19169,2024,981.3634720997476,12,6.888942902767218,0.04872830629721214,,,,,,,,
19169,2025,1016.276986204527,12,6.923901215200252,0.03495831243303371,,,,,,,,
19169,2026,1032.7542959921084,4,6.939984586028191,0.016083370827939092,,,,,,,,
19181,2023,1060.139354738491,12,6.966155645199544,,3344.0,2449.0,45717.0,895.0,48166.0,48166.0,0.018581572063281152,0.06942656645766723
19181,2024,1106.5848360801472,12,7.009033827207412,0.042878182007868304,,,,,,,,
19181,2025,1137.4374152831624,12,7.03653312978019,0.027499302572777218,,,,,,,,
19181,2026,1169.87357489938,4,7.064650966311815,0.02811783653162525,,,,,,,,
19187,2025,822.1561211131581,5,6.711930305383579,,,,,,,,,
19187,2026,806.5173250906378,4,6.692725379158014,-0.01920492622556491,,,,,,,,
19193,2023,1041.4732040691315,8,6.948391532159903,,3788.0,4161.0,81477.0,-373.0,85638.0,85638.0,-0.00435554310002569,0.04423270043672201
19193,2024,1078.7368955017425,12,6.983546094469152,0.03515456230924929,,,,,,,,
19193,2025,1136.9857413238137,12,7.036135953059601,0.052589858590448735,,,,,,,,
19193,2026,1164.9850854169192,4,7.0604635637006155,0.02432761064101463,,,,,,,,
20005,2026,1217.5536747061615,2,7.10459893998594,,,,,,,,,
20009,2025,779.3344342777847,11,6.658440266037566,,,,,,,,,
20009,2026,793.2102602821535,4,6.676088331864746,0.01764806582718048,,,,,,,,
20015,2022,1120.6445597829418,9,7.021659298558832,,3734.0,3332.0,52368.0,402.0,55700.0,55700.0,0.007217235188509874,0.06703770197486535
20015,2023,1174.6202301946585,12,7.068700165990213,0.04704086743138092,3747.0,3480.0,53773.0,267.0,57253.0,57253.0,0.004663511082388696,0.06544635215621888
20015,2024,1207.5998150606413,12,7.096390044686466,0.02768987869625228,,,,,,,,
20015,2025,1250.4058182725264,12,7.131223432225461,0.03483338753899545,,,,,,,,
20015,2026,1260.594777149009,4,7.139338933923519,0.008115501698058303,,,,,,,,
20029,2026,862.5,1,6.759835148905514,,,,,,,,,
20037,2025,814.7143626634447,11,6.702837576550478,,,,,,,,,
20037,2026,872.2529742881316,4,6.771079489964345,0.06824191341386676,,,,,,,,
20041,2026,1425.0,1,7.261927092702751,,,,,,,,,
20045,2016,821.0014669062069,1,6.7105248961819,,,,,,,,,
20045,2017,825.6281533295681,12,6.716144494593527,0.00561959841162718,,,,,,,,
20045,2018,852.118085671843,12,6.7477251154318605,0.03158062083833357,,,,,,,,
20045,2019,874.8568156379346,12,6.774060233696316,0.02633511826445556,,,,,,,,
20045,2020,915.0128231516505,12,6.818938079550709,0.04487784585439325,6268.0,6776.0,79112.0,-508.0,85888.0,85888.0,-0.00591467958271237,0.07297876304023845
20045,2021,960.916560692514,12,6.867887579698674,0.04894950014796429,5714.0,6425.0,76664.0,-711.0,83089.0,83089.0,-0.008557089386079986,0.06876963256267377
20045,2022,1037.22123354488,12,6.944300525441926,0.07641294574325208,5956.0,6329.0,78611.0,-373.0,84940.0,84940.0,-0.004391335060042383,0.07012008476571698
20045,2023,1123.8933751339782,12,7.024554163973508,0.08025363853158218,5767.0,6027.0,80765.0,-260.0,86792.0,86792.0,-0.002995667803484192,0.06644621624112822
20045,2024,1200.8618789899506,12,7.090794810462197,0.06624064648868888,,,,,,,,
20045,2025,1287.5099035669812,12,7.1604653245991665,0.06967051413696979,,,,,,,,
20045,2026,1331.0213813642229,4,7.193701882401489,0.03323655780232215,,,,,,,,
20051,2026,905.166381366938,3,6.808118773616468,,,,,,,,,
20061,2015,840.1330018864264,10,6.733560214882684,,,,,,,,,
20061,2016,837.8291444576998,12,6.730814194799386,-0.0027460200832978288,,,,,,,,
20061,2017,838.1445969541388,12,6.731190635661638,0.0003764408622517479,,,,,,,,
20061,2018,846.3614763351374,12,6.740946545341291,0.009755909679653563,,,,,,,,
20061,2019,853.4408465749899,12,6.749276232949229,0.008329687607937508,,,,,,,,
20061,2020,888.1449308358143,12,6.789134940075494,0.039858707126264825,6517.0,8083.0,26517.0,-1566.0,34600.0,34600.0,-0.045260115606936414,0.18835260115606936
20061,2021,937.5412619531517,12,6.8432607696260614,0.05412582955056777,6234.0,7861.0,24994.0,-1627.0,32855.0,32855.0,-0.04952062091005935,0.1897428093136509
20061,2022,995.0245451645882,12,6.902767405361454,0.059506635735392166,5867.0,6697.0,25229.0,-830.0,31926.0,31926.0,-0.025997619495082377,0.18376871515379314
20061,2023,1035.5073615542203,12,6.942646789988756,0.03987938462730245,5937.0,6811.0,26279.0,-874.0,33090.0,33090.0,-0.026412813538833485,0.17941976427923845
20061,2024,1097.615893996103,12,7.000895737548357,0.058248947559601305,,,,,,,,
20061,2025,1194.6306345020084,12,7.085592324119751,0.08469658657139334,,,,,,,,
20061,2026,1222.183157757838,4,7.1083940120990015,0.02280168797925075,,,,,,,,
20079,2023,749.4355345779396,11,6.619320302606568,,1621.0,1775.0,27290.0,-154.0,29065.0,29065.0,-0.005298468948907621,0.05577154653363151
20079,2024,768.4522080107528,12,6.644378372379602,0.025058069773034042,,,,,,,,
20079,2025,815.1730614303806,12,6.703400436012138,0.05902206363253537,,,,,,,,
20079,2026,911.7179090794166,4,6.815330632008121,0.11193019599598308,,,,,,,,
20091,2015,1060.6803187457047,12,6.966665791371526,,,,,,,,,
20091,2016,1103.8588817815305,12,7.006567394193545,0.03990160282201849,,,,,,,,
20091,2017,1144.6439368324664,12,7.04284889542774,0.03628150123419527,,,,,,,,
20091,2018,1183.5547427242482,12,7.0762776828266425,0.033428787398902315,,,,,,,,
20091,2019,1219.8767586471429,12,7.106505115122348,0.030227432295705903,,,,,,,,
20091,2020,1265.1267222042513,12,7.142927571799909,0.03642245667756061,30119.0,29706.0,508891.0,413.0,538597.0,538597.0,0.0007668070932441139,0.055921217533703306
20091,2021,1340.1393370211138,12,7.200528870390692,0.05760129859078322,29785.0,28463.0,488575.0,1322.0,517038.0,517038.0,0.0025568720287483704,0.057606984399599256
20091,2022,1490.0191110876847,12,7.306544225090595,0.10601535469990253,28571.0,29037.0,503609.0,-466.0,532646.0,532646.0,-0.0008748774983760321,0.05363975323197771
20091,2023,1568.8149762290147,12,7.358075821132475,0.05153159604188051,27235.0,27824.0,518244.0,-589.0,546068.0,546068.0,-0.0010786202450976802,0.04987474087476285
20091,2024,1647.9587141745833,12,7.407292658077079,0.04921683694460377,,,,,,,,
20091,2025,1725.6491056315308,12,7.453358551804688,0.04606589372760883,,,,,,,,
20091,2026,1733.9863654997844,4,7.458178294276,0.004819742471312338,,,,,,,,
20103,2018,855.3695136621641,1,6.751533555295833,,,,,,,,,
20103,2019,865.7017035266325,12,6.763540396022302,0.012006840726469292,,,,,,,,
20103,2020,891.1297119269584,12,6.792489997039982,0.02894960101767996,7748.0,6530.0,58191.0,1218.0,64721.0,64721.0,0.018819239504952026,0.11971384867353718
20103,2021,948.1773064398168,12,6.854541516876209,0.06205151983622681,7104.0,6626.0,56653.0,478.0,63279.0,63279.0,0.00755384882820525,0.11226473237566965
20103,2022,1028.5570652444214,12,6.935912191505629,0.08137067462942049,6948.0,6533.0,57943.0,415.0,64476.0,64476.0,0.006436503505180222,0.10776102735901731
20103,2023,1099.1879716879012,12,7.002326978620641,0.06641478711501136,6399.0,5918.0,60194.0,481.0,66112.0,66112.0,0.007275532429816069,0.09679029525653436
20103,2024,1165.7167826528826,12,7.061091440882185,0.05876446226154464,,,,,,,,
20103,2025,1235.146276158918,12,7.118944684282292,0.05785324340010689,,,,,,,,
20103,2026,1260.8556341302337,4,7.13954584418516,0.020601159902867927,,,,,,,,
20111,2023,726.7342573451496,3,6.5885608774845865,,1312.0,1320.0,24690.0,-8.0,26010.0,26010.0,-0.00030757400999615535,0.05044213763936947
20111,2024,754.0145060215901,12,6.625411606578318,0.03685072909373144,,,,,,,,
20111,2025,790.5339755083278,12,6.672708635496104,0.047297028917785866,,,,,,,,
20111,2026,794.3093830035513,4,6.677473036490819,0.004764400994715423,,,,,,,,
20113,2026,970.038179566126,3,6.877335431100279,,,,,,,,,
20121,2026,1856.6941117968538,3,7.526552826081232,,,,,,,,,
20149,2026,1608.3007840438215,3,7.382933486999973,,,,,,,,,
20155,2017,531.755561694915,8,6.27618391325445,,,,,,,,,
20155,2018,541.4714471067847,12,6.294290335792794,0.01810642253834338,,,,,,,,
20155,2019,554.528401001451,12,6.318118024597705,0.023827688804911595,,,,,,,,
20155,2020,574.2234332756484,12,6.353018577156663,0.034900552558958076,2381.0,2374.0,47849.0,7.0,50223.0,50223.0,0.0001393783724588336,0.04740855783206897
20155,2021,593.8861071114549,12,6.3866875621087935,0.03366898495213011,2394.0,2256.0,45775.0,138.0,48031.0,48031.0,0.0028731444275572025,0.0498428098519706
20155,2022,648.4663118972552,11,6.474610054677416,0.08792249256862217,2166.0,2166.0,46449.0,0.0,48615.0,48615.0,0.0,0.04455414995371799
20155,2023,697.5077228216887,12,6.547513585780015,0.0729035311025994,2278.0,2072.0,47355.0,206.0,49427.0,49427.0,0.004167762558925284,0.04608817043316406
20155,2024,730.7922403685808,12,6.5941292064515595,0.046615620671544455,,,,,,,,
20155,2025,764.3473945511709,12,6.63902239072948,0.044893184277920106,,,,,,,,
20155,2026,785.9202255317713,4,6.66685529304393,0.02783290231445079,,,,,,,,
20161,2015,885.567638193901,12,6.786228838488601,,,,,,,,,
20161,2016,880.258005093138,12,6.780215052107003,-0.006013786381597441,,,,,,,,
20161,2017,883.3215309359698,12,6.783689269018334,0.00347421691133043,,,,,,,,
20161,2018,890.9620430344631,12,6.792301826153132,0.008612557134798138,,,,,,,,
20161,2019,887.6315936942477,12,6.788556784943049,-0.003745041210082789,,,,,,,,
20161,2020,894.5007912638904,12,6.796265787536298,0.007709002593249359,5418.0,6379.0,36200.0,-961.0,42579.0,42579.0,-0.022569811409380212,0.12724582540689072
20161,2021,918.9262618461256,12,6.823205881754696,0.02694009421839727,5059.0,6050.0,35320.0,-991.0,41370.0,41370.0,-0.023954556441866087,0.1222866811699299
20161,2022,965.7264082886658,12,6.872880572864545,0.0496746911098489,5076.0,6377.0,36503.0,-1301.0,42880.0,42880.0,-0.030340485074626864,0.1183768656716418
20161,2023,999.8244770203888,12,6.907579740596565,0.034699167732020086,5457.0,5872.0,38108.0,-415.0,43980.0,43980.0,-0.009436107321509778,0.12407912687585267
20161,2024,1055.6086132994221,12,6.96187276422019,0.0542930236236252,,,,,,,,
20161,2025,1115.2727338715733,12,7.016854258352572,0.05498149413238185,,,,,,,,
20161,2026,1154.8143760349492,4,7.051694896650459,0.034840638297887416,,,,,,,,
20169,2023,894.0290654312784,8,6.795738286313118,,2019.0,2329.0,43110.0,-310.0,45439.0,45439.0,-0.006822333237967385,0.04443319615308435
20169,2024,934.2081891835461,12,6.839699314014971,0.04396102770185273,,,,,,,,
20169,2025,974.370849385614,12,6.88179198003195,0.0420926660169787,,,,,,,,
20169,2026,1005.4917647189156,4,6.913232018944374,0.031440038912424306,,,,,,,,
20173,2015,754.1521776781254,12,6.625594174802912,,,,,,,,,
20173,2016,761.7928559600896,12,6.635674676158696,0.010080501355783866,,,,,,,,
20173,2017,775.4641395218672,12,6.6534617397961116,0.017787063637415557,,,,,,,,
20173,2018,789.445376523557,12,6.671330643871556,0.017868904075444725,,,,,,,,
20173,2019,810.6372046819143,12,6.697820610848706,0.02648996697714967,,,,,,,,
20173,2020,845.5292387371777,12,6.7399627493340555,0.042142138485349534,17038.0,18496.0,417054.0,-1458.0,435550.0,435550.0,-0.00334749167718976,0.039118356101480886
20173,2021,905.2175047447032,12,6.808175251558159,0.06821250222410313,16536.0,17391.0,398938.0,-855.0,416329.0,416329.0,-0.0020536642895402435,0.03971858794366955
20173,2022,982.0710033414488,12,6.889663610568957,0.0814883590107982,16484.0,16847.0,407674.0,-363.0,424521.0,424521.0,-0.0008550813740663007,0.03882964564768292
20173,2023,1045.2364228302351,12,6.951998380752872,0.062334770183914756,16481.0,16232.0,417652.0,249.0,433884.0,433884.0,0.0005738861078076168,0.03798480699910575
20173,2024,1092.3841827269705,12,6.996117910116263,0.044119529363391585,,,,,,,,
20173,2025,1128.9038314510983,12,7.029002380230294,0.032884470114030506,,,,,,,,
20173,2026,1157.9582369290615,4,7.05441359265449,0.025411212424196528,,,,,,,,
20177,2015,707.9909088180463,12,6.562431252958801,,,,,,,,,
20177,2016,727.8223495383312,12,6.5900569930582185,0.02762574009941776,,,,,,,,
20177,2017,735.1321232746076,12,6.600050242615312,0.009993249557093797,,,,,,,,
20177,2018,756.8230394107756,12,6.62912946047034,0.02907921785502765,,,,,,,,
20177,2019,792.4874389229976,12,6.675176655686389,0.046047195216049275,,,,,,,,
20177,2020,815.7275603162761,12,6.704080427054961,0.02890377136857225,5920.0,6422.0,139616.0,-502.0,146038.0,146038.0,-0.0034374614826278094,0.040537394376806035
20177,2021,875.3310095215193,12,6.7746021114175194,0.07052168436255801,6035.0,6411.0,134273.0,-376.0,140684.0,140684.0,-0.002672656449916124,0.04289755764692502
20177,2022,977.7294980684222,12,6.885233044935518,0.11063093351799846,5740.0,6041.0,136260.0,-301.0,142301.0,142301.0,-0.0021152346083302296,0.040337032065832286
20177,2023,1045.7623097699818,12,6.952501381488965,0.06726833655344677,5676.0,5701.0,138642.0,-25.0,144343.0,144343.0,-0.00017319856175914314,0.03932300146179586
20177,2024,1100.4255450393064,12,7.003452243102406,0.05095086161344131,,,,,,,,
20177,2025,1169.8880740685493,12,7.064663360026513,0.06121111692410697,,,,,,,,
20177,2026,1207.4123463740707,4,7.096234791897316,0.03157143187080269,,,,,,,,
20209,2015,717.5051615868555,12,6.575780141457177,,,,,,,,,
20209,2016,754.5263375365347,12,6.626090184870408,0.05031004341323175,,,,,,,,
20209,2017,794.0344525862091,12,6.677126851472276,0.051036666601867786,,,,,,,,
20209,2018,828.0357960797846,12,6.719056385431201,0.041929533958924736,,,,,,,,
20209,2019,865.253635504164,12,6.763022684187256,0.043966298756054734,,,,,,,,
20209,2020,919.0920717696682,12,6.823386304246637,0.06036362005938134,8888.0,10777.0,117380.0,-1889.0,128157.0,128157.0,-0.014739733295879274,0.06935243490406298
20209,2021,989.6147525582948,12,6.897315728564468,0.07392942431783123,8357.0,10659.0,110723.0,-2302.0,121382.0,121382.0,-0.01896492066368984,0.06884875846501129
20209,2022,1096.9759312257188,12,7.0003125194928,0.1029967909283318,7901.0,9572.0,114030.0,-1671.0,123602.0,123602.0,-0.013519198718467339,0.06392291386870763
20209,2023,1164.6098344896236,12,7.060141403888766,0.05982888439596579,8344.0,9321.0,113871.0,-977.0,123192.0,123192.0,-0.007930709786349762,0.06773167088771999
20209,2024,1233.2922620332654,12,7.117442508355604,0.05730110446683856,,,,,,,,
20209,2025,1299.2410846456812,12,7.1695355919413455,0.05209308358574116,,,,,,,,
20209,2026,1319.8518964320788,4,7.185274809612895,0.015739217671549177,,,,,,,,
21005,2026,1245.0,1,7.126890808898808,,,,,,,,,
21009,2026,1012.5,1,6.920177798980694,,,,,,,,,
21015,2016,1089.2908798902236,11,6.993282194603358,,,,,,,,,
21015,2017,1107.4629630645893,12,7.009827059431961,0.016544864828603068,,,,,,,,
21015,2018,1137.2841223617704,12,7.036398350275018,0.02657129084305687,,,,,,,,
21015,2019,1185.7660409355822,12,7.078144292758603,0.0417459424835851,,,,,,,,
21015,2020,1236.208367230071,12,7.119804205710656,0.041659912952052736,9949.0,9275.0,109513.0,674.0,118788.0,118788.0,0.005673973802067549,0.08375425127117217
21015,2021,1362.9961688075318,12,7.2174406208397075,0.09763641512905163,9194.0,8831.0,105108.0,363.0,113939.0,113939.0,0.003185915270451733,0.08069230026593177
21015,2022,1472.0914084201038,12,7.294439395472297,0.07699877463258975,8645.0,8296.0,108817.0,349.0,117113.0,117113.0,0.0029800278363631707,0.07381759497237711
21015,2023,1542.077558501003,12,7.340885850200172,0.04644645472787445,8588.0,7941.0,112647.0,647.0,120588.0,120588.0,0.0053653763226855075,0.07121769993697549
21015,2024,1649.6330630457467,12,7.408308156130305,0.06742230593013332,,,,,,,,
21015,2025,1698.2872741956262,12,7.43737553642211,0.029067380291804668,,,,,,,,
21015,2026,1717.9965918468397,4,7.448914118751103,0.01153858232899374,,,,,,,,
21017,2025,1149.3270962193008,1,7.046931916377403,,,,,,,,,
21017,2026,1158.7021667292422,3,7.0550558359669555,0.008123919589552386,,,,,,,,
21021,2026,1349.2004965916376,3,7.207267471251197,,,,,,,,,
21029,2022,1283.1344390759034,9,7.1570611440644285,,5031.0,4121.0,63887.0,910.0,68008.0,68008.0,0.013380778731913892,0.07397659098929538
21029,2023,1367.6744598425023,12,7.220867101912243,0.06380595784781473,4863.0,4185.0,66340.0,678.0,70525.0,70525.0,0.009613612194257356,0.06895427153491669
21029,2024,1462.354803589484,12,7.287803294580532,0.06693619266828854,,,,,,,,
21029,2025,1513.711749924557,12,7.322320026124967,0.0345167315444348,,,,,,,,
21029,2026,1541.73906185233,4,7.340666319215224,0.01834629309025715,,,,,,,,
21035,2024,1061.968827291078,2,6.967879848537821,,,,,,,,,
21035,2025,1123.9859547368417,12,7.024636534589836,0.05675668605201434,,,,,,,,
21035,2026,1183.3567997722926,4,7.076110424398211,0.051473889808375084,,,,,,,,
21037,2016,824.3165496492232,1,6.714554618333728,,,,,,,,,
21037,2017,878.8692670365905,12,6.7786361574277505,0.06408153909402259,,,,,,,,
21037,2018,952.3461163479279,12,6.858928536309044,0.08029237888129348,,,,,,,,
21037,2019,993.1178405303589,12,6.900849328233261,0.04192079192421705,,,,,,,,
21037,2020,1093.2836378116326,12,6.996940958455983,0.09609163022272238,5206.0,5529.0,69677.0,-323.0,75206.0,75206.0,-0.004294870090152381,0.06922320027657368
21037,2021,1166.7755807365345,12,7.061999309369126,0.0650583509131426,5195.0,5171.0,66606.0,24.0,71777.0,71777.0,0.0003343689482703373,0.07237694526101676
21037,2022,1254.0446832577634,12,7.134129353139989,0.07213004377086296,4902.0,4924.0,68858.0,-22.0,73782.0,73782.0,-0.00029817570681195957,0.06643896885419208
21037,2023,1347.9906939700204,12,7.206370387865352,0.07224103472536303,4978.0,5023.0,70766.0,-45.0,75789.0,75789.0,-0.0005937537109606935,0.06568235495916294
21037,2024,1427.7170039425139,12,7.263831946749126,0.05746155888377391,,,,,,,,
21037,2025,1486.0358409020766,12,7.303867344032657,0.040035397283531005,,,,,,,,
21037,2026,1511.7384319866326,4,7.321015547056331,0.017148203023674036,,,,,,,,
21047,2016,640.1328365395891,8,6.461675711909832,,,,,,,,,
21047,2017,650.9037284028315,12,6.478361748635114,0.01668603672528235,,,,,,,,
21047,2018,674.4746682981348,12,6.513934118675892,0.035572370040777734,,,,,,,,
21047,2019,709.3202050394547,12,6.564307053689052,0.05037293501315965,,,,,,,,
21047,2020,764.723460571173,12,6.639514279024028,0.07520722533497626,7172.0,8555.0,48378.0,-1383.0,56933.0,56933.0,-0.024291711309785188,0.125972634500202
21047,2021,864.7640839826004,12,6.762456734452618,0.12294245542859006,6392.0,7729.0,45900.0,-1337.0,53629.0,53629.0,-0.024930541311603795,0.11918924462510955
21047,2022,974.7589424027229,12,6.882190201868045,0.11973346741542734,6774.0,7488.0,46809.0,-714.0,54297.0,54297.0,-0.013149897784407978,0.12475827393778662
21047,2023,1021.4998183035574,12,6.929027236385471,0.04683703451742538,6596.0,7435.0,47900.0,-839.0,55335.0,55335.0,-0.015162193909821993,0.11920122887864823
21047,2024,1076.360898106461,12,6.981341091647461,0.05231385526198995,,,,,,,,
21047,2025,1101.7760033919667,12,7.004678705342343,0.023337613694882187,,,,,,,,
21047,2026,1108.047553277508,4,7.0103547845067675,0.005676079164424586,,,,,,,,
21049,2025,1160.21697926044,8,7.056362317695124,,,,,,,,,
21049,2026,1200.586075770023,4,7.090565113024371,0.034202795329247415,,,,,,,,
21059,2023,991.9065881105074,11,6.899628937639869,,3108.0,3019.0,81424.0,89.0,84443.0,84443.0,0.0010539653967765238,0.03680589273237569
21059,2024,1046.8285623635518,12,6.953520455690277,0.05389151805040804,,,,,,,,
21059,2025,1128.8328880323058,12,7.028939535507786,0.07541907981750917,,,,,,,,
21059,2026,1157.7358302477849,4,7.054221506242807,0.02528197073502092,,,,,,,,
21067,2015,861.01459407291,12,6.758111454426832,,,,,,,,,
21067,2016,900.586374766454,12,6.803046078690683,0.044934624263850864,,,,,,,,
21067,2017,933.270907218468,12,6.838695520135206,0.035649441444523866,,,,,,,,
21067,2018,957.0544039675757,12,6.86386023828811,0.025164718152903554,,,,,,,,
21067,2019,989.4076071863036,12,6.89710638745043,0.03324614916231994,,,,,,,,
21067,2020,1021.6395790021307,12,6.929164046139103,0.032057658688673385,14613.0,17381.0,222257.0,-2768.0,239638.0,239638.0,-0.011550755723215851,0.060979477378379054
21067,2021,1115.6786395466568,12,7.017218144078096,0.08805409793899255,14100.0,16737.0,212715.0,-2637.0,229452.0,229452.0,-0.011492599759426809,0.0614507609434653
21067,2022,1241.416913345984,12,7.124008678299488,0.10679053422139173,13573.0,16234.0,218945.0,-2661.0,235179.0,235179.0,-0.011314785758932558,0.05771348632318362
21067,2023,1331.6138435745165,12,7.194146901842772,0.07013822354328436,13568.0,15286.0,223391.0,-1718.0,238677.0,238677.0,-0.007198012376559116,0.05684670077133532
21067,2024,1407.8574891518701,12,7.249824316504394,0.05567741466162168,,,,,,,,
21067,2025,1483.9796557068632,12,7.302482714540945,0.05265839803655137,,,,,,,,
21067,2026,1515.0074379509645,4,7.323175627470008,0.02069291292906339,,,,,,,,
21073,2020,775.1370834681771,5,6.653039895606011,,2822.0,2560.0,39377.0,262.0,41937.0,41937.0,0.006247466437751866,0.06729141331044185
21073,2021,818.3185887187873,12,6.707251733539272,0.05421183793326101,2484.0,2600.0,37626.0,-116.0,40226.0,40226.0,-0.0028837070551384677,0.061751106249689255
21073,2022,895.3524675187888,12,6.797217459205467,0.08996572566619498,2544.0,2443.0,38679.0,101.0,41122.0,41122.0,0.0024561062205145662,0.06186469529692135
21073,2023,968.1389857285926,12,6.875375657268045,0.07815819806257807,2423.0,2272.0,39448.0,151.0,41720.0,41720.0,0.0036193672099712366,0.05807766059443912
21073,2024,1010.3879457402245,12,6.918089640779273,0.042713983511228015,,,,,,,,
21073,2025,1089.9301793542961,12,6.993868917533279,0.07577927675400531,,,,,,,,
21073,2026,1119.951577983263,4,7.021040729411011,0.02717181187773221,,,,,,,,
21093,2022,1022.618264097761,12,6.930121542937958,,7218.0,7173.0,82359.0,45.0,89532.0,89532.0,0.0005026135906714917,0.08061921994370727
21093,2023,1176.5716987851447,12,7.070360148754314,0.1402386058163554,6677.0,6961.0,84622.0,-284.0,91583.0,91583.0,-0.003101012196586703,0.07290654379087821
21093,2024,1259.0718625011825,12,7.1381301114473175,0.06776996269300373,,,,,,,,
21093,2025,1259.5995100020427,12,7.13854910021603,0.00041898876871293567,,,,,,,,
21093,2026,1265.185288121593,4,7.142973863258917,0.004424763042886859,,,,,,,,
21111,2015,829.701657373393,12,6.7210661872256665,,,,,,,,,
21111,2016,861.0827351672173,12,6.758190591759183,0.0371244045335164,,,,,,,,
21111,2017,906.4640821074677,12,6.809551406803696,0.05136081504451351,,,,,,,,
21111,2018,938.9827432383036,12,6.844797101231405,0.03524569442770886,,,,,,,,
21111,2019,969.9902390055149,12,6.877286008565885,0.0324889073344794,,,,,,,,
21111,2020,1007.9408706163695,12,6.915664786807935,0.03837877824205016,26814.0,30734.0,581428.0,-3920.0,612162.0,612162.0,-0.006403533705130342,0.043802130808511475
21111,2021,1065.5708314539186,12,6.971265926526645,0.055601139718709724,25804.0,31282.0,558927.0,-5478.0,590209.0,590209.0,-0.009281457924226843,0.04372010592857784
21111,2022,1177.8534796710285,12,7.07144897589076,0.10018304936411582,25381.0,29478.0,569805.0,-4097.0,599283.0,599283.0,-0.0068365029543637984,0.04235227763844461
21111,2023,1244.4720763138127,12,7.126466683881199,0.055017707990439035,24467.0,28440.0,577169.0,-3973.0,605609.0,605609.0,-0.006560338436185724,0.040400654547736246
21111,2024,1321.1151752649282,12,7.186231488658793,0.05976480477759338,,,,,,,,
21111,2025,1356.1253131875944,12,7.212386878085602,0.026155389426809172,,,,,,,,
21111,2026,1372.1388580803837,4,7.224126011677994,0.01173913359239176,,,,,,,,
21113,2020,905.3691123449944,1,6.8083427194928205,,3680.0,3275.0,39625.0,405.0,42900.0,42900.0,0.00944055944055944,0.08578088578088579
21113,2021,975.4056101755932,12,6.882853394926003,0.07451067543318235,3859.0,3156.0,37838.0,703.0,40994.0,40994.0,0.01714885105137337,0.09413572717958725
21113,2022,1084.3158880031588,12,6.988704549145072,0.10585115421906899,3517.0,3074.0,39877.0,443.0,42951.0,42951.0,0.010314078834020163,0.08188400735722103
21113,2023,1174.940998221099,12,7.068973211037565,0.08026866189249304,3324.0,2921.0,41367.0,403.0,44288.0,44288.0,0.00909953034682081,0.0750541907514451
21113,2024,1298.2355835704684,12,7.168761378153216,0.0997881671156513,,,,,,,,
21113,2025,1376.5917016999156,12,7.227365941833292,0.05860456368007583,,,,,,,,
21113,2026,1442.3908734374304,4,7.2740573445239916,0.04669140269069949,,,,,,,,
21117,2016,847.3060516901193,7,6.742061965501725,,,,,,,,,
21117,2017,880.9135392946781,12,6.780959481840612,0.03889751633888672,,,,,,,,
21117,2018,911.3548983305536,12,6.814932391463711,0.03397290962309896,,,,,,,,
21117,2019,973.0244618820548,12,6.880409222550409,0.06547683108669844,,,,,,,,
21117,2020,1041.04805372666,12,6.947983228670288,0.0675740061198784,10385.0,10862.0,128529.0,-477.0,139391.0,139391.0,-0.003422028681909162,0.07450265799083154
21117,2021,1125.685459564617,12,7.026147426483001,0.078164197812713,9978.0,10266.0,122653.0,-288.0,132919.0,132919.0,-0.002166733123180283,0.07506827466351688
21117,2022,1247.3900891654673,12,7.12880871886683,0.10266129238382948,9696.0,9579.0,126447.0,117.0,136026.0,136026.0,0.0008601296810903798,0.07128049049446429
21117,2023,1340.6026783984669,12,7.200874551832101,0.07206583296527036,9768.0,9380.0,130226.0,388.0,139606.0,139606.0,0.00277925017549389,0.0699683394696503
21117,2024,1398.6056541541127,12,7.243231057985828,0.04235650615372766,,,,,,,,
21117,2025,1462.914792465509,12,7.2881861576736435,0.04495509968781519,,,,,,,,
21117,2026,1483.3106677107066,4,7.302031806180404,0.013845648506760178,,,,,,,,
21145,2024,1160.7602215662116,1,7.056830432862733,,,,,,,,,
21145,2025,1181.6712074248774,11,7.07468499296341,0.017854560100676764,,,,,,,,
21145,2026,1221.3670267715036,4,7.107726024167468,0.03304103120405788,,,,,,,,
21151,2019,740.7834222042898,12,6.607708304847623,,,,,,,,,
21151,2020,756.8760466502976,12,6.6291994971639365,0.021491192316313246,5326.0,4443.0,62719.0,883.0,67162.0,67162.0,0.013147315446234478,0.079300795092463
21151,2021,814.671671217163,12,6.702785174669765,0.07358567750582878,5132.0,4383.0,61674.0,749.0,66057.0,66057.0,0.011338692341462677,0.07769047943442785
21151,2022,903.0407532086491,12,6.805767683305205,0.10298250863543945,5260.0,4236.0,64393.0,1024.0,68629.0,68629.0,0.014920806073234347,0.07664398432149674
21151,2023,976.6433530709033,12,6.884121542482229,0.07835385917702453,5478.0,4213.0,66994.0,1265.0,71207.0,71207.0,0.017765107363040152,0.07693063884168691
21151,2024,1027.4112116578465,12,6.934797530624828,0.05067598814259888,,,,,,,,
21151,2025,1064.1018763128666,12,6.969886413732351,0.03508888310752312,,,,,,,,
21151,2026,1080.3846336064435,4,6.985072398942863,0.015185985210512065,,,,,,,,
21167,2026,835.0,1,6.727431724850855,,,,,,,,,
21185,2026,1763.2585510590152,4,7.474918825677559,,,,,,,,,
21199,2026,1144.0227894741424,3,7.042306092610331,,,,,,,,,
21205,2025,1120.3250043286935,2,7.021374104630694,,,,,,,,,
21205,2026,1139.8946254149894,4,7.03869110326977,0.017316998639075543,,,,,,,,
21209,2023,1341.8529349084556,5,7.20180672502022,,3731.0,3248.0,47072.0,483.0,50320.0,50320.0,0.009598569157392687,0.07414546899841018
21209,2024,1391.3777730936408,12,7.238049738871248,0.03624301385102768,,,,,,,,
21209,2025,1451.561557832346,12,7.280395192370682,0.04234545349943364,,,,,,,,
21209,2026,1487.7973278798484,4,7.3050520017345555,0.024656809363873933,,,,,,,,
21213,2026,1227.8471388545063,2,7.113017621198665,,,,,,,,,
21227,2017,932.0595434944366,4,6.837396700514415,,,,,,,,,
21227,2018,921.7108732968398,12,6.826231587932139,-0.011165112582276038,,,,,,,,
21227,2019,944.7365982216553,12,6.850906156600171,0.02467456866803186,,,,,,,,
21227,2020,971.0654337808058,12,6.878393854054639,0.02748769745446822,6535.0,5884.0,94320.0,651.0,100204.0,100204.0,0.006496746636860804,0.06521695740688994
21227,2021,1038.0276783710267,12,6.945077728467655,0.06668387441301515,7085.0,5730.0,92897.0,1355.0,98627.0,98627.0,0.013738631409248988,0.07183631257160818
21227,2022,1160.8188350369826,12,7.056880927348903,0.11180319888124846,6627.0,5966.0,97276.0,661.0,103242.0,103242.0,0.006402433118304566,0.06418899285174638
21227,2023,1213.152382605869,12,7.1009775256259715,0.044096598277068466,6736.0,6051.0,101124.0,685.0,107175.0,107175.0,0.006391415908560765,0.06285047818987637
21227,2024,1256.5839440728757,12,7.136152162609544,0.03517463698357215,,,,,,,,
21227,2025,1279.2423384867318,12,7.154023258600807,0.017871095991263353,,,,,,,,
21227,2026,1296.1223424931563,4,7.1671322725286934,0.013109013927886437,,,,,,,,
21239,2025,1732.6586347899195,9,7.457412290964628,,,,,,,,,
21239,2026,1800.6448606261317,4,7.4959001356293395,0.038487844664711446,,,,,,,,
22005,2018,1423.0368546190728,11,7.260548496994861,,,,,,,,,
22005,2019,1413.6329182234413,12,7.253918207536448,-0.006630289458413152,,,,,,,,
22005,2020,1440.9358043746017,12,7.2730480456488085,0.019129838112360353,7014.0,5958.0,97835.0,1056.0,103793.0,103793.0,0.010174096519033076,0.06757681153835036
22005,2021,1520.5388987269937,10,7.32682008964253,0.05377204399372193,7046.0,5984.0,94383.0,1062.0,100367.0,100367.0,0.010581167116681778,0.07020235734853089
22005,2022,1626.0472420439037,12,7.393907343833234,0.06708725419070394,6854.0,5805.0,97331.0,1049.0,103136.0,103136.0,0.010171036301582377,0.06645594166925226
22005,2023,1665.8159903777303,12,7.418070366673399,0.024163022840165027,6111.0,5851.0,100720.0,260.0,106571.0,106571.0,0.002439688095260437,0.05734205365437126
22005,2024,1719.798741324983,12,7.449962552103626,0.03189218543022676,,,,,,,,
22005,2025,1752.2087702888473,12,7.468632425520985,0.01866987341735893,,,,,,,,
22005,2026,1771.7382651270532,4,7.4797164143451935,0.011083988824208468,,,,,,,,
22011,2026,1007.5,1,6.915227293820838,,,,,,,,,
22015,2015,1055.6560092242546,12,6.961917662357861,,,,,,,,,
22015,2016,1049.361466930425,12,6.955937131434579,-0.005980530923281435,,,,,,,,
22015,2017,1059.3430204895274,12,6.9654042029646455,0.009467071530066207,,,,,,,,
22015,2018,1064.6544751097563,12,6.970405588985952,0.005001386021306509,,,,,,,,
22015,2019,1075.1680272227288,12,6.9802322327407405,0.009826643754788478,,,,,,,,
22015,2020,1110.442602414942,12,7.012513955744709,0.03228172300396892,9728.0,9950.0,92265.0,-222.0,102215.0,102215.0,-0.0021718925793670204,0.09517194149586655
22015,2021,1207.9722851595247,12,7.096698435482834,0.08418447973812437,9092.0,9278.0,89655.0,-186.0,98933.0,98933.0,-0.0018800602427905754,0.09190057917984899
22015,2022,1282.1286321470448,12,7.156276969535365,0.05957853405253122,8570.0,9223.0,90852.0,-653.0,100075.0,100075.0,-0.006525106170372221,0.08563577317012241
22015,2023,1348.4657304015961,12,7.206722729132355,0.0504457595969896,8402.0,8445.0,93456.0,-43.0,101901.0,101901.0,-0.00042197819452213423,0.08245257652034818
22015,2024,1375.8196935420692,12,7.226804973237226,0.020082244104871805,,,,,,,,
22015,2025,1424.694399021985,12,7.26171261287692,0.03490763963969368,,,,,,,,
22015,2026,1461.2694112056047,4,7.287060796671087,0.0253481837941667,,,,,,,,
22017,2015,815.4438278888034,12,6.7037325391108915,,,,,,,,,
22017,2016,813.6860593982266,12,6.701574615195309,-0.0021579239155826713,,,,,,,,
22017,2017,818.6228303945077,12,6.707623453230241,0.006048838034931947,,,,,,,,
22017,2018,822.5992381928568,12,6.712469129699198,0.004845676468956839,,,,,,,,
22017,2019,827.4157145541735,12,6.7183072465399345,0.005838116840736873,,,,,,,,
22017,2020,861.8210573224809,12,6.7590476590007516,0.040740412460817055,9294.0,12003.0,169567.0,-2709.0,181570.0,181570.0,-0.014919865616566613,0.051186870077656
22017,2021,917.1669922650034,12,6.821289562836188,0.06224190383543604,8871.0,11506.0,161329.0,-2635.0,172835.0,172835.0,-0.015245754621459775,0.05132640958139266
22017,2022,970.8741808635306,12,6.878196883029947,0.056907320193759325,8890.0,10716.0,161835.0,-1826.0,172551.0,172551.0,-0.010582378543155357,0.05152099958852745
22017,2023,1007.0984737144064,12,6.914828677127587,0.03663179409763995,8556.0,10529.0,161157.0,-1973.0,171686.0,171686.0,-0.011491909649010403,0.04983516419510036
22017,2024,1048.2045820819,12,6.9548340577398315,0.04000538061224468,,,,,,,,
22017,2025,1102.7468468042975,12,7.005559479587896,0.05072542184806483,,,,,,,,
22017,2026,1122.826163293403,4,7.023604146045067,0.018044666457170955,,,,,,,,
22019,2016,902.7438131017425,9,6.8054388067436005,,,,,,,,,
22019,2017,947.0794271137669,12,6.853382962017212,0.047944155273611955,,,,,,,,
22019,2018,969.2414549035935,12,6.876513760317792,0.023130798300579514,,,,,,,,
22019,2019,945.523903616899,12,6.851739169235207,-0.024774591082584507,,,,,,,,
22019,2020,921.8753695465166,11,6.826410040392123,-0.025329128843084803,6809.0,11255.0,146328.0,-4446.0,157583.0,157583.0,-0.02821370325479271,0.04320897558746819
22019,2021,1131.2661357146198,11,7.031092758527545,0.20468271813542227,6114.0,12039.0,134045.0,-5925.0,146084.0,146084.0,-0.04055885654828729,0.041852632731852905
22019,2022,1026.7600872116022,12,6.934163577197079,-0.09692918133046557,6771.0,7661.0,135763.0,-890.0,143424.0,143424.0,-0.006205377063810798,0.04720967202141901
22019,2023,995.2815914032509,12,6.903025703555254,-0.031137873641825742,6997.0,6633.0,139962.0,364.0,146595.0,146595.0,0.002483031481291995,0.04773014086428596
22019,2024,1019.7128662231476,12,6.927276362945915,0.02425065939066151,,,,,,,,
22019,2025,1057.7614861464442,12,6.963910148578273,0.03663378563235753,,,,,,,,
22019,2026,1137.5988321570974,4,7.036675032463619,0.07276488388534652,,,,,,,,
22033,2015,1016.499902515412,12,6.924120537166195,,,,,,,,,
22033,2016,1053.888146407721,12,6.960241600517042,0.03612106335084686,,,,,,,,
22033,2017,1087.489194600462,12,6.991626826913902,0.0313852263968597,,,,,,,,
22033,2018,1086.264937017785,12,6.990500427479566,-0.0011263994343355677,,,,,,,,
22033,2019,1085.5785119616137,12,6.989868314626912,-0.0006321128526547426,,,,,,,,
22033,2020,1096.4915900923497,12,6.999870898054112,0.010002583427199951,15642.0,19922.0,307461.0,-4280.0,327383.0,327383.0,-0.013073372777450265,0.0477789011646909
22033,2021,1164.7698193157782,12,7.060278766491847,0.0604078684377356,16105.0,20304.0,290522.0,-4199.0,310826.0,310826.0,-0.013509165899892544,0.05181355485062382
22033,2022,1258.2812755084103,12,7.137502001702342,0.07722323521049468,15736.0,19941.0,295104.0,-4205.0,315045.0,315045.0,-0.01334729959212176,0.04994842006697456
22033,2023,1269.2121650147571,12,7.146151644452547,0.008649642750205189,15704.0,18548.0,300514.0,-2844.0,319062.0,319062.0,-0.008913628072286892,0.04921927399690342
22033,2024,1297.5617287779187,12,7.168242189074407,0.022090544621859998,,,,,,,,
22033,2025,1326.198918803663,12,7.1900721736755475,0.021829984601140495,,,,,,,,
22033,2026,1339.2444646484857,4,7.1998609015798465,0.009788727904298966,,,,,,,,
22045,2023,1245.9529406109405,9,7.127655930264124,,2472.0,3147.0,49974.0,-675.0,53121.0,53121.0,-0.012706839103179534,0.04653526853786638
22045,2024,1278.5758250282813,11,7.153502100777281,0.025846170513156963,,,,,,,,
22045,2025,1316.0498976721537,12,7.1823900273307135,0.028887926553432308,,,,,,,,
22045,2026,1336.8978096854348,4,7.198107141634406,0.01571711430369227,,,,,,,,
22051,2015,1026.6298516170746,10,6.93403672784203,,,,,,,,,
22051,2016,1038.7532814207857,12,6.945776505173848,0.011739777331817969,,,,,,,,
22051,2017,1067.317059136158,12,6.97290335724216,0.02712685206831189,,,,,,,,
22051,2018,1089.7214654258978,12,6.993677406261709,0.020774049019548713,,,,,,,,
22051,2019,1126.0333668843452,12,7.026456441372791,0.0327790351110826,,,,,,,,
22051,2020,1173.4327691602211,12,7.0676887227766265,0.04123228140383528,17221.0,21395.0,311677.0,-4174.0,333072.0,333072.0,-0.012531824950761397,0.05170353557188836
22051,2021,1257.057182808614,12,7.1365286990500625,0.06883997627343597,16039.0,22752.0,293636.0,-6713.0,316388.0,316388.0,-0.02121761887302932,0.05069408447855165
22051,2022,1388.9810481152574,12,7.236325698395786,0.09979699934572395,15217.0,22095.0,293428.0,-6878.0,315523.0,315523.0,-0.021798727826497593,0.048227862945015104
22051,2023,1445.6386950500598,12,7.2763065063866135,0.03998080799082704,14984.0,19338.0,294068.0,-4354.0,313406.0,313406.0,-0.013892522797904316,0.0478101887009183
22051,2024,1493.356553030024,12,7.3087815855240725,0.03247507913745906,,,,,,,,
22051,2025,1536.058544968336,12,7.3369750281950115,0.02819344267093893,,,,,,,,
22051,2026,1518.2896049830981,4,7.325339720380543,-0.011635307814468199,,,,,,,,
22055,2016,1013.0101323957057,8,6.920681506563621,,,,,,,,,
22055,2017,1032.5140442855075,12,6.939751926956245,0.019070420392623966,,,,,,,,
22055,2018,1033.92193985177,12,6.941114558845077,0.001362631888831345,,,,,,,,
22055,2019,1044.4170609874873,12,6.951214172374703,0.010099613529626517,,,,,,,,
22055,2020,1072.0553454382734,12,6.977332968505402,0.026118796130698563,11995.0,11336.0,180377.0,659.0,191713.0,191713.0,0.003437429908248267,0.0625674836865523
22055,2021,1163.2989960122493,12,7.059015209770899,0.08168224126549717,11937.0,11243.0,174536.0,694.0,185779.0,185779.0,0.003735621356558061,0.06425376388074001
22055,2022,1244.5339187214859,12,7.1265163763349815,0.06750116656408256,11512.0,11411.0,179017.0,101.0,190428.0,190428.0,0.0005303841871993614,0.06045329468355494
22055,2023,1279.4066381704054,12,7.154151685505317,0.02763530917033563,11320.0,10844.0,184827.0,476.0,195671.0,195671.0,0.0024326548134368403,0.057852211109464355
22055,2024,1310.2307427207943,12,7.1779585401659824,0.023806854660665344,,,,,,,,
22055,2025,1346.3326986130617,12,7.205139655451564,0.027181115285581647,,,,,,,,
22055,2026,1355.6050260313286,4,7.212003147332491,0.006863491880927164,,,,,,,,
22057,2024,1436.1359854438113,12,7.269711442508925,,,,,,,,,
22057,2025,1461.9890232811183,12,7.287553132265888,0.01784168975696332,,,,,,,,
22057,2026,1510.1747966581365,4,7.31998068248562,0.032427550219732204,,,,,,,,
22061,2021,1018.6525453912799,8,6.926235999013656,,1868.0,2143.0,27098.0,-275.0,29241.0,29241.0,-0.009404603125748093,0.06388290414144523
22061,2022,1060.7184277851227,12,6.96670171959057,0.04046572057691389,1906.0,2189.0,27858.0,-283.0,30047.0,30047.0,-0.009418577561819816,0.06343395347289246
22061,2023,1114.4137283248651,12,7.016083741417773,0.04938202182720275,2123.0,2220.0,28481.0,-97.0,30701.0,30701.0,-0.003159506205009609,0.06915084199211752
22061,2024,1141.6940045493975,12,7.040268407332238,0.024184665914465775,,,,,,,,
22061,2025,1188.2484729003156,12,7.080235630326296,0.03996722299405775,,,,,,,,
22061,2026,1235.7304314585233,4,7.119417516705446,0.039181886379149766,,,,,,,,
22063,2018,1105.3693427306605,1,7.007934804918908,,,,,,,,,
22063,2019,1116.653103302068,12,7.01809118978058,0.010156384861671697,,,,,,,,
22063,2020,1135.7276328975593,12,7.035028810760852,0.016937620980272072,8522.0,6320.0,102032.0,2202.0,108352.0,108352.0,0.020322652096869464,0.0786510632014176
22063,2021,1227.698923947584,12,7.112896902708105,0.07786809194725297,8393.0,6851.0,99994.0,1542.0,106845.0,106845.0,0.014432121297206233,0.07855304412934624
22063,2022,1312.1151648979535,12,7.1793957437752,0.06649884106709525,8433.0,6708.0,103405.0,1725.0,110113.0,110113.0,0.015665725209557453,0.0765849627201148
22063,2023,1338.2659983897531,12,7.199130023911358,0.019734280136157523,7631.0,6560.0,107241.0,1071.0,113801.0,113801.0,0.009411165103997329,0.06705564977460655
22063,2024,1377.8405741447375,12,7.22827275122654,0.029142727315182526,,,,,,,,
22063,2025,1402.5983156053273,12,7.246081735193297,0.017808983966756564,,,,,,,,
22063,2026,1427.6222523065253,4,7.263765578708399,0.017683843515102105,,,,,,,,
22071,2015,1231.8984919993738,12,7.116311747841336,,,,,,,,,
22071,2016,1246.8433393073658,12,7.128370307721652,0.012058559880316011,,,,,,,,
22071,2017,1247.4259385256394,12,7.12883745794801,0.0004671502263580152,,,,,,,,
22071,2018,1276.1732615066387,12,7.151621239566614,0.02278378161860406,,,,,,,,
22071,2019,1319.4789430939843,12,7.184992197569727,0.03337095800311296,,,,,,,,
22071,2020,1358.8044891240681,12,7.214360540022558,0.029368342452831264,17327.0,21458.0,226459.0,-4131.0,247917.0,247917.0,-0.01666283473904573,0.06989032619788074
22071,2021,1434.4922937527347,12,7.268566263328032,0.054205723305473796,16724.0,22498.0,213879.0,-5774.0,236377.0,236377.0,-0.02442708046891195,0.0707513844409566
22071,2022,1566.4633173184186,12,7.356575693149293,0.08800942982126081,15768.0,21807.0,212138.0,-6039.0,233945.0,233945.0,-0.025813759644360855,0.06740045737245934
22071,2023,1601.0427193735884,12,7.378410395572392,0.021834702423099372,15883.0,20252.0,211541.0,-4369.0,231793.0,231793.0,-0.018848714154439523,0.0685223453684969
22071,2024,1637.7608555561726,12,7.40108525592534,0.022674860352947412,,,,,,,,
22071,2025,1659.938597005091,12,7.414535890910482,0.013450634985142429,,,,,,,,
22071,2026,1663.8872305652908,4,7.416911848991683,0.002375958081200835,,,,,,,,
22073,2022,926.625128410835,9,6.8315490915559485,,5519.0,6068.0,107476.0,-549.0,113544.0,113544.0,-0.004835129993658846,0.04860670753188191
22073,2023,966.4309408351593,12,6.873609843260703,0.04206075170475465,5494.0,5954.0,109055.0,-460.0,115009.0,115009.0,-0.003999686981018877,0.04777017450808198
22073,2024,1014.148585741187,12,6.921804707677558,0.048194864416855054,,,,,,,,
22073,2025,1113.2925909887908,10,7.015077201712778,0.09327249403521964,,,,,,,,
22073,2026,1209.0937660607133,4,7.09762640431604,0.08254920260326237,,,,,,,,
22079,2023,1026.0276094240817,8,6.9334499351387135,,4147.0,4514.0,93534.0,-367.0,98048.0,98048.0,-0.0037430646214099217,0.042295610313315926
22079,2024,1047.9423829776358,12,6.954583885294863,0.02113395015614916,,,,,,,,
22079,2025,1099.3176614318218,12,7.002444958526734,0.04786107323187139,,,,,,,,
22079,2026,1117.7523013549849,4,7.019075074029425,0.016630115502691112,,,,,,,,
22087,2024,1498.9180299476939,7,7.312498813450444,,,,,,,,,
22087,2025,1514.5797889326077,12,7.322893312428935,0.010394498978491207,,,,,,,,
22087,2026,1527.273322358202,4,7.331239282232203,0.008345969803268183,,,,,,,,
22089,2025,1514.7300515173229,11,7.322992518249898,,,,,,,,,
22089,2026,1521.3382064379603,4,7.327345625488806,0.004353107238907583,,,,,,,,
22095,2024,1439.571313649477,11,7.272100649394416,,,,,,,,,
22095,2025,1537.4861243600596,12,7.337903974833484,0.06580332543906842,,,,,,,,
22095,2026,1512.0857388474476,4,7.3212452607187135,-0.01665871411477049,,,,,,,,
22097,2025,941.3490440560302,1,6.84731399966697,,,,,,,,,
22097,2026,982.4450986291542,4,6.890044462924254,0.0427304632572838,,,,,,,,
22099,2026,1441.6666666666663,1,7.273555130697869,,,,,,,,,
22103,2015,1058.6839490710292,12,6.96478185825493,,,,,,,,,
22103,2016,1087.437763928306,12,6.9915795327535495,0.026797674498619806,,,,,,,,
22103,2017,1109.8349722848418,12,7.011966609636103,0.020387076882553146,,,,,,,,
22103,2018,1124.7287680612633,12,7.02529719051378,0.013330580877677356,,,,,,,,
22103,2019,1139.9919342392673,12,7.038776466134799,0.013479275621018694,,,,,,,,
22103,2020,1162.4043535473331,12,7.05824585755819,0.019469391423391436,14217.0,11035.0,200103.0,3182.0,211138.0,211138.0,0.015070712046149912,0.06733510784415879
22103,2021,1295.3037334003131,12,7.166500489798954,0.10825463224076426,14345.0,10962.0,191275.0,3383.0,202237.0,202237.0,0.01672789845577219,0.0709316297215643
22103,2022,1456.082626861521,12,7.283504976364533,0.1170044865655786,13001.0,11500.0,197023.0,1501.0,208523.0,208523.0,0.007198246716189581,0.0623480383458899
22103,2023,1441.5683656946876,12,7.2734869427278195,-0.010018033636713497,12118.0,11005.0,204670.0,1113.0,215675.0,215675.0,0.0051605424829025155,0.05618639156137707
22103,2024,1476.5330316741292,12,7.297452072538294,0.023965129810474828,,,,,,,,
22103,2025,1512.0114123012538,12,7.3211961045292835,0.02374403199098918,,,,,,,,
22103,2026,1535.60929482364,4,7.336682516002073,0.015486411472789285,,,,,,,,
22105,2021,1143.1107330112418,3,7.0415085383772436,,6241.0,5556.0,87513.0,685.0,93069.0,93069.0,0.007360130655750035,0.06705777433946856
22105,2022,1217.5894862939958,12,7.104628352291885,0.06311981391464183,6472.0,5613.0,90179.0,859.0,95792.0,95792.0,0.008967345916151661,0.06756305328211124
22105,2023,1230.4590443120462,12,7.115142585499904,0.010514233208018808,5811.0,5188.0,93567.0,623.0,98755.0,98755.0,0.006308541339679004,0.058842590248595006
22105,2024,1259.1693587522384,12,7.138207543466365,0.023064957966460575,,,,,,,,
22105,2025,1311.8228998872532,12,7.179172975550728,0.040965432084362874,,,,,,,,
22105,2026,1318.2813801659906,4,7.184084182539161,0.004911206988433392,,,,,,,,
22109,2022,1149.333975898793,9,7.046937902191994,,3530.0,5603.0,74635.0,-2073.0,80238.0,80238.0,-0.025835638974052194,0.043994117500436206
22109,2023,1246.3989731896681,12,7.128013851295275,0.08107594910328153,3610.0,4392.0,75275.0,-782.0,79667.0,79667.0,-0.009815858511052255,0.045313617934652994
22109,2024,1222.6436852592324,12,7.108770748396835,-0.019243102898440334,,,,,,,,
22109,2025,1266.9062043560177,12,7.14433314786969,0.03556239947285533,,,,,,,,
22109,2026,1289.035732229489,4,7.161649723446739,0.017316575577048354,,,,,,,,
22115,2023,1164.6576734983187,10,7.0601824803289235,,4681.0,5408.0,32029.0,-727.0,37437.0,37437.0,-0.0194192910756738,0.1250367283703288
22115,2024,1202.375857451599,12,7.092054759604118,0.03187227927519487,,,,,,,,
22115,2025,1238.336675172279,12,7.121524367138746,0.029469607534627684,,,,,,,,
22115,2026,1280.2892746415796,4,7.15484132719419,0.033316960055444156,,,,,,,,
22121,2025,1368.6037600031893,9,7.221546345849995,,,,,,,,,
22121,2026,1370.587315263311,4,7.222994624230238,0.0014482783802431953,,,,,,,,
23001,2022,1255.9291959306693,2,7.135630972772481,,5103.0,4836.0,82341.0,267.0,87177.0,87177.0,0.003062734436835404,0.05853608176468564
23001,2023,1309.1477502468806,11,7.177131632150565,0.04150065937808378,5007.0,4610.0,84536.0,397.0,89146.0,89146.0,0.004453368631234155,0.056166289009041345
23001,2024,1397.6872168787406,12,7.242574161622852,0.06544252947228735,,,,,,,,
23001,2025,1483.262161291941,12,7.301999104189544,0.059424942566691286,,,,,,,,
23001,2026,1496.3922970344076,4,7.310812354795951,0.008813250606407586,,,,,,,,
23005,2015,1305.3086602897731,12,7.174194813084887,,,,,,,,,
23005,2016,1389.812913649859,12,7.236924422569581,0.06272960948469386,,,,,,,,
23005,2017,1432.7927635439858,12,7.267380800164224,0.030456377594642703,,,,,,,,
23005,2018,1485.9664714506282,12,7.303820662069341,0.03643986190511672,,,,,,,,
23005,2019,1558.6619826885872,12,7.351583028800806,0.04776236673146528,,,,,,,,
23005,2020,1660.3161741769209,12,7.414763329585812,0.0631803007850058,15195.0,13311.0,237988.0,1884.0,251299.0,251299.0,0.007497045352349194,0.060465819601351375
23005,2021,1847.2961203096756,12,7.521478292367331,0.1067149627815196,14931.0,13720.0,229996.0,1211.0,243716.0,243716.0,0.004968898225803805,0.06126393014820529
23005,2022,2048.7782056626806,12,7.624998897217783,0.103520604850452,14355.0,14036.0,240843.0,319.0,254879.0,254879.0,0.0012515742764213607,0.05632084243896123
23005,2023,2149.4035051660253,12,7.6729456431706,0.04794674595281645,13447.0,13191.0,248190.0,256.0,261381.0,261381.0,0.0009794131937669532,0.05144597350228211
23005,2024,2227.9692787327735,12,7.7088458122325285,0.03590016906192872,,,,,,,,
23005,2025,2316.5164556357045,12,7.74781980849463,0.03897399626210163,,,,,,,,
23005,2026,2341.3433191830213,4,7.758480111664665,0.010660303170034524,,,,,,,,
23009,2026,2076.25,1,7.638318660927505,,,,,,,,,
23011,2016,762.0801441049383,8,6.636051726146772,,,,,,,,,
23011,2017,774.0742915045386,12,6.651667852839565,0.015616126692792776,,,,,,,,
23011,2018,818.5460743338928,12,6.707529686410642,0.05586183357107721,,,,,,,,
23011,2019,872.2209947850612,12,6.771042826186449,0.06351313977580642,,,,,,,,
23011,2020,938.9249496803077,12,6.844735550220957,0.07369272403450822,5810.0,4613.0,94115.0,1197.0,98728.0,98728.0,0.012124220079410096,0.05884855360181509
23011,2021,1071.9675978294792,12,6.977251115268599,0.13251556504764217,5830.0,4739.0,91530.0,1091.0,96269.0,96269.0,0.011332827805420229,0.060559473973968776
23011,2022,1194.595644792639,12,7.085563034546238,0.10831191927763939,5811.0,4912.0,95955.0,899.0,100867.0,100867.0,0.008912726659859023,0.057610516819177726
23011,2023,1285.5161858385509,12,7.158915617710731,0.07335258316449256,5356.0,4794.0,98415.0,562.0,103209.0,103209.0,0.005445261556647192,0.05189469910569815
23011,2024,1359.4081698479997,12,7.214804714787078,0.05588909707634748,,,,,,,,
23011,2025,1432.2557142678008,12,7.267005902994676,0.05220118820759723,,,,,,,,
23011,2026,1460.8219821922492,4,7.286754557778037,0.01974865478336163,,,,,,,,
23013,2025,1774.513470729782,9,7.481281563339666,,,,,,,,,
23013,2026,1839.8768363649724,4,7.517453911604499,0.03617234826483351,,,,,,,,
23017,2025,1493.7074080438038,1,7.309016501829826,,,,,,,,,
23017,2026,1477.0977559396965,4,7.297834465811561,-0.011182036018265507,,,,,,,,
23019,2017,889.2503181530532,1,6.790378768605339,,,,,,,,,
23019,2018,926.4276669837167,12,6.831335971424287,0.04095720281894799,,,,,,,,
23019,2019,961.1090485570577,12,6.868087876577405,0.036751905153118436,,,,,,,,
23019,2020,1018.1994569436474,12,6.9257911081187,0.05770323154129464,5742.0,5356.0,109643.0,386.0,114999.0,114999.0,0.003356550926529796,0.049930868964077946
23019,2021,1125.139030201423,12,7.02566188940411,0.09987078128540983,5641.0,4852.0,106552.0,789.0,111404.0,111404.0,0.007082330975548454,0.05063552475674123
23019,2022,1248.94981279498,12,7.13005832740872,0.10439643800460985,6118.0,5119.0,111822.0,999.0,116941.0,116941.0,0.008542769430738577,0.052316980357616234
23019,2023,1322.636825150713,12,7.187382617852131,0.05732429044341103,5578.0,5071.0,115220.0,507.0,120291.0,120291.0,0.004214779160535701,0.04637088393977937
23019,2024,1396.9962621907373,12,7.2420796836562005,0.054697065804069744,,,,,,,,
23019,2025,1451.1918786671538,12,7.280140483057419,0.03806079940121876,,,,,,,,
23019,2026,1504.305558214648,4,7.316086647581382,0.03594616452396249,,,,,,,,
23023,2026,1909.780684490535,4,7.55474368957373,,,,,,,,,
23025,2026,1399.1976982110623,2,7.243654278628041,,,,,,,,,
23031,2018,1201.8966894151386,10,7.091656162495459,,,,,,,,,
23031,2019,1260.1549437897067,12,7.13898996364685,0.04733380115139063,,,,,,,,
23031,2020,1358.0530402548873,12,7.2138073649810135,0.07481740133416359,11527.0,8716.0,168201.0,2811.0,176917.0,176917.0,0.015888806615531575,0.0651548466229927
23031,2021,1496.8018063383613,12,7.311085981759232,0.09727861677821892,11277.0,8799.0,163494.0,2478.0,172293.0,172293.0,0.014382476362939876,0.06545245599066705
23031,2022,1711.5420533349104,12,7.445150028708348,0.13406404694911522,10814.0,8765.0,171331.0,2049.0,180096.0,180096.0,0.011377265458422174,0.06004575337597726
23031,2023,1847.3880741333935,12,7.521528068650714,0.0763780399423668,10051.0,8474.0,177218.0,1577.0,185692.0,185692.0,0.008492557568446675,0.054127264502509535
23031,2024,1963.3768099867248,12,7.5824211320379735,0.06089306338725908,,,,,,,,
23031,2025,2039.5617786242274,12,7.620490249362455,0.038069117324481816,,,,,,,,
23031,2026,2054.744589845907,4,7.6279068320264365,0.007416582663981153,,,,,,,,
24001,2023,893.0989904561103,12,6.794697426307509,,1933.0,1570.0,46564.0,363.0,48134.0,48134.0,0.007541446794365729,0.04015872356338555
24001,2024,957.2914987591939,12,6.864107941477479,0.06941051516997021,,,,,,,,
24001,2025,1027.1069077076852,12,6.934501301597186,0.07039336011970754,,,,,,,,
24001,2026,1037.7123176295552,4,6.944773874666596,0.010272573069409319,,,,,,,,
24003,2015,1538.2366211080632,12,7.338391988107115,,,,,,,,,
24003,2016,1562.4033921212042,12,7.353980550656633,0.015588562549518237,,,,,,,,
24003,2017,1594.09660835322,12,7.374062465012483,0.02008191435584994,,,,,,,,
24003,2018,1630.2487626284462,12,7.396487897265783,0.02242543225329996,,,,,,,,
24003,2019,1674.3159770542463,12,7.423159988944739,0.026672091678955567,,,,,,,,
24003,2020,1718.5920350399977,12,7.449260650305365,0.026100661360626276,36781.0,36311.0,463679.0,470.0,499990.0,499990.0,0.0009400188003760075,0.07356347126942539
24003,2021,1863.6260423431793,12,7.530279354057914,0.08101870375254894,35717.0,36131.0,439214.0,-414.0,475345.0,475345.0,-0.0008709463652715396,0.07513910948889754
24003,2022,2021.6257158143335,12,7.611657276518571,0.081377922460657,32672.0,34358.0,455557.0,-1686.0,489915.0,489915.0,-0.003441413306389884,0.0666891195411449
24003,2023,2110.001478816046,12,7.654443927330552,0.04278665081198074,30967.0,32127.0,469894.0,-1160.0,502021.0,502021.0,-0.0023106603110228455,0.061684670561590056
24003,2024,2186.200043882096,12,7.68992017593205,0.03547624860149856,,,,,,,,
24003,2025,2240.9599911727996,12,7.714659620528127,0.024739444596076687,,,,,,,,
24003,2026,2261.743281161965,4,7.723891158264527,0.009231537736400064,,,,,,,,
24005,2015,1200.0983692209106,12,7.090158806767137,,,,,,,,,
24005,2016,1216.9779526316709,12,7.104125976662106,0.013967169894968379,,,,,,,,
24005,2017,1244.918543666877,12,7.1268253799847905,0.02269940332268483,,,,,,,,
24005,2018,1262.9998785208727,12,7.141245026167488,0.014419646182697754,,,,,,,,
24005,2019,1300.4787081111765,12,7.170487712675618,0.029242686508129445,,,,,,,,
24005,2020,1330.970693272987,12,7.193663799574929,0.023176086899311166,41400.0,44810.0,648663.0,-3410.0,693473.0,693473.0,-0.0049172786828038,0.059699512453981626
24005,2021,1465.1700558399823,12,7.289726593786174,0.09606279421124508,38967.0,43332.0,607797.0,-4365.0,651129.0,651129.0,-0.0067037407334030585,0.05984528411420778
24005,2022,1574.3830497296601,12,7.361618760062226,0.07189216627605166,36806.0,41103.0,624195.0,-4297.0,665298.0,665298.0,-0.006458759833939077,0.0553225772510965
24005,2023,1592.8053749780313,12,7.373252127291023,0.011633367228797376,36679.0,41091.0,633695.0,-4412.0,674786.0,674786.0,-0.006538369201494992,0.0543564922805156
24005,2024,1630.780047791828,12,7.396813736256463,0.023561608965439795,,,,,,,,
24005,2025,1693.4277913601502,12,7.434510032647944,0.03769629639148153,,,,,,,,
24005,2026,1724.9920680928244,4,7.45297773124783,0.01846769859988573,,,,,,,,
24009,2023,2150.1673032054987,8,7.673300933538662,,4427.0,4445.0,78400.0,-18.0,82845.0,82845.0,-0.00021727322107550245,0.05343714165006941
24009,2024,2235.026212035002,12,7.7120082349587635,0.038707301420101814,,,,,,,,
24009,2025,2342.3790265299035,12,7.758922369888921,0.046914134930157836,,,,,,,,
24009,2026,2351.7731564673672,4,7.762924857286998,0.004002487398076404,,,,,,,,
24013,2015,1197.128770949909,11,7.087681277841967,,,,,,,,,
24013,2016,1229.3393466354848,11,7.114232187511177,0.026550909669209588,,,,,,,,
24013,2017,1246.5728910013515,12,7.128153377789307,0.013921190278129991,,,,,,,,
24013,2018,1267.1354055685622,12,7.144514045619966,0.016360667830658926,,,,,,,,
24013,2019,1312.9769000290646,12,7.180052280872378,0.035538235252412065,,,,,,,,
24013,2020,1328.0986763791086,12,7.191503631778277,0.011451350905899105,8484.0,7081.0,145559.0,1403.0,152640.0,152640.0,0.009191561844863732,0.05558176100628931
24013,2021,1438.829318024708,12,7.271585088333847,0.08008145655557009,8659.0,7439.0,138358.0,1220.0,145797.0,145797.0,0.008367799063080859,0.05939079679280095
24013,2022,1566.1036115054987,12,7.356346037520108,0.08476094918626131,8390.0,6911.0,143607.0,1479.0,150518.0,150518.0,0.009826067314208268,0.055740841626915054
24013,2023,1652.3520592678735,12,7.4099550423129825,0.05360900479287434,7207.0,6710.0,149039.0,497.0,155749.0,155749.0,0.003191031724120219,0.04627317029322821
24013,2024,1751.7899370716434,12,7.4683933653761745,0.058438323063191966,,,,,,,,
24013,2025,1808.3455300285398,12,7.500167634434049,0.03177426905787417,,,,,,,,
24013,2026,1816.9741430922338,4,7.504927837745788,0.004760203311739097,,,,,,,,
24015,2020,1293.371873176571,5,7.165007942353097,,4910.0,4665.0,79657.0,245.0,84322.0,84322.0,0.0029055288062427363,0.058229169137354424
24015,2021,1390.889845955369,12,7.237698998245197,0.07269105589209968,5289.0,4437.0,75273.0,852.0,79710.0,79710.0,0.010688746706812195,0.06635302973278133
24015,2022,1563.4119216307474,12,7.354625841208575,0.11692684296337852,4999.0,4249.0,77719.0,750.0,81968.0,81968.0,0.009149912160843257,0.060987214522740585
24015,2023,1663.5784472152043,12,7.4167262522758195,0.06210041106724429,4593.0,4192.0,80432.0,401.0,84624.0,84624.0,0.004738608432595954,0.05427538287010777
24015,2024,1716.9662741771326,12,7.448314218408193,0.031587966132373246,,,,,,,,
24015,2025,1787.3432037850914,12,7.4884855525585134,0.0401713341503207,,,,,,,,
24015,2026,1805.4828480061535,4,7.498583340814262,0.010097788255748696,,,,,,,,
24017,2015,1515.868216868687,12,7.323743634236961,,,,,,,,,
24017,2016,1554.9861045643659,12,7.34922188860194,0.025478254364978525,,,,,,,,
24017,2017,1568.0529563142898,12,7.357589973499676,0.008368084897736772,,,,,,,,
24017,2018,1617.1785520249393,12,7.388438275265201,0.030848301765524333,,,,,,,,
24017,2019,1653.553532584885,12,7.410681907213705,0.02224363194850465,,,,,,,,
24017,2020,1737.8712459972774,12,7.460416221376478,0.049734314162773074,11724.0,10362.0,130051.0,1362.0,140413.0,140413.0,0.009699956556729077,0.08349654234294546
24017,2021,1952.744630614151,12,7.576991164833138,0.11657494345665942,11267.0,10157.0,121840.0,1110.0,131997.0,131997.0,0.008409282029137027,0.0853580005606188
24017,2022,2075.804478026207,12,7.638104057782069,0.0611128929489313,10740.0,9988.0,125920.0,752.0,135908.0,135908.0,0.005533154781175501,0.07902404567795862
24017,2023,2134.493846070135,12,7.665984823115919,0.0278807653338502,10263.0,8910.0,130755.0,1353.0,139665.0,139665.0,0.009687466437546987,0.07348297712383203
24017,2024,2274.538099171719,12,7.729532277439882,0.06354745432396225,,,,,,,,
24017,2025,2314.9021749933327,12,7.747122708605163,0.017590431165281473,,,,,,,,
24017,2026,2365.673369780865,4,7.768817983351886,0.021695274746722504,,,,,,,,
24021,2015,1384.9620338321172,12,7.233428005850129,,,,,,,,,
24021,2016,1406.5961091434908,12,7.2489279577272585,0.01549995187712927,,,,,,,,
24021,2017,1428.0781604547574,12,7.264084875613682,0.015156917886423926,,,,,,,,
24021,2018,1462.9810362737514,12,7.288231438717215,0.024146563103532692,,,,,,,,
24021,2019,1502.0135389227119,12,7.314561846213357,0.02633040749614146,,,,,,,,
24021,2020,1556.4070322147336,12,7.350135259356895,0.035573413143538346,18079.0,13176.0,221025.0,4903.0,234201.0,234201.0,0.020935008817212566,0.07719437577123923
24021,2021,1708.4509222225759,12,7.443342345490183,0.09320708613328765,19041.0,13661.0,212711.0,5380.0,226372.0,226372.0,0.023766190164861378,0.08411375965225382
24021,2022,1898.671865130823,12,7.548909902375092,0.10556755688490949,17142.0,13444.0,225717.0,3698.0,239161.0,239161.0,0.015462387262137221,0.0716755658322218
24021,2023,2001.2563334856425,12,7.60153042907076,0.052620526695667635,15496.0,13007.0,237231.0,2489.0,250238.0,250238.0,0.009946530902580743,0.06192504735491812
24021,2024,2055.8701500353914,12,7.628454467983022,0.026924038912262027,,,,,,,,
24021,2025,2112.6063975705506,12,7.655677723676889,0.027223255693867188,,,,,,,,
24021,2026,2132.5257339259288,4,7.665062346784666,0.009384623107776768,,,,,,,,
24025,2015,1238.854809365318,12,7.121942691038072,,,,,,,,,
24025,2016,1248.3596546220845,12,7.129585692205448,0.007643001167376262,,,,,,,,
24025,2017,1268.3363361749498,12,7.145461349174112,0.015875656968663776,,,,,,,,
24025,2018,1300.618393930269,12,7.170595117984798,0.02513376881068652,,,,,,,,
24025,2019,1344.0031511995558,12,7.203407865722872,0.032812747738073966,,,,,,,,
24025,2020,1389.076738961764,12,7.236394588860909,0.032986723138036744,13573.0,12071.0,213964.0,1502.0,226035.0,226035.0,0.006644988607958945,0.06004822262039065
24025,2021,1512.7780765312052,12,7.321703025258279,0.08530843639737018,13161.0,11965.0,203202.0,1196.0,215167.0,215167.0,0.005558473185943941,0.06116644280953864
24025,2022,1638.356569224101,12,7.401448926451914,0.07974590119363434,11980.0,11046.0,210412.0,934.0,221458.0,221458.0,0.00421750399624308,0.05409603626872816
24025,2023,1726.7800810906176,12,7.454013728457633,0.052564802005719,10996.0,10541.0,217010.0,455.0,227551.0,227551.0,0.001999551748838722,0.048323233033473814
24025,2024,1789.306752329074,12,7.489583534617334,0.0355698061597014,,,,,,,,
24025,2025,1841.8357805249032,12,7.518518060031405,0.028934525414070933,,,,,,,,
24025,2026,1890.4770018061201,4,7.544584458118732,0.026066398087326803,,,,,,,,
24027,2015,1644.8037594881391,12,7.405376360939252,,,,,,,,,
24027,2016,1654.1682787187212,12,7.411053610867146,0.005677249927893868,,,,,,,,
24027,2017,1675.8739040249857,12,7.424090041949697,0.013036431082550592,,,,,,,,
24027,2018,1701.12264511139,12,7.439043691567019,0.014953649617321929,,,,,,,,
24027,2019,1744.8535402792493,12,7.4644259000420545,0.025382208475035917,,,,,,,,
24027,2020,1771.1039768541805,12,7.479358346874881,0.014932446832826685,22474.0,21917.0,270487.0,557.0,292404.0,292404.0,0.001904898701796145,0.07685941368791124
24027,2021,1896.6104525880628,12,7.54782359965877,0.06846525278388871,21492.0,21515.0,255750.0,-23.0,277265.0,277265.0,-8.295313148071339e-05,0.07751429138189098
24027,2022,2056.4323283154267,12,7.628727880888078,0.0809042812293077,19982.0,21756.0,267212.0,-1774.0,288968.0,288968.0,-0.006139088065114476,0.06914952520694333
24027,2023,2141.6928802368766,12,7.669351860819725,0.040623979931647014,19447.0,20502.0,274787.0,-1055.0,295289.0,295289.0,-0.0035727710818892677,0.06585751585734653
24027,2024,2202.355346996305,12,7.697282678920859,0.02793081810113396,,,,,,,,
24027,2025,2235.2328936936533,12,7.712100704613837,0.01481802569297841,,,,,,,,
24027,2026,2254.237281607715,4,7.720566960402346,0.008466255788508903,,,,,,,,
24031,2015,1704.4168720684145,12,7.440978320701623,,,,,,,,,
24031,2016,1729.1479364787165,12,7.455384043896255,0.01440572319463218,,,,,,,,
24031,2017,1759.602809034531,12,7.472843385878457,0.017459341982202226,,,,,,,,
24031,2018,1797.517615295066,12,7.4941618894331725,0.021318503554715207,,,,,,,,
24031,2019,1851.2953465952796,12,7.523640860404374,0.029478970971201335,,,,,,,,
24031,2020,1850.044025347791,12,7.522964715274507,-0.0006761451298666898,45829.0,55901.0,863718.0,-10072.0,919619.0,919619.0,-0.01095236179330788,0.04983476852914087
24031,2021,1915.1830096795127,12,7.5575684634608455,0.03460374818633838,44213.0,55399.0,801849.0,-11186.0,857248.0,857248.0,-0.013048732688790175,0.05157550673784016
24031,2022,2091.6906371951395,12,7.645727935279822,0.08815947181897688,42796.0,53669.0,837089.0,-10873.0,890758.0,890758.0,-0.01220645787071236,0.04804447448128448
24031,2023,2169.9601516250445,12,7.682464083059466,0.03673614777964396,41338.0,50273.0,857863.0,-8935.0,908136.0,908136.0,-0.009838834711981465,0.045519613802337974
24031,2024,2253.235173282105,12,7.72012231726713,0.037658234207663455,,,,,,,,
24031,2025,2288.2640634036334,12,7.735548758166961,0.015426440899831029,,,,,,,,
24031,2026,2271.25553776542,4,7.728088057909024,-0.007460700257936992,,,,,,,,
24033,2015,1395.3534334101848,12,7.240903019449216,,,,,,,,,
24033,2016,1422.850797646098,12,7.260417742027713,0.019514722578497512,,,,,,,,
24033,2017,1456.8433054420323,12,7.284027254387031,0.023609512359317186,,,,,,,,
24033,2018,1509.7501333226,12,7.3196994414957395,0.0356721871087089,,,,,,,,
24033,2019,1553.8656161251545,12,7.3485010510783795,0.028801609582639998,,,,,,,,
24033,2020,1611.0804276857527,12,7.384660306006385,0.036159254928005424,44782.0,55886.0,694565.0,-11104.0,750451.0,750451.0,-0.014796435743306358,0.05967344969891439
24033,2021,1698.1161394173168,12,7.437274762304543,0.05261445629815853,39578.0,53740.0,640175.0,-14162.0,693915.0,693915.0,-0.020408839699386814,0.057035804097043584
24033,2022,1815.6220216156844,12,7.504183399620719,0.06690863731617558,38051.0,50425.0,658847.0,-12374.0,709272.0,709272.0,-0.017446057365862463,0.05364796580155427
24033,2023,1871.4522602896566,12,7.534470018223861,0.0302866186031423,38688.0,48010.0,667676.0,-9322.0,715686.0,715686.0,-0.013025265269964762,0.0540572262137306
24033,2024,1925.8443724359415,12,7.563119785581319,0.02864976735745728,,,,,,,,
24033,2025,1949.9725851029573,12,7.575570592537405,0.012450806956086247,,,,,,,,
24033,2026,1971.1425380339647,4,7.586368622160435,0.010798029623030558,,,,,,,,
24035,2025,2501.025607183354,8,7.8244561696030335,,,,,,,,,
24035,2026,2553.381798182686,4,7.845173954897886,0.020717785294852575,,,,,,,,
24037,2015,1093.0141496593935,12,6.996694433801246,,,,,,,,,
24037,2016,1112.8411763380566,12,7.01467164238517,0.0179772085839236,,,,,,,,
24037,2017,1141.6725015646084,12,7.040249572874667,0.02557793048949719,,,,,,,,
24037,2018,1179.7326159399183,12,7.073043095121722,0.03279352224705523,,,,,,,,
24037,2019,1209.9955516759744,12,7.098371962283181,0.0253288671614591,,,,,,,,
24037,2020,1282.110930726116,12,7.1562631631647085,0.057891200881527105,6539.0,6535.0,91586.0,4.0,98121.0,98121.0,4.07659930086322e-05,0.06664220707086149
24037,2021,1428.2692740499904,12,7.264218692384857,0.10795552922014817,6251.0,6100.0,86162.0,151.0,92262.0,92262.0,0.0016366434718519001,0.06775270425527302
24037,2022,1501.3135127183207,12,7.314095679056046,0.04987698667118945,5784.0,6064.0,89234.0,-280.0,95298.0,95298.0,-0.002938151902453357,0.060693823584965056
24037,2023,1570.060411893847,12,7.3588693765153375,0.044773697459291384,5675.0,5536.0,92391.0,139.0,97927.0,97927.0,0.0014194246734812667,0.0579513310935697
24037,2024,1678.5784940537997,12,7.425702579731674,0.06683320321633612,,,,,,,,
24037,2025,1783.5106972327683,12,7.48633900266869,0.060636422937016654,,,,,,,,
24037,2026,1778.2641260145779,4,7.483392957355209,-0.0029460453134815268,,,,,,,,
24041,2025,2355.594766719274,11,7.7645485294340855,,,,,,,,,
24041,2026,2319.52950341437,4,7.749119643841177,-0.015428885592908337,,,,,,,,
24043,2015,799.341937072833,12,6.6837888105055,,,,,,,,,
24043,2016,815.8498363661878,12,6.704230313968558,0.020441503463057842,,,,,,,,
24043,2017,831.5299608642254,12,6.723267330291983,0.01903701632342525,,,,,,,,
24043,2018,850.3913829067183,12,6.745696693988062,0.022429363696079285,,,,,,,,
24043,2019,880.2924735025762,12,6.780254208507075,0.03455751451901268,,,,,,,,
24043,2020,926.4305720314081,12,6.831339107171674,0.05108489866459909,7046.0,6792.0,116596.0,254.0,123388.0,123388.0,0.002058547022400882,0.05710441858203391
24043,2021,1037.1257452998934,12,6.944208459605277,0.11286935243360308,7332.0,7096.0,110953.0,236.0,118049.0,118049.0,0.0019991698362544367,0.062109801861938686
24043,2022,1170.2192985946692,12,7.064946444924412,0.12073798531913482,7429.0,6236.0,114654.0,1193.0,120890.0,120890.0,0.009868475473571016,0.06145256017867483
24043,2023,1261.3672439385734,12,7.139951525871584,0.07500508094717251,7288.0,6486.0,118069.0,802.0,124555.0,124555.0,0.006438922564329011,0.05851230380153346
24043,2024,1317.6589195217957,12,7.183611895169194,0.043660369297609414,,,,,,,,
24043,2025,1367.5770026324487,12,7.220795841765648,0.0371839465964543,,,,,,,,
24043,2026,1402.6711620583249,4,7.246133670633791,0.02533782886814251,,,,,,,,
24045,2015,931.9550970908707,12,6.837284634437893,,,,,,,,,
24045,2016,951.1631544934356,12,6.857685608812019,0.020400974374125802,,,,,,,,
24045,2017,973.6762230177965,12,6.8810788284791995,0.023393219667180887,,,,,,,,
24045,2018,1001.1696326261634,12,6.908924228120961,0.02784539964176158,,,,,,,,
24045,2019,1046.8957427582125,12,6.953584628795131,0.044660400674169765,,,,,,,,
24045,2020,1115.7103403262793,12,7.017246557572928,0.06366192877779753,4486.0,4735.0,74129.0,-249.0,78864.0,78864.0,-0.003157334144856969,0.05688273483465206
24045,2021,1200.7332137336373,12,7.090687660629299,0.07344110305637042,4681.0,4519.0,71100.0,162.0,75619.0,75619.0,0.0021423187294198546,0.06190243192848358
24045,2022,1352.4374702812088,12,7.209663776957757,0.11897611632845795,4313.0,4261.0,73194.0,52.0,77455.0,77455.0,0.0006713575624556194,0.05568394551675166
24045,2023,1425.5313744733892,12,7.262299917562216,0.052636140604459314,4232.0,4533.0,74993.0,-301.0,79526.0,79526.0,-0.0037849256846817394,0.0532153006563891
24045,2024,1502.405873065717,12,7.314823017568907,0.052523100006690804,,,,,,,,
24045,2025,1577.1684259359963,12,7.363386382741457,0.048563365172550554,,,,,,,,
24045,2026,1615.8838680829924,4,7.387637372688684,0.024250989947226742,,,,,,,,
24047,2024,2059.9366926744915,8,7.630430529599987,,,,,,,,,
24047,2025,2133.310713941533,12,7.665430377783537,0.034999848183550064,,,,,,,,
24047,2026,2192.305237857764,4,7.692708889220927,0.02727851143739013,,,,,,,,
24510,2015,1235.400706651514,12,7.119150655263832,,,,,,,,,
24510,2016,1253.8384250867064,12,7.133964865273042,0.014814210009210349,,,,,,,,
24510,2017,1270.2935326974455,12,7.147003280854875,0.01303841558183283,,,,,,,,
24510,2018,1292.6291347399394,12,7.164433512215768,0.017430231360893167,,,,,,,,
24510,2019,1321.3868177593079,12,7.186437083580616,0.02200357136484765,,,,,,,,
24510,2020,1346.4080086791334,12,7.205195591075731,0.018758507495115317,29415.0,39066.0,349416.0,-9651.0,388482.0,388482.0,-0.024842849861769656,0.07571779387461967
24510,2021,1442.1926793201076,12,7.273919928419372,0.06872433734364058,29649.0,36636.0,330321.0,-6987.0,366957.0,366957.0,-0.01904037802794333,0.08079693261063285
24510,2022,1565.2933914462076,12,7.355828555976498,0.08190862755712658,28068.0,35123.0,332987.0,-7055.0,368110.0,368110.0,-0.019165466844149846,0.0762489473255277
24510,2023,1620.9010414965426,12,7.390737472060056,0.03490891608355717,30238.0,33541.0,334082.0,-3303.0,367623.0,367623.0,-0.008984747961906627,0.08225274261947702
24510,2024,1680.5540400723185,12,7.426878803787267,0.03614133172721168,,,,,,,,
24510,2025,1744.5901295783212,12,7.464274924284111,0.03739612049684382,,,,,,,,
24510,2026,1761.4620866202008,4,7.4738994742003575,0.009624549916246394,,,,,,,,
25001,2019,1697.1257941735428,10,7.4366913898726335,,,,,,,,,
25001,2020,1877.7297713039382,12,7.537818757670356,0.10112736779772291,12920.0,8403.0,180954.0,4517.0,189357.0,189357.0,0.023854412564626604,0.06823090775624878
25001,2021,2078.8861731079182,11,7.639587535569292,0.10176877789893535,12363.0,8989.0,174623.0,3374.0,183612.0,183612.0,0.01837570529159314,0.06733220050977061
25001,2022,2319.593162390975,12,7.749147088244438,0.1095595526751465,10625.0,9884.0,182914.0,741.0,192798.0,192798.0,0.003843400865154203,0.055109492837062624
25001,2023,2490.582105667688,12,7.820271739513662,0.07112465126922363,9646.0,9439.0,186480.0,207.0,195919.0,195919.0,0.001056559088194611,0.04923463267983197
25001,2024,2613.342866306651,12,7.868385472491113,0.04811373297745103,,,,,,,,
25001,2025,2698.7258311555806,12,7.900535026218959,0.032149553727846225,,,,,,,,
25001,2026,2789.2650417234845,4,7.933533414207152,0.03299838798819277,,,,,,,,
25003,2021,1197.909653071445,10,7.088333361033096,,3973.0,3374.0,92362.0,599.0,95736.0,95736.0,0.006256789504470627,0.041499540402774295
25003,2022,1290.5177484937701,11,7.1627987722557025,0.07446541122260619,3384.0,3651.0,95305.0,-267.0,98956.0,98956.0,-0.002698168883139981,0.03419701685597639
25003,2023,1412.2219910159645,12,7.252919623129224,0.09012085087352162,3465.0,3471.0,95785.0,-6.0,99256.0,99256.0,-6.044974611106633e-05,0.03490972837914081
25003,2024,1485.7382095013024,12,7.30366703849346,0.05074741536423577,,,,,,,,
25003,2025,1570.994136959335,12,7.359463906204949,0.055796867711489284,,,,,,,,
25003,2026,1616.1010918463437,4,7.387771793960052,0.028307887755103067,,,,,,,,
25005,2015,973.4109607654908,12,6.880806357625141,,,,,,,,,
25005,2016,1021.4159093699169,12,6.928945090134843,0.048138732509702464,,,,,,,,
25005,2017,1088.1327602368447,12,6.992218442248287,0.06327335211344387,,,,,,,,
25005,2018,1142.4771115761534,12,7.040954088936308,0.048735646688021106,,,,,,,,
25005,2019,1208.1823176935948,12,7.096872292349734,0.05591820341342579,,,,,,,,
25005,2020,1293.2726495109264,12,7.164931222367167,0.06805893001743257,19230.0,17811.0,441369.0,1419.0,459180.0,459180.0,0.0030902913889977787,0.04187900169868026
25005,2021,1424.1110905000241,12,7.261303101920656,0.09637187955348914,18379.0,17699.0,426269.0,680.0,443968.0,443968.0,0.0015316419201383883,0.041397127720916825
25005,2022,1589.7784414197686,12,7.371349940485844,0.11004683856518849,18417.0,17986.0,442259.0,431.0,460245.0,460245.0,0.00093645775619507,0.04001564384186683
25005,2023,1713.6867737145867,12,7.446402336666889,0.07505239618104476,17528.0,16900.0,450834.0,628.0,467734.0,467734.0,0.0013426434682960828,0.0374742909431429
25005,2024,1843.7838459926854,12,7.519575177068215,0.07317284040132588,,,,,,,,
25005,2025,1957.3518213472955,12,7.579347727092854,0.05977255002463888,,,,,,,,
25005,2026,2002.1250144483508,4,7.601964402704968,0.022616675612114,,,,,,,,
25009,2015,1484.0396471316978,12,7.302523139766472,,,,,,,,,
25009,2016,1551.4108353795564,12,7.346920012291474,0.04439687252500235,,,,,,,,
25009,2017,1647.2991151501326,12,7.40689232580117,0.059972313509695674,,,,,,,,
25009,2018,1724.3246595105159,12,7.452590751075614,0.0456984252744439,,,,,,,,
25009,2019,1789.521618499941,12,7.489703610881889,0.037112859806274656,,,,,,,,
25009,2020,1858.1463563561801,12,7.527334687184425,0.03763107630253604,27869.0,29629.0,638742.0,-1760.0,668371.0,668371.0,-0.002633268050229588,0.041696901870368404
25009,2021,2003.7115268179575,12,7.6027565031495135,0.07542181596508879,27039.0,29788.0,610408.0,-2749.0,640196.0,640196.0,-0.004293997463276872,0.04223550287724384
25009,2022,2202.085586789691,12,7.6971601842791975,0.094403681129684,26108.0,30071.0,636319.0,-3963.0,666390.0,666390.0,-0.005946967991716562,0.03917825897747565
25009,2023,2341.1837637629355,12,7.758411962386584,0.06125177810738691,24845.0,27406.0,648395.0,-2561.0,675801.0,675801.0,-0.0037895771092377787,0.036763781053890124
25009,2024,2464.1676322701837,12,7.809609354916485,0.0511973925299003,,,,,,,,
25009,2025,2552.868537162289,12,7.844972922442202,0.03536356752571734,,,,,,,,
25009,2026,2554.904149894079,4,7.84576998721555,0.0007970647733479552,,,,,,,,
25011,2025,1551.0148782516674,12,7.346664755813745,,,,,,,,,
25011,2026,1559.9243084534407,4,7.352392578844285,0.005727823030540868,,,,,,,,
25013,2015,922.615974355109,11,6.827213085471017,,,,,,,,,
25013,2016,958.0522987418434,12,6.864902368069357,0.0376892825983397,,,,,,,,
25013,2017,991.1872537126372,12,6.898903470781722,0.034001102712364784,,,,,,,,
25013,2018,1034.1094370597068,12,6.94129588801691,0.04239241723518816,,,,,,,,
25013,2019,1080.4289500763227,12,6.985113417261353,0.04381752924444271,,,,,,,,
25013,2020,1134.8099422152268,12,7.034220464101135,0.049107046839782065,11017.0,13111.0,355029.0,-2094.0,368140.0,368140.0,-0.005688053457923616,0.029926115064920954
25013,2021,1221.4131551149026,12,7.107763791252486,0.07354332715135126,10787.0,13028.0,338492.0,-2241.0,351520.0,351520.0,-0.006375170687300865,0.03068673190714611
25013,2022,1353.1133962623462,12,7.210163435643579,0.10239964439109261,11370.0,13106.0,348421.0,-1736.0,361527.0,361527.0,-0.004801854356659392,0.03144993320000996
25013,2023,1476.5423652579786,12,7.297458393801787,0.08729495815820876,11088.0,12206.0,352869.0,-1118.0,365075.0,365075.0,-0.0030623844415531057,0.03037184140245155
25013,2024,1585.5328247030304,12,7.36867579682498,0.07121740302319246,,,,,,,,
25013,2025,1664.7237536130312,12,7.417414474903409,0.04873867807842913,,,,,,,,
25013,2026,1716.012873198492,4,7.4477587818836914,0.030344306980282454,,,,,,,,
25015,2021,1775.8906002863605,12,7.482057322716963,,6408.0,6714.0,104306.0,-306.0,111020.0,111020.0,-0.0027562601333093136,0.05771932985047739
25015,2022,1967.6909033906832,12,7.584616003991561,0.10255868127459866,6282.0,6773.0,107352.0,-491.0,114125.0,114125.0,-0.004302300109529025,0.05504490690032859
25015,2023,2116.3618624151227,12,7.65745379084074,0.07283778684917852,6156.0,6599.0,109555.0,-443.0,116154.0,116154.0,-0.003813902233242075,0.05299860529986053
25015,2024,2220.1733750709514,12,7.705340568695729,0.047886777854989404,,,,,,,,
25015,2025,2320.59908979251,12,7.749580659683992,0.04424009098826254,,,,,,,,
25015,2026,2418.5970241038544,4,7.790942908929454,0.041362249245461946,,,,,,,,
25017,2015,2131.2154711614585,12,7.664447739686021,,,,,,,,,
25017,2016,2230.088693336621,12,7.709796636459939,0.04534889677391796,,,,,,,,
25017,2017,2311.9446258938538,12,7.745844278767492,0.03604764230755286,,,,,,,,
25017,2018,2391.406960048328,12,7.779637157930491,0.033792879162999334,,,,,,,,
25017,2019,2464.654664917574,12,7.809806981294393,0.03016982336390228,,,,,,,,
25017,2020,2452.6314895170794,12,7.804916804484303,-0.0048901768100906295,66783.0,83477.0,1257324.0,-16694.0,1340801.0,1340801.0,-0.012450766370251812,0.049808286240836636
25017,2021,2507.3077087336947,12,7.826964830448354,0.0220480259640512,66725.0,84099.0,1190295.0,-17374.0,1274394.0,1274394.0,-0.013633146420965572,0.052358218886780696
25017,2022,2786.898052143492,12,7.9326844470294295,0.10571961658107565,66713.0,82332.0,1231668.0,-15619.0,1314000.0,1314000.0,-0.011886605783866059,0.05077092846270929
25017,2023,2951.4895741044634,12,7.990065262268767,0.05738081523933758,64998.0,75000.0,1260206.0,-10002.0,1335206.0,1335206.0,-0.00749097892010671,0.04868012875915776
25017,2024,3064.917437937596,12,8.027775910956148,0.03771064868738083,,,,,,,,
25017,2025,3146.0562296699263,12,8.053904956843724,0.026129045887575586,,,,,,,,
25017,2026,3162.102818017353,4,8.05899253400779,0.0050875771640672696,,,,,,,,
25021,2015,1979.8434800483847,12,7.590773070083313,,,,,,,,,
25021,2016,2040.4756835552982,12,7.620938237869829,0.030165167786516456,,,,,,,,
25021,2017,2107.7088933135187,12,7.653356803974019,0.03241856610419003,,,,,,,,
25021,2018,2180.767355285057,12,7.687432091683612,0.03407528770959267,,,,,,,,
25021,2019,2255.324423218527,12,7.721049109978305,0.033617018294693324,,,,,,,,
25021,2020,2261.224542804631,12,7.723661778627175,0.002612668648869665,38055.0,39942.0,573172.0,-1887.0,613114.0,613114.0,-0.00307773105817189,0.0620683918488242
25021,2021,2322.5442198324067,12,7.75041851026235,0.026756731635175335,36669.0,39784.0,543915.0,-3115.0,583699.0,583699.0,-0.005336654679894946,0.06282176258653861
25021,2022,2569.4449834263437,12,7.851445194810313,0.10102668454796238,35399.0,38762.0,565302.0,-3363.0,604064.0,604064.0,-0.005567290883085236,0.05860140647348625
25021,2023,2732.346251813318,12,7.912915951976666,0.06147075716635353,34208.0,36363.0,577351.0,-2155.0,613714.0,613714.0,-0.003511407593765174,0.055739318314394
25021,2024,2855.2518273464702,12,7.956915323925773,0.043999371949106525,,,,,,,,
25021,2025,2928.719967026962,12,7.982320735233179,0.025405411307406034,,,,,,,,
25021,2026,2979.410157692384,4,7.999480626247724,0.01715989101454518,,,,,,,,
25023,2015,1450.3464058217357,12,7.279557707449138,,,,,,,,,
25023,2016,1540.4631176685925,12,7.339838375957574,0.06028066850843583,,,,,,,,
25023,2017,1628.7627900706568,12,7.39557598109934,0.055737605141765734,,,,,,,,
25023,2018,1715.4900197345435,12,7.447454044580937,0.05187806348159718,,,,,,,,
25023,2019,1786.8315708045463,12,7.48819925822972,0.04074521364878336,,,,,,,,
25023,2020,1881.0616183267864,12,7.539591587045609,0.051392328815889066,22626.0,19530.0,425602.0,3096.0,445132.0,445132.0,0.006955240243343547,0.05082986619699325
25023,2021,2053.0884987481986,12,7.627100523127455,0.08750893608184551,21731.0,19533.0,408885.0,2198.0,428418.0,428418.0,0.005130503386879169,0.05072382579630174
25023,2022,2235.2483212536886,12,7.712107606582236,0.08500708345478092,20277.0,20575.0,425781.0,-298.0,446356.0,446356.0,-0.0006676285296937871,0.04542786475369436
25023,2023,2347.6112785552114,12,7.761153612964346,0.04904600638211054,19388.0,18700.0,435229.0,688.0,453929.0,453929.0,0.0015156555320325425,0.042711525370707756
25023,2024,2456.6005351211197,12,7.8065337769349465,0.04538016397060041,,,,,,,,
25023,2025,2578.36435982811,12,7.8549105078134325,0.04837673087848593,,,,,,,,
25023,2026,2603.071348647153,4,7.864447314779173,0.009536806965740219,,,,,,,,
25025,2015,2259.7628160424724,12,7.723015138105063,,,,,,,,,
25025,2016,2342.507024550758,12,7.7589770128490665,0.03596187474400381,,,,,,,,
25025,2017,2422.0845093756507,12,7.792383815897232,0.033406803048165123,,,,,,,,
25025,2018,2503.9597827767607,12,7.825628670899618,0.03324485500238605,,,,,,,,
25025,2019,2588.598134048462,12,7.858871747173828,0.03324307627421064,,,,,,,,
25025,2020,2574.2338800519656,9,7.853307246519377,-0.00556450065445091,40160.0,64287.0,493709.0,-24127.0,557996.0,557996.0,-0.04323866120904093,0.07197184209205801
25025,2021,2581.722959779319,12,7.856212268895161,0.00290502237578405,39237.0,64230.0,464324.0,-24993.0,528554.0,528554.0,-0.047285613201300154,0.07423460989794799
25025,2022,2860.5341993200655,12,7.958763669351173,0.10255140045601152,41830.0,60585.0,477134.0,-18755.0,537719.0,537719.0,-0.034878812167693535,0.07779156027590618
25025,2023,3067.837257698309,12,8.028728116001428,0.06996444665025514,44421.0,56149.0,483865.0,-11728.0,540014.0,540014.0,-0.02171795546041399,0.08225897847092853
25025,2024,3187.3579862256934,12,8.066947635133193,0.03821951913176491,,,,,,,,
25025,2025,3277.9485485809932,12,8.094973063201639,0.02802542806844599,,,,,,,,
25025,2026,3345.891167850098,4,8.11548835497179,0.020515291770150768,,,,,,,,
25027,2015,1115.6544510910605,12,7.017196463356648,,,,,,,,,
25027,2016,1174.386459579832,12,7.068501128144459,0.051304664787810594,,,,,,,,
25027,2017,1237.6176669446952,12,7.120943574322364,0.05244244617790539,,,,,,,,
25027,2018,1312.8747635167385,12,7.179974487816665,0.05903091349430056,,,,,,,,
25027,2019,1389.3719653767719,12,7.236607100551809,0.05663261273514397,,,,,,,,
25027,2020,1471.408031955492,12,7.293975066199788,0.057367965647979524,26270.0,26846.0,663112.0,-576.0,689958.0,689958.0,-0.0008348334246432392,0.038074781363503285
25027,2021,1597.4149926965595,12,7.376141972126335,0.08216690592654619,26113.0,27214.0,635000.0,-1101.0,662214.0,662214.0,-0.0016626045356938996,0.03943287215311063
25027,2022,1784.8282761221592,12,7.48707748573272,0.11093551360638543,26044.0,27630.0,659157.0,-1586.0,686787.0,686787.0,-0.0023093040491447858,0.03792150987132838
25027,2023,1921.3965374600732,12,7.560807563881828,0.07373007814910792,24762.0,26327.0,673322.0,-1565.0,699649.0,699649.0,-0.0022368358991437134,0.035392032290477084
25027,2024,2043.4195778306605,12,7.622379947118894,0.06157238323706604,,,,,,,,
25027,2025,2153.7344340118966,12,7.6749585604274655,0.0525786133085715,,,,,,,,
25027,2026,2179.8829506793318,4,7.687026461992718,0.012067901565252726,,,,,,,,
26005,2025,1832.8840450138262,12,7.513645986162691,,,,,,,,,
26005,2026,1812.605345565536,4,7.50252050673116,-0.011125479431531637,,,,,,,,
26015,2026,1373.7250001779637,3,7.22528130731964,,,,,,,,,
26017,2022,1019.6507472997937,8,6.927215443036429,,3739.0,3603.0,82137.0,136.0,85740.0,85740.0,0.0015861908094238395,0.04360858409143924
26017,2023,1036.137872551453,12,6.943255495578228,0.016040052541798744,3701.0,3505.0,83299.0,196.0,86804.0,86804.0,0.0022579604626514907,0.04263628404221004
26017,2024,1101.6857545051325,12,7.004596789795989,0.06134129421776091,,,,,,,,
26017,2025,1144.6514821789488,12,7.042855487278159,0.0382586974821697,,,,,,,,
26017,2026,1166.1788322659445,4,7.061487727590863,0.018632240312704162,,,,,,,,
26021,2018,854.2403104411707,7,6.7502125481639315,,,,,,,,,
26021,2019,877.2048185944251,12,6.776740509682345,0.026527961518413967,,,,,,,,
26021,2020,917.3649177855818,12,6.821505340517962,0.044764830835617,6616.0,6449.0,120249.0,167.0,126698.0,126698.0,0.0013180949975532368,0.05221866169947434
26021,2021,991.207655174402,11,6.898924053423126,0.077418712905164,6041.0,6240.0,114974.0,-199.0,121214.0,121214.0,-0.0016417245532694244,0.04983747751909846
26021,2022,1088.0928449172216,12,6.992181759176888,0.09325770575376158,5946.0,6068.0,117459.0,-122.0,123527.0,123527.0,-0.0009876383300816826,0.04813522549725971
26021,2023,1168.3578745224006,12,7.06335451587732,0.07117275670043188,5739.0,6127.0,119271.0,-388.0,125398.0,125398.0,-0.003094148232029219,0.04576628016395796
26021,2024,1223.349712495006,12,7.10934804125137,0.045993525374050215,,,,,,,,
26021,2025,1297.4116440637515,12,7.168126515660641,0.0587784744092712,,,,,,,,
26021,2026,1332.4552828654414,4,7.194778596651705,0.026652080991063976,,,,,,,,
26025,2022,981.1484976796976,8,6.888723821891055,,5168.0,5255.0,97377.0,-87.0,102632.0,102632.0,-0.0008476888299945436,0.0503546652116299
26025,2023,1006.8018619170748,12,6.914534112601003,0.02581029070994756,5066.0,5011.0,98858.0,55.0,103869.0,103869.0,0.0005295131367395469,0.04877297364950081
26025,2024,1048.5621159509633,12,6.955175091268134,0.04064097866713112,,,,,,,,
26025,2025,1107.1819951964912,12,7.009573323167322,0.0543982318991878,,,,,,,,
26025,2026,1145.2916779359543,4,7.043414624102892,0.03384130093557047,,,,,,,,
26029,2026,1350.0,1,7.2078598714324755,,,,,,,,,
26037,2024,1449.1960205452192,10,7.278764213050563,,,,,,,,,
26037,2025,1490.7626328663994,12,7.307043102135614,0.028278889085051162,,,,,,,,
26037,2026,1509.9489446465054,4,7.319831117744968,0.012788015609354275,,,,,,,,
26045,2022,1163.182627298053,12,7.058915171401262,,6368.0,6596.0,84337.0,-228.0,90933.0,90933.0,-0.0025073405694302398,0.07002958221987617
26045,2023,1196.682623471101,12,7.0873085271022775,0.028393355701015643,6158.0,6100.0,86466.0,58.0,92566.0,92566.0,0.0006265799537627206,0.06652550612535921
26045,2024,1265.315007507206,12,7.143076387954094,0.05576786085181684,,,,,,,,
26045,2025,1327.467553290079,12,7.191028310851342,0.04795192289724781,,,,,,,,
26045,2026,1369.4039951891534,4,7.222130884156895,0.031102573305552994,,,,,,,,
26047,2026,1762.5,1,7.474488534686424,,,,,,,,,
26049,2015,617.2296177387544,12,6.425241106600704,,,,,,,,,
26049,2016,647.0317129403116,12,6.472395308663383,0.047154202062679396,,,,,,,,
26049,2017,669.4325296779795,12,6.506430382872851,0.034035074209467275,,,,,,,,
26049,2018,697.9053301286523,12,6.5480834633755896,0.04165308050273886,,,,,,,,
26049,2019,730.5605911168792,12,6.593812172469551,0.04572870909396176,,,,,,,,
26049,2020,766.1901006107532,12,6.641430312071824,0.04761813960227279,12894.0,13819.0,308790.0,-925.0,322609.0,322609.0,-0.002867247968903533,0.03996788682274828
26049,2021,857.1996275650339,12,6.753670829120832,0.11224051704900795,13215.0,13781.0,296247.0,-566.0,310028.0,310028.0,-0.0018256415549563266,0.042625182241603984
26049,2022,940.9420124106045,12,6.846881514318468,0.09321068519763553,12759.0,13649.0,301879.0,-890.0,315528.0,315528.0,-0.0028206688471387642,0.040436981820947744
26049,2023,957.3626917087222,12,6.8641823078564475,0.017300793537979864,13215.0,12910.0,306225.0,305.0,319135.0,319135.0,0.000955708399266768,0.041408808184624064
26049,2024,1027.692287482537,12,6.935071069963904,0.07088876210745632,,,,,,,,
26049,2025,1075.2031386398069,12,6.9802648888864685,0.04519381892256469,,,,,,,,
26049,2026,1096.3264295979634,4,6.9997202603876785,0.019455371501210017,,,,,,,,
26055,2022,1559.3648288773597,9,7.3520338563549945,,4833.0,4539.0,76603.0,294.0,81142.0,81142.0,0.0036232777106800424,0.05956224889699539
26055,2023,1683.7137305162385,12,7.428757186596493,0.07672333024149847,4761.0,4409.0,78441.0,352.0,82850.0,82850.0,0.0042486421243210625,0.05746529873264937
26055,2024,1775.3914555897518,12,7.48177621595493,0.053019029358437386,,,,,,,,
26055,2025,1842.0075020413835,12,7.518611289576439,0.03683507362150884,,,,,,,,
26055,2026,1870.9276638151596,4,7.534189663749665,0.015578374173225384,,,,,,,,
26061,2025,1530.8914382006471,1,7.333605484064906,,,,,,,,,
26061,2026,1570.814410734355,3,7.359349496798744,0.025744012733838417,,,,,,,,
26065,2015,683.0313007063869,12,6.526540686787745,,,,,,,,,
26065,2016,712.4160597576765,12,6.568662094336141,0.04212140754839666,,,,,,,,
26065,2017,743.2515019091311,12,6.611034482608263,0.04237238827212142,,,,,,,,
26065,2018,781.620805532917,12,6.661369719531041,0.05033523692277786,,,,,,,,
26065,2019,816.9915943318006,12,6.705628806351508,0.04425908682046753,,,,,,,,
26065,2020,860.7305356515707,12,6.757781488720511,0.05215268236900261,13578.0,15375.0,192689.0,-1797.0,208064.0,208064.0,-0.00863676561058136,0.06525876653337434
26065,2021,936.2601074127853,12,6.841893330407641,0.08411184168712982,12913.0,14657.0,184345.0,-1744.0,199002.0,199002.0,-0.008763731017778716,0.06488879508748656
26065,2022,1030.67066719762,12,6.9379650025300075,0.09607167212236689,12690.0,14583.0,187952.0,-1893.0,202535.0,202535.0,-0.009346532698052188,0.06265583726269533
26065,2023,1082.2885373713757,12,6.986833094254879,0.04886809172487183,12831.0,14114.0,191833.0,-1283.0,205947.0,205947.0,-0.0062297581416578054,0.062302437034771084
26065,2024,1147.814078284749,12,7.045614611050121,0.058781516795241906,,,,,,,,
26065,2025,1208.1101367083536,12,7.096812547110591,0.051197936060470184,,,,,,,,
26065,2026,1246.1272401896474,4,7.127795813065917,0.0309832659553253,,,,,,,,
26067,2026,1165.3767717783167,3,7.060799722966076,,,,,,,,,
26073,2023,864.8658259345993,5,6.762574380373902,,3129.0,3290.0,43422.0,-161.0,46712.0,46712.0,-0.0034466518239424557,0.06698492892618599
26073,2024,927.4017553376344,11,6.8323868647069546,0.06981248433305254,,,,,,,,
26073,2025,974.3778251153594,12,6.88179913922065,0.049412274513695564,,,,,,,,
26073,2026,1109.8560350027951,4,7.0119855876991615,0.13018644847851135,,,,,,,,
26075,2016,628.4511450642392,8,6.4432582924142805,,,,,,,,,
26075,2017,680.3359740011323,12,6.522586755566538,0.07932846315225728,,,,,,,,
26075,2018,689.1422306688619,12,6.535447680288698,0.01286092472216005,,,,,,,,
26075,2019,727.2524082911604,12,6.589273608873658,0.053825928584959826,,,,,,,,
26075,2020,776.153061172016,12,6.654349744511594,0.0650761356379359,5198.0,5429.0,118657.0,-231.0,124086.0,124086.0,-0.0018616121077317345,0.04189030188740067
26075,2021,844.1210760603423,12,6.738295939355065,0.08394619484347121,5416.0,5064.0,114119.0,352.0,119183.0,119183.0,0.0029534413465007593,0.04544272253593214
26075,2022,923.4595765216994,12,6.828127026641964,0.08983108728689881,5385.0,5137.0,116655.0,248.0,121792.0,121792.0,0.0020362585391487126,0.044214726747241195
26075,2023,1016.3957104471342,12,6.924018031097802,0.09589100445583831,4852.0,4881.0,118986.0,-29.0,123867.0,123867.0,-0.00023412208255629022,0.039171046364245524
26075,2024,1074.3648778390407,11,6.979484954651467,0.05546692355366467,,,,,,,,
26075,2025,1147.2311966992484,12,7.045106663251107,0.06562170859964045,,,,,,,,
26075,2026,1183.487649174491,4,7.0762209930520905,0.031114329800983498,,,,,,,,
26077,2015,757.9225251000831,12,6.630581170788115,,,,,,,,,
26077,2016,790.1112384984704,12,6.672173743774431,0.04159257298631669,,,,,,,,
26077,2017,825.553400804761,12,6.716053950310652,0.04388020653622071,,,,,,,,
26077,2018,870.9551333113063,12,6.769590463828033,0.05353651351738087,,,,,,,,
26077,2019,913.3213451300265,12,6.817087784857819,0.047497321029785766,,,,,,,,
26077,2020,949.3808557302747,12,6.855810041315505,0.03872225645768612,10068.0,11456.0,198886.0,-1388.0,210342.0,210342.0,-0.006598777229464396,0.04786490572496221
26077,2021,1022.9985407086912,12,6.930493339468391,0.07468329815288666,10001.0,11234.0,190291.0,-1233.0,201525.0,201525.0,-0.006118347599553405,0.049626597196377624
26077,2022,1121.8349044704005,12,7.022720931290131,0.09222759182173945,10055.0,11042.0,194239.0,-987.0,205281.0,205281.0,-0.004808043608517106,0.04898163980105319
26077,2023,1158.0174093915089,12,7.0544646920367775,0.03174376074664664,10121.0,10465.0,198804.0,-344.0,209269.0,209269.0,-0.0016438172877970459,0.0483635894470753
26077,2024,1208.3457098188624,12,7.097007521176924,0.04254282914014684,,,,,,,,
26077,2025,1258.9165827723805,12,7.1380067751156595,0.04099925393873516,,,,,,,,
26077,2026,1276.7807087443568,4,7.152097117515265,0.01409034239960505,,,,,,,,
26081,2015,866.399827758305,12,6.7643464968851745,,,,,,,,,
26081,2016,941.1232131143946,12,6.847074069498695,0.08272757261352037,,,,,,,,
26081,2017,1007.1597016171123,12,6.914889471621039,0.06781540212234383,,,,,,,,
26081,2018,1057.1578233088183,12,6.963339287220753,0.04844981559971462,,,,,,,,
26081,2019,1111.058242366356,12,7.013068211637631,0.04972892441687726,,,,,,,,
26081,2020,1161.7589309953128,12,7.057690455471853,0.04462224383422253,23415.0,27134.0,533596.0,-3719.0,560730.0,560730.0,-0.006632425588072691,0.04175806537905944
26081,2021,1261.9078958782454,12,7.140380057773964,0.08268960230211064,22848.0,26318.0,510000.0,-3470.0,536318.0,536318.0,-0.006470042027304696,0.04260159084722124
26081,2022,1398.8675819455395,12,7.243418318252566,0.10303826047860198,22962.0,26536.0,523490.0,-3574.0,550026.0,550026.0,-0.006497874645925829,0.04174711740899521
26081,2023,1468.3192347988036,12,7.291873647929946,0.0484553296773802,23140.0,24750.0,536457.0,-1610.0,561207.0,561207.0,-0.0028688166754869417,0.041232557683706726
26081,2024,1535.575577453202,12,7.336660558762869,0.04478691083292308,,,,,,,,
26081,2025,1596.860278212178,12,7.375794654226084,0.03913409546321489,,,,,,,,
26081,2026,1630.7977895970325,4,7.396824615533972,0.021029961307887923,,,,,,,,
26087,2026,1259.3684308158204,4,7.138365628895792,,,,,,,,,
26091,2025,1102.7452832860745,1,7.005558061747223,,,,,,,,,
26091,2026,1119.5874858336529,4,7.020715580224109,0.015157518476885734,,,,,,,,
26093,2015,1264.004259768939,7,7.142039944771487,,,,,,,,,
26093,2016,1299.3576105372651,11,7.169625275578821,0.02758533080733372,,,,,,,,
26093,2017,1340.2039284576797,12,7.2005770667821105,0.030951791203289503,,,,,,,,
26093,2018,1424.5034480363781,12,7.261578574458992,0.06100150767688106,,,,,,,,
26093,2019,1484.3749451526785,12,7.302749050273231,0.041170475814239715,,,,,,,,
26093,2020,1516.1151903002865,12,7.323906546363434,0.021157496090202343,10559.0,8949.0,165279.0,1610.0,174228.0,174228.0,0.009240764974630944,0.060604495259085796
26093,2021,1678.6783211180148,12,7.425762049155516,0.10185550279208222,10462.0,8670.0,157292.0,1792.0,165962.0,165962.0,0.010797652474662875,0.0630385268916981
26093,2022,1830.0451727446234,12,7.5120959300907115,0.08633388093519567,9592.0,8403.0,163381.0,1189.0,171784.0,171784.0,0.006921482792343873,0.05583756345177665
26093,2023,1894.253145668126,12,7.54657992145053,0.034483991359818056,8679.0,8157.0,168538.0,522.0,176695.0,176695.0,0.0029542431874133392,0.049118537593027534
26093,2024,1981.9461730945422,12,7.5918345566475605,0.04525463519703088,,,,,,,,
26093,2025,2028.0645427277468,12,7.61483719000728,0.023002633359719304,,,,,,,,
26093,2026,2078.988545291764,4,7.639636778122663,0.024799588115382853,,,,,,,,
26099,2015,835.4022155163988,12,6.727913304102171,,,,,,,,,
26099,2016,862.8522677821669,12,6.760243491936257,0.03233018783408603,,,,,,,,
26099,2017,896.2110502193565,12,6.79817593235788,0.03793244042162325,,,,,,,,
26099,2018,933.2873317131897,12,6.838713118830365,0.040537186472485054,,,,,,,,
26099,2019,967.1297383218158,12,6.874332652246854,0.03561953341648838,,,,,,,,
26099,2020,1019.7197304535448,12,6.927283094455855,0.052950442209001025,31322.0,33044.0,715635.0,-1722.0,748679.0,748679.0,-0.002300051156770792,0.041836354432273376
26099,2021,1128.0246451751266,12,7.028223280378837,0.10094018592298237,30213.0,32381.0,681326.0,-2168.0,713707.0,713707.0,-0.00303766111303378,0.042332497789709225
26099,2022,1235.011839772303,12,7.118835835876288,0.09061255549745084,30576.0,31212.0,702231.0,-636.0,733443.0,733443.0,-0.0008671430499711634,0.04168831115710423
26099,2023,1274.3895116808756,12,7.150222528556382,0.031386692680094086,30768.0,30466.0,714501.0,302.0,744967.0,744967.0,0.00040538708426010817,0.04130115830634109
26099,2024,1329.4353479262995,12,7.192509580637396,0.04228705208101413,,,,,,,,
26099,2025,1374.3561526617339,12,7.225740647826536,0.033231067189139374,,,,,,,,
26099,2026,1385.3955845215528,4,7.233740998432822,0.008000350606286233,,,,,,,,
26103,2023,1305.549735116142,3,7.174379484017235,,2183.0,2016.0,50347.0,167.0,52363.0,52363.0,0.0031892748696598743,0.041689742757290454
26103,2024,1446.0178227816295,12,7.276568728217875,0.10218924420063935,,,,,,,,
26103,2025,1516.2456265899089,12,7.323992575894601,0.04742384767672636,,,,,,,,
26103,2026,1534.6279085616322,4,7.336043225790652,0.012050649896051091,,,,,,,,
26111,2022,1158.8335350019115,9,7.055169204898197,,4123.0,3989.0,67215.0,134.0,71204.0,71204.0,0.0018819167462502107,0.05790405033425088
26111,2023,1202.1248910170925,10,7.091846012374093,0.036676807475895856,3893.0,3761.0,69269.0,132.0,73030.0,73030.0,0.0018074763795700398,0.05330686019444064
26111,2024,1264.4508255391402,12,7.142393176891321,0.05054716451722818,,,,,,,,
26111,2025,1330.7665426992617,12,7.193510403085322,0.05111722619400094,,,,,,,,
26111,2026,1357.7196968388944,4,7.213561878005528,0.02005147492020587,,,,,,,,
26115,2021,1132.6658016952276,6,7.032329249904172,,6565.0,5958.0,120403.0,607.0,126361.0,126361.0,0.004803697343325868,0.05195432134915045
26115,2022,1204.173016232666,12,7.093548316734661,0.061219066830489055,6263.0,5865.0,123122.0,398.0,128987.0,128987.0,0.003085582267980494,0.04855528076472823
26115,2023,1220.3510664867765,12,7.106893855747893,0.013345539013232433,5990.0,5807.0,125478.0,183.0,131285.0,131285.0,0.0013939140038846784,0.04562592832387554
26115,2024,1292.3247999759553,12,7.164198045918823,0.057304190170929914,,,,,,,,
26115,2025,1309.7416553988658,12,7.177585187127637,0.013387141208813347,,,,,,,,
26115,2026,1316.8485069755538,4,7.182996666254936,0.0054114791272992235,,,,,,,,
26117,2026,1401.719462913079,2,7.24545494979276,,,,,,,,,
26121,2021,844.2038646195953,7,6.738394011186291,,6040.0,5376.0,128803.0,664.0,134179.0,134179.0,0.004948613419387534,0.04501449556189866
26121,2022,912.9447416066545,12,6.816675354783751,0.07828134359745942,5855.0,5177.0,131580.0,678.0,136757.0,136757.0,0.004957698691840272,0.04281316495682122
26121,2023,950.449669847681,12,6.856935209287887,0.04025985450413572,6040.0,5096.0,134780.0,944.0,139876.0,139876.0,0.006748834682147044,0.043181103262889986
26121,2024,1018.4640644131008,12,6.926050952190308,0.0691157429024214,,,,,,,,
26121,2025,1069.824889319624,12,6.975250259221564,0.04919930703125619,,,,,,,,
26121,2026,1112.5836128826977,4,7.01444016886357,0.03918990964200564,,,,,,,,
26125,2015,1069.60222068201,12,6.975042101965468,,,,,,,,,
26125,2016,1110.4227240828325,12,7.012496054315143,0.03745395234967486,,,,,,,,
26125,2017,1163.5510938239804,12,7.059231895679303,0.04673584136415965,,,,,,,,
26125,2018,1209.7550527330263,12,7.098173182340074,0.03894128666077101,,,,,,,,
26125,2019,1253.5706697513053,12,7.133751293951976,0.03557811161190205,,,,,,,,
26125,2020,1292.2724327261947,12,7.164157523357624,0.03040622940564841,51607.0,55906.0,1028950.0,-4299.0,1084856.0,1084856.0,-0.003962737911759717,0.0475703687862721
26125,2021,1417.0650703470722,12,7.256343159841043,0.0921856364834186,50313.0,54694.0,974112.0,-4381.0,1028806.0,1028806.0,-0.00425833441873395,0.048904263777621824
26125,2022,1525.842739942175,12,7.330302152760849,0.07395899291980612,48402.0,55223.0,999436.0,-6821.0,1054659.0,1054659.0,-0.006467493284559275,0.045893506811206276
26125,2023,1562.54713642904,12,7.354072548470118,0.023770395709268755,47943.0,52979.0,1016149.0,-5036.0,1069128.0,1069128.0,-0.004710380796312509,0.044843087076570816
26125,2024,1619.4507178223855,12,7.389842307658948,0.035769759188830186,,,,,,,,
26125,2025,1668.6565156851748,12,7.419774100016158,0.02993179235721044,,,,,,,,
26125,2026,1680.0389760551711,4,7.426572272161028,0.006798172144869774,,,,,,,,
26139,2016,968.063250934638,8,6.875297427016516,,,,,,,,,
26139,2017,1029.6808697168422,12,6.937004197988464,0.061706770971947655,,,,,,,,
26139,2018,1080.1134433265663,12,6.98482135471913,0.047817156730666,,,,,,,,
26139,2019,1123.0087906818137,12,7.023766782563383,0.038945427844253366,,,,,,,,
26139,2020,1177.975363955239,12,7.071552450542281,0.04778566797889816,14846.0,13131.0,245308.0,1715.0,258439.0,258439.0,0.006635995341260414,0.05744489028358723
26139,2021,1311.0109915678488,12,7.178553867838278,0.10700141729599633,13873.0,12646.0,235011.0,1227.0,247657.0,247657.0,0.0049544329455658434,0.056016991241919264
26139,2022,1435.8349594436413,12,7.269501812253571,0.09094794441529341,14168.0,12590.0,242453.0,1578.0,255043.0,255043.0,0.00618719196370808,0.0555514168199088
26139,2023,1521.0182425292053,12,7.327135285960678,0.05763347370710736,13519.0,12466.0,251420.0,1053.0,263886.0,263886.0,0.003990359473408972,0.051230455575513666
26139,2024,1603.4232184696405,12,7.379896134275891,0.05276084831521288,,,,,,,,
26139,2025,1666.4398277464124,12,7.418444790133074,0.03854865585718237,,,,,,,,
26139,2026,1676.9490004816073,4,7.424731350198948,0.006286560065873914,,,,,,,,
26145,2021,786.2283728318633,10,6.6672473009042035,,6340.0,6511.0,140015.0,-171.0,146526.0,146526.0,-0.0011670283772163303,0.04326877141258207
26145,2022,857.6412613545675,12,6.754185901746113,0.08693860084190952,6358.0,6478.0,142783.0,-120.0,149261.0,149261.0,-0.0008039608471067459,0.04259652554920575
26145,2023,893.5396453992724,12,6.79519070451526,0.0410048027691472,6155.0,6504.0,144777.0,-349.0,151281.0,151281.0,-0.0023069651839953465,0.0406858759526973
26145,2024,948.0212491197125,12,6.854376916687057,0.05918621217179698,,,,,,,,
26145,2025,991.7701034707648,12,6.899491329893065,0.04511441320600795,,,,,,,,
26145,2026,1019.9659066192081,4,6.9275244808365635,0.02803315094349834,,,,,,,,
26147,2022,879.468648170235,5,6.779317916208787,,5604.0,5089.0,127757.0,515.0,132846.0,132846.0,0.0038766692260211073,0.042184183189557835
26147,2023,925.420105799154,12,6.8302478028406775,0.050929886631890575,5500.0,4986.0,129880.0,514.0,134866.0,134866.0,0.0038111903667343884,0.040781219877508046
26147,2024,972.2517356928138,12,6.8796147582672935,0.049366955426616066,,,,,,,,
26147,2025,1013.3846177438795,12,6.921051114067205,0.04143635579991134,,,,,,,,
26147,2026,1051.7772127301332,4,6.958236595898813,0.037185481831608413,,,,,,,,
26155,2026,1012.4641747188628,4,6.920142415360986,,,,,,,,,
26159,2026,1588.8140206748649,4,7.370743117946624,,,,,,,,,
26161,2015,1269.3939339960261,12,7.1462948482222455,,,,,,,,,
26161,2016,1316.5225537541771,12,7.182749110391729,0.03645426216948344,,,,,,,,
26161,2017,1381.4536498205769,12,7.230891593182162,0.04814248279043287,,,,,,,,
26161,2018,1438.9496229920935,12,7.271668697929942,0.04077710474778051,,,,,,,,
26161,2019,1495.4462617649751,12,7.3101799441345,0.038511246204557814,,,,,,,,
26161,2020,1515.4512928154961,12,7.3234685566316555,0.013288612497155405,17271.0,20391.0,262495.0,-3120.0,282886.0,282886.0,-0.011029177831352559,0.06105286228374681
26161,2021,1618.6311471618417,12,7.389336100149554,0.06586754351789814,17006.0,19837.0,249081.0,-2831.0,268918.0,268918.0,-0.010527372656348776,0.063238608051525
26161,2022,1780.1202646799102,12,7.484436205430674,0.09510010528112023,17028.0,19889.0,254487.0,-2861.0,274376.0,274376.0,-0.010427296848120826,0.062060821646208124
26161,2023,1860.535829897778,12,7.528619805810204,0.0441836003795304,16955.0,19667.0,260184.0,-2712.0,279851.0,279851.0,-0.0096908712136101,0.060585811735530695
26161,2024,1957.5559813902025,12,7.579452025867374,0.050832220057169586,,,,,,,,
26161,2025,2013.9205460150913,12,7.607838621663705,0.028386595796330738,,,,,,,,
26161,2026,2021.8602786745485,4,7.61177329663626,0.003934674972555285,,,,,,,,
26163,2015,765.7372607791257,12,6.640839109308259,,,,,,,,,
26163,2016,790.2267853950506,12,6.672319974384641,0.03148086507638226,,,,,,,,
26163,2017,829.0318359921694,12,6.720258557283532,0.0479385828988903,,,,,,,,
26163,2018,868.8863398506342,12,6.767212322523093,0.04695376523956174,,,,,,,,
26163,2019,916.0098249973103,12,6.820027090596204,0.052814768073110585,,,,,,,,
26163,2020,968.1780934979328,12,6.875416051240464,0.05538896064425991,51852.0,59328.0,1296621.0,-7476.0,1355949.0,1355949.0,-0.005513481701745419,0.03824037629733862
26163,2021,1083.6071133010455,12,6.988050674697557,0.11263462345709296,45207.0,57854.0,1219319.0,-12647.0,1277173.0,1277173.0,-0.009902338994012558,0.03539614445341391
26163,2022,1192.099085696745,12,7.083470969755073,0.09542029505751604,44353.0,56984.0,1248142.0,-12631.0,1305126.0,1305126.0,-0.009677992776176399,0.03398369199602184
26163,2023,1234.9379044697605,12,7.118775968016436,0.03530499826136335,46876.0,55392.0,1264375.0,-8516.0,1319767.0,1319767.0,-0.0064526541427388315,0.03551839074624536
26163,2024,1295.3414412775846,12,7.16652960059934,0.04775363258290355,,,,,,,,
26163,2025,1351.6970549705675,12,7.209116159727748,0.042586559128408474,,,,,,,,
26163,2026,1375.1753227866056,4,7.226336509453452,0.01722034972570352,,,,,,,,
27003,2015,1071.9776943534516,12,6.97726053390816,,,,,,,,,
27003,2016,1109.3993503887828,12,7.011574022069118,0.03431348816095792,,,,,,,,
27003,2017,1165.728191062237,12,7.061101227439005,0.04952720536988764,,,,,,,,
27003,2018,1217.1757137886036,12,7.104288465300432,0.043187237861427086,,,,,,,,
27003,2019,1269.4599338352568,12,7.146346840060044,0.042058374759611716,,,,,,,,
27003,2020,1316.1960069916604,12,7.182501042277606,0.036154202217561604,23423.0,21915.0,302882.0,1508.0,324797.0,324797.0,0.004642900026785962,0.07211581387759124
27003,2021,1406.242649989191,12,7.248676639264718,0.0661755969871125,22390.0,21718.0,288252.0,672.0,309970.0,309970.0,0.0021679517372648967,0.07223279672226345
27003,2022,1478.9362401218532,12,7.29907835165432,0.05040171238960145,20880.0,20311.0,296856.0,569.0,317167.0,317167.0,0.001794007573297348,0.06583282623980427
27003,2023,1533.3365291609261,12,7.335201378042291,0.03612302638797171,19428.0,18684.0,309095.0,744.0,327779.0,327779.0,0.0022698220447313587,0.059271643393872094
27003,2024,1576.5574605654149,12,7.362998926507014,0.027797548464723043,,,,,,,,
27003,2025,1640.257883283001,12,7.402608754360672,0.03960982785365719,,,,,,,,
27003,2026,1681.9682633924735,4,7.427719971979422,0.02511121761875046,,,,,,,,
27005,2026,1240.0,1,7.122866658599083,,,,,,,,,
27007,2025,1408.203412248964,12,7.250069995210178,,,,,,,,,
27007,2026,1414.9329965761362,4,7.2548374567131715,0.004767461502993342,,,,,,,,
27009,2026,1044.377232229922,4,6.951176036730902,,,,,,,,,
27013,2022,990.2303564972602,2,6.897937599392634,,3466.0,4034.0,47725.0,-568.0,51759.0,51759.0,-0.010973936899862825,0.06696419946289534
27013,2023,1041.2733699684065,12,6.948199637376516,0.050262037983881847,3290.0,3803.0,49451.0,-513.0,53254.0,53254.0,-0.009633079205317911,0.061779396852818566
27013,2024,1107.099563197846,12,7.009498868319093,0.061299230942577054,,,,,,,,
27013,2025,1209.7229195511052,12,7.098146620261566,0.08864775194247354,,,,,,,,
27013,2026,1307.5696559610897,4,7.175925468677682,0.07777884841611549,,,,,,,,
27019,2018,1445.6437829566867,11,7.276310025867443,,,,,,,,,
27019,2019,1495.4405054320644,12,7.310176094886194,0.03386606901875133,,,,,,,,
27019,2020,1544.7602257552444,12,7.342623983602134,0.0324478887159394,7304.0,6131.0,93628.0,1173.0,99759.0,99759.0,0.011758337593600577,0.07321645164847282
27019,2021,1642.5644738136607,12,7.404014003051785,0.061390019449651057,7164.0,6311.0,90549.0,853.0,96860.0,96860.0,0.008806524881271939,0.07396241998761098
27019,2022,1751.2308810241893,12,7.468074180260681,0.06406017720889601,6710.0,5833.0,93616.0,877.0,99449.0,99449.0,0.008818590433287414,0.06747176944966767
27019,2023,1826.099038412421,12,7.509937297587936,0.04186311732725567,6264.0,5562.0,97670.0,702.0,103232.0,103232.0,0.006800216986980781,0.060678859268443894
27019,2024,1881.3403719133175,12,7.539739765569736,0.029802467981799197,,,,,,,,
27019,2025,1948.5859117385783,12,7.574859215024931,0.03511944945519563,,,,,,,,
27019,2026,1971.2184322111536,4,7.586407124051952,0.011547909027020964,,,,,,,,
27027,2022,1160.4837235354903,2,7.056592200226639,,3450.0,3715.0,48858.0,-265.0,52573.0,52573.0,-0.005040610199151656,0.06562303844178571
27027,2023,1187.3221985139885,12,7.079455797131337,0.02286359690469819,3450.0,3353.0,50698.0,97.0,54051.0,54051.0,0.0017946013949788162,0.06382860631625686
27027,2024,1258.622605800481,12,7.137773231999771,0.05831743486843344,,,,,,,,
27027,2025,1316.2597886975175,12,7.182549500227763,0.04477626822799241,,,,,,,,
27027,2026,1331.1541473295918,4,7.193801624859526,0.011252124631762506,,,,,,,,
27035,2025,1193.0421584572775,3,7.084261759660693,,,,,,,,,
27035,2026,1141.7666638098158,4,7.040332046931071,-0.04392971272962232,,,,,,,,
27037,2015,1104.505276689035,12,7.007152800294695,,,,,,,,,
27037,2016,1145.0800682625986,12,7.043229842157071,0.03607704186237637,,,,,,,,
27037,2017,1195.7732195990768,12,7.086548300811408,0.04331845865433692,,,,,,,,
27037,2018,1253.26147747363,12,7.133504614269345,0.046956313457936716,,,,,,,,
27037,2019,1307.5630835552129,12,7.175920442236173,0.042415827966827635,,,,,,,,
27037,2020,1359.4829026992677,12,7.214859687825197,0.03893924558902473,25988.0,26070.0,372336.0,-82.0,398406.0,398406.0,-0.00020582019347098186,0.06522994131614483
27037,2021,1419.2929926498402,12,7.257914134105565,0.04305444628036792,25011.0,25447.0,355319.0,-436.0,380766.0,380766.0,-0.0011450602207129837,0.06568601188131293
27037,2022,1495.816799075609,12,7.310427690524565,0.05251355641900002,24298.0,24431.0,363113.0,-133.0,387544.0,387544.0,-0.0003431868381396693,0.06269739694073447
27037,2023,1534.165843326228,12,7.335742087769492,0.025314397244926568,23662.0,22158.0,376704.0,1504.0,398862.0,398862.0,0.0037707277203644367,0.0593237761431272
27037,2024,1589.7567344179909,12,7.371336286287619,0.03559419851812695,,,,,,,,
27037,2025,1641.013858222729,12,7.403069536040861,0.0317332497532421,,,,,,,,
27037,2026,1656.8370548827713,4,7.412665675163705,0.009596139122844072,,,,,,,,
27041,2026,1239.5360423703555,4,7.122492429205251,,,,,,,,,
27047,2026,954.7101671757466,2,6.861407804550032,,,,,,,,,
27049,2025,1378.8177814604178,1,7.228981730889998,,,,,,,,,
27049,2026,1416.5479915938686,4,7.255978199101775,0.02699646821177648,,,,,,,,
27053,2015,1189.5996438421073,12,7.081372095752918,,,,,,,,,
27053,2016,1239.8751086799268,12,7.122765934720093,0.04139383896717508,,,,,,,,
27053,2017,1306.6772262282605,12,7.175242725380883,0.052476790660790584,,,,,,,,
27053,2018,1367.0940030747854,12,7.22044260032514,0.04519987494425681,,,,,,,,
27053,2019,1428.3884575146938,12,7.264302134978244,0.043859534653104326,,,,,,,,
27053,2020,1455.7643590568848,12,7.283286374351829,0.01898423937358462,58392.0,74903.0,1016419.0,-16511.0,1091322.0,1091322.0,-0.015129356871757373,0.053505748074353855
27053,2021,1482.127507871173,12,7.301233839854849,0.017947465503019622,55400.0,75856.0,956612.0,-20456.0,1032468.0,1032468.0,-0.019812720587950427,0.05365783733733152
27053,2022,1556.547302831989,12,7.35022537993192,0.04899154007707107,55629.0,70120.0,966610.0,-14491.0,1036730.0,1036730.0,-0.013977602654500208,0.053658136641169835
27053,2023,1591.6642003561963,12,7.372535414731089,0.022310034799168932,55449.0,62860.0,990737.0,-7411.0,1053597.0,1053597.0,-0.0070339987680299015,0.05262828197119012
27053,2024,1629.0673508710904,12,7.395762952665164,0.023227537934075393,,,,,,,,
27053,2025,1687.6048917004011,12,7.431065578859636,0.035302626194472,,,,,,,,
27053,2026,1724.8324578561092,4,7.45288519886792,0.021819620008283636,,,,,,,,
27059,2026,1446.1854502931774,4,7.276684645043844,,,,,,,,,
27067,2026,1099.7663756536735,2,7.002853050460023,,,,,,,,,
27079,2026,1037.5,1,6.944569252104853,,,,,,,,,
27085,2026,1070.8333333333333,1,6.976192440535366,,,,,,,,,
27099,2023,763.1447403317512,12,6.637447712286999,,1454.0,1682.0,32938.0,-228.0,34620.0,34620.0,-0.00658578856152513,0.04199884459849798
27099,2024,828.8881950710158,11,6.720085278815546,0.08263756652854681,,,,,,,,
27099,2025,919.3409298628175,12,6.823657032736007,0.10357175392046081,,,,,,,,
27099,2026,982.7187682673824,4,6.890322983860454,0.06666595112444718,,,,,,,,
27103,2026,1363.383915201444,4,7.217725061295241,,,,,,,,,
27109,2015,1137.8691331803159,12,7.036912610868244,,,,,,,,,
27109,2016,1177.5386552221373,12,7.071181653565868,0.03426904269762421,,,,,,,,
27109,2017,1214.3481547396495,12,7.101962713651352,0.030781060085483425,,,,,,,,
27109,2018,1241.2573389436,12,7.123880127884582,0.021917414233230126,,,,,,,,
27109,2019,1293.3463816111253,12,7.164988232772899,0.041108104888317065,,,,,,,,
27109,2020,1307.4802275872464,12,7.175857073520525,0.010868840747626507,7543.0,8122.0,136752.0,-579.0,144874.0,144874.0,-0.00399657633529826,0.05206593315570772
27109,2021,1374.624012402852,12,7.225935527182429,0.050078453661903666,7113.0,8306.0,131183.0,-1193.0,139489.0,139489.0,-0.008552645728337001,0.05099326828638817
27109,2022,1486.2873547068377,12,7.30403658121772,0.0781010540352911,7459.0,8309.0,133494.0,-850.0,141803.0,141803.0,-0.005994231433749639,0.052601143840398296
27109,2023,1549.4842035713336,12,7.345677382642979,0.04164080142525872,7413.0,8119.0,137608.0,-706.0,145727.0,145727.0,-0.004844675317545822,0.05086909083423113
27109,2024,1597.6745117512835,12,7.376304420818262,0.03062703817528334,,,,,,,,
27109,2025,1657.92563464819,12,7.413322482245546,0.03701806142728348,,,,,,,,
27109,2026,1672.3918712756604,4,7.422010138956163,0.008687656710617553,,,,,,,,
27111,2026,988.1126138059763,2,6.895796672837457,,,,,,,,,
27119,2026,816.9911470187786,4,6.705628258838966,,,,,,,,,
27123,2015,1034.291037934308,12,6.941471483485257,,,,,,,,,
27123,2016,1082.6308774662318,12,6.987149355539585,0.04567787205432783,,,,,,,,
27123,2017,1137.1572094665742,12,7.0362867510936695,0.049137395554084584,,,,,,,,
27123,2018,1188.6989204052318,12,7.080614643771504,0.04432789267783477,,,,,,,,
27123,2019,1237.3278673199682,12,7.120709387652767,0.040094743881263106,,,,,,,,
27123,2020,1272.161709734755,12,7.148472866114315,0.02776347846154792,31811.0,41088.0,425301.0,-9277.0,466389.0,466389.0,-0.019891120931239802,0.06820701174341591
27123,2021,1302.542986739559,12,7.172073776337866,0.02360091022355082,29751.0,40053.0,394532.0,-10302.0,434585.0,434585.0,-0.02370537409252505,0.06845841434932176
27123,2022,1360.5655988245387,12,7.215655773763992,0.04358199742612623,29853.0,37002.0,399803.0,-7149.0,436805.0,436805.0,-0.016366570895479677,0.068343997893797
27123,2023,1389.2904025402029,12,7.236548394004706,0.02089262024071381,29868.0,34255.0,408855.0,-4387.0,443110.0,443110.0,-0.009900476179729637,0.06740538466746405
27123,2024,1429.1295675176846,12,7.264820843880947,0.028272449876240557,,,,,,,,
27123,2025,1470.832417577627,12,7.293583789963137,0.028762946082189877,,,,,,,,
27123,2026,1495.3660740921764,4,7.310126321463591,0.016542531500454594,,,,,,,,
27131,2024,1488.7323365022942,12,7.305680255949112,,,,,,,,,
27131,2025,1564.4673849870003,12,7.35530071596738,0.04962046001826792,,,,,,,,
27131,2026,1624.3704431911426,4,7.392875600122804,0.03757488415542376,,,,,,,,
27137,2015,971.569640282807,3,6.878912949503964,,,,,,,,,
27137,2016,977.0627781154521,12,6.884550905981987,0.005637956478023121,,,,,,,,
27137,2017,993.9836993038333,12,6.9017208074313965,0.01716990144940933,,,,,,,,
27137,2018,1018.9597411885758,12,6.926537524285806,0.024816716854409115,,,,,,,,
27137,2019,1041.5742430480184,12,6.948488542892045,0.021951018606239714,,,,,,,,
27137,2020,1085.4736096839729,12,6.989771677354432,0.04128313446238696,6591.0,7096.0,149378.0,-505.0,156474.0,156474.0,-0.0032273732377263954,0.04212201388090034
27137,2021,1147.2645571495111,12,7.045135741927944,0.05536406457351184,6717.0,6652.0,144191.0,65.0,150843.0,150843.0,0.00043091161008465757,0.04452974284520992
27137,2022,1229.3056391060084,12,7.114204767912435,0.06906902598449083,6605.0,6481.0,147072.0,124.0,153553.0,153553.0,0.0008075387651169303,0.04301446406126875
27137,2023,1315.681378835855,12,7.18210996922448,0.06790520131204492,6575.0,6574.0,150244.0,1.0,156818.0,156818.0,6.376818987616217e-06,0.04192758484357663
27137,2024,1359.8526809492291,12,7.2151316500313065,0.03302168080682666,,,,,,,,
27137,2025,1422.2696777200997,12,7.260009239161763,0.04487758913045692,,,,,,,,
27137,2026,1445.859727557206,4,7.276459390791356,0.01645015162959229,,,,,,,,
27139,2015,1088.8469457226613,12,6.992874567346268,,,,,,,,,
27139,2016,1137.1437072770807,12,7.036274877388309,0.043400310042041035,,,,,,,,
27139,2017,1187.8001998197733,12,7.079858303808529,0.04358342642021995,,,,,,,,
27139,2018,1237.2528228173153,12,7.120648735354804,0.0407904315462746,,,,,,,,
27139,2019,1303.6419793388393,12,7.172917149067527,0.052268413712723394,,,,,,,,
27139,2020,1351.3317657389402,12,7.208845878307844,0.0359287292403172,10745.0,9228.0,129004.0,1517.0,138232.0,138232.0,0.010974304068522484,0.07773163956247468
27139,2021,1437.174985244362,12,7.270434649886362,0.06158877157851794,9856.0,9044.0,124518.0,812.0,133562.0,133562.0,0.0060795735313936596,0.07379344424312305
27139,2022,1533.0174815397195,12,7.334993282289978,0.06455863240361559,8940.0,8833.0,127842.0,107.0,136675.0,136675.0,0.0007828790927382476,0.06541064569233583
27139,2023,1615.7794246813328,12,7.387572735136913,0.05257945284693477,8255.0,8210.0,133185.0,45.0,141395.0,141395.0,0.0003182573641217865,0.058382545351674385
27139,2024,1653.9274155458663,12,7.410907990428355,0.023335255291442536,,,,,,,,
27139,2025,1721.0178671871317,12,7.450671178021176,0.03976318759282105,,,,,,,,
27139,2026,1766.1874063256348,4,7.476578494630861,0.025907316609684372,,,,,,,,
27141,2023,1511.8068575243808,12,7.321060808847512,,6019.0,5901.0,84066.0,118.0,89967.0,89967.0,0.0013115920281881134,0.06690230862427335
27141,2024,1553.5508650872773,12,7.348298470548311,0.027237661700799443,,,,,,,,
27141,2025,1619.1230709185836,12,7.3896399674151905,0.04134149686687927,,,,,,,,
27141,2026,1678.0012735540154,4,7.4253586459982674,0.03571867858307698,,,,,,,,
27145,2016,788.3364185102032,1,6.669924925793864,,,,,,,,,
27145,2017,801.0415371931689,12,6.685912802394472,0.015987876600608075,,,,,,,,
27145,2018,846.5321697572945,12,6.741148204108373,0.055235401713900956,,,,,,,,
27145,2019,893.699143524606,12,6.795369190039126,0.054220985930752974,,,,,,,,
27145,2020,930.5395189080558,11,6.835764545796312,0.04039535575718656,8335.0,8326.0,128263.0,9.0,136589.0,136589.0,6.589110396884083e-05,0.06102248350892092
27145,2021,989.6394461363337,12,6.897340680971346,0.061576135175033464,8022.0,8044.0,123221.0,-22.0,131265.0,131265.0,-0.00016759989334552241,0.061113015655353674
27145,2022,1104.8649288590984,12,7.007478370153777,0.11013768918243105,7397.0,7681.0,126797.0,-284.0,134478.0,134478.0,-0.0021118695994883922,0.05500527967399872
27145,2023,1143.7528243514487,12,7.042070085964998,0.03459171581122078,7258.0,7755.0,130519.0,-497.0,138274.0,138274.0,-0.003594312741368587,0.05248998365564025
27145,2024,1172.6895230324674,12,7.067055127371058,0.02498504140605995,,,,,,,,
27145,2025,1220.6962663940535,12,7.107176685093255,0.04012155772219739,,,,,,,,
27145,2026,1253.9924007143347,4,7.134087661138088,0.02691097604483339,,,,,,,,
27147,2025,1112.080480487969,1,7.013987846731157,,,,,,,,,
27147,2026,1110.8208372902147,4,7.012854514070361,-0.0011333326607960714,,,,,,,,
27163,2015,1248.590019876285,12,7.1297702095445095,,,,,,,,,
27163,2016,1288.9671571962606,12,7.161596523325415,0.031826313780905835,,,,,,,,
27163,2017,1348.3132012008375,12,7.206609609588788,0.045013086263372415,,,,,,,,
27163,2018,1418.0326647941827,12,7.257025742647755,0.05041613305896764,,,,,,,,
27163,2019,1472.6951298767526,12,7.294849422791599,0.03782368014384385,,,,,,,,
27163,2020,1535.0935370464338,12,7.336346594351365,0.041497171559766066,19125.0,15883.0,228252.0,3242.0,244135.0,244135.0,0.01327953796055461,0.07833780490302497
27163,2021,1644.8917677317356,12,7.405429866342953,0.06908327199158748,18634.0,15490.0,220356.0,3144.0,235846.0,235846.0,0.01333073276629665,0.0790091839590241
27163,2022,1749.0994649345714,12,7.466856343003973,0.06142647666101997,17784.0,15289.0,227976.0,2495.0,243265.0,243265.0,0.010256304852732616,0.07310546112264403
27163,2023,1808.2366558891415,12,7.500107426130278,0.03325108312630487,16175.0,14176.0,238062.0,1999.0,252238.0,252238.0,0.007925054908459472,0.0641259445444382
27163,2024,1866.9999211237675,12,7.532088101294141,0.03198067516386338,,,,,,,,
27163,2025,1938.3492981428546,12,7.569592012609905,0.03750391131576425,,,,,,,,
27163,2026,1987.3722176806564,4,7.594568551470739,0.02497653886083384,,,,,,,,
27169,2022,883.8782649675459,6,6.784319343842115,,1682.0,1832.0,35866.0,-150.0,37698.0,37698.0,-0.003978990927900684,0.04461775160485967
27169,2023,921.0372630458186,12,6.825500494769987,0.04118115092787189,1613.0,1714.0,36744.0,-101.0,38458.0,38458.0,-0.002626241614228509,0.041941858650995895
27169,2024,978.973621321023,12,6.886504697653734,0.06100420288374764,,,,,,,,
27169,2025,1057.4540794758602,12,6.963619486314109,0.07711478866037513,,,,,,,,
27169,2026,1186.7954112113482,4,7.0790120218869035,0.11539253557279405,,,,,,,,
27171,2019,1196.0648826903725,12,7.086792182780227,,,,,,,,,
27171,2020,1252.0550320897921,12,7.13254150603732,0.04574932325709291,9643.0,7533.0,124302.0,2110.0,131835.0,131835.0,0.016004854553039783,0.07314446087912921
27171,2021,1347.4056766242354,12,7.205936301538491,0.07339479550117112,9749.0,7219.0,118519.0,2530.0,125738.0,125738.0,0.02012120440916827,0.07753423785967647
27171,2022,1460.212899041303,12,7.286337525332662,0.08040122379417092,9097.0,7183.0,123267.0,1914.0,130450.0,130450.0,0.014672288233039479,0.06973553085473362
27171,2023,1524.2480235346711,12,7.329256468106535,0.04291894277387254,8594.0,6681.0,129920.0,1913.0,136601.0,136601.0,0.014004289866106398,0.06291315583341264
27171,2024,1581.2996823811184,12,7.366002371669906,0.036745903563371485,,,,,,,,
27171,2025,1636.5285136112336,12,7.400332517322129,0.03433014565222248,,,,,,,,
27171,2026,1675.5280218279581,4,7.423883631494665,0.023551114172535748,,,,,,,,
28033,2015,1093.171582178453,12,6.996838458635952,,,,,,,,,
28033,2016,1111.8524593889645,12,7.013782785602096,0.016944326966144452,,,,,,,,
28033,2017,1117.9627356065362,12,7.019263321859487,0.005480536257390867,,,,,,,,
28033,2018,1149.165086231001,12,7.046790945709932,0.02752762385044516,,,,,,,,
28033,2019,1177.3673088393232,12,7.071036130656902,0.024245184946969367,,,,,,,,
28033,2020,1245.3770347680522,12,7.127193602223408,0.05615747156650652,13283.0,10640.0,144695.0,2643.0,155335.0,155335.0,0.017014838896578365,0.08551195802620143
28033,2021,1414.410059337771,12,7.2544678039464445,0.12727420172303638,12604.0,10321.0,140939.0,2283.0,151260.0,151260.0,0.015093216977389924,0.08332672220018511
28033,2022,1554.8454382306297,12,7.34913142303691,0.09466361909046572,12492.0,10365.0,144834.0,2127.0,155199.0,155199.0,0.013704985212533586,0.08049020934413237
28033,2023,1611.4281194776875,12,7.384876095530723,0.03574467249381286,11998.0,10682.0,149340.0,1316.0,160022.0,160022.0,0.008223869217982528,0.07497719063628751
28033,2024,1653.7139382145033,12,7.410778909123082,0.02590281359235913,,,,,,,,
28033,2025,1711.11478007183,12,7.444900355261025,0.034121446137942435,,,,,,,,
28033,2026,1702.5824476992816,4,7.439901464280925,-0.004998890980099979,,,,,,,,
28035,2022,1000.75661639837,12,6.908511609290618,,4727.0,4740.0,48207.0,-13.0,52947.0,52947.0,-0.00024552854741533985,0.0892779572024855
28035,2023,1039.2211845815095,12,6.946226850619653,0.037715241329035365,4669.0,4729.0,48928.0,-60.0,53657.0,53657.0,-0.0011182138397599567,0.08701567363065398
28035,2024,1102.5764281667077,12,7.005404927518489,0.05917807689883592,,,,,,,,
28035,2025,1142.3963585782465,12,7.040883404061198,0.03547847654270875,,,,,,,,
28035,2026,1162.611833111893,4,7.058424333360897,0.01754092929969886,,,,,,,,
28045,2023,1419.4132861770734,3,7.257998886464908,,2579.0,2191.0,30821.0,388.0,33012.0,33012.0,0.011753301829637708,0.07812310674906095
28045,2024,1457.7613807446126,12,7.2846572371337786,0.026658350668870234,,,,,,,,
28045,2025,1546.9575770486197,12,7.344045427474768,0.05938819034098941,,,,,,,,
28045,2026,1645.9426131370667,4,7.406068516192461,0.06202308871769269,,,,,,,,
28047,2015,777.8096358512925,12,6.656481810242611,,,,,,,,,
28047,2016,806.7111796783964,12,6.692965710379684,0.03648390013707292,,,,,,,,
28047,2017,818.9928508802032,12,6.70807535473097,0.015109644351285922,,,,,,,,
28047,2018,856.3007590935252,12,6.752621668512572,0.04454631378160201,,,,,,,,
28047,2019,895.6550552438462,12,6.797555355863176,0.04493368735060432,,,,,,,,
28047,2020,954.6302471041986,12,6.861324089701704,0.06376873383852733,13277.0,12801.0,142469.0,476.0,155270.0,155270.0,0.0030656276164101244,0.08550911315772525
28047,2021,1056.546700545006,12,6.962761039150652,0.10143694944894843,13093.0,12426.0,138869.0,667.0,151295.0,151295.0,0.00440860570408804,0.08653954195445983
28047,2022,1196.2649374699179,12,7.086959429602405,0.1241983904517534,11971.0,11619.0,141354.0,352.0,152973.0,152973.0,0.002301059664123734,0.07825563988416256
28047,2023,1284.0719269355675,12,7.157791500543556,0.07083207094115096,11803.0,11668.0,144518.0,135.0,156186.0,156186.0,0.0008643540394145442,0.07557015353488789
28047,2024,1335.4666423789715,12,7.197036054610942,0.039244554067385806,,,,,,,,
28047,2025,1395.7419544729248,12,7.241181419870023,0.04414536525908108,,,,,,,,
28047,2026,1434.4584953202839,4,7.268542701799838,0.027361281929814574,,,,,,,,
28049,2016,851.7759138869402,8,6.747323480365839,,,,,,,,,
28049,2017,865.7856433075959,12,6.763637352874088,0.016313872508249005,,,,,,,,
28049,2018,886.9302140273426,12,6.7877663028078254,0.024128949933737154,,,,,,,,
28049,2019,902.5354855380347,12,6.8052080085897755,0.017441705781950034,,,,,,,,
28049,2020,938.1694084763058,12,6.8439305387504135,0.03872253016063798,8376.0,11951.0,161018.0,-3575.0,172969.0,172969.0,-0.020668443478311142,0.048424862258555
28049,2021,989.5443436803395,12,6.8972445782682446,0.05331403951783109,7778.0,11591.0,151817.0,-3813.0,163408.0,163408.0,-0.02333423088220895,0.04759864878096544
28049,2022,1056.0827538905812,12,6.962321826622484,0.065077248354239,7208.0,10401.0,150669.0,-3193.0,161070.0,161070.0,-0.019823679145713043,0.04475072949649221
28049,2023,1110.218400951165,12,7.012312032565801,0.04999020594331771,7474.0,10100.0,149467.0,-2626.0,159567.0,159567.0,-0.016457036855991525,0.04683925874397588
28049,2024,1177.7173394367373,12,7.071333385874668,0.05902135330886704,,,,,,,,
28049,2025,1252.4615319685036,12,7.132866119488167,0.061532733613498536,,,,,,,,
28049,2026,1282.5295369336304,4,7.1565896075271915,0.023723488039024687,,,,,,,,
28059,2015,743.2616454337367,12,6.611048130014777,,,,,,,,,
28059,2016,758.0478613924706,12,6.630746525327741,0.01969839531296369,,,,,,,,
28059,2017,782.6918733746746,12,6.66273909794697,0.031992572619229165,,,,,,,,
28059,2018,810.4308352333277,12,6.69756600161008,0.034826903663110365,,,,,,,,
28059,2019,840.9488960081395,12,6.73453089238126,0.036964890771179704,,,,,,,,
28059,2020,888.933069375386,12,6.790021945137907,0.05549105275664701,7991.0,7223.0,104739.0,768.0,111962.0,111962.0,0.0068594701773816115,0.07137242993158394
28059,2021,989.5010822213139,12,6.897200858747241,0.10717891360933418,7811.0,7198.0,101288.0,613.0,108486.0,108486.0,0.005650498681857567,0.07200007374223402
28059,2022,1111.4911423169513,12,7.013457764246947,0.11625690549970624,7421.0,6603.0,103130.0,818.0,109733.0,109733.0,0.00745445763808517,0.067627787447714
28059,2023,1180.0029073612384,12,7.073272181322132,0.05981441707518442,7463.0,6780.0,105229.0,683.0,112009.0,112009.0,0.00609772429001241,0.06662857448954995
28059,2024,1228.8988175881539,12,7.113873777119166,0.040601595797034484,,,,,,,,
28059,2025,1288.2339366736533,12,7.161027518024173,0.04715374090500646,,,,,,,,
28059,2026,1344.6736144584947,4,7.203906596757707,0.04287907873353447,,,,,,,,
28071,2021,1379.740959286698,3,7.229651049869586,,3137.0,2691.0,32943.0,446.0,35634.0,35634.0,0.012516136274344726,0.08803390020766684
28071,2022,1423.5745316287996,12,7.2609262633585585,0.03127521348897222,3139.0,2881.0,33973.0,258.0,36854.0,36854.0,0.00700059695012753,0.08517392955988495
28071,2023,1663.1819142137617,12,7.41648786239483,0.15556159903627176,3128.0,2929.0,35181.0,199.0,38110.0,38110.0,0.005221726580949882,0.08207819469955392
28071,2024,1941.417913704747,12,7.571173868445171,0.15468600605034055,,,,,,,,
28071,2025,2083.0998606368307,12,7.641612380888053,0.07043851244288213,,,,,,,,
28071,2026,2159.9023868671193,4,7.677818308391832,0.03620592750377938,,,,,,,,
28073,2022,1294.7727925140819,6,7.166090508944446,,4283.0,4443.0,44120.0,-160.0,48563.0,48563.0,-0.0032946893725675926,0.08819471614191875
28073,2023,1314.059207707337,12,7.180876257167427,0.014785748222981177,4228.0,4282.0,45356.0,-54.0,49638.0,49638.0,-0.0010878762238607518,0.08517667915709738
28073,2024,1364.62037620639,12,7.218631556269249,0.037755299101821294,,,,,,,,
28073,2025,1418.8935416709364,12,7.257632650857928,0.03900109458867895,,,,,,,,
28073,2026,1458.8616279083612,4,7.285411703660769,0.027779052802840987,,,,,,,,
28075,2024,1196.2130816797978,9,7.086916080581254,,,,,,,,,
28075,2025,1272.4870566997417,12,7.148728576820681,0.061812496239427084,,,,,,,,
28075,2026,1308.647595024948,4,7.1767495127240615,0.028020935903380284,,,,,,,,
28081,2023,1077.806573945165,11,6.9826833048917845,,3935.0,3910.0,63917.0,25.0,67827.0,67827.0,0.0003685847818715261,0.0580152446665782
28081,2024,1139.0896726328704,12,7.037984689613228,0.05530138472144319,,,,,,,,
28081,2025,1222.383795737928,12,7.10855816221995,0.0705734726067222,,,,,,,,
28081,2026,1272.942494329856,4,7.149086424190521,0.04052826197057158,,,,,,,,
28087,2023,1257.8176620980444,5,7.13713348406682,,2609.0,2799.0,41074.0,-190.0,43873.0,43873.0,-0.004330681740478198,0.059467098215303264
28087,2024,1307.6010558752887,11,7.175949482340773,0.03881599827395288,,,,,,,,
28087,2025,1361.4589788464252,12,7.216312182277929,0.04036269993715624,,,,,,,,
28087,2026,1364.709474874758,4,7.218696846046051,0.002384663768122408,,,,,,,,
28089,2019,1141.7949240468915,3,7.040356797949154,,,,,,,,,
28089,2020,1161.7755747567487,12,7.057704781716112,0.017347983766957675,7135.0,6439.0,86268.0,696.0,92707.0,92707.0,0.007507523703711693,0.07696290463503296
28089,2021,1258.4751278736587,12,7.137656051069513,0.07995126935340124,6895.0,6063.0,82856.0,832.0,88919.0,88919.0,0.009356830373710906,0.07754248248405853
28089,2022,1366.002203916908,12,7.219643653538591,0.08198760246907799,6515.0,5669.0,84829.0,846.0,90498.0,90498.0,0.009348272890008618,0.07199054122743044
28089,2023,1406.0314494092327,12,7.248526440121327,0.02888278658273613,6193.0,5716.0,87422.0,477.0,93138.0,93138.0,0.005121432712748824,0.06649273121604501
28089,2024,1421.1623457537999,12,7.259230369110967,0.010703928989640232,,,,,,,,
28089,2025,1462.9029667896582,12,7.288178074001437,0.02894770489047005,,,,,,,,
28089,2026,1526.328465684997,4,7.330620434871647,0.04244236087020958,,,,,,,,
28105,2023,1398.6085061693084,3,7.243233097168409,,2533.0,2841.0,28711.0,-308.0,31552.0,31552.0,-0.009761663286004058,0.08028017241379311
28105,2024,1479.456793890555,12,7.299430268230711,0.056197171062301265,,,,,,,,
28105,2025,1551.3523582988946,12,7.346882318740907,0.04745205051019674,,,,,,,,
28105,2026,1602.5599322700486,4,7.379357587327971,0.03247526858706351,,,,,,,,
28121,2016,1062.3666138072226,1,6.96825435297163,,,,,,,,,
28121,2017,1069.4744202586378,12,6.9749226107597035,0.006668257788073895,,,,,,,,
28121,2018,1095.9547595113042,12,6.999381188837855,0.02445857807815166,,,,,,,,
28121,2019,1136.894887835432,12,7.036056042542518,0.03667485370466306,,,,,,,,
28121,2020,1173.8840220492223,12,7.068073206793654,0.03201716425113599,8058.0,7579.0,115229.0,479.0,122808.0,122808.0,0.0039003973682496256,0.06561461794019934
28121,2021,1258.4199119744035,12,7.137612174866183,0.06953896807252846,8112.0,7634.0,111751.0,478.0,119385.0,119385.0,0.00400385308037023,0.06794823470285212
28121,2022,1381.1827291893042,12,7.230695461230668,0.09308328636448504,7693.0,6840.0,113513.0,853.0,120353.0,120353.0,0.007087484316967587,0.06392030111422232
28121,2023,1445.4674604389163,12,7.276188050264884,0.04549258903421638,6942.0,6750.0,116821.0,192.0,123571.0,123571.0,0.0015537626142055985,0.05617822951987117
28121,2024,1521.4013530117854,12,7.327387131883027,0.051199081618142905,,,,,,,,
28121,2025,1583.5277833705693,12,7.3674104113698125,0.04002327948678541,,,,,,,,
28121,2026,1628.706462046603,4,7.3955413971817645,0.02813098581195206,,,,,,,,
29001,2023,734.9021710572421,5,6.599737389751773,,1154.0,1206.0,16178.0,-52.0,17384.0,17384.0,-0.002991256327657616,0.06638288080994018
29001,2024,740.3795451937918,10,6.6071629536210565,0.00742556386928328,,,,,,,,
29001,2025,777.8364914296011,12,6.656516336832997,0.04935338321194038,,,,,,,,
29001,2026,780.2000844722696,4,6.6595504053425705,0.003034068509573551,,,,,,,,
29019,2015,807.7304806545047,12,6.694228439329996,,,,,,,,,
29019,2016,816.9148932169406,12,6.7055349195648395,0.011306480234843264,,,,,,,,
29019,2017,830.03118205612,12,6.72146326882727,0.015928349262430253,,,,,,,,
29019,2018,849.4780454718599,12,6.7446220967190005,0.023158827891730738,,,,,,,,
29019,2019,871.6174097915565,12,6.77035057739089,0.02572848067188982,,,,,,,,
29019,2020,903.2225191943327,12,6.805968945202155,0.035618367811264484,8784.0,9063.0,124389.0,-279.0,133452.0,133452.0,-0.0020906393309954143,0.06582141893714594
29019,2021,969.541070277353,12,6.876822836113817,0.07085389091166228,8525.0,9100.0,121537.0,-575.0,130637.0,130637.0,-0.004401509526397575,0.06525716297832926
29019,2022,1095.1825251703733,12,6.998676318012733,0.1218534818989161,8774.0,9064.0,125341.0,-290.0,134405.0,134405.0,-0.002157657825229716,0.06528030951229492
29019,2023,1189.9556858462886,12,7.081671346627563,0.08299502861482999,8705.0,8865.0,129724.0,-160.0,138589.0,138589.0,-0.00115449278081233,0.06281162285607082
29019,2024,1284.5514656416078,12,7.158164882420399,0.07649353579283602,,,,,,,,
29019,2025,1366.8967688065613,12,7.220298317271522,0.06213343485112244,,,,,,,,
29019,2026,1432.4307530794983,4,7.267128107510884,0.04682979023936262,,,,,,,,
29021,2022,722.8844330592256,8,6.58324936575755,,3211.0,3741.0,60974.0,-530.0,64715.0,64715.0,-0.008189755079966004,0.04961755389013366
29021,2023,771.8020742164734,12,6.6487281366050555,0.06547877084750553,3268.0,3362.0,61697.0,-94.0,65059.0,65059.0,-0.001444842373845279,0.05023132848645076
29021,2024,832.6835985014695,12,6.724653736280009,0.07592559967495394,,,,,,,,
29021,2025,883.2630609368251,12,6.7836230734911735,0.05896933721116415,,,,,,,,
29021,2026,917.3868108221254,4,6.821529205367035,0.03790613187586178,,,,,,,,
29027,2025,1064.9372071322975,3,6.970671115966133,,,,,,,,,
29027,2026,1118.825106284199,4,7.020034401444453,0.049363285478319696,,,,,,,,
29029,2024,1275.4469546902399,8,7.151051948861513,,,,,,,,,
29029,2025,1312.0395720979695,12,7.179338130709218,0.02828618184770537,,,,,,,,
29029,2026,1366.921621456102,4,7.220316498910528,0.04097836820131029,,,,,,,,
29031,2022,841.1461707000228,7,6.73476545069689,,3451.0,3274.0,59195.0,177.0,62469.0,62469.0,0.002833405369063055,0.055243400726760476
29031,2023,884.5459993100579,12,6.785074518251032,0.05030906755414222,3292.0,3275.0,60844.0,17.0,64119.0,64119.0,0.0002651320201500335,0.05134203590199473
29031,2024,933.4950409205209,12,6.838935650616859,0.053861132365827125,,,,,,,,
29031,2025,980.2490908217541,12,6.8878067136757135,0.04887106305885425,,,,,,,,
29031,2026,997.5188699800785,4,6.905271065858351,0.0174643521826372,,,,,,,,
29037,2016,1090.796416844874,7,6.994663366078684,,,,,,,,,
29037,2017,1113.9823214385178,12,7.015696550916531,0.02103318483784733,,,,,,,,
29037,2018,1141.4883043409036,12,7.040088220048682,0.024391669132151073,,,,,,,,
29037,2019,1188.7833108840707,12,7.080685635241189,0.040597415192507036,,,,,,,,
29037,2020,1239.2373068982931,12,7.122251394280783,0.04156575903959325,7766.0,6137.0,85362.0,1629.0,91499.0,91499.0,0.017803473262002864,0.08487524453819167
29037,2021,1338.6576200315594,12,7.1994226147360685,0.0771712204552859,7240.0,6082.0,82695.0,1158.0,88777.0,88777.0,0.013043919033082893,0.08155265440373069
29037,2022,1455.504568132246,12,7.283107901712011,0.08368528697594257,7056.0,6061.0,85042.0,995.0,91103.0,91103.0,0.010921704005356574,0.0774507974490412
29037,2023,1533.8095331151378,12,7.335509810668816,0.05240190895680463,7121.0,5671.0,88072.0,1450.0,93743.0,93743.0,0.015467821597345935,0.07596300523772442
29037,2024,1621.3733727529554,12,7.391028830038689,0.055519019369873135,,,,,,,,
29037,2025,1698.5655648899922,12,7.4375393884982355,0.04651055845954666,,,,,,,,
29037,2026,1727.842918334796,4,7.454629041490568,0.01708965299233256,,,,,,,,
29043,2021,1112.7046586194012,10,7.0145489599252695,,7644.0,5713.0,68701.0,1931.0,74414.0,74414.0,0.02594941812024619,0.10272260596124386
29043,2022,1241.9590412874102,12,7.124445283920177,0.10989632399490734,7227.0,6112.0,71372.0,1115.0,77484.0,77484.0,0.014390067626864901,0.09327086882453152
29043,2023,1300.976257531093,12,7.170870228946362,0.04642494502618533,6519.0,5752.0,75069.0,767.0,80821.0,80821.0,0.009490107769020428,0.08065972952574207
29043,2024,1367.032099897441,12,7.220397318450769,0.049527089504406874,,,,,,,,
29043,2025,1438.1687442370549,12,7.271125877875608,0.050728559424839226,,,,,,,,
29043,2026,1474.018543199865,4,7.29574765286002,0.024621774984411537,,,,,,,,
29047,2015,895.7477824338334,12,6.797658880529008,,,,,,,,,
29047,2016,922.5013130413627,12,6.8270887992647395,0.02942991873573142,,,,,,,,
29047,2017,959.9366086422318,12,6.866867249617288,0.039778450352548234,,,,,,,,
29047,2018,990.7634607801419,12,6.8984758184330985,0.031608568815810756,,,,,,,,
29047,2019,1025.8044341569919,12,6.933232397578885,0.034756579145786226,,,,,,,,
29047,2020,1075.450332912751,12,6.980494767179092,0.047262369600207244,17251.0,16254.0,199226.0,997.0,215480.0,215480.0,0.004626879524781882,0.08005847410432523
29047,2021,1165.4048764906731,12,7.060823839092422,0.08032907191333027,15748.0,15669.0,192853.0,79.0,208522.0,208522.0,0.0003788569071848534,0.07552200727021609
29047,2022,1273.0235973664073,12,7.149150135201318,0.08832629610889597,15868.0,14955.0,197113.0,913.0,212068.0,212068.0,0.004305222853047136,0.07482505611407661
29047,2023,1346.1897050031982,12,7.205033440097659,0.055883304896340746,14785.0,13837.0,203255.0,948.0,217092.0,217092.0,0.004366812227074236,0.06810476664271368
29047,2024,1422.1755169545393,12,7.259943032390916,0.054909592293257425,,,,,,,,
29047,2025,1488.225767147131,12,7.305339929117215,0.04539689672629876,,,,,,,,
29047,2026,1525.4214250266762,4,7.330025995145252,0.024686066028037246,,,,,,,,
29051,2023,788.5473568752894,10,6.6701924640482835,,3439.0,3345.0,61392.0,94.0,64737.0,64737.0,0.0014520289787911087,0.05312263466024066
29051,2024,862.6525235101199,12,6.760011972123681,0.08981950807539718,,,,,,,,
29051,2025,927.3629163543127,12,6.832344984479322,0.07233301235564138,,,,,,,,
29051,2026,977.9412610154453,4,6.885449607919719,0.05310462344039735,,,,,,,,
29053,2026,922.5,1,6.827087375914682,,,,,,,,,
29071,2024,1027.7662396530827,3,6.9351430268237495,,,,,,,,,
29071,2025,1064.3269687983639,12,6.970097924196375,0.034954897372625915,,,,,,,,
29071,2026,1101.8495614160545,4,7.004745466252445,0.0346475420560699,,,,,,,,
29077,2015,691.8257970564505,12,6.53933418556852,,,,,,,,,
29077,2016,710.6460077545971,12,6.566174426431392,0.026840240862871845,,,,,,,,
29077,2017,733.499748655582,12,6.597827254918468,0.03165282848707651,,,,,,,,
29077,2018,759.1306505496015,12,6.632173897693546,0.03434664277507782,,,,,,,,
29077,2019,804.2697189119468,12,6.689934684204573,0.05776078651102701,,,,,,,,
29077,2020,855.1831873106831,12,6.751315700152157,0.061381015947583606,15228.0,16404.0,210248.0,-1176.0,226652.0,226652.0,-0.005188571025183983,0.06718670031590279
29077,2021,968.9987318282051,12,6.876263303147088,0.12494760299493102,15720.0,14811.0,204575.0,909.0,219386.0,219386.0,0.004143381984265176,0.07165452672458589
29077,2022,1074.4926951462269,12,6.979603917684609,0.10334061453752152,15361.0,14780.0,210724.0,581.0,225504.0,225504.0,0.002576450972044842,0.06811852561373634
29077,2023,1120.6033730206054,12,7.021622545139688,0.04201862745507867,15031.0,14282.0,217659.0,749.0,231941.0,231941.0,0.0032292695125053354,0.06480527375496355
29077,2024,1158.4284349299803,12,7.054819568058415,0.03319702291872684,,,,,,,,
29077,2025,1206.826739957388,12,7.095749664776739,0.04093009671832437,,,,,,,,
29077,2026,1232.0451059474044,4,7.116430755393559,0.020681090616819553,,,,,,,,
29083,2026,850.0,1,6.745236349484363,,,,,,,,,
29095,2015,815.3267458591857,12,6.703588948060497,,,,,,,,,
29095,2016,848.5692092028138,12,6.743551647880397,0.03996269981990075,,,,,,,,
29095,2017,886.745885457812,12,6.787558453617945,0.04400680573754734,,,,,,,,
29095,2018,924.433487312408,12,6.829181103741925,0.0416226501239807,,,,,,,,
29095,2019,964.3501845032009,12,6.871454490579685,0.04227338683775983,,,,,,,,
29095,2020,1015.6935273314489,12,6.923326936306709,0.05187244572702365,32542.0,35596.0,518045.0,-3054.0,553641.0,553641.0,-0.005516209962773711,0.058778161299470236
29095,2021,1096.4354084003605,12,6.999819659055238,0.07649272274852947,32095.0,35166.0,497969.0,-3071.0,533135.0,533135.0,-0.005760267099327562,0.06020051206542433
29095,2022,1195.71912000095,12,7.086503057431582,0.08668339837634331,31498.0,34206.0,506693.0,-2708.0,540899.0,540899.0,-0.005006479952819288,0.058232682996271025
29095,2023,1268.9489899614912,12,7.145944269870603,0.05944121243902156,31932.0,31830.0,512601.0,102.0,544431.0,544431.0,0.00018735156521212053,0.05865206059170033
29095,2024,1329.6545057602639,12,7.192674417364636,0.04673014749403315,,,,,,,,
29095,2025,1389.5936562585857,12,7.236766649760017,0.04409223239538029,,,,,,,,
29095,2026,1421.3779353761338,4,7.259382057109325,0.022615407349308114,,,,,,,,
29097,2022,1021.0789045436496,7,6.928615096808026,,6354.0,5884.0,88241.0,470.0,94125.0,94125.0,0.0049933598937583,0.06750597609561752
29097,2023,1069.8214933207153,12,6.975247084866273,0.04663198805824642,6279.0,5509.0,91209.0,770.0,96718.0,96718.0,0.007961289522115842,0.0649206972848901
29097,2024,1117.1260262737676,12,7.018514618375201,0.04326753350892876,,,,,,,,
29097,2025,1176.9871058608894,12,7.070713152111815,0.05219853373661376,,,,,,,,
29097,2026,1203.2163485726337,4,7.092753540680254,0.022040388568439262,,,,,,,,
29099,2016,834.3633710280811,9,6.726669004146867,,,,,,,,,
29099,2017,843.3010771004406,12,6.737324043824462,0.01065503967759529,,,,,,,,
29099,2018,874.7733526483325,12,6.773964827259941,0.0366407834354785,,,,,,,,
29099,2019,911.6875952172649,12,6.815297382287109,0.04133255502716793,,,,,,,,
29099,2020,950.4897176827377,12,6.856977344071694,0.04167996178458555,10928.0,9474.0,182347.0,1454.0,191821.0,191821.0,0.007579983422044511,0.05696977911698928
29099,2021,1018.4725190352316,12,6.926059253501403,0.06908190942970904,10460.0,9121.0,175307.0,1339.0,184428.0,184428.0,0.00726028585681133,0.05671589997180471
29099,2022,1122.8813820692928,12,7.023653323219553,0.09759406971814943,10447.0,8746.0,181026.0,1701.0,189772.0,189772.0,0.008963387644120312,0.055050270851337395
29099,2023,1197.9280988004305,12,7.0883487591784595,0.0646954359589067,9510.0,8272.0,186812.0,1238.0,195084.0,195084.0,0.006345984293945173,0.04874823153103278
29099,2024,1282.2490896474276,12,7.156370916304164,0.06802215712570447,,,,,,,,
29099,2025,1355.8287862591387,12,7.212168196707699,0.055797280403535154,,,,,,,,
29099,2026,1412.3818000227902,4,7.253032778119318,0.04086458141161842,,,,,,,,
29101,2018,689.374874137365,12,6.535785207432759,,,,,,,,,
29101,2019,717.3195687364769,12,6.575521443865071,0.03973623643231239,,,,,,,,
29101,2020,746.1167036567967,12,6.614882027186648,0.0393605833215771,4138.0,4550.0,37473.0,-412.0,42023.0,42023.0,-0.00980415486757252,0.09846988553887157
29101,2021,805.5420244966986,12,6.691515373194915,0.07663334600826666,3959.0,4045.0,36464.0,-86.0,40509.0,40509.0,-0.002122985015675529,0.09773136833790022
29101,2022,866.9203734346374,12,6.764947131080314,0.07343175788539913,4000.0,4077.0,37681.0,-77.0,41758.0,41758.0,-0.0018439580439676229,0.09579002825805834
29101,2023,921.490980940634,12,6.825992989694249,0.061045858613934634,3949.0,3955.0,39130.0,-6.0,43085.0,43085.0,-0.00013925960311013115,0.09165602878031798
29101,2024,975.2532187796049,12,6.882697148847462,0.05670415915321314,,,,,,,,
29101,2025,1024.8460413630203,12,6.932297676742553,0.04960052789509106,,,,,,,,
29101,2026,1062.1762221715792,4,6.968075122284511,0.035777445541958386,,,,,,,,
29105,2026,866.1536846399042,2,6.764062357759547,,,,,,,,,
29109,2026,818.9362231339541,3,6.708006209189603,,,,,,,,,
29127,2026,1100.0,1,7.003065458786462,,,,,,,,,
29145,2024,1160.4104750376289,3,7.056529079298567,,,,,,,,,
29145,2025,1230.8087772071378,12,7.115426774724976,0.05889769542640888,,,,,,,,
29145,2026,1368.0979437066567,4,7.2211766918964,0.10574991717142446,,,,,,,,
29147,2026,840.0,1,6.733401891837359,,,,,,,,,
29159,2024,798.8530504611527,7,6.683177012031919,,,,,,,,,
29159,2025,874.1790792852233,11,6.773285250874524,0.0901082388426051,,,,,,,,
29159,2026,934.3379036058686,3,6.8398381539644175,0.06655290308989326,,,,,,,,
29161,2023,727.7205476053846,10,6.589917111322939,,2206.0,2213.0,30574.0,-7.0,32787.0,32787.0,-0.00021349925275261536,0.06728276451032421
29161,2024,765.0575535080679,12,6.639951064340529,0.05003395301759017,,,,,,,,
29161,2025,810.4429099094954,12,6.6975809005819515,0.05762983624142226,,,,,,,,
29161,2026,853.4175392835284,4,6.749248922784946,0.05166802220299438,,,,,,,,
29165,2016,1030.9261965186834,8,6.938212897088706,,,,,,,,,
29165,2017,1063.3113092091417,12,6.969143194553777,0.03093029746507181,,,,,,,,
29165,2018,1081.8038095663342,12,6.986385120938183,0.017241926384405915,,,,,,,,
29165,2019,1117.5682485385034,12,7.01891039714055,0.03252527620236645,,,,,,,,
29165,2020,1164.5276321896129,12,7.0600708178446006,0.04116042070405079,9931.0,8942.0,81978.0,989.0,90920.0,90920.0,0.010877694676638803,0.10922789265288166
29165,2021,1250.7969997914706,12,7.131536226949111,0.07146540910451016,9384.0,8447.0,79895.0,937.0,88342.0,88342.0,0.010606506531434651,0.10622354033189196
29165,2022,1364.3114224254894,12,7.218405127904585,0.08686890095547461,9333.0,8488.0,82629.0,845.0,91117.0,91117.0,0.009273790840348123,0.10242874545913495
29165,2023,1447.6965523554866,12,7.277728987693798,0.059323859789212285,8496.0,8005.0,86030.0,491.0,94035.0,94035.0,0.005221460094645611,0.09034933801244217
29165,2024,1517.0416054052685,12,7.324517405080069,0.0467884173862716,,,,,,,,
29165,2025,1579.1453143685787,12,7.364639039386987,0.040121634306918175,,,,,,,,
29165,2026,1602.9744724685143,4,7.379616227634663,0.014977188247675244,,,,,,,,
29167,2025,727.2893071720711,1,6.589324344965344,,,,,,,,,
29167,2026,692.4764212598892,4,6.540274188759641,-0.049050156205702855,,,,,,,,
29169,2023,907.7278166242469,9,6.810944572236815,,5210.0,5355.0,31944.0,-145.0,37299.0,37299.0,-0.0038875036864259097,0.13968202900882062
29169,2024,956.5145427640932,12,6.863295992909099,0.05235142067228349,,,,,,,,
29169,2025,1028.562354286678,12,6.935917333688632,0.0726213407795333,,,,,,,,
29169,2026,1088.845085798435,4,6.9928728591853355,0.05695552549670335,,,,,,,,
29183,2015,1014.1130422266368,12,6.921769659423364,,,,,,,,,
29183,2016,1042.5949396549513,12,6.94946801873979,0.027698359316425503,,,,,,,,
29183,2017,1071.6307121255657,12,6.976936797324679,0.02746877858488972,,,,,,,,
29183,2018,1098.6765196706895,12,7.001861570467905,0.024924773143225387,,,,,,,,
29183,2019,1131.798541131779,12,7.031563275727012,0.029701705259107314,,,,,,,,
29183,2020,1172.5809480825646,12,7.066962536813748,0.03539926108673619,20875.0,17724.0,335779.0,3151.0,353503.0,353503.0,0.008913644297219542,0.05905183265771436
29183,2021,1275.4227568577105,12,7.151032976640061,0.08407043982631279,19830.0,17192.0,323861.0,2638.0,341053.0,341053.0,0.00773486818764239,0.05814345570922994
29183,2022,1417.0826528743557,12,7.256355567470426,0.10532259083036521,19261.0,17232.0,333963.0,2029.0,351195.0,351195.0,0.005777417104457638,0.05484417488859466
29183,2023,1482.9093590361065,12,7.301761220267403,0.04540565279697706,17825.0,15972.0,345107.0,1853.0,361079.0,361079.0,0.005131840954472567,0.049365928231771994
29183,2024,1538.7059992152615,12,7.338697081941325,0.036935861673921266,,,,,,,,
29183,2025,1588.9206359606271,12,7.370810219386689,0.03211313744536426,,,,,,,,
29183,2026,1613.5282895575383,4,7.386178544376764,0.015368324990075344,,,,,,,,
29187,2026,951.0527148670817,3,6.857569491994514,,,,,,,,,
29189,2015,893.2357498092628,12,6.794850543582045,,,,,,,,,
29189,2016,912.4704171309126,12,6.816155665348559,0.021305121766513224,,,,,,,,
29189,2017,932.7375137688318,12,6.8381238255403,0.02196816019174097,,,,,,,,
29189,2018,955.7659840187526,12,6.862513096495011,0.02438927095471133,,,,,,,,
29189,2019,990.3531032693762,12,6.89806154950609,0.035548453011078784,,,,,,,,
29189,2020,1031.5593261329966,12,6.938826845285914,0.04076529577982413,44293.0,47674.0,794338.0,-3381.0,842012.0,842012.0,-0.0040153822035790465,0.05260376336679287
29189,2021,1117.0749229604105,12,7.018468871985752,0.07964202669983855,41281.0,46204.0,748750.0,-4923.0,794954.0,794954.0,-0.006192811156368796,0.0519287908482755
29189,2022,1222.38222698513,12,7.108556878863764,0.09008800687801166,39409.0,44550.0,766239.0,-5141.0,810789.0,810789.0,-0.006340737232498221,0.0486057408277616
29189,2023,1299.5066736162419,12,7.1697399895945155,0.061183110730751444,38191.0,41575.0,776014.0,-3384.0,817589.0,817589.0,-0.004138998934672555,0.0467117341353663
29189,2024,1371.7140375444262,12,7.223816359116058,0.05407636952154249,,,,,,,,
29189,2025,1430.5483942330848,12,7.265813142210198,0.0419967830941399,,,,,,,,
29189,2026,1457.7017580499758,4,7.2846163361229905,0.018803193912792615,,,,,,,,
29209,2026,1463.0494530106469,3,7.288278202916809,,,,,,,,,
29213,2023,1175.9363570261914,8,7.069820008819124,,3414.0,3434.0,40904.0,-20.0,44338.0,44338.0,-0.0004510803374080924,0.07699941359556137
29213,2024,1238.0733879682039,12,7.121311730944938,0.051491722125813766,,,,,,,,
29213,2025,1287.3167595810812,12,7.16031529975359,0.039003568808651856,,,,,,,,
29213,2026,1307.2517351882939,4,7.175682300425014,0.015367000671424158,,,,,,,,
29219,2025,1077.2595402747086,7,6.982175632594776,,,,,,,,,
29219,2026,1100.7472852129595,4,7.003744578326176,0.021568945731399225,,,,,,,,
29510,2015,847.370179198746,12,6.74213764663478,,,,,,,,,
29510,2016,872.7251204939466,12,6.77162063855383,0.029482991919049795,,,,,,,,
29510,2017,904.2442212797044,12,6.807099480189398,0.035478841635567804,,,,,,,,
29510,2018,935.9241554510087,12,6.841534442693384,0.03443496250398681,,,,,,,,
29510,2019,969.2204569177717,12,6.8764920957334175,0.034957653040033065,,,,,,,,
29510,2020,1016.2967751276827,12,6.923920686988714,0.047428591255296304,19734.0,25725.0,178924.0,-5991.0,204649.0,204649.0,-0.029274513923840333,0.09642851907412203
29510,2021,1076.136555232315,12,6.981132642736536,0.057211955747821897,18094.0,25619.0,169523.0,-7525.0,195142.0,195142.0,-0.03856166278914842,0.09272222279160816
29510,2022,1179.5878991136055,12,7.072920418422587,0.09178777568605145,17779.0,23882.0,169376.0,-6103.0,193258.0,193258.0,-0.0315795465129516,0.09199619161949311
29510,2023,1236.812349768244,12,7.1202926630422345,0.0473722446196474,17536.0,22001.0,167478.0,-4465.0,189479.0,189479.0,-0.023564616659365947,0.09254851461111785
29510,2024,1286.972182331009,12,7.160047593012113,0.03975492996987828,,,,,,,,
29510,2025,1335.905659199944,12,7.19736473723198,0.03731714421986698,,,,,,,,
29510,2026,1368.9908253281856,4,7.221829123533476,0.02446438630149661,,,,,,,,
30013,2017,764.7401161660588,6,6.639536058679509,,,,,,,,,
30013,2018,773.7774576985757,12,6.651284309893989,0.011748251214480199,,,,,,,,
30013,2019,796.5328315259558,12,6.680268348244417,0.028984038350428065,,,,,,,,
30013,2020,828.3110146584386,12,6.719388705425302,0.03912035718088447,4636.0,5038.0,63594.0,-402.0,68632.0,68632.0,-0.005857326028674671,0.06754866534561138
30013,2021,933.7952490008162,12,6.839257194711531,0.11986848928622962,4749.0,4380.0,61723.0,369.0,66103.0,66103.0,0.005582197479690786,0.07184242772642693
30013,2022,1091.7873315659233,12,6.995571386025094,0.1563141913135624,4493.0,4412.0,63221.0,81.0,67633.0,67633.0,0.0011976402052252598,0.06643206718613695
30013,2023,1155.0737085209294,12,7.05191943782092,0.05634805179582614,4295.0,4445.0,65082.0,-150.0,69527.0,69527.0,-0.0021574352409855163,0.06177456240021862
30013,2024,1211.6762865158698,12,7.099760040620843,0.04784060279992364,,,,,,,,
30013,2025,1272.8806156280182,12,7.1490378122491745,0.049277771628331024,,,,,,,,
30013,2026,1298.8556387447748,4,7.16923887788889,0.020201065639715132,,,,,,,,
30017,2026,812.5,1,6.700115914203892,,,,,,,,,
30029,2022,1963.6357310744554,12,7.582552998735825,,6733.0,4803.0,87620.0,1930.0,92423.0,92423.0,0.02088224792529998,0.07284983175183667
30029,2023,1961.9111553516339,12,7.581674356404621,-0.0008786423312043823,5976.0,4637.0,92216.0,1339.0,96853.0,96853.0,0.013825075113832302,0.06170175420482587
30029,2024,2002.3365068131832,12,7.6020700310716816,0.020395674667060604,,,,,,,,
30029,2025,2022.1006421828915,12,7.611892171923796,0.009822140852114636,,,,,,,,
30029,2026,2023.3788780983907,4,7.612524104900656,0.0006319329768595949,,,,,,,,
30031,2021,1849.2003068745107,12,7.522508558063933,,7665.0,7128.0,85293.0,537.0,92421.0,92421.0,0.005810367773557958,0.08293569643262895
30031,2022,2102.198129781568,12,7.650738804740665,0.12823024667673177,7352.0,7530.0,88618.0,-178.0,96148.0,96148.0,-0.001851312559803636,0.07646544909930524
30031,2023,2174.3443727948747,12,7.68448246028582,0.03374365554515535,7464.0,7305.0,92757.0,159.0,100062.0,100062.0,0.0015890148108172932,0.07459375187383822
30031,2024,2204.950814228801,12,7.698460481159954,0.013978020874134245,,,,,,,,
30031,2025,2187.9165580109907,12,7.690705026622251,-0.007755454537702988,,,,,,,,
30031,2026,2173.9647136667236,4,7.684307836485365,-0.006397190136886444,,,,,,,,
30047,2026,1337.889895624557,2,7.198848947036492,,,,,,,,,
30049,2023,1506.0747424448978,9,7.31726203690581,,3492.0,3241.0,59640.0,251.0,62881.0,62881.0,0.003991666799192124,0.0555334679791988
30049,2024,1587.809995360428,12,7.370110984371607,0.05284894746579649,,,,,,,,
30049,2025,1655.919637609794,12,7.412111805754273,0.04200082138266659,,,,,,,,
30049,2026,1654.2505114894884,4,7.411103322089334,-0.0010084836649397744,,,,,,,,
30063,2015,804.0573779638381,12,6.689670632259226,,,,,,,,,
30063,2016,831.2026361965565,12,6.722873611335037,0.03320297907581082,,,,,,,,
30063,2017,863.0842196144546,12,6.760512275678159,0.03763866434312213,,,,,,,,
30063,2018,883.7496043466523,12,6.78417376951241,0.023661493834251424,,,,,,,,
30063,2019,927.4613316219933,12,6.832451102638905,0.04827733312649496,,,,,,,,
30063,2020,991.316838960316,12,6.899034199639576,0.06658309700067111,6875.0,6163.0,87816.0,712.0,93979.0,93979.0,0.00757616063163047,0.07315464093042062
30063,2021,1197.6238058067943,12,7.08809471083604,0.1890605111964634,6471.0,6250.0,85935.0,221.0,92185.0,92185.0,0.002397353148559961,0.07019580192005206
30063,2022,1346.3121711753056,12,7.205124408407301,0.11702969757126169,6023.0,5918.0,88727.0,105.0,94645.0,94645.0,0.001109408843573353,0.06363780442706958
30063,2023,1393.8569259293336,12,7.239829950421317,0.034705542014015656,5968.0,5554.0,91635.0,414.0,97189.0,97189.0,0.0042597413287511965,0.061406126207698405
30063,2024,1428.6857587921738,12,7.2645102508730695,0.0246803004517524,,,,,,,,
30063,2025,1477.5182489216359,12,7.298119100419975,0.033608849546905795,,,,,,,,
30063,2026,1499.2955110188504,4,7.312750617445052,0.01463151702507659,,,,,,,,
30067,2025,1405.3843318728757,11,7.248066090178004,,,,,,,,,
30067,2026,1422.042384721381,4,7.2598494163334575,0.011783326155453189,,,,,,,,
30081,2025,1773.56432431128,9,7.480746543255005,,,,,,,,,
30081,2026,1796.1696184518669,3,7.493411686747885,0.012665143492879949,,,,,,,,
30083,2026,1054.0838787201296,2,6.960427307263278,,,,,,,,,
30093,2023,1162.1465661248835,9,7.058024062095398,,1494.0,1335.0,26637.0,159.0,27972.0,27972.0,0.005684255684255684,0.05341055341055341
30093,2024,1232.9677131054411,12,7.117179317181138,0.0591552550857406,,,,,,,,
30093,2025,1290.712938173677,12,7.162950009943436,0.045770692762297394,,,,,,,,
30093,2026,1331.4241766773107,4,7.194004457840032,0.031054447896596393,,,,,,,,
30111,2015,862.4328240486784,12,6.759757260711355,,,,,,,,,
30111,2016,875.8687662618768,12,6.775216269510385,0.015459008799029839,,,,,,,,
30111,2017,888.4180693239331,12,6.789442430989405,0.014226161479020227,,,,,,,,
30111,2018,903.3451364731503,12,6.8061046913267145,0.01666226033730922,,,,,,,,
30111,2019,932.1383624651036,12,6.837481261247438,0.031376569920723796,,,,,,,,
30111,2020,982.6127854042247,12,6.890215131459609,0.052733870212170686,7596.0,6456.0,130084.0,1140.0,136540.0,136540.0,0.008349201699135785,0.05563204921634686
30111,2021,1099.1423773899144,12,7.002285497777679,0.11207036631807021,8105.0,6415.0,126639.0,1690.0,133054.0,133054.0,0.012701609872683272,0.06091511717047214
30111,2022,1239.8980209781892,12,7.122784414070472,0.12049891629279319,7556.0,6227.0,130299.0,1329.0,136526.0,136526.0,0.009734409563013639,0.05534476949445527
30111,2023,1310.050247717177,12,7.177820772495598,0.05503635842512544,6803.0,6370.0,134530.0,433.0,140900.0,140900.0,0.003073101490418737,0.04828246983676366
30111,2024,1350.7672208740244,12,7.2084280217630425,0.030607249267444736,,,,,,,,
30111,2025,1397.8576846262702,12,7.2426961183459575,0.034268096582914964,,,,,,,,
30111,2026,1420.9136523787286,4,7.259055360859345,0.016359242513387606,,,,,,,,
31001,2026,902.5,1,6.805168690207036,,,,,,,,,
31019,2024,1265.414561896408,7,7.143155064388319,,,,,,,,,
31019,2025,1348.5433684728841,12,7.206780302591295,0.0636252382029765,,,,,,,,
31019,2026,1419.8544798452763,4,7.258309666361777,0.05152936377048167,,,,,,,,
31053,2024,1163.8061304344428,10,7.059451059810039,,,,,,,,,
31053,2025,1199.9798717158853,12,7.0900600620653185,0.030609002255279627,,,,,,,,
31053,2026,1181.8181800496834,4,7.074809362148882,-0.015250699916436794,,,,,,,,
31055,2015,867.8976799811775,12,6.766073827505916,,,,,,,,,
31055,2016,898.8873361303787,12,6.801157705294975,0.035083877789059414,,,,,,,,
31055,2017,935.5473741687971,12,6.841131784911699,0.039974079616723834,,,,,,,,
31055,2018,964.2095971807989,12,6.871308695438683,0.03017691052698357,,,,,,,,
31055,2019,998.0087863980883,12,6.90576208027881,0.034453384840126944,,,,,,,,
31055,2020,1042.2451982621867,12,6.949132509661962,0.0433704293831525,24146.0,27549.0,470162.0,-3403.0,497711.0,497711.0,-0.006837301164732143,0.0485140975385314
31055,2021,1106.424296484612,12,7.008888740055755,0.059756230393793075,22440.0,26759.0,447376.0,-4319.0,474135.0,474135.0,-0.009109219947905133,0.04732829257489955
31055,2022,1205.2261317804043,12,7.094422489547141,0.08553374949138615,22897.0,25836.0,457242.0,-2939.0,483078.0,483078.0,-0.006083903634609732,0.047398142742993886
31055,2023,1290.9414748074357,12,7.1631270565947665,0.06870456704762518,22785.0,24603.0,469150.0,-1818.0,493753.0,493753.0,-0.0036820029447922342,0.04614655505890597
31055,2024,1341.779457360465,12,7.201751965248934,0.038624908654167456,,,,,,,,
31055,2025,1396.447937667657,12,7.241687104108594,0.03993513885966049,,,,,,,,
31055,2026,1430.733116353678,4,7.2659422606630075,0.024255156554413126,,,,,,,,
31067,2026,1083.181769620591,3,6.987658071902453,,,,,,,,,
31079,2024,1193.260933451353,6,7.084445118593957,,,,,,,,,
31079,2025,1258.8308720682091,12,7.137938689888096,0.053493571294138675,,,,,,,,
31079,2026,1274.6929993275942,4,7.1504606437581,0.012521953870003877,,,,,,,,
31109,2016,877.737536175627,12,6.777347615204776,,,,,,,,,
31109,2017,901.489300499644,12,6.804048174020132,0.0267005588153566,,,,,,,,
31109,2018,934.4474384306949,12,6.839955379653733,0.035907205633600725,,,,,,,,
31109,2019,956.4042129798828,12,6.863180640614077,0.023225260960344052,,,,,,,,
31109,2020,989.50788671181,12,6.897207735411878,0.03402709479780075,10941.0,11993.0,253532.0,-1052.0,265525.0,265525.0,-0.003961962150456642,0.041205159589492515
31109,2021,1049.9098065295575,12,6.956459540918799,0.05925180550692133,10428.0,11298.0,243785.0,-870.0,255083.0,255083.0,-0.0034106545712571986,0.0408808113437587
31109,2022,1138.445196370679,12,7.037418747648374,0.0809592067295748,10712.0,11343.0,249610.0,-631.0,260953.0,260953.0,-0.002418059957157036,0.04104953765620629
31109,2023,1213.1720611405758,12,7.100993746486094,0.06357499883772011,10659.0,10961.0,257073.0,-302.0,268034.0,268034.0,-0.0011267227292059963,0.03976734294902885
31109,2024,1269.4586064542716,12,7.1463457944329685,0.04535204794687431,,,,,,,,
31109,2025,1313.6079071290872,12,7.180532758114492,0.03418696368152396,,,,,,,,
31109,2026,1326.496770030707,4,7.19029673861871,0.009763980504217784,,,,,,,,
31111,2026,1017.6915851706198,3,6.92529218968637,,,,,,,,,
31119,2025,1160.5724985994004,12,7.0566686956282645,,,,,,,,,
31119,2026,1194.6162914404813,4,7.085580317774679,0.028911622146414295,,,,,,,,
31141,2026,1451.0443998796698,3,7.2800388519195955,,,,,,,,,
31153,2015,890.0363031748515,12,6.791262251978395,,,,,,,,,
31153,2016,920.8756602720811,12,6.825325022007831,0.03406277002943625,,,,,,,,
31153,2017,943.8160614184688,12,6.849931296967435,0.02460627495960388,,,,,,,,
31153,2018,967.1664239002713,12,6.874370583954703,0.024439286987267828,,,,,,,,
31153,2019,1006.7343215917182,12,6.914467026321715,0.0400964423670116,,,,,,,,
31153,2020,1054.0096955422732,12,6.96035692786571,0.04588990154399486,16075.0,15071.0,157859.0,1004.0,172930.0,172930.0,0.005805817382756029,0.09295668767709478
31153,2021,1133.8859750512504,12,7.0334059281309065,0.0730490002651969,15378.0,13835.0,152603.0,1543.0,166438.0,166438.0,0.009270719427053918,0.09239476561842848
31153,2022,1235.0148210013358,12,7.118838249800866,0.08543232166995995,15200.0,13378.0,158433.0,1822.0,171811.0,171811.0,0.010604676068470587,0.08846930638899721
31153,2023,1329.572276410638,12,7.192612572808765,0.07377432300789888,14892.0,12997.0,166500.0,1895.0,179497.0,179497.0,0.01055727950884973,0.08296517490543018
31153,2024,1383.4023810585923,12,7.232301237329231,0.03968866452046527,,,,,,,,
31153,2025,1431.1626258308281,12,7.2662424179846345,0.03394118065540397,,,,,,,,
31153,2026,1443.712455839287,4,7.274973169318497,0.008730751333862585,,,,,,,,
31159,2026,1135.0,1,7.034387929915503,,,,,,,,,
32001,2025,1525.2180876807831,8,7.329892687132065,,,,,,,,,
32001,2026,1558.7338795706114,4,7.351629155045411,0.021736467913346047,,,,,,,,
32003,2015,995.0373243126147,12,6.902780248327015,,,,,,,,,
32003,2016,1035.969237544449,12,6.9430927288886535,0.04031248056163861,,,,,,,,
32003,2017,1095.176765093336,12,6.998671058531275,0.05557832964262133,,,,,,,,
32003,2018,1171.5963661745216,12,7.06612251335652,0.06745145482524517,,,,,,,,
32003,2019,1246.5769904913761,12,7.128156666392255,0.062034153035734896,,,,,,,,
32003,2020,1298.7817680414794,12,7.169182002588956,0.04102533619670101,99571.0,80557.0,1723005.0,19014.0,1803562.0,1803562.0,0.010542470954699644,0.05520797178028812
32003,2021,1518.881345077074,12,7.325729385704751,0.15654738311579486,97487.0,85592.0,1667151.0,11895.0,1752743.0,1752743.0,0.006786505494530573,0.05561967727156805
32003,2022,1690.1019799185349,12,7.432544149243607,0.1068147635388561,95621.0,84612.0,1721616.0,11009.0,1806228.0,1806228.0,0.006095022333836038,0.052939606738462694
32003,2023,1678.8463776720237,12,7.425862156567509,-0.006681992676098147,86560.0,77823.0,1761031.0,8737.0,1838854.0,1838854.0,0.004751328816752173,0.047072796426469964
32003,2024,1711.7386651391032,12,7.445264896182317,0.019402739614807984,,,,,,,,
32003,2025,1729.3410650261455,12,7.455495727667721,0.010230831485404046,,,,,,,,
32003,2026,1723.6774634397113,4,7.452215347548976,-0.0032803801187446524,,,,,,,,
32005,2023,2245.3152073784645,12,7.7166011944981,,3182.0,2836.0,41531.0,346.0,44367.0,44367.0,0.007798589041404648,0.07171997205129939
32005,2024,2282.4548800876696,12,7.733006844513682,0.016405650015581585,,,,,,,,
32005,2025,2381.7898519596533,12,7.775607522664668,0.042600678150986226,,,,,,,,
32005,2026,2469.3849452418654,4,7.811724388590343,0.03611686592567498,,,,,,,,
32007,2024,1575.2678824189777,6,7.362180620872619,,,,,,,,,
32007,2025,1572.4122749789149,12,7.360366200041602,-0.0018144208310166832,,,,,,,,
32007,2026,1657.7616157662962,4,7.4132235471713726,0.05285734712977064,,,,,,,,
32019,2021,1431.228331599454,11,7.266288327694115,,5636.0,4485.0,45094.0,1151.0,49579.0,49579.0,0.023215474293551707,0.11367716170152685
32019,2022,1513.2992845587903,12,7.3220475029239465,0.05575917522983165,5504.0,4313.0,46109.0,1191.0,50422.0,50422.0,0.02362064178334854,0.10915870056721272
32019,2023,1576.6393116593947,12,7.363050842768454,0.0410033398445071,4847.0,3807.0,48497.0,1040.0,52304.0,52304.0,0.019883756500458857,0.0926697766901193
32019,2024,1636.4079630046017,12,7.400258852215856,0.037208009447402546,,,,,,,,
32019,2025,1707.2804320792802,12,7.442656992886186,0.04239814067032999,,,,,,,,
32019,2026,1748.5334650979842,4,7.46653269563854,0.02387570275235351,,,,,,,,
32023,2022,1272.580263858675,1,7.148801822159397,,4087.0,2847.0,32233.0,1240.0,35080.0,35080.0,0.03534777651083238,0.11650513112884835
32023,2023,1253.3112648323952,12,7.133544339714318,-0.015257482445079518,3559.0,2793.0,33219.0,766.0,36012.0,36012.0,0.021270687548594912,0.098828168388315
32023,2024,1330.2726002649342,12,7.193139162819048,0.05959482310473074,,,,,,,,
32023,2025,1370.48513584546,11,7.222920069894503,0.029780907075454444,,,,,,,,
32023,2026,1388.0677676055998,4,7.235667963798243,0.012747893903740426,,,,,,,,
32031,2015,976.2050204206497,12,6.883672626259583,,,,,,,,,
32031,2016,1057.1667082029712,12,6.963347691696056,0.07967506543647307,,,,,,,,
32031,2017,1162.2229906519294,12,7.0580898214552645,0.09474212975920882,,,,,,,,
32031,2018,1286.923539008207,12,7.160009795581234,0.10191997412596976,,,,,,,,
32031,2019,1361.8714702687334,12,7.216615113878166,0.05660531829693127,,,,,,,,
32031,2020,1421.6371172128472,12,7.2595643859627685,0.042949272084602974,23802.0,20231.0,375696.0,3571.0,395927.0,395927.0,0.009019339423681638,0.06011714280662849
32031,2021,1607.880707535789,12,7.382672260131078,0.12310787416830937,22809.0,20754.0,364554.0,2055.0,385308.0,385308.0,0.005333395621165405,0.059196798405431496
32031,2022,1698.2298002659238,12,7.437341693559879,0.05466943342880093,21241.0,20987.0,375931.0,254.0,396918.0,396918.0,0.0006399306657798336,0.05351483177885609
32031,2023,1713.1655809758222,12,7.4460981550513194,0.008756461491440604,19884.0,19060.0,384546.0,824.0,403606.0,403606.0,0.002041595020886706,0.049265868198193286
32031,2024,1754.0119764718693,12,7.469661000999962,0.023562845948642774,,,,,,,,
32031,2025,1819.3610818765958,12,7.506240664523032,0.03657966352306996,,,,,,,,
32031,2026,1902.7271524487724,4,7.551043479427936,0.04480281490490423,,,,,,,,
32510,2022,1587.5505015851495,3,7.369947542282996,,4070.0,3834.0,42369.0,236.0,46203.0,46203.0,0.0051078934268337555,0.08808951799666688
32510,2023,1634.6978462429415,12,7.3992132627319425,0.029265720448946375,3553.0,3663.0,43234.0,-110.0,46897.0,46897.0,-0.0023455658144444207,0.07576177580655478
32510,2024,1691.5671928966713,12,7.433410711284391,0.03419744855244833,,,,,,,,
32510,2025,1758.2278227893373,12,7.47206166187914,0.03865095059474921,,,,,,,,
32510,2026,1812.2589298923028,4,7.502329373685637,0.030267711806496678,,,,,,,,
33001,2023,1515.70942767878,10,7.3236388774346155,,3871.0,3237.0,52702.0,634.0,55939.0,55939.0,0.011333774289851445,0.0692003789842507
33001,2024,1637.0069865584117,12,7.400624845265761,0.07698596783114553,,,,,,,,
33001,2025,1676.4426065370724,12,7.424429331223696,0.023804485957935384,,,,,,,,
33001,2026,1779.9270952497077,4,7.484327684722457,0.05989835349876049,,,,,,,,
33003,2026,1880.923097260621,2,7.539517944499613,,,,,,,,,
33005,2022,1443.149248501906,12,7.274582982740678,,3613.0,2959.0,58620.0,654.0,61579.0,61579.0,0.010620503743159194,0.058672599425128695
33005,2023,1534.650334974927,12,7.336057839267513,0.06147485652683482,3169.0,2789.0,60090.0,380.0,62879.0,62879.0,0.006043353106760603,0.050398384198221985
33005,2024,1626.5878172578684,12,7.394239736007018,0.058181896739505135,,,,,,,,
33005,2025,1708.6918429437892,12,7.4434833526052895,0.0492436165982717,,,,,,,,
33005,2026,1776.1663607150658,4,7.482212590739006,0.038729238133716315,,,,,,,,
33007,2026,1356.4743151256137,3,7.212644197253755,,,,,,,,,
33009,2023,1865.8794109075561,12,7.531487754939385,,5202.0,5027.0,68216.0,175.0,73243.0,73243.0,0.002389306827956255,0.07102385210873394
33009,2024,1947.9935116235592,12,7.574555153408206,0.04306739846882124,,,,,,,,
33009,2025,2072.4870486679097,12,7.636504637855019,0.0619494844468127,,,,,,,,
33009,2026,2168.1794862034058,4,7.681643147971939,0.04513851011691994,,,,,,,,
33011,2015,1107.1187470971777,12,7.009516196239509,,,,,,,,,
33011,2016,1160.4494683828025,12,7.056562681796027,0.04704648555651847,,,,,,,,
33011,2017,1213.5325537688698,12,7.101290851151187,0.04472816935516022,,,,,,,,
33011,2018,1283.9047496882984,12,7.157661299012501,0.05637044786131362,,,,,,,,
33011,2019,1352.5037431985527,12,7.209712778331263,0.052051479318762084,,,,,,,,
33011,2020,1425.7613493565439,12,7.262461230276082,0.0527484519448187,19975.0,20264.0,341651.0,-289.0,361915.0,361915.0,-0.0007985300415843499,0.055192517580094774
33011,2021,1615.8454106429465,12,7.387613572774316,0.12515234249823415,19687.0,19381.0,327805.0,306.0,347186.0,347186.0,0.0008813719447212734,0.05670447541087486
33011,2022,1816.0177986775564,12,7.504401360147106,0.11678778737278961,18903.0,18865.0,337405.0,38.0,356270.0,356270.0,0.00010666067869873972,0.0530580739326915
33011,2023,1926.2693340251508,12,7.563340423715765,0.0589390635686593,17711.0,17915.0,346101.0,-204.0,364016.0,364016.0,-0.0005604149268164036,0.04865445474924179
33011,2024,2006.3938652394145,12,7.604094292837941,0.04075386912217649,,,,,,,,
33011,2025,2074.177808031922,12,7.6373201170490885,0.03322582421114717,,,,,,,,
33011,2026,2110.4325906241447,4,7.654648224709686,0.01732810766059778,,,,,,,,
33013,2022,1614.7774815435093,11,7.3869524438379,,8082.0,7067.0,119611.0,1015.0,126678.0,126678.0,0.008012440992121757,0.06379955477667788
33013,2023,1730.6750841942567,12,7.456266833452596,0.06931438961469638,7439.0,6722.0,123560.0,717.0,130282.0,130282.0,0.005503446370181606,0.05709921554781167
33013,2024,1807.8458746380238,12,7.49989129098992,0.04362445753732391,,,,,,,,
33013,2025,1895.6636994346507,12,7.547324293366487,0.047433002376567224,,,,,,,,
33013,2026,1951.1823493629863,4,7.576190800818865,0.028866507452377732,,,,,,,,
33015,2015,1395.6841618819278,12,7.241140012654789,,,,,,,,,
33015,2016,1484.6521525094547,12,7.302935783063781,0.06179577040899176,,,,,,,,
33015,2017,1577.770600653779,12,7.363768117361379,0.060832334297598045,,,,,,,,
33015,2018,1643.7200150353372,12,7.404717253956094,0.04094913659471544,,,,,,,,
33015,2019,1727.9996869035378,12,7.454719768173902,0.05000251421780799,,,,,,,,
33015,2020,1807.7943825180857,12,7.499862808001415,0.04514303982751322,18602.0,15271.0,265368.0,3331.0,280639.0,280639.0,0.011869341039556155,0.06628444371594824
33015,2021,1986.8611516933786,12,7.594311361747542,0.09444855374612704,17447.0,15216.0,255463.0,2231.0,270679.0,270679.0,0.008242235267604802,0.06445642255217435
33015,2022,2226.8045209123707,12,7.708322886535588,0.11401152478804555,16212.0,14505.0,264456.0,1707.0,278961.0,278961.0,0.006119134932840074,0.05811565057481153
33015,2023,2350.0370377897,12,7.76218636777558,0.05386348123999163,14896.0,13777.0,272447.0,1119.0,286224.0,286224.0,0.003909525406674492,0.052043155011459556
33015,2024,2458.802996528076,12,7.807429923727441,0.04524355595186158,,,,,,,,
33015,2025,2555.0554007026894,12,7.8458291856523115,0.03839926192487031,,,,,,,,
33015,2026,2565.374461376859,4,7.8498597357904165,0.004030550138105049,,,,,,,,
33017,2015,1045.1982687039642,12,6.951961877219487,,,,,,,,,
33017,2016,1094.9081384807166,12,6.998425746933055,0.04646386971356797,,,,,,,,
33017,2017,1170.3179942761446,12,7.065030780843207,0.06660503391015204,,,,,,,,
33017,2018,1218.298219467689,12,7.105210261870079,0.040179481026871855,,,,,,,,
33017,2019,1292.641491039212,12,7.164443071214466,0.059232809344386794,,,,,,,,
33017,2020,1377.1657705360997,12,7.227782876766951,0.0633398055524852,7258.0,6448.0,96539.0,810.0,102987.0,102987.0,0.007865070348684786,0.07047491430957305
33017,2021,1525.662799358106,12,7.3301842171504035,0.1024013403834525,6839.0,6419.0,93757.0,420.0,100176.0,100176.0,0.004192620987062769,0.0682698450726721
33017,2022,1729.33430586058,12,7.455491819139258,0.1253076019888546,6646.0,6125.0,96786.0,521.0,102911.0,102911.0,0.005062626930065785,0.06458007404456277
33017,2023,1883.2719626665069,12,7.54076594874666,0.08527412960740222,6285.0,5865.0,99520.0,420.0,105385.0,105385.0,0.003985386914646297,0.0596384684727428
33017,2024,2020.0461600918015,12,7.610875641664753,0.0701096929180931,,,,,,,,
33017,2025,2103.693502544552,12,7.651449889550602,0.04057424788584818,,,,,,,,
33017,2026,2117.294626920962,4,7.6578944333554455,0.0064445438048439385,,,,,,,,
33019,2023,1519.2549742254178,2,7.325975345142353,,2133.0,1877.0,34270.0,256.0,36147.0,36147.0,0.00708219215979196,0.05900904639389161
33019,2024,1583.9546772098963,12,7.367679959092475,0.04170461395012204,,,,,,,,
33019,2025,1677.6855656617447,12,7.425170483092532,0.057490524000057164,,,,,,,,
33019,2026,1682.8129091360736,4,7.428222022911136,0.0030515398186041764,,,,,,,,
34001,2015,1039.0014056681405,12,6.946015344003164,,,,,,,,,
34001,2016,1060.402899313758,12,6.966404208581029,0.02038886457786493,,,,,,,,
34001,2017,1085.290522446085,12,6.989602992755667,0.023198784174637943,,,,,,,,
34001,2018,1132.3075827520922,12,7.0320129380670595,0.04240994531139286,,,,,,,,
34001,2019,1169.4052242110856,12,7.06425054316026,0.03223760509320073,,,,,,,,
34001,2020,1234.4246487373828,12,7.118360269042544,0.05410972588228358,9292.0,8625.0,214877.0,667.0,223502.0,223502.0,0.0029843133394779463,0.04157457203962381
34001,2021,1428.1237772965712,12,7.264116817922253,0.14575654887970924,9470.0,8605.0,205308.0,865.0,213913.0,213913.0,0.004043700008882115,0.04427033420128744
34001,2022,1682.4751536393517,12,7.42802129388494,0.16390447596268665,8770.0,8957.0,210786.0,-187.0,219743.0,219743.0,-0.0008509941158535198,0.03991025880232817
34001,2023,1794.1705255019722,12,7.4922980913355675,0.06427679745062775,8098.0,8691.0,214077.0,-593.0,222768.0,222768.0,-0.0026619622207857503,0.03635172017524959
34001,2024,1905.158343843818,12,7.552320404234504,0.060022312898936114,,,,,,,,
34001,2025,2022.1537917169971,12,7.611918455895281,0.05959805166077725,,,,,,,,
34001,2026,2103.3952040507274,4,7.651308081989542,0.03938962609426078,,,,,,,,
34003,2015,1802.4830110146777,12,7.496920443880111,,,,,,,,,
34003,2016,1849.6381758943678,12,7.522745318346352,0.02582487446624171,,,,,,,,
34003,2017,1915.8975237308932,12,7.557941472617627,0.03519615427127487,,,,,,,,
34003,2018,1975.8174003059912,12,7.588737465285833,0.030795992668205763,,,,,,,,
34003,2019,2043.1432748611612,12,7.622244722001905,0.03350725671607169,,,,,,,,
34003,2020,2078.1193405528084,12,7.639218600497501,0.016973878495596395,40878.0,41670.0,785840.0,-792.0,827510.0,827510.0,-0.0009570881318654759,0.04939879880605672
34003,2021,2192.5771903521045,12,7.692832930172602,0.05361432967510105,40267.0,42999.0,740967.0,-2732.0,783966.0,783966.0,-0.003484845006033425,0.051363196873333794
34003,2022,2412.098625450827,12,7.788252446501517,0.09541951632891443,39386.0,42163.0,764453.0,-2777.0,806616.0,806616.0,-0.003442778224086802,0.04882868676049074
34003,2023,2562.4007068942296,12,7.848699874166839,0.06044742766532263,37933.0,38949.0,790118.0,-1016.0,829067.0,829067.0,-0.0012254739363646123,0.0457538413662587
34003,2024,2688.3115093327674,12,7.89666858381712,0.04796870965028077,,,,,,,,
34003,2025,2773.8052973895824,12,7.927975410015487,0.03130682619836733,,,,,,,,
34003,2026,2830.002613259519,4,7.948032914050114,0.020057504034626916,,,,,,,,
34005,2015,1260.064563800602,12,7.138918239744331,,,,,,,,,
34005,2016,1292.9383892636574,12,7.164672728188526,0.02575448844419448,,,,,,,,
34005,2017,1322.1679727959893,12,7.187028071943867,0.022355343755340762,,,,,,,,
34005,2018,1353.7010426040545,12,7.210597633379857,0.023569561435990316,,,,,,,,
34005,2019,1403.0265828377542,12,7.2463870270632045,0.03578939368334755,,,,,,,,
34005,2020,1464.1162595458309,12,7.289007103626352,0.04262007656314726,22638.0,21962.0,367761.0,676.0,389723.0,389723.0,0.0017345653194704956,0.058087410802031184
34005,2021,1644.4832908351361,12,7.4051815049421235,0.11617440131577172,24029.0,21223.0,349987.0,2806.0,371210.0,371210.0,0.0075590636028124245,0.0647315535680612
34005,2022,1835.9670373209146,12,7.515326617490356,0.11014511254823223,22999.0,21716.0,360940.0,1283.0,382656.0,382656.0,0.003352880916541228,0.06010359173774879
34005,2023,1951.0118750010163,12,7.576103427227354,0.06077680973699806,22108.0,20168.0,372748.0,1940.0,392916.0,392916.0,0.004937442099583626,0.05626647934927567
34005,2024,2050.804330490327,12,7.625987351517579,0.049883924290225146,,,,,,,,
34005,2025,2124.0212957452554,12,7.661066408556979,0.035079057039400396,,,,,,,,
34005,2026,2157.0309889998266,4,7.676488012998903,0.015421604441923975,,,,,,,,
34007,2015,1136.5731421087935,12,7.035772998554612,,,,,,,,,
34007,2016,1169.0377813357939,12,7.063936280313191,0.028163281758579295,,,,,,,,
34007,2017,1199.6101437604852,12,7.089751902791491,0.025815622478299716,,,,,,,,
34007,2018,1238.0200677474068,12,7.121268662925286,0.0315167601337949,,,,,,,,
34007,2019,1279.5100740166579,12,7.15423252896991,0.03296386604462409,,,,,,,,
34007,2020,1343.602879411713,12,7.203110000793085,0.048877471823175256,22278.0,22915.0,399082.0,-637.0,421997.0,421997.0,-0.0015094894039531087,0.052791844491785485
34007,2021,1520.136221733328,12,7.32655522938613,0.1234452285930443,22034.0,22308.0,380678.0,-274.0,402986.0,402986.0,-0.0006799243646181257,0.054676837408743725
34007,2022,1711.7139622006173,12,7.4452504645887325,0.11869523520260294,21467.0,21488.0,392155.0,-21.0,413643.0,413643.0,-5.076841624299215e-05,0.05189740911849106
34007,2023,1784.2181411601684,12,7.486735582099873,0.041485117511140146,20611.0,20847.0,401747.0,-236.0,422594.0,422594.0,-0.0005584556335395202,0.04877258077492818
34007,2024,1858.0712168628916,12,7.527294248490071,0.040558666390198006,,,,,,,,
34007,2025,1927.9439637994644,12,7.564209410328748,0.03691516183867716,,,,,,,,
34007,2026,1958.3296708163318,4,7.579847180121053,0.015637769792305356,,,,,,,,
34009,2025,2269.1702626171577,12,7.727169520579464,,,,,,,,,
34009,2026,2345.9885934874,4,7.760462167090518,0.0332926465110539,,,,,,,,
34011,2023,1371.8774636204184,2,7.22393549206724,,4251.0,4190.0,110445.0,61.0,114635.0,114635.0,0.000532123696951193,0.03708291533999215
34011,2024,1413.5380116607682,12,7.253851068643851,0.02991557657661037,,,,,,,,
34011,2025,1491.4726108791795,12,7.307519240312629,0.05366817166877791,,,,,,,,
34011,2026,1562.9789011458543,4,7.3543488313833745,0.04682959107074591,,,,,,,,
34013,2015,1257.9593453852467,12,7.137246119874311,,,,,,,,,
34013,2016,1316.0031058768286,12,7.182354471971253,0.04510835209694264,,,,,,,,
34013,2017,1390.305095535615,12,7.237278495230721,0.05492402325946788,,,,,,,,
34013,2018,1461.3498173914613,12,7.287115820045388,0.04983732481466685,,,,,,,,
34013,2019,1536.8911415453933,12,7.337516915750857,0.050401095705469245,,,,,,,,
34013,2020,1599.9126946966546,12,7.377704340924513,0.04018742517365581,36113.0,43265.0,602334.0,-7152.0,645599.0,645599.0,-0.01107808407386009,0.05593719940706228
34013,2021,1703.3279602610946,12,7.4403392400791235,0.0626348991546104,34938.0,43198.0,574243.0,-8260.0,617441.0,617441.0,-0.01337779642103456,0.05658516360267621
34013,2022,1883.0673465737266,12,7.540657293590456,0.10031805351133283,33498.0,40900.0,588598.0,-7402.0,629498.0,629498.0,-0.011758575881098908,0.05321383070319524
34013,2023,2013.9978409783178,12,7.60787700127114,0.06721970768068353,32571.0,39166.0,601941.0,-6595.0,641107.0,641107.0,-0.010286894387364355,0.05080431191673153
34013,2024,2130.1368232223035,12,7.663941492895013,0.05606449162387328,,,,,,,,
34013,2025,2227.9929050019546,12,7.708856416572605,0.044914923677591645,,,,,,,,
34013,2026,2242.8236355834374,4,7.715490902620704,0.006634486048099575,,,,,,,,
34015,2015,1270.186994287093,12,7.1469194082100875,,,,,,,,,
34015,2016,1293.1487931960964,12,7.164835448095519,0.017916039885431445,,,,,,,,
34015,2017,1342.8923139029682,12,7.2025810100641365,0.03774556196861756,,,,,,,,
34015,2018,1389.7403091660883,12,7.236872180732158,0.034291170668021564,,,,,,,,
34015,2019,1442.6003218975754,12,7.274202543206644,0.037330362474485845,,,,,,,,
34015,2020,1511.3285212784047,12,7.320744358414413,0.04654181520776923,14448.0,12531.0,237500.0,1917.0,250031.0,250031.0,0.00766704928588855,0.057784834680499615
34015,2021,1706.5142022615544,12,7.442208090762499,0.1214637323480856,14101.0,12238.0,227371.0,1863.0,239609.0,239609.0,0.007775167042974178,0.05885004319537246
34015,2022,1903.2249063215784,12,7.551305045452919,0.10909695469042013,13295.0,12080.0,234714.0,1215.0,246794.0,246794.0,0.004923134273928864,0.053870839647641354
34015,2023,2006.1975813181655,12,7.603996458845112,0.05269141339219274,12818.0,11396.0,242040.0,1422.0,253436.0,253436.0,0.005610884010164302,0.050576871478400856
34015,2024,2123.4297783883644,12,7.660787880399554,0.0567914215544425,,,,,,,,
34015,2025,2223.4060412081612,12,7.706795551899431,0.0460076714998765,,,,,,,,
34015,2026,2259.747184638405,4,7.723008220804707,0.016212668905276395,,,,,,,,
34017,2015,1964.5723312634202,12,7.583029857492718,,,,,,,,,
34017,2016,2043.3594313036876,12,7.622350512433611,0.03932065494089265,,,,,,,,
34017,2017,2115.9919143966067,12,7.657278971797263,0.034928459363651854,,,,,,,,
34017,2018,2177.3831918735473,12,7.685879064060964,0.028600092263701526,,,,,,,,
34017,2019,2242.514410919359,12,7.715353020186265,0.029473956125300127,,,,,,,,
34017,2020,2233.3830215551066,10,7.711272764920965,-0.004080255265299648,38565.0,57605.0,495591.0,-19040.0,553196.0,553196.0,-0.0344181808979096,0.06971308541638045
34017,2021,2254.5022938981224,12,7.720684515335948,0.009411750414982656,39153.0,57145.0,469444.0,-17992.0,526589.0,526589.0,-0.03416706387714138,0.07435210382290552
34017,2022,2578.921295169279,12,7.855126487838814,0.1344419725028665,41134.0,53467.0,478824.0,-12333.0,532291.0,532291.0,-0.023169657198787882,0.07727727878171903
34017,2023,2763.102055325173,12,7.924109260660094,0.06898277282127996,39562.0,50074.0,490330.0,-10512.0,540404.0,540404.0,-0.019452113603896343,0.07320819238939756
34017,2024,2860.188443913052,12,7.95864279112337,0.034533530463275675,,,,,,,,
34017,2025,2958.4341133007915,12,7.9924153915631315,0.033772600439761824,,,,,,,,
34017,2026,2994.1358428244002,4,8.004410935635146,0.011995544072014752,,,,,,,,
34019,2015,1526.9701221788548,3,7.331040738674134,,,,,,,,,
34019,2016,1567.802507948745,12,7.357430241414488,0.02638950274035423,,,,,,,,
34019,2017,1626.6622145934705,11,7.394285473245094,0.03685523183060546,,,,,,,,
34019,2018,1670.1084730634336,12,7.420643857231585,0.026358383986491596,,,,,,,,
34019,2019,1731.7796880085907,12,7.45690488011283,0.036261022881245,,,,,,,,
34019,2020,1798.5245498000268,12,7.494721913195436,0.03781703308260553,6968.0,6032.0,107723.0,936.0,113755.0,113755.0,0.008228209749022022,0.0612544503538306
34019,2021,1972.1563235589135,12,7.586882803602354,0.09216089040691777,7217.0,6007.0,101603.0,1210.0,107610.0,107610.0,0.011244308149800205,0.06706625778273395
34019,2022,2187.3305568778615,12,7.690437155518634,0.10355435191628004,6508.0,5943.0,105665.0,565.0,111608.0,111608.0,0.00506236112106659,0.05831123216973694
34019,2023,2303.1575623459967,11,7.742036313609804,0.05159915809116988,5879.0,5578.0,109751.0,301.0,115329.0,115329.0,0.0026099246503481343,0.05097590371892585
34019,2024,2427.3330866388105,12,7.794548438435354,0.05251212482555001,,,,,,,,
34019,2025,2540.9480623041095,12,7.84029254324669,0.045744104811336506,,,,,,,,
34019,2026,2542.0528686299367,4,7.840727249577944,0.00043470633125419766,,,,,,,,
34021,2015,1580.059208837427,12,7.36521759926662,,,,,,,,,
34021,2016,1625.225105280783,12,7.393401611496588,0.02818401222996858,,,,,,,,
34021,2017,1662.5500099815845,12,7.4161078532695095,0.022706241772921132,,,,,,,,
34021,2018,1709.9650568863174,12,7.444228214718512,0.02812036144900265,,,,,,,,
34021,2019,1754.822712573613,12,7.470123112320683,0.025894897602170452,,,,,,,,
34021,2020,1822.6511076121496,12,7.508047372715822,0.03792426039513952,15892.0,17502.0,285609.0,-1610.0,303111.0,303111.0,-0.005311585524774753,0.05242963798740395
34021,2021,1971.2235025618784,12,7.586409696239855,0.07836232352403272,15925.0,17630.0,272454.0,-1705.0,290084.0,290084.0,-0.00587760786530798,0.05489789164517864
34021,2022,2205.8455247551065,12,7.698866172318564,0.11245647607870879,14847.0,17353.0,281868.0,-2506.0,299221.0,299221.0,-0.00837508062602558,0.04961884359720742
34021,2023,2371.7480560874196,12,7.77138253866157,0.07251636634300596,14201.0,16784.0,289862.0,-2583.0,306646.0,306646.0,-0.008423393750448399,0.04631072963612765
34021,2024,2479.6593644539694,12,7.81587647668248,0.04449393802091084,,,,,,,,
34021,2025,2569.5336739907216,12,7.851479711616199,0.03560323493371875,,,,,,,,
34021,2026,2582.720931561881,4,7.856598746826177,0.005119035209977696,,,,,,,,
34023,2015,1633.3726942956166,12,7.39840229368858,,,,,,,,,
34023,2016,1689.3312237613354,12,7.432088004012078,0.033685710323497986,,,,,,,,
34023,2017,1738.3816951588135,12,7.460709899180623,0.028621895168544853,,,,,,,,
34023,2018,1779.647665919114,12,7.484170683198446,0.023460784017823144,,,,,,,,
34023,2019,1813.4093916017025,12,7.502963994200256,0.0187933110018097,,,,,,,,
34023,2020,1854.6657809131157,12,7.525459786794116,0.02249579259386003,40633.0,45160.0,690802.0,-4527.0,735962.0,735962.0,-0.006151132803052331,0.05521073098882823
34023,2021,1969.3657526230636,12,7.58546681691083,0.060007030116714155,40264.0,44865.0,653148.0,-4601.0,698013.0,698013.0,-0.006591567778823603,0.05768373941459543
34023,2022,2245.3532616968937,12,7.7166181426734965,0.13115132576266664,38495.0,44556.0,674196.0,-6061.0,718752.0,718752.0,-0.008432672187346956,0.05355811183829749
34023,2023,2372.4640040821123,12,7.771684358222351,0.05506621554885438,36642.0,42074.0,693840.0,-5432.0,735914.0,735914.0,-0.007381297271148531,0.04979114407389994
34023,2024,2466.4890530666353,12,7.810550982418103,0.038866624195752486,,,,,,,,
34023,2025,2544.3584838756965,12,7.841633828005793,0.031082845587689256,,,,,,,,
34023,2026,2555.209222276305,4,7.845889386673202,0.0042555586674088985,,,,,,,,
34025,2015,1563.998915182953,12,7.355001227487978,,,,,,,,,
34025,2016,1621.2338120696656,12,7.390942750735571,0.03594152324759303,,,,,,,,
34025,2017,1695.3142291589477,12,7.435623388567184,0.04468063783161291,,,,,,,,
34025,2018,1782.1562733784847,12,7.485579299684318,0.04995591111713349,,,,,,,,
34025,2019,1848.796323047778,12,7.522290070126399,0.03671077044208104,,,,,,,,
34025,2020,1946.3834812244547,12,7.57372830459835,0.05143823447195128,27301.0,24344.0,527217.0,2957.0,551561.0,551561.0,0.005361147724367749,0.04949769835068107
34025,2021,2184.055898706689,12,7.688938931183178,0.11521062658482784,26699.0,25406.0,499418.0,1293.0,524824.0,524824.0,0.0024636830632745453,0.050872292425651264
34025,2022,2433.367905258469,12,7.797031546007912,0.10809261482473431,24302.0,25107.0,516307.0,-805.0,541414.0,541414.0,-0.0014868474032810382,0.04488616844041713
34025,2023,2542.73755317333,12,7.840996556467997,0.043965010460084386,22853.0,23331.0,530524.0,-478.0,553855.0,553855.0,-0.0008630417708606043,0.041261702070036384
34025,2024,2658.6961653708745,12,7.88559111821199,0.044594561743993566,,,,,,,,
34025,2025,2768.2681027318813,12,7.925977169970502,0.040386051758511954,,,,,,,,
34025,2026,2836.758141836855,4,7.950417179795421,0.024440009824918896,,,,,,,,
34027,2015,1896.326918005222,12,7.547674093059706,,,,,,,,,
34027,2016,1941.40275733687,12,7.571166061559836,0.0234919685001298,,,,,,,,
34027,2017,2000.2583676722822,12,7.60103163503471,0.02986557347487384,,,,,,,,
34027,2018,2054.8598062545275,12,7.627962903802474,0.02693126876776386,,,,,,,,
34027,2019,2108.585597480533,12,7.653772668748913,0.025809764946439273,,,,,,,,
34027,2020,2127.092136528329,12,7.662511131858826,0.00873846310991322,25639.0,24273.0,425764.0,1366.0,450037.0,450037.0,0.0030353059859522663,0.05697087128391665
34027,2021,2272.765629271738,12,7.728752707789119,0.06624157593029256,25479.0,24592.0,402455.0,887.0,427047.0,427047.0,0.002077054750413889,0.05966322208094191
34027,2022,2503.7482175299106,12,7.825544175059619,0.09679146727050014,24218.0,24293.0,418349.0,-75.0,442642.0,442642.0,-0.00016943715237144238,0.054712386081754556
34027,2023,2652.2491164629955,12,7.883163282211979,0.05761910715235974,21539.0,22050.0,434269.0,-511.0,456319.0,456319.0,-0.0011198306447901577,0.047201628685196104
34027,2024,2744.784688917365,12,7.917457913314373,0.03429463110239439,,,,,,,,
34027,2025,2833.5414686991426,12,7.949282610653152,0.03182469733877902,,,,,,,,
34027,2026,2848.407488161412,4,7.954515341005445,0.005232730352292769,,,,,,,,
34029,2015,1464.854810129037,12,7.289511410825904,,,,,,,,,
34029,2016,1510.9047455094894,12,7.32046391959035,0.030952508764445774,,,,,,,,
34029,2017,1569.554619087623,12,7.358547175987178,0.038083256396828524,,,,,,,,
34029,2018,1625.2755130380135,12,7.393432626877388,0.03488545089020967,,,,,,,,
34029,2019,1692.448472291796,12,7.433931559591397,0.04049893271400862,,,,,,,,
34029,2020,1788.509142239958,12,7.489137670366163,0.05520611077476634,27296.0,19453.0,551306.0,7843.0,570759.0,570759.0,0.013741351428536388,0.04782403781631126
34029,2021,2027.6519150365245,12,7.614633710450983,0.12549604008481996,25957.0,20371.0,488543.0,5586.0,508914.0,508914.0,0.01097631426920855,0.05100468841493848
34029,2022,2321.153763624093,12,7.749819652948709,0.13518594249772597,23200.0,20929.0,509120.0,2271.0,530049.0,530049.0,0.004284509545343921,0.0437695382879696
34029,2023,2464.7724003390963,12,7.809854749694245,0.06003509674553609,20994.0,19950.0,526955.0,1044.0,546905.0,546905.0,0.0019089238533200464,0.03838692277452208
34029,2024,2604.010841886506,12,7.864808166870678,0.054953417176433206,,,,,,,,
34029,2025,2731.824686150863,12,7.912725048115876,0.04791688124519755,,,,,,,,
34029,2026,2761.232143192582,4,7.923432287784519,0.010707239668643176,,,,,,,,
34031,2015,1349.5108661124996,12,7.207497484380069,,,,,,,,,
34031,2016,1393.7129798193394,12,7.239726673291065,0.032229188910995354,,,,,,,,
34031,2017,1447.4179632557289,12,7.277536533060921,0.0378098597698564,,,,,,,,
34031,2018,1506.6029764094103,12,7.317612710970029,0.04007617790910789,,,,,,,,
34031,2019,1578.644454495965,12,7.364321817587264,0.04670910661723493,,,,,,,,
34031,2020,1645.1563369469031,12,7.405590696341372,0.04126887875410823,19226.0,24427.0,418886.0,-5201.0,443313.0,443313.0,-0.011732117036946807,0.04336890639345113
34031,2021,1755.6117654959091,12,7.4705726594867174,0.06498196314534521,18975.0,24526.0,393677.0,-5551.0,418203.0,418203.0,-0.013273458105274232,0.045372701774018837
34031,2022,1940.6879771192168,12,7.570797816572986,0.10022515708626845,17911.0,24860.0,406250.0,-6949.0,431110.0,431110.0,-0.01611885597643293,0.04154624109855953
34031,2023,2062.775673571074,12,7.631807769190393,0.06100995261740749,17841.0,23244.0,415628.0,-5403.0,438872.0,438872.0,-0.012311106655243442,0.040651944074809966
34031,2024,2198.708423353262,12,7.6956253866533215,0.06381761746292813,,,,,,,,
34031,2025,2255.8655319247905,12,7.721289006198256,0.025663619544934235,,,,,,,,
34031,2026,2283.6080499220484,4,7.733511949185506,0.012222942987250462,,,,,,,,
34033,2025,1750.8239247095682,6,7.467841770239121,,,,,,,,,
34033,2026,1838.6345556046522,4,7.516778485773138,0.04893671553401635,,,,,,,,
34035,2015,1657.8620291232874,12,7.413284116987357,,,,,,,,,
34035,2016,1688.106535414399,12,7.4313627865614915,0.018078669574134842,,,,,,,,
34035,2017,1733.6542630795586,12,7.457986750539603,0.026623963978111398,,,,,,,,
34035,2018,1789.3583517920354,12,7.489612371885681,0.031625621346077715,,,,,,,,
34035,2019,1838.754480310421,12,7.516843708519298,0.02723133663361743,,,,,,,,
34035,2020,1888.0981808220922,12,7.543325347907435,0.026481639388136635,20125.0,20176.0,283469.0,-51.0,303645.0,303645.0,-0.0001679592945709628,0.06627805496550247
34035,2021,1990.5058944737773,12,7.596144103739065,0.052818755831630426,20455.0,19691.0,267930.0,764.0,287621.0,287621.0,0.0026562733597338163,0.07111789472952253
34035,2022,2204.5525305218493,12,7.698279833283359,0.10213572954429395,19492.0,19698.0,278927.0,-206.0,298625.0,298625.0,-0.0006898283800753453,0.06527249895353704
34035,2023,2341.7914865322896,12,7.758671507970442,0.060391674687083174,18353.0,18506.0,289609.0,-153.0,308115.0,308115.0,-0.0004965678399298963,0.059565422001525405
34035,2024,2448.2975454771477,12,7.803148182601101,0.04447667463065841,,,,,,,,
34035,2025,2525.6328268357133,12,7.834246934797781,0.031098752196680124,,,,,,,,
34035,2026,2564.308587982622,4,7.849444164925972,0.015197230128190853,,,,,,,,
34037,2022,1821.6211126453393,12,7.50748210484779,,7385.0,6426.0,116740.0,959.0,123166.0,123166.0,0.007786239709010603,0.05995972914603056
34037,2023,1959.27199316144,12,7.580328251166099,0.07284614631830877,6496.0,5828.0,120836.0,668.0,126664.0,126664.0,0.00527379523779448,0.05128529021663614
34037,2024,2128.3467402388083,12,7.6631007790295005,0.08277252786340128,,,,,,,,
34037,2025,2198.3492221611928,12,7.695462004127175,0.032361225097674584,,,,,,,,
34037,2026,2198.277769598736,4,7.695429500772855,-3.2503354320034816e-05,,,,,,,,
34039,2015,1495.3082011950228,12,7.310087619223338,,,,,,,,,
34039,2016,1548.8676712073566,12,7.345279408237855,0.03519178901451703,,,,,,,,
34039,2017,1620.0479772564265,12,7.390211043378284,0.044931635140429194,,,,,,,,
34039,2018,1692.3377010019133,12,7.43386610713192,0.04365506375363637,,,,,,,,
34039,2019,1765.6269978858484,12,7.476261145880133,0.0423950387482126,,,,,,,,
34039,2020,1827.353377551458,12,7.510623957243249,0.03436281136311603,27435.0,30377.0,451778.0,-2942.0,482155.0,482155.0,-0.00610177225166181,0.05690078916530991
34039,2021,1950.785286371008,12,7.575987281450988,0.06536332420773938,26773.0,30512.0,429045.0,-3739.0,459557.0,459557.0,-0.008136096284030055,0.05825827916885174
34039,2022,2130.0868547804694,12,7.663918034764355,0.08793075331336642,25494.0,30350.0,442330.0,-4856.0,472680.0,472680.0,-0.010273335025810274,0.053935008885503934
34039,2023,2272.055330230939,12,7.728440132639114,0.06452209787475915,25625.0,28278.0,454716.0,-2653.0,482994.0,482994.0,-0.005492821857000294,0.05305448928972203
34039,2024,2389.182635024754,12,7.778706592718877,0.05026646007976332,,,,,,,,
34039,2025,2474.829041273817,12,7.8139265983842545,0.03522000566537731,,,,,,,,
34039,2026,2509.815651114586,4,7.827964583657476,0.01403798527322131,,,,,,,,
34041,2015,1057.1445766392806,5,6.963326756686296,,,,,,,,,
34041,2016,1059.2038388362469,12,6.96527280945511,0.0019460527688135443,,,,,,,,
34041,2017,1120.4781791362154,12,7.0215108188311115,0.05623800937600176,,,,,,,,
34041,2018,1173.0072080557952,12,7.067325993609698,0.04581517477858643,,,,,,,,
34041,2019,1209.6642549439032,12,7.098098124834434,0.030772131224735766,,,,,,,,
34041,2020,1291.0361295526125,11,7.163200376165826,0.06510225133139258,6056.0,5421.0,87420.0,635.0,92841.0,92841.0,0.006839650585409463,0.06522980148856647
34041,2021,1421.503908432416,12,7.259470680600054,0.09627030443422768,5957.0,5109.0,83825.0,848.0,88934.0,88934.0,0.009535160905840286,0.0669822565048238
34041,2022,1595.738813685158,12,7.375092114044328,0.11562143344427422,5651.0,5290.0,86544.0,361.0,91834.0,91834.0,0.003931005945510377,0.06153494348498378
34041,2023,1730.5823620701942,12,7.456213256320282,0.08112114227595413,5525.0,5063.0,88979.0,462.0,94042.0,94042.0,0.004912698581484868,0.05875034559026818
34041,2024,1808.5765559252866,12,7.500295381668614,0.04408212534833211,,,,,,,,
34041,2025,1913.8991986618564,12,7.556897905350098,0.056602523681483774,,,,,,,,
34041,2026,1978.639055112118,4,7.590164541455115,0.0332666361050169,,,,,,,,
35001,2015,831.9160098775246,12,6.723731486059012,,,,,,,,,
35001,2016,852.0790951908174,12,6.747679357251445,0.023947871192433468,,,,,,,,
35001,2017,878.4415956705483,12,6.778149423539556,0.03047006628811122,,,,,,,,
35001,2018,908.1947243020032,12,6.811458809686401,0.03330938614684431,,,,,,,,
35001,2019,951.950820751293,12,6.858513374582308,0.04705456489590709,,,,,,,,
35001,2020,1002.6515876650561,12,6.910403357390653,0.051889982808345,25719.0,27462.0,491283.0,-1743.0,518745.0,518745.0,-0.0033600323858543214,0.04957927305323425
35001,2021,1141.9469060069534,12,7.040489897022163,0.1300865396315105,24319.0,27821.0,472247.0,-3502.0,500068.0,500068.0,-0.007003047585528368,0.04863138613148612
35001,2022,1299.9561997163178,12,7.170085850356113,0.1295959533339497,23557.0,26731.0,485674.0,-3174.0,512405.0,512405.0,-0.006194318946926748,0.04597339994730731
35001,2023,1374.2422792229502,12,7.225657788549947,0.055571938193834214,22420.0,25245.0,496258.0,-2825.0,521503.0,521503.0,-0.005417034993087288,0.04299112373274938
35001,2024,1418.5544480703638,12,7.257393637770525,0.031735849220577705,,,,,,,,
35001,2025,1458.7950154086022,12,7.28536604201657,0.027972404246044746,,,,,,,,
35001,2026,1453.1236703554487,4,7.281470773751095,-0.003895268265474705,,,,,,,,
35005,2022,1183.2212198032976,8,7.075995845484672,,2083.0,2251.0,45311.0,-168.0,47562.0,47562.0,-0.0035322316134729407,0.043795466969429375
35005,2023,1219.239497506341,12,7.105982580656274,0.029986735171601886,1736.0,2190.0,45967.0,-454.0,48157.0,48157.0,-0.009427497560063957,0.036048757190024296
35005,2024,1268.803304747829,11,7.145829455501899,0.0398468748456251,,,,,,,,
35005,2025,1330.5351912172448,12,7.193336539686332,0.04750708418443228,,,,,,,,
35005,2026,1354.5792719141089,4,7.2112461846661695,0.017909644979837935,,,,,,,,
35009,2022,985.5316820118268,11,6.893181274236182,,3238.0,3838.0,33603.0,-600.0,37441.0,37441.0,-0.01602521300178948,0.08648273283299057
35009,2023,1044.1372191476146,12,6.950946195770783,0.05776492153460033,3136.0,3570.0,34758.0,-434.0,38328.0,38328.0,-0.011323314548111042,0.08182007931538302
35009,2024,1088.5456442414218,12,6.992597812952457,0.04165161718167454,,,,,,,,
35009,2025,1129.0751392736881,12,7.029154115764716,0.036556302812258856,,,,,,,,
35009,2026,1166.728278357234,4,7.061958767435482,0.03280465167076585,,,,,,,,
35013,2015,839.660479149633,12,6.73299761864143,,,,,,,,,
35013,2016,858.925535498136,12,6.755682230797272,0.022684612155842387,,,,,,,,
35013,2017,880.5355956733539,12,6.780530353778244,0.02484812298097161,,,,,,,,
35013,2018,907.6661908093306,12,6.810876679741095,0.03034632596285114,,,,,,,,
35013,2019,944.3794742997112,12,6.850528070857963,0.039651391116867885,,,,,,,,
35013,2020,1001.7539537146673,12,6.909507696316219,0.058979625458256635,9585.0,8760.0,159840.0,825.0,168600.0,168600.0,0.004893238434163701,0.05685053380782918
35013,2021,1108.2894390211682,12,7.010573059746915,0.1010653634306955,9109.0,8705.0,155279.0,404.0,163984.0,163984.0,0.002463654990730803,0.05554810225387843
35013,2022,1250.6140841479594,12,7.131389976982432,0.12081691723551735,9481.0,8503.0,160669.0,978.0,169172.0,169172.0,0.005781098526942993,0.05604355330669378
35013,2023,1339.6519695684153,12,7.20016513500811,0.06877515802567746,8853.0,8796.0,165222.0,57.0,174018.0,174018.0,0.00032755232217356826,0.05087404751232631
35013,2024,1386.9142981989983,12,7.234836629075582,0.03467149406747261,,,,,,,,
35013,2025,1417.5673527357194,12,7.256697549630572,0.021860920554989782,,,,,,,,
35013,2026,1436.7102013608924,4,7.270111196541957,0.013413646911384802,,,,,,,,
35015,2024,1577.117986311314,11,7.3633544011024465,,,,,,,,,
35015,2025,1586.9267959623658,11,7.369554592154614,0.006200191052167625,,,,,,,,
35015,2026,1663.9791814124635,4,7.416967110132494,0.04741251797787971,,,,,,,,
35025,2023,1222.512073534997,9,7.108663097402506,,2359.0,2602.0,53075.0,-243.0,55677.0,55677.0,-0.004364459291987715,0.042369380534152346
35025,2024,1273.2037019126692,12,7.149291602969426,0.04062850556692066,,,,,,,,
35025,2025,1362.536827864509,12,7.217103555797433,0.06781195282800656,,,,,,,,
35025,2026,1405.6209953903597,4,7.248234473720894,0.0311309179234609,,,,,,,,
35027,2026,1532.641392275568,2,7.334747926050737,,,,,,,,,
35028,2026,2517.7487445616734,2,7.831120425893108,,,,,,,,,
35035,2022,1271.2365610676438,8,7.147745375875343,,4285.0,4536.0,45320.0,-251.0,49856.0,49856.0,-0.005034499358151476,0.08594752888318356
35035,2023,1302.2017082396126,12,7.171811732612386,0.024066356737042938,4454.0,4322.0,47044.0,132.0,51366.0,51366.0,0.002569793248452284,0.08671105400459447
35035,2024,1355.6585961147564,12,7.212042664023526,0.040230931411140425,,,,,,,,
35035,2025,1457.2863423230763,12,7.284331315590894,0.07228865156736752,,,,,,,,
35035,2026,1472.3590835749094,4,7.294621212185651,0.010289896594756875,,,,,,,,
35041,2023,793.846137061353,8,6.676889660430373,,981.0,1038.0,12669.0,-57.0,13707.0,13707.0,-0.0041584591814401405,0.07156927117531188
35041,2024,827.2592643452573,12,6.7181181457057795,0.04122848527540679,,,,,,,,
35041,2025,859.2346914605574,12,6.7560420994066215,0.037923953700842006,,,,,,,,
35041,2026,887.4995662331578,4,6.78840803259808,0.03236593319145875,,,,,,,,
35043,2015,922.696869645975,12,6.827300761976582,,,,,,,,,
35043,2016,952.1228588647401,12,6.858694079894037,0.03139331791745459,,,,,,,,
35043,2017,981.98469292469,12,6.889575720579912,0.030881640685874956,,,,,,,,
35043,2018,1015.2886163574831,12,6.9229282021468945,0.03335248156698256,,,,,,,,
35043,2019,1073.1841635330884,12,6.978385362137234,0.05545715999033973,,,,,,,,
35043,2020,1147.6618086488754,12,7.045481941709561,0.0670965795723264,10984.0,8632.0,112266.0,2352.0,120898.0,120898.0,0.019454416119373357,0.09085344670714156
35043,2021,1292.8872300251403,12,7.164633159210523,0.11915121750096258,10934.0,8490.0,109279.0,2444.0,117769.0,117769.0,0.020752490044069323,0.09284276847048034
35043,2022,1462.9570947326513,12,7.288215073681436,0.12358191447091293,10091.0,8006.0,114636.0,2085.0,122642.0,122642.0,0.017000701227964318,0.08228013241793186
35043,2023,1573.3108356763423,12,7.360937490450998,0.0727224167695617,9213.0,7530.0,119553.0,1683.0,127083.0,127083.0,0.013243313425084394,0.07249592785817142
35043,2024,1649.6702121049038,12,7.408330675466092,0.047393185015094375,,,,,,,,
35043,2025,1713.5784054173262,12,7.446339097733435,0.03800842226734247,,,,,,,,
35043,2026,1763.4788449647847,4,7.475043753553564,0.028704655820129155,,,,,,,,
35045,2023,1163.9303027096935,9,7.05955774910149,,3581.0,3607.0,90045.0,-26.0,93652.0,93652.0,-0.000277623542476402,0.038237304061845986
35045,2024,1216.1959439513942,12,7.103483187662683,0.04392543856119335,,,,,,,,
35045,2025,1304.3507448213336,12,7.173460682408995,0.06997749474631121,,,,,,,,
35045,2026,1350.3222138859624,4,7.208098519906227,0.03463783749723248,,,,,,,,
35049,2016,1067.089295515696,11,6.972689936193417,,,,,,,,,
35049,2017,1161.2516838822007,12,7.0572537401870195,0.08456380399360253,,,,,,,,
35049,2018,1245.7109008798416,12,7.127461650660407,0.07020791047338726,,,,,,,,
35049,2019,1363.2318186996733,12,7.217613496984923,0.0901518463245159,,,,,,,,
35049,2020,1417.286097701507,12,7.25649912312278,0.03888562613785762,7862.0,6847.0,114213.0,1015.0,121060.0,121060.0,0.008384272261688419,0.06494300346935404
35049,2021,1569.309755837976,12,7.358391155706659,0.10189203258387902,7518.0,7019.0,108515.0,499.0,115534.0,115534.0,0.004319074904357159,0.06507175376945315
35049,2022,1777.3312037722426,12,7.482868194452114,0.12447703874545457,7319.0,6958.0,113160.0,361.0,120118.0,120118.0,0.0030053780449224928,0.06093175044539536
35049,2023,1906.651540023855,12,7.553103862120341,0.07023566766822675,6836.0,6731.0,115873.0,105.0,122604.0,122604.0,0.0008564157776255261,0.05575674529379139
35049,2024,1973.6001070275606,12,7.587614619444756,0.034510757324415664,,,,,,,,
35049,2025,1984.1722866982327,12,7.5929571221281575,0.005342502683401307,,,,,,,,
35049,2026,1972.8419745330505,4,7.5872304088124105,-0.005726713315747034,,,,,,,,
35055,2026,2239.7192793871577,4,7.714105815293503,,,,,,,,,
35061,2022,1284.5539669631532,5,7.1581668296519245,,3744.0,2767.0,55123.0,977.0,57890.0,57890.0,0.01687683537743997,0.06467438244947314
35061,2023,1324.060235558775,12,7.188458230597107,0.0302914009451829,3787.0,2944.0,56983.0,843.0,59927.0,59927.0,0.014067114989904385,0.06319355215512207
35061,2024,1394.7040559824043,11,7.240437525500095,0.05197929490298758,,,,,,,,
35061,2025,1871.15066023683,10,7.534308846942865,0.2938713214427704,,,,,,,,
35061,2026,1922.1342611271648,4,7.56119144199537,0.026882595052504676,,,,,,,,
36001,2015,1045.2680982257623,12,6.952028684820823,,,,,,,,,
36001,2016,1079.9309589812444,12,6.984652391205638,0.0326237063848156,,,,,,,,
36001,2017,1113.8515484208033,12,7.015579151661915,0.030926760456276625,,,,,,,,
36001,2018,1153.3844418693927,12,7.050455892161423,0.03487674049950851,,,,,,,,
36001,2019,1181.9834832805407,12,7.074949224332491,0.024493332171068083,,,,,,,,
36001,2020,1227.6415505781163,12,7.112850169173531,0.037900944841039674,14532.0,15644.0,232901.0,-1112.0,248545.0,248545.0,-0.004474038906435454,0.0584682854211511
36001,2021,1310.8143510648104,12,7.178403865090033,0.06555369591650173,14025.0,15255.0,223891.0,-1230.0,239146.0,239146.0,-0.005143301581460698,0.058646182666655514
36001,2022,1397.6173861763318,12,7.242524198765604,0.06412033367557157,13897.0,15115.0,227332.0,-1218.0,242447.0,242447.0,-0.005023778392803375,0.05731974410902176
36001,2023,1469.4990320171837,12,7.292676827142991,0.05015262837738632,13534.0,14417.0,231796.0,-883.0,246213.0,246213.0,-0.0035863256611145633,0.05496866534260986
36001,2024,1534.6539012250043,12,7.336060163084119,0.04338333594112864,,,,,,,,
36001,2025,1603.9435235102899,12,7.380220578024966,0.04416041494084677,,,,,,,,
36001,2026,1640.9677658018422,4,7.40304144787574,0.022820869850773917,,,,,,,,
36005,2015,1641.5856852734669,12,7.403417934953945,,,,,,,,,
36005,2016,1758.7908839173854,12,7.472381854166878,0.06896391921293343,,,,,,,,
36005,2017,1866.3248563766253,12,7.5317264586325825,0.05934460446570444,,,,,,,,
36005,2018,1953.2343355497978,12,7.577241911159452,0.04551545252686928,,,,,,,,
36005,2019,2029.3553840467823,12,7.615473476803265,0.03823156564381325,,,,,,,,
36005,2020,2092.0497609966374,12,7.645899611229188,0.030426134425923124,41570.0,72120.0,1035829.0,-30550.0,1107949.0,1107949.0,-0.02757347134209246,0.037519777534886535
36005,2021,2130.0276244133406,12,7.663890227827513,0.01799061659832457,38256.0,75896.0,978011.0,-37640.0,1053907.0,1053907.0,-0.03571472625193684,0.03629921805244675
36005,2022,2283.740956296901,12,7.7335701476611245,0.06967991983361177,33603.0,78042.0,987378.0,-44439.0,1065420.0,1065420.0,-0.0417103114264797,0.031539674494565524
36005,2023,2438.5161113577274,12,7.799144982205471,0.06557483454434632,38626.0,69657.0,982997.0,-31031.0,1052654.0,1052654.0,-0.029478822101089246,0.03669391841953766
36005,2024,2601.959635567843,12,7.864020146103487,0.06487516389801584,,,,,,,,
36005,2025,2695.702735480536,12,7.899414204632696,0.03539405852920918,,,,,,,,
36005,2026,2765.0050146146223,4,7.924797727558632,0.025383522925936042,,,,,,,,
36007,2018,654.7559518969181,12,6.4842625736816215,,,,,,,,,
36007,2019,691.4175578101613,12,6.538743921741543,0.05448134805992133,,,,,,,,
36007,2020,744.9507657890894,12,6.613318130006629,0.0745742082650862,5247.0,6200.0,140945.0,-953.0,147145.0,147145.0,-0.006476604709640151,0.035658703999456316
36007,2021,834.211668805584,12,6.726487169684175,0.11316903967754577,5208.0,6214.0,135423.0,-1006.0,141637.0,141637.0,-0.007102663851959587,0.036770053022868315
36007,2022,937.2235621812179,12,6.842921847356041,0.1164346776718661,5183.0,6175.0,136838.0,-992.0,143013.0,143013.0,-0.006936432352303637,0.03624146056652192
36007,2023,1036.3799414474504,12,6.943489094436065,0.10056724708002385,5159.0,5924.0,138355.0,-765.0,144279.0,144279.0,-0.005302226935312832,0.03575710948925346
36007,2024,1125.352237276126,12,7.025851365434008,0.08236227099794302,,,,,,,,
36007,2025,1203.9642336130748,12,7.093374919126092,0.06752355369208463,,,,,,,,
36007,2026,1257.8420952032316,4,7.137152908875852,0.04377798974975988,,,,,,,,
36009,2026,1103.948532351225,2,7.0066486065032505,,,,,,,,,
36011,2026,1183.8481424863924,3,7.076525549183044,,,,,,,,,
36013,2024,961.2298911579443,8,6.868213601129459,,,,,,,,,
36013,2025,1013.848886230525,11,6.921509145659374,0.05329554452991481,,,,,,,,
36013,2026,1059.8325799729666,4,6.965866231210008,0.04435708555063389,,,,,,,,
36015,2024,1113.224203651121,7,7.0150157718256505,,,,,,,,,
36015,2025,1184.7407493045755,12,7.077279252675898,0.062263480850247355,,,,,,,,
36015,2026,1223.292585246766,4,7.109301342763158,0.03202209008725987,,,,,,,,
36017,2026,825.0,1,6.715383386334681,,,,,,,,,
36019,2026,1300.0,1,7.170119543449628,,,,,,,,,
36021,2022,1749.314247552944,12,7.466979131579763,,2530.0,2696.0,45503.0,-166.0,48199.0,48199.0,-0.0034440548559098736,0.05249071557501193
36021,2023,1840.7235747431205,12,7.517914020444639,0.05093488886487574,2261.0,2509.0,46228.0,-248.0,48737.0,48737.0,-0.0050885364302275474,0.04639185834171164
36021,2024,1935.505975309209,12,7.5681240572303015,0.05021003678566238,,,,,,,,
36021,2025,2026.1075309050773,12,7.613871758871586,0.045747701641284166,,,,,,,,
36021,2026,2099.4958799209007,4,7.649452537712654,0.03558077884106847,,,,,,,,
36023,2023,1136.2197396642553,11,7.035462013378425,,1538.0,1748.0,32331.0,-210.0,34079.0,34079.0,-0.0061621526453241,0.045130432230992695
36023,2024,1224.5740861583488,12,7.11034837775377,0.07488636437534435,,,,,,,,
36023,2025,1239.761570989515,12,7.122674358650564,0.012325980896794597,,,,,,,,
36023,2026,1293.1185273268761,4,7.164812043036822,0.04213768438625731,,,,,,,,
36027,2015,1035.8345303801811,12,6.942962690352627,,,,,,,,,
36027,2016,1095.4752929727733,12,6.998943605584273,0.055980915231645945,,,,,,,,
36027,2017,1152.1446614090207,12,7.04938040751184,0.0504368019275665,,,,,,,,
36027,2018,1226.62880622148,12,7.11202487752519,0.0626444700133506,,,,,,,,
36027,2019,1294.1362663331909,12,7.165598775801838,0.053573898276647824,,,,,,,,
36027,2020,1434.2205076337088,12,7.268376780351759,0.10277800454992114,12347.0,11248.0,229373.0,1099.0,240621.0,240621.0,0.00456734865202954,0.05131306078854298
36027,2021,1622.1875562538542,12,7.391530860699323,0.1231540803475637,12680.0,11313.0,220576.0,1367.0,231889.0,231889.0,0.005895061861494077,0.054681334604056255
36027,2022,1785.0376310378933,12,7.487194775805467,0.0956639151061438,11879.0,12252.0,225381.0,-373.0,237633.0,237633.0,-0.001569647313294029,0.049988848350187055
36027,2023,1891.5149165578487,12,7.545133330141829,0.057938554336362635,10926.0,11130.0,230837.0,-204.0,241967.0,241967.0,-0.0008430901734534047,0.045154917819372066
36027,2024,1988.8215476266316,12,7.595297555184194,0.05016422504236484,,,,,,,,
36027,2025,2062.4724214166113,12,7.631660746685068,0.036363191500873526,,,,,,,,
36027,2026,2116.176601351912,4,7.657366249491776,0.02570550280670858,,,,,,,,
36029,2015,860.3202079146558,12,6.757304654732642,,,,,,,,,
36029,2016,884.8790629824263,12,6.785450983672936,0.02814632894029412,,,,,,,,
36029,2017,924.7133908863466,12,6.829483841809275,0.04403285813633939,,,,,,,,
36029,2018,958.3772722360414,12,6.8652415128020765,0.03575767099280114,,,,,,,,
36029,2019,995.3039779771813,12,6.903048196005994,0.037806683203917224,,,,,,,,
36029,2020,1046.7745652336193,12,6.953468872723828,0.05042067671783457,19079.0,21558.0,730475.0,-2479.0,752033.0,752033.0,-0.0032963978974326924,0.025369897331633053
36029,2021,1133.2719653674358,12,7.032864272264872,0.07939539954104369,18968.0,21608.0,702892.0,-2640.0,724500.0,724500.0,-0.0036438923395445133,0.026180814354727397
36029,2022,1236.3044626587941,12,7.119881936695596,0.08701766443072412,19535.0,23161.0,711660.0,-3626.0,734821.0,734821.0,-0.004934535077250106,0.02658470566301181
36029,2023,1309.275715321512,12,7.177229374228128,0.05734743753253202,18721.0,22017.0,721468.0,-3296.0,743485.0,743485.0,-0.004433176190508215,0.025180064157313192
36029,2024,1370.2927248900269,12,7.222779663801396,0.04555028957326801,,,,,,,,
36029,2025,1416.5096666339139,12,7.255951143556437,0.03317147975504131,,,,,,,,
36029,2026,1443.2732025675805,4,7.274668870421952,0.018717726865514983,,,,,,,,
36035,2025,1054.5944776440545,5,6.960911590636665,,,,,,,,,
36035,2026,1064.5835835952562,4,6.97033900036357,0.009427409726904479,,,,,,,,
36037,2026,1217.9129528610547,2,7.104893978442581,,,,,,,,,
36039,2026,1841.890920386569,4,7.518547997030617,,,,,,,,,
36043,2026,1225.0,1,7.110696122978827,,,,,,,,,
36045,2022,1190.7613616184617,10,7.082348181200397,,8284.0,9863.0,80066.0,-1579.0,89929.0,89929.0,-0.017558295989058035,0.09211711461263886
36045,2023,1241.3636824952303,12,7.123965798271465,0.04161761707106759,7931.0,9293.0,82100.0,-1362.0,91393.0,91393.0,-0.01490267307124178,0.08677907498386091
36045,2024,1300.659039315543,12,7.170626368311855,0.04666057004039015,,,,,,,,
36045,2025,1344.2682628379994,12,7.203605101491492,0.032978733179636954,,,,,,,,
36045,2026,1408.0951634236465,4,7.249993122092885,0.04638802060139291,,,,,,,,
36047,2015,2400.1705837133945,12,7.783295090357466,,,,,,,,,
36047,2016,2472.173542490073,12,7.8128530193861305,0.029557929028664276,,,,,,,,
36047,2017,2514.5667864311854,12,7.8298558157807445,0.017002796394613995,,,,,,,,
36047,2018,2557.012845052504,12,7.8465949987641,0.01673918298335586,,,,,,,,
36047,2019,2655.9986832557775,12,7.88457601483407,0.03798101606996962,,,,,,,,
36047,2020,2629.589524381234,12,7.874583038611178,-0.009992976222892302,84340.0,153011.0,1992778.0,-68671.0,2145789.0,2145789.0,-0.03200268059907102,0.039304889716556476
36047,2021,2646.6324689264943,12,7.8810433444290755,0.0064603058178978046,79178.0,152330.0,1802527.0,-73152.0,1954857.0,1954857.0,-0.03742063997520023,0.04050321839397971
36047,2022,3092.478724684714,12,8.036728224593734,0.15568488016465842,82571.0,141005.0,1814116.0,-58434.0,1955121.0,1955121.0,-0.029887664241752813,0.042233191705270415
36047,2023,3263.107086245771,12,8.09043511439553,0.05370688980179672,87629.0,127357.0,1828095.0,-39728.0,1955452.0,1955452.0,-0.02031653039808699,0.04481265712479775
36047,2024,3379.780330573199,12,8.125565995410385,0.03513088101485451,,,,,,,,
36047,2025,3515.7598177932973,12,8.165010945263928,0.039444949853542965,,,,,,,,
36047,2026,3590.4408537791896,4,8.186030274438558,0.021019329174629675,,,,,,,,
36053,2024,1022.2813139883352,1,6.929791991192644,,,,,,,,,
36053,2025,1080.645026587558,12,6.985313388677684,0.05552139748504015,,,,,,,,
36053,2026,1218.2581793599284,4,7.105177395725232,0.11986400704754807,,,,,,,,
36055,2015,918.2232447491427,12,6.822440547056813,,,,,,,,,
36055,2016,948.6450454384454,12,6.855034698546749,0.03259415148993661,,,,,,,,
36055,2017,978.3690149529139,12,6.885886914771848,0.030852216225098594,,,,,,,,
36055,2018,1012.6482806628586,12,6.920324238295326,0.034437323523477836,,,,,,,,
36055,2019,1049.0753661690915,12,6.9556644515439165,0.035340213248590935,,,,,,,,
36055,2020,1096.8347224816605,12,7.000183785735386,0.04451933419146936,17009.0,21085.0,590510.0,-4076.0,611595.0,611595.0,-0.006664541077019923,0.027810887924198203
36055,2021,1193.6625399103748,12,7.084781624114385,0.0845978383789987,16693.0,21044.0,569201.0,-4351.0,590245.0,590245.0,-0.007371515218256825,0.028281476336097722
36055,2022,1311.6708548689994,12,7.179057065216924,0.09427544110253905,16374.0,21072.0,574243.0,-4698.0,595315.0,595315.0,-0.00789162040264398,0.027504766384183164
36055,2023,1389.0445059671083,12,7.236371383973998,0.057314318757073934,17033.0,20152.0,581184.0,-3119.0,601336.0,601336.0,-0.00518678409408384,0.028325262415687735
36055,2024,1458.4830237502472,12,7.285152149713294,0.04878076573929668,,,,,,,,
36055,2025,1535.6154471914226,12,7.336686522460928,0.05153437274763384,,,,,,,,
36055,2026,1566.8754941576922,4,7.356838784290373,0.02015226182944474,,,,,,,,
36057,2026,1331.25,1,7.193873629457736,,,,,,,,,
36059,2015,2176.584441805127,12,7.685512157301621,,,,,,,,,
36059,2016,2268.7658341435404,12,7.726991277225628,0.041479119924007435,,,,,,,,
36059,2017,2355.0842090203214,12,7.764331763357016,0.03734048613138796,,,,,,,,
36059,2018,2448.954689511143,12,7.803416555152241,0.03908479179522484,,,,,,,,
36059,2019,2531.9579347333697,12,7.836748169671626,0.033331614519385155,,,,,,,,
36059,2020,2620.3388321181706,12,7.871058913629298,0.034310743957671974,50699.0,54148.0,1206641.0,-3449.0,1260789.0,1260789.0,-0.0027355885877811434,0.040212121140016294
36059,2021,2763.3144557544806,11,7.924186127985959,0.053127214356661234,50557.0,54935.0,1135106.0,-4378.0,1190041.0,1190041.0,-0.003678864845833043,0.04248341023544567
36059,2022,2997.9775454926244,12,8.005693188805482,0.08150706081952297,50854.0,57814.0,1164589.0,-6960.0,1222403.0,1222403.0,-0.005693703304065844,0.041601664917379946
36059,2023,3140.935525767627,12,8.0522759726701,0.04658278386461845,46621.0,52274.0,1198447.0,-5653.0,1250721.0,1250721.0,-0.004519792983407171,0.03727529960718658
36059,2024,3286.3505171393667,12,8.097532962762122,0.045256990092021,,,,,,,,
36059,2025,3421.24860997283,12,8.137760854062613,0.04022789130049098,,,,,,,,
36059,2026,3505.006454350545,4,8.16194764093648,0.02418678687386766,,,,,,,,
36061,2015,3260.6914781284927,12,8.089694561724004,,,,,,,,,
36061,2016,3302.216169221392,12,8.10234908848547,0.012654526761465945,,,,,,,,
36061,2017,3318.498400990005,12,8.107267670738645,0.00491858225317543,,,,,,,,
36061,2018,3364.6245633987514,12,8.121071664798967,0.0138039940603214,,,,,,,,
36061,2019,3454.232641119656,12,8.147355610555303,0.026283945756336635,,,,,,,,
36061,2020,3286.349945670923,10,8.0975327888706,-0.0498228216847032,81003.0,159613.0,1096302.0,-78610.0,1255915.0,1255915.0,-0.06259181552891717,0.06449719925313417
36061,2021,3265.06688235524,12,8.091035526142452,-0.006497262728148101,85259.0,147971.0,998232.0,-62712.0,1146203.0,1146203.0,-0.05471282137631816,0.07438385696076524
36061,2022,3930.866485669602,12,8.276615160375353,0.18557963423290147,97082.0,113815.0,1004520.0,-16733.0,1118335.0,1118335.0,-0.014962421814572557,0.0868094086297934
36061,2023,4074.792748432548,12,8.31257516510123,0.035960004725875905,98633.0,108432.0,1034735.0,-9799.0,1143167.0,1143167.0,-0.008571800970461884,0.08628048220426236
36061,2024,4204.458268306288,12,8.34390073374059,0.03132556863936031,,,,,,,,
36061,2025,4449.012153489008,12,8.400437362537309,0.05653662879671906,,,,,,,,
36061,2026,4550.224295383507,4,8.422931806418687,0.02249444388137789,,,,,,,,
36063,2017,612.6768584156015,3,6.417837649172712,,,,,,,,,
36063,2018,623.918795147261,12,6.436020223919052,0.018182574746340663,,,,,,,,
36063,2019,665.0721924635251,12,6.49989559485916,0.06387537094010742,,,,,,,,
36063,2020,711.3734143421613,12,6.567197487916638,0.06730189305747825,6194.0,6537.0,167002.0,-343.0,173539.0,173539.0,-0.0019765009594385125,0.03569226513924824
36063,2021,792.1174846919583,12,6.674709720070769,0.1075122321541313,6091.0,6050.0,161334.0,41.0,167384.0,167384.0,0.00024494575347703483,0.0363893801080151
36063,2022,892.2391345647874,12,6.793734184727938,0.1190244646571692,6367.0,6461.0,162552.0,-94.0,169013.0,169013.0,-0.0005561702354256774,0.037671658393141357
36063,2023,972.7323989811829,12,6.880109017618396,0.08637483289045722,6116.0,6167.0,164926.0,-51.0,171093.0,171093.0,-0.0002980834984482124,0.03574664071586798
36063,2024,1044.490866821807,12,6.951284836891189,0.07117581927279293,,,,,,,,
36063,2025,1091.8871704487797,12,6.995662827201729,0.04437799031054013,,,,,,,,
36063,2026,1133.9062853833766,4,7.033423840117362,0.03776101291563361,,,,,,,,
36065,2022,1101.8701393643692,9,7.004764141901901,,5695.0,6432.0,170013.0,-737.0,176445.0,176445.0,-0.004176938989486809,0.032276346736943524
36065,2023,1189.0034554222248,12,7.080870802844864,0.0761066609429637,5506.0,6199.0,172290.0,-693.0,178489.0,178489.0,-0.0038825922045616257,0.030847839362649798
36065,2024,1270.7857102328244,12,7.147390657630238,0.06651985478537359,,,,,,,,
36065,2025,1324.2561533280552,12,7.1886061870651945,0.041215529434956544,,,,,,,,
36065,2026,1362.2409678390277,4,7.216886393115683,0.02828020605048831,,,,,,,,
36067,2016,973.2249725176058,12,6.880615270791417,,,,,,,,,
36067,2017,1011.974599984103,12,6.919658750702492,0.03904347991107482,,,,,,,,
36067,2018,1045.3327912654731,12,6.952090574242239,0.032431823539746496,,,,,,,,
36067,2019,1073.1312209666075,12,6.978336028691764,0.02624545444952542,,,,,,,,
36067,2020,1126.4585618507597,12,7.026833974331769,0.04849794564000476,12529.0,15374.0,366107.0,-2845.0,381481.0,381481.0,-0.007457776403018761,0.032843051161132536
36067,2021,1228.737104878848,12,7.113742176902828,0.0869082025710588,12100.0,15515.0,351876.0,-3415.0,367391.0,367391.0,-0.009295273972416309,0.03293493852598458
36067,2022,1363.61095214428,12,7.2178915720181465,0.10414939511531873,11908.0,15053.0,354939.0,-3145.0,369992.0,369992.0,-0.008500183787757572,0.03218447966442518
36067,2023,1436.0397531161927,12,7.269644432453543,0.051752860435396286,11796.0,14077.0,360560.0,-2281.0,374637.0,374637.0,-0.006088560393127214,0.031486478911586416
36067,2024,1534.7363224932558,12,7.336113868388602,0.06646943593505927,,,,,,,,
36067,2025,1617.8860763109424,12,7.388875684948511,0.05276181655990886,,,,,,,,
36067,2026,1668.3743863791024,4,7.419605009998699,0.03072932505018855,,,,,,,,
36069,2020,1306.6851881049752,4,7.175248818586074,,5429.0,5055.0,89620.0,374.0,94675.0,94675.0,0.003950356482703987,0.0573435437021389
36069,2021,1405.0888630362492,11,7.247855827480427,0.07260700889435245,5073.0,4776.0,86692.0,297.0,91468.0,91468.0,0.0032470372152009447,0.05546201950408886
36069,2022,1544.382640448977,12,7.342379524006381,0.09452369652595394,5089.0,4860.0,87303.0,229.0,92163.0,92163.0,0.002484728144700151,0.05521738658680816
36069,2023,1650.7288567610788,12,7.408972200730397,0.06659267672401636,4800.0,4748.0,89280.0,52.0,94028.0,94028.0,0.0005530267579869826,0.05104862381418301
36069,2024,1761.6775023345554,12,7.474021760422168,0.06504955969177129,,,,,,,,
36069,2025,1846.2865792817995,12,7.520931646395047,0.046909885972878484,,,,,,,,
36069,2026,1877.784316889718,4,7.537847805936187,0.016916159541140452,,,,,,,,
36071,2015,1201.9941594254383,12,7.091737256036291,,,,,,,,,
36071,2016,1249.9655986340902,12,7.130871308824907,0.039134052788615925,,,,,,,,
36071,2017,1304.6875815025323,12,7.1737188899482796,0.04284758112337261,,,,,,,,
36071,2018,1365.2685367168388,12,7.2191064184656994,0.045387528517419895,,,,,,,,
36071,2019,1427.259088037763,12,7.263511162340483,0.044404743874783215,,,,,,,,
36071,2020,1508.4982203951897,12,7.318869878880283,0.05535871653979996,17902.0,17958.0,333949.0,-56.0,351907.0,351907.0,-0.0001591329527403547,0.05087139499924696
36071,2021,1701.4247895824954,12,7.439221290544078,0.12035141166379582,17905.0,17935.0,303186.0,-30.0,321121.0,321121.0,-9.34227285042087e-05,0.055757798462261886
36071,2022,1884.8568338369403,12,7.541607146778618,0.10238585623453922,17342.0,18015.0,311551.0,-673.0,329566.0,329566.0,-0.0020420795834521764,0.05262071937032339
36071,2023,1975.096531572524,12,7.588372552886375,0.046765406107756924,15753.0,16859.0,321182.0,-1106.0,338041.0,338041.0,-0.003271792474877308,0.04660085610917019
36071,2024,2076.8008536723364,12,7.638583937561466,0.050211384675091786,,,,,,,,
36071,2025,2146.3293729846114,12,7.671514393698909,0.03293045613744283,,,,,,,,
36071,2026,2186.731979767361,4,7.690163461620011,0.018649067921101548,,,,,,,,
36075,2022,906.8596393236551,4,6.809987685464574,,3814.0,3626.0,86719.0,188.0,90345.0,90345.0,0.0020809120593281312,0.04221594996956113
36075,2023,977.6740486043532,12,6.885176330847853,0.07518864538327907,3598.0,3501.0,88203.0,97.0,91704.0,91704.0,0.0010577510250370757,0.039234929774055655
36075,2024,1098.8444315234567,12,7.002014389810085,0.11683805896223198,,,,,,,,
36075,2025,1192.1444336051302,12,7.083509009416729,0.08149461960664439,,,,,,,,
36075,2026,1336.2711862492679,4,7.197638317217695,0.1141293078009662,,,,,,,,
36077,2024,1331.991389350349,8,7.19443038662775,,,,,,,,,
36077,2025,1383.8483742667495,12,7.2326235740102565,0.038193187382506544,,,,,,,,
36077,2026,1479.044259682582,4,7.29915138767385,0.06652781366359317,,,,,,,,
36079,2023,2125.7998436148687,12,7.6619034075341705,,4640.0,4860.0,83036.0,-220.0,87896.0,87896.0,-0.0025029580413215616,0.05278966050787294
36079,2024,2271.9854891550217,12,7.728409393005075,0.06650598547090425,,,,,,,,
36079,2025,2433.302468337872,12,7.797004654143217,0.0685952611381424,,,,,,,,
36079,2026,2571.400169327516,4,7.852205842500467,0.055201188357250075,,,,,,,,
36081,2015,2106.892069417455,12,7.652969187725879,,,,,,,,,
36081,2016,2192.3026932682715,12,7.69270772852901,0.039738540803130995,,,,,,,,
36081,2017,2239.14509729414,12,7.713849419007358,0.02114169047834835,,,,,,,,
36081,2018,2268.6946335508433,12,7.726959893770848,0.013110474763490032,,,,,,,,
36081,2019,2345.15860430308,12,7.760108313690492,0.03314841991964368,,,,,,,,
36081,2020,2333.658363382574,12,7.755192428260725,-0.004915885429767286,71742.0,122149.0,1828524.0,-50407.0,1950673.0,1950673.0,-0.025840825192126,0.03677807607938388
36081,2021,2328.5738554838467,12,7.753011279971324,-0.002181148289400525,65039.0,126511.0,1718787.0,-61472.0,1845298.0,1845298.0,-0.0333127765813435,0.03524579769771603
36081,2022,2581.6587439136697,12,7.856187395326118,0.10317611535479365,68368.0,124313.0,1746727.0,-55945.0,1871040.0,1871040.0,-0.029900483153754064,0.036540106037284074
36081,2023,2746.8099323865063,12,7.918195492724586,0.062008097398468465,71562.0,111802.0,1751887.0,-40240.0,1863689.0,1863689.0,-0.021591585291322747,0.03839803744079619
36081,2024,2875.8943936288447,12,7.964118998288041,0.04592350556345437,,,,,,,,
36081,2025,3003.970098621811,12,8.007690058980229,0.04357106069218819,,,,,,,,
36081,2026,3056.4910445303376,4,8.025022819489136,0.017332760508907086,,,,,,,,
36083,2018,1056.4313665968236,12,6.96265187195191,,,,,,,,,
36083,2019,1093.0523153405372,12,6.996729351020607,0.034077479068696626,,,,,,,,
36083,2020,1137.9080681336688,12,7.036946827709273,0.04021747668866649,7574.0,8352.0,119835.0,-778.0,128187.0,128187.0,-0.006069258193108506,0.05908555469743422
36083,2021,1233.9528691534763,12,7.117978010181221,0.08103118247194807,7427.0,8055.0,115051.0,-628.0,123106.0,123106.0,-0.0051012948190989876,0.06033012200867545
36083,2022,1320.1490232730594,12,7.18549990562708,0.06752189544585896,7201.0,7924.0,116679.0,-723.0,124603.0,124603.0,-0.005802428512957152,0.057791545949937
36083,2023,1392.6659568742186,12,7.238975143783996,0.05347523815691613,7212.0,7466.0,118811.0,-254.0,126277.0,126277.0,-0.002011451016416291,0.057112538308638945
36083,2024,1476.382991655207,12,7.2973504509426474,0.058375307158651246,,,,,,,,
36083,2025,1557.2422859843446,12,7.350671770507823,0.05332131956517561,,,,,,,,
36083,2026,1606.6924410035078,4,7.381932960366229,0.03126118985840609,,,,,,,,
36085,2015,1560.549902838449,11,7.352793539948931,,,,,,,,,
36085,2016,1657.3045265601884,12,7.412947782411709,0.060154242462777674,,,,,,,,
36085,2017,1768.6472176385848,12,7.4779702495340885,0.0650224671223798,,,,,,,,
36085,2018,1846.8185412186479,12,7.521219730228662,0.04324948069457335,,,,,,,,
36085,2019,1920.661028156215,12,7.560424691267204,0.039204961038541875,,,,,,,,
36085,2020,2006.7836613731035,12,7.604288550945055,0.04386385967785156,17198.0,18942.0,389586.0,-1744.0,408528.0,408528.0,-0.004268985234794188,0.042097481690361496
36085,2021,2065.4107315152287,12,7.6330843870770195,0.028795836131964236,16579.0,20022.0,368035.0,-3443.0,388057.0,388057.0,-0.008872407919455132,0.04272310511084712
36085,2022,2220.053549770471,12,7.705286596093636,0.07220220901661634,18280.0,20468.0,377817.0,-2188.0,398285.0,398285.0,-0.005493553611107624,0.04589678245477485
36085,2023,2361.9358648276584,12,7.767236843479117,0.06195024738548138,16911.0,18586.0,387488.0,-1675.0,406074.0,406074.0,-0.004124863941055079,0.04164511886995966
36085,2024,2528.1608764553807,12,7.835247391080309,0.06801054760119207,,,,,,,,
36085,2025,2706.5457548317354,12,7.9034284716296,0.06818108054929084,,,,,,,,
36085,2026,2756.052268605126,4,7.921554597340184,0.018126125710583807,,,,,,,,
36087,2015,1736.8198392722722,12,7.459811041387068,,,,,,,,,
36087,2016,1794.7767425681086,12,7.492635915787487,0.03282487440041848,,,,,,,,
36087,2017,1861.1421732385961,12,7.528945649876065,0.036309734088578516,,,,,,,,
36087,2018,1920.9122937023906,12,7.560555505142395,0.0316098552663302,,,,,,,,
36087,2019,1998.5180122192148,12,7.600161190980022,0.03960568583762658,,,,,,,,
36087,2020,2088.3319521242556,12,7.644120917268826,0.04395972628880429,11026.0,12109.0,309518.0,-1083.0,321627.0,321627.0,-0.0033672546148177857,0.0342819477220507
36087,2021,2280.788100742834,12,7.732276320442987,0.08815540317416115,10599.0,12699.0,261830.0,-2100.0,274529.0,274529.0,-0.007649465083834494,0.03860794305883896
36087,2022,2496.074996428591,12,7.822474775683997,0.09019845524100933,10011.0,12649.0,269857.0,-2638.0,282506.0,282506.0,-0.009337854771226098,0.03543641550975909
36087,2023,2699.675830560315,12,7.900886982028872,0.07841220634487556,8882.0,11901.0,278889.0,-3019.0,290790.0,290790.0,-0.010382062656900169,0.03054437910519619
36087,2024,2790.7944979779745,12,7.934081600577533,0.033194618548661126,,,,,,,,
36087,2025,2865.3304899043956,12,7.9604389767384225,0.026357376160889068,,,,,,,,
36087,2026,2889.4742402642255,4,7.968829840772334,0.008390864033911427,,,,,,,,
36089,2025,1094.4092139787117,8,6.997969966038539,,,,,,,,,
36089,2026,1207.7292710665822,4,7.096497240022131,0.09852727398359207,,,,,,,,
36091,2015,1078.6851284625088,12,6.983498104749321,,,,,,,,,
36091,2016,1109.4624911443696,12,7.011630934810976,0.028132830061655234,,,,,,,,
36091,2017,1134.3126942685903,12,7.033782190782098,0.022151255971121664,,,,,,,,
36091,2018,1187.9376153442884,12,7.079973986207311,0.04619179542521312,,,,,,,,
36091,2019,1210.7276035059851,12,7.098976783078785,0.019002796871474104,,,,,,,,
36091,2020,1258.8050576988283,12,7.137918183055415,0.03894139997662993,12225.0,11121.0,191248.0,1104.0,202369.0,202369.0,0.00545538101191388,0.060409450063992016
36091,2021,1368.0740606753652,12,7.22115923463768,0.0832410515822648,12136.0,10222.0,185042.0,1914.0,195264.0,195264.0,0.009802114060963618,0.06215175352343494
36091,2022,1548.3355650984352,12,7.344935803977134,0.12377656933945413,11294.0,10538.0,189093.0,756.0,199631.0,199631.0,0.003786986990998392,0.05657437973060296
36091,2023,1601.5798589666654,12,7.378745832911619,0.033810028934484926,10515.0,10110.0,193933.0,405.0,204043.0,204043.0,0.00198487573697701,0.05153325524521792
36091,2024,1676.417248406756,12,7.424414204954533,0.04566837204291385,,,,,,,,
36091,2025,1741.4265472765326,12,7.462459911067871,0.03804570611333791,,,,,,,,
36091,2026,1789.6612903081796,4,7.489781657638295,0.027321746570423855,,,,,,,,
36093,2016,1025.9266319907044,8,6.93335151439285,,,,,,,,,
36093,2017,1033.4891894153518,12,6.940695918898128,0.007344404505277957,,,,,,,,
36093,2018,1047.8928719784526,12,6.954536638261418,0.0138407193632899,,,,,,,,
36093,2019,1101.9101150973756,12,7.004800421138843,0.05026378287742528,,,,,,,,
36093,2020,1134.4288393500365,12,7.033884578012928,0.0290841568740845,7036.0,7585.0,121968.0,-549.0,129553.0,129553.0,-0.004237647912437381,0.054309819147375975
36093,2021,1215.6620382025856,12,7.103044094786944,0.06915951677401644,7175.0,7761.0,117645.0,-586.0,125406.0,125406.0,-0.004672822671961469,0.05721416838109819
36093,2022,1333.4895266110457,12,7.1955544895312675,0.09251039474432332,7170.0,7166.0,119663.0,4.0,126829.0,126829.0,3.1538528254579e-05,0.05653281189633286
36093,2023,1400.7170772762286,12,7.244739582529149,0.049185092997881874,7028.0,6852.0,122106.0,176.0,128958.0,128958.0,0.0013647854340172768,0.05449836380837172
36093,2024,1489.2144220158727,12,7.306004026356632,0.06126444382748275,,,,,,,,
36093,2025,1549.8988971597398,12,7.345944980147,0.039940953790368106,,,,,,,,
36093,2026,1553.8304472120676,4,7.348478417646813,0.0025334374998129405,,,,,,,,
36095,2026,975.0,1,6.882437470997847,,,,,,,,,
36101,2024,1210.313644759053,12,7.09863481554621,,,,,,,,,
36101,2025,1263.1575116455444,12,7.141369826882985,0.042735011336775486,,,,,,,,
36101,2026,1261.4975792444752,4,7.140054849129192,-0.0013149777537933005,,,,,,,,
36103,2015,2683.286302855369,12,7.894797554704704,,,,,,,,,
36103,2016,2801.15595195805,12,7.9377874509533335,0.04298989624862948,,,,,,,,
36103,2017,2938.329215818447,12,7.985596404853219,0.047808953899885154,,,,,,,,
36103,2018,2972.6553031489434,12,7.997210873844012,0.011614468990793547,,,,,,,,
36103,2019,3148.4226519698072,12,8.054656860998419,0.05744598715440663,,,,,,,,
36103,2020,3323.000445838325,12,8.108623402522001,0.05396654152358238,44965.0,43874.0,1284878.0,1091.0,1328752.0,1328752.0,0.0008210712006454176,0.03384002432357581
36103,2021,3667.642277728417,12,8.207304303464639,0.0986809009426377,46629.0,46626.0,1226368.0,3.0,1272994.0,1272994.0,2.3566489708513943e-06,0.036629394953943226
36103,2022,3983.3430877679293,12,8.289876717500581,0.08257241403594229,42772.0,50449.0,1260896.0,-7677.0,1311345.0,1311345.0,-0.0058542946364229095,0.032616893342331726
36103,2023,4155.248055996278,12,8.332127406108327,0.042250688607746056,38621.0,45739.0,1293519.0,-7118.0,1339258.0,1339258.0,-0.005314883315985419,0.028837610079611248
36103,2024,4327.374586458553,12,8.372716306031586,0.04058889992325909,,,,,,,,
36103,2025,4493.611729035722,12,8.410412051379433,0.03769574534784681,,,,,,,,
36103,2026,4634.844809329202,4,8.441357995094037,0.03094594371460424,,,,,,,,
36105,2023,1525.0183753317322,9,7.329761738366776,,3808.0,3764.0,56179.0,44.0,59943.0,59943.0,0.0007340306624626729,0.06352701733313314
36105,2024,1607.726099751905,12,7.3825760992549085,0.052814360888132406,,,,,,,,
36105,2025,1660.5945788169693,12,7.414930997229665,0.03235489797475655,,,,,,,,
36105,2026,1739.140832557605,4,7.4611464958696745,0.0462154986400094,,,,,,,,
36107,2026,1075.0,1,6.980075940561763,,,,,,,,,
36109,2019,1355.0424930071492,12,7.21158809297496,,,,,,,,,
36109,2020,1411.628064006741,12,7.252498972594381,0.04091087961942108,4168.0,5015.0,62175.0,-847.0,67190.0,67190.0,-0.012606042565858015,0.06203304063104629
36109,2021,1445.332948787399,12,7.276094988390958,0.023596015796576886,4049.0,4836.0,59524.0,-787.0,64360.0,64360.0,-0.012228091982597887,0.06291174642635178
36109,2022,1635.1266925703746,12,7.399475568139955,0.1233805797489973,4063.0,5217.0,59940.0,-1154.0,65157.0,65157.0,-0.017711067114814984,0.062357075985696085
36109,2023,1724.7105535434764,12,7.452814520339036,0.05333895219908058,4333.0,5111.0,60673.0,-778.0,65784.0,65784.0,-0.011826583971786453,0.06586708014106774
36109,2024,1804.0236913970618,12,7.497774833239807,0.04496031290077074,,,,,,,,
36109,2025,1850.9601417602855,12,7.5234597789868625,0.02568494574705582,,,,,,,,
36109,2026,1898.7219794656216,4,7.548936296442631,0.02547651745576829,,,,,,,,
36111,2016,1125.9819325984945,8,7.0264107629212535,,,,,,,,,
36111,2017,1209.7754345159067,12,7.09819003005742,0.07177926713616678,,,,,,,,
36111,2018,1281.3912068273885,12,7.155701647020762,0.057511616963341616,,,,,,,,
36111,2019,1340.0813513998953,12,7.200485601102102,0.04478395408133995,,,,,,,,
36111,2020,1489.573916209327,12,7.306245395768878,0.10575979466677587,8047.0,6917.0,132833.0,1130.0,139750.0,139750.0,0.008085867620751341,0.05758139534883721
36111,2021,1722.0424664731481,12,7.451266345817828,0.14502095004895033,8089.0,7188.0,128750.0,901.0,135938.0,135938.0,0.006628021598081478,0.059505068487104414
36111,2022,1891.094099168463,12,7.544910829011328,0.09364448319349972,7135.0,7512.0,131316.0,-377.0,138828.0,138828.0,-0.002715590514881724,0.051394531362549345
36111,2023,1927.3140597849886,12,7.563882633746621,0.01897180473529314,7235.0,6928.0,133492.0,307.0,140420.0,140420.0,0.0021862982481128043,0.05152399943028059
36111,2024,2017.7219395807817,12,7.609724401320906,0.045841767574285264,,,,,,,,
36111,2025,2066.062336817911,12,7.633399821933938,0.023675420613031406,,,,,,,,
36111,2026,2110.118635295298,4,7.654499450147966,0.021099628214028776,,,,,,,,
36113,2025,1361.9080416136446,12,7.216641967259473,,,,,,,,,
36113,2026,1411.1174873174018,4,7.2521372136716415,0.035495246412168946,,,,,,,,
36117,2026,1269.434265190819,2,7.146326619725972,,,,,,,,,
36119,2015,1990.2612628018896,12,7.596021196941189,,,,,,,,,
36119,2016,2047.5929582095202,12,7.624420215531568,0.0283990185903793,,,,,,,,
36119,2017,2126.562071426314,12,7.662261903746317,0.03784168821474854,,,,,,,,
36119,2018,2179.1044031867173,12,7.686669247145466,0.024407343399149184,,,,,,,,
36119,2019,2255.181588137537,11,7.720985775584923,0.034316528439457095,,,,,,,,
36119,2020,2319.0273067395633,12,7.748903112408095,0.027917336823171546,40534.0,43262.0,800395.0,-2728.0,843657.0,843657.0,-0.0032335415933252495,0.04804559198821322
36119,2021,2419.4490435170046,12,7.791295125262266,0.04239201285417149,38888.0,46047.0,756316.0,-7159.0,802363.0,802363.0,-0.008922395474367587,0.04846684106819482
36119,2022,2611.309237147327,12,7.86760699797386,0.07631187271159412,37217.0,44741.0,775007.0,-7524.0,819748.0,819748.0,-0.00917843044447806,0.04540053772622806
36119,2023,2725.001497624553,12,7.910224256684185,0.04261725871032507,36044.0,41028.0,794159.0,-4984.0,835187.0,835187.0,-0.005967525835531444,0.04315680200960982
36119,2024,2823.802545022732,12,7.945839675850864,0.03561541916667821,,,,,,,,
36119,2025,2947.116090428443,12,7.98858237470985,0.042742698858986294,,,,,,,,
36119,2026,3006.4201950359684,4,8.008505345984952,0.01992297127510234,,,,,,,,
37001,2015,711.6410616994622,1,6.567573657470726,,,,,,,,,
37001,2016,736.5707618628281,12,6.602005309852036,0.03443165238130952,,,,,,,,
37001,2017,771.22829817994,12,6.6479844363211935,0.045979126469157805,,,,,,,,
37001,2018,825.0491911021469,12,6.715443010135507,0.06745857381431364,,,,,,,,
37001,2019,884.4417960687215,12,6.784956707103064,0.06951369696755716,,,,,,,,
37001,2020,934.6935689159368,12,6.840218741792488,0.0552620346894237,9533.0,7707.0,124616.0,1826.0,132323.0,132323.0,0.013799566212978847,0.07204340893117599
37001,2021,1054.771322616036,12,6.961079266601047,0.1208605248085588,9491.0,7510.0,121366.0,1981.0,128876.0,128876.0,0.015371364722679165,0.07364443340885812
37001,2022,1212.0444774242276,12,7.100063863500663,0.13898459689961662,9471.0,7637.0,124468.0,1834.0,132105.0,132105.0,0.01388289618106809,0.07169297149994323
37001,2023,1277.494255914063,12,7.152655825718681,0.05259196221801776,9804.0,7943.0,128269.0,1861.0,136212.0,136212.0,0.013662526062314627,0.07197603735353714
37001,2024,1348.0856795596137,12,7.206440849956533,0.05378502423785214,,,,,,,,
37001,2025,1393.1627947605468,12,7.239331833254807,0.032890983298274,,,,,,,,
37001,2026,1417.1883645441926,4,7.256430162785579,0.017098329530771395,,,,,,,,
37011,2026,1910.6227825343324,4,7.555184532047413,,,,,,,,,
37019,2015,962.7727348869679,12,6.869817386944341,,,,,,,,,
37019,2016,1011.9938867359797,12,6.919677809054441,0.049860422110100444,,,,,,,,
37019,2017,1046.69914986878,12,6.9533968246590945,0.03371901560465318,,,,,,,,
37019,2018,1112.0284913998703,12,7.0139410962447695,0.06054427158567499,,,,,,,,
37019,2019,1189.937776324144,12,7.081656295935227,0.0677151996904577,,,,,,,,
37019,2020,1255.5734581248755,12,7.135347685946088,0.05369139001086065,13375.0,7012.0,101434.0,6363.0,108446.0,108446.0,0.058674363277575935,0.1233332718588053
37019,2021,1426.595264690476,12,7.263045950541132,0.1276982645950442,14283.0,6885.0,103467.0,7398.0,110352.0,110352.0,0.06704001739886907,0.12943127446715963
37019,2022,1631.9547711659434,12,7.397533821393661,0.13448787085252878,14104.0,7196.0,110945.0,6908.0,118141.0,118141.0,0.05847250319533439,0.11938277143413378
37019,2023,1708.1804426448607,12,7.4431840143450305,0.04565019295136974,13587.0,7252.0,118686.0,6335.0,125938.0,125938.0,0.050302529816258795,0.10788642030205339
37019,2024,1748.8744903027284,12,7.466727711610468,0.02354369726543748,,,,,,,,
37019,2025,1743.0622095001024,12,7.463398735933083,-0.003328975677384882,,,,,,,,
37019,2026,1783.618359873243,4,7.4863993664171185,0.023000630484035334,,,,,,,,
37021,2015,973.8246271708321,12,6.881231233191432,,,,,,,,,
37021,2016,1024.3640457631298,12,6.93182725586008,0.05059602266864793,,,,,,,,
37021,2017,1091.579139042867,12,6.995380678210817,0.06355342235073724,,,,,,,,
37021,2018,1148.57030232052,12,7.046273232550507,0.050892554339689866,,,,,,,,
37021,2019,1195.299981430828,12,7.086152463348779,0.03987923079827205,,,,,,,,
37021,2020,1238.7041725886781,12,7.121821090076866,0.03566862672808657,15772.0,13966.0,192976.0,1806.0,206942.0,206942.0,0.008727082950778479,0.076214591528061
37021,2021,1399.8821954101543,12,7.244143365927261,0.12232227585039546,15906.0,14352.0,187476.0,1554.0,201828.0,201828.0,0.00769962542362804,0.07880967952910399
37021,2022,1612.10773858,12,7.385297756180586,0.141154390253325,15843.0,14087.0,192413.0,1756.0,206500.0,206500.0,0.00850363196125908,0.07672154963680387
37021,2023,1685.895818781961,12,7.43005234470833,0.044754588527744055,14767.0,13541.0,197974.0,1226.0,211515.0,211515.0,0.005796279223695719,0.06981537952391083
37021,2024,1730.5487519528724,12,7.4561938348559025,0.026141490147572277,,,,,,,,
37021,2025,1710.4781173041335,12,7.444528211178348,-0.011665623677554748,,,,,,,,
37021,2026,1701.5731600737872,4,7.43930849041524,-0.005219720763108171,,,,,,,,
37023,2025,1183.7293572607944,1,7.076425205920185,,,,,,,,,
37023,2026,1241.1398833733563,3,7.123785497122611,0.04736029120242602,,,,,,,,
37025,2015,1002.804235359959,12,6.910555589809283,,,,,,,,,
37025,2016,1055.591680424819,12,6.961856723227155,0.0513011334178719,,,,,,,,
37025,2017,1102.400653962982,12,7.005245493476727,0.04338877024957277,,,,,,,,
37025,2018,1149.2289038052786,12,7.0468464780290825,0.04160098455235506,,,,,,,,
37025,2019,1211.1095533663156,12,7.099292204668889,0.05244572663980662,,,,,,,,
37025,2020,1283.7688863220046,12,7.157555472972528,0.05826326830363904,18553.0,14638.0,169703.0,3915.0,184341.0,184341.0,0.021237814702100996,0.1006450002983601
37025,2021,1431.4507229774438,12,7.266443700597747,0.10888822762521855,18455.0,15053.0,166383.0,3402.0,181436.0,181436.0,0.01875041336890143,0.10171630767874071
37025,2022,1603.7503161494067,12,7.38010011306118,0.11365641246343294,17748.0,14476.0,173313.0,3272.0,187789.0,187789.0,0.017423810766338817,0.09451032808098452
37025,2023,1672.706000386391,12,7.422197953557533,0.042097840496353456,16567.0,14159.0,180192.0,2408.0,194351.0,194351.0,0.01238995425801771,0.08524267948196819
37025,2024,1720.1313932029634,12,7.450155958286897,0.027958004729363495,,,,,,,,
37025,2025,1769.0345194087504,12,7.478189207484803,0.028033249197906507,,,,,,,,
37025,2026,1772.160076023374,4,7.479954463441249,0.0017652559564460546,,,,,,,,
37031,2021,1438.5694840304122,3,7.271404484939686,,5048.0,3599.0,49412.0,1449.0,53011.0,53011.0,0.02733394955763898,0.09522551923185754
37031,2022,1493.465408711032,12,7.3088544761633205,0.03744999122363435,4614.0,3490.0,51071.0,1124.0,54561.0,54561.0,0.020600795439966277,0.08456589871886512
37031,2023,1640.493384168554,12,7.402752319578976,0.09389784341565566,4077.0,3359.0,53046.0,718.0,56405.0,56405.0,0.012729367963832993,0.07228082616789291
37031,2024,1741.3567277735071,12,7.4624198169836164,0.05966749740464028,,,,,,,,
37031,2025,1838.7757336564646,12,7.516855267008179,0.05443545002456229,,,,,,,,
37031,2026,1858.43710000485,4,7.527491144668927,0.01063587766074825,,,,,,,,
37035,2021,1225.1947066426374,3,7.110855054546608,,8828.0,7231.0,118302.0,1597.0,125533.0,125533.0,0.012721754439071798,0.07032413787609633
37035,2022,1316.2169833045252,12,7.182516979224386,0.07166192467777766,8662.0,7070.0,121619.0,1592.0,128689.0,128689.0,0.012370909712562845,0.06730956025767548
37035,2023,1368.9674283786371,12,7.221812032732681,0.03929505350829565,8704.0,7102.0,125010.0,1602.0,132112.0,132112.0,0.012126074845585564,0.06588349279399297
37035,2024,1395.4770789031925,12,7.240991627834815,0.019179595102134073,,,,,,,,
37035,2025,1453.2650785937503,12,7.281568082301759,0.0405764544669438,,,,,,,,
37035,2026,1475.3920125270029,4,7.296679004667758,0.015110922365998647,,,,,,,,
37037,2022,1593.6792780615003,11,7.37380063337251,,5502.0,4104.0,61328.0,1398.0,65432.0,65432.0,0.021365692627460568,0.08408729673554224
37037,2023,1697.8845621395633,12,7.437138379954559,0.06333774658204927,5643.0,3880.0,63911.0,1763.0,67791.0,67791.0,0.026006402029767964,0.0832411382041864
37037,2024,1732.3960184594152,12,7.45726071105765,0.020122331103090474,,,,,,,,
37037,2025,1773.2352520518373,12,7.480560983144657,0.023300272087007023,,,,,,,,
37037,2026,1774.3248925986722,4,7.481175287363146,0.0006143042184891812,,,,,,,,
37039,2026,1841.6666666666663,1,7.5184262377178435,,,,,,,,,
37045,2023,1128.8584739739824,11,7.02896220108742,,4845.0,3940.0,73253.0,905.0,77193.0,77193.0,0.011723860971849779,0.0627647584625549
37045,2024,1167.4150024978994,12,7.062547183893128,0.03358498280570732,,,,,,,,
37045,2025,1192.7900806795333,12,7.084050447419584,0.021503263526455818,,,,,,,,
37045,2026,1206.655242707422,4,7.095607548737352,0.011557101317768215,,,,,,,,
37049,2021,1168.624682622276,8,7.063582851429263,,7517.0,7244.0,72140.0,273.0,79384.0,79384.0,0.0034389801471329234,0.09469162551647688
37049,2022,1302.498531858626,12,7.172039646455007,0.10845679502574335,7668.0,6730.0,74273.0,938.0,81003.0,81003.0,0.011579818031430935,0.0946631606236806
37049,2023,1373.768438289643,12,7.225312927494651,0.053273281039643905,7092.0,6579.0,77033.0,513.0,83612.0,83612.0,0.0061354829450318135,0.08482036071377315
37049,2024,1439.7601643762,12,7.272231826182108,0.04691889868745758,,,,,,,,
37049,2025,1523.6671387113513,12,7.328875299471956,0.056643473289847535,,,,,,,,
37049,2026,1556.3319896669077,4,7.350087042948572,0.021211743476616363,,,,,,,,
37051,2015,772.6799942366561,12,6.649864983879191,,,,,,,,,
37051,2016,781.2883151181189,12,6.660944243199218,0.01107925932002729,,,,,,,,
37051,2017,798.7355920622739,12,6.683029967422357,0.022085724223138925,,,,,,,,
37051,2018,823.0648706004682,12,6.713035019685555,0.030005052263198273,,,,,,,,
37051,2019,862.6394342949467,12,6.759996798790131,0.046961779104575996,,,,,,,,
37051,2020,927.4687216421295,12,6.832459070616052,0.07246227182592069,27780.0,30375.0,228209.0,-2595.0,258584.0,258584.0,-0.010035423692107788,0.10743124091204405
37051,2021,1087.310825176303,12,6.991462793970241,0.15900372335418922,26566.0,29231.0,221851.0,-2665.0,251082.0,251082.0,-0.010614062338200269,0.1058060713233127
37051,2022,1244.1246602497874,12,7.126187477482527,0.13472468351228617,26405.0,28124.0,225016.0,-1719.0,253140.0,253140.0,-0.0067907086987437785,0.10430986805720155
37051,2023,1312.8419914716953,12,7.179949525455449,0.0537620479729215,25070.0,27617.0,230792.0,-2547.0,258409.0,258409.0,-0.009856467847482092,0.09701674477282138
37051,2024,1353.2473163365216,12,7.210262402550437,0.03031287709498809,,,,,,,,
37051,2025,1403.5931521066175,12,7.246790764890246,0.036528362339809384,,,,,,,,
37051,2026,1425.263888502523,4,7.262112260472192,0.015321495581946287,,,,,,,,
37053,2026,2798.057247728132,2,7.93668061524776,,,,,,,,,
37055,2026,2100.0,1,7.649692623711514,,,,,,,,,
37057,2020,1017.0226242212093,3,6.924634641839674,,9404.0,7535.0,127488.0,1869.0,135023.0,135023.0,0.01384208616309814,0.06964739340704917
37057,2021,1085.9699415094317,12,6.990228821942722,0.06559418010304796,9383.0,7348.0,124466.0,2035.0,131814.0,131814.0,0.015438420805073816,0.0711836375498809
37057,2022,1216.8446752938137,12,7.1040164556670575,0.11378763372433554,9425.0,7122.0,128248.0,2303.0,135370.0,135370.0,0.017012632045504912,0.06962399349929822
37057,2023,1298.3288192890834,12,7.16883319283153,0.06481673716447212,9504.0,7097.0,132347.0,2407.0,139444.0,139444.0,0.01726140959811824,0.06815639253033476
37057,2024,1370.7008522406093,12,7.223077458992894,0.054244266161364685,,,,,,,,
37057,2025,1427.7453230983385,12,7.263851781824908,0.04077432283201343,,,,,,,,
37057,2026,1458.7205551386235,4,7.285314998402101,0.0214632165771933,,,,,,,,
37059,2025,1792.0365268342866,4,7.491107976605202,,,,,,,,,
37059,2026,1785.7376314089256,4,7.487586847738619,-0.0035211288665824014,,,,,,,,
37061,2026,1475.0,1,7.29641326877392,,,,,,,,,
37063,2015,1075.8191805065685,12,6.980837678743757,,,,,,,,,
37063,2016,1124.0983202732862,12,7.0247365001807935,0.04389882143703616,,,,,,,,
37063,2017,1177.4354267785995,12,7.071093985133003,0.04635748495220948,,,,,,,,
37063,2018,1226.65217511294,12,7.1120439286584585,0.040949943525455446,,,,,,,,
37063,2019,1285.3280380318895,12,7.158769247265372,0.046725318606913646,,,,,,,,
37063,2020,1319.6822388880094,12,7.1851462584856085,0.02637701122023639,22499.0,24055.0,217194.0,-1556.0,241249.0,241249.0,-0.006449767667430746,0.0932604901989231
37063,2021,1443.7275664367928,12,7.2749836357506235,0.08983737726501495,21646.0,24246.0,209662.0,-2600.0,233908.0,233908.0,-0.011115481300340305,0.09254065701044856
37063,2022,1624.5708098618195,12,7.392998942870687,0.11801530712006336,21517.0,23788.0,215292.0,-2271.0,239080.0,239080.0,-0.00949891249790865,0.08999916345992973
37063,2023,1672.3303374667048,12,7.42197334438542,0.028974401514733295,22124.0,23296.0,219766.0,-1172.0,243062.0,243062.0,-0.004821815010162016,0.09102204375838263
37063,2024,1684.7308895821525,12,7.4293611205847565,0.007387776199336393,,,,,,,,
37063,2025,1689.0744557702328,12,7.43193599858943,0.0025748780046734865,,,,,,,,
37063,2026,1697.742641141269,4,7.437054789507269,0.005118790917839178,,,,,,,,
37065,2023,908.1430728179045,7,6.811401935371288,,2879.0,2526.0,33642.0,353.0,36168.0,36168.0,0.009760008847600088,0.07960075204600751
37065,2024,965.6404467645984,11,6.872791556607588,0.061389621236299874,,,,,,,,
37065,2025,1018.8574103558927,12,6.926437092475531,0.053645535867943295,,,,,,,,
37065,2026,1033.6366544509679,4,6.940838595297152,0.014401502821621115,,,,,,,,
37067,2015,826.5483831539344,12,6.717258455358864,,,,,,,,,
37067,2016,850.3927688563762,12,6.745698323765311,0.028439868406447744,,,,,,,,
37067,2017,885.3075792172685,12,6.785935131765569,0.04023680800025797,,,,,,,,
37067,2018,927.6979617586713,12,6.832706207565804,0.04677107580023421,,,,,,,,
37067,2019,975.2795482216519,12,6.882724146027405,0.0500179384616013,,,,,,,,
37067,2020,1034.3051508898059,12,6.94148512844465,0.05876098241724481,18615.0,17766.0,280871.0,849.0,298637.0,298637.0,0.00284291631646447,0.062333200507639706
37067,2021,1163.9967064496532,12,7.059614798776773,0.11812967033212285,18931.0,18031.0,272079.0,900.0,290110.0,290110.0,0.0031022715521698664,0.0652545586156975
37067,2022,1307.935253913453,12,7.176205030725808,0.1165902319490355,18966.0,16926.0,279565.0,2040.0,296491.0,296491.0,0.006880478665456962,0.06396821488679251
37067,2023,1377.5491185918718,12,7.2280611981712894,0.05185616744548138,18431.0,17627.0,286503.0,804.0,304130.0,304130.0,0.0026436063525466084,0.06060237398480913
37067,2024,1438.0330232833523,12,7.271031502748428,0.04297030457713813,,,,,,,,
37067,2025,1497.8156107290777,12,7.311763066199916,0.040731563451488206,,,,,,,,
37067,2026,1526.640388508407,4,7.330824775524561,0.019061709324645015,,,,,,,,
37069,2022,1560.1544787652454,7,7.352540120190462,,6073.0,3832.0,51568.0,2241.0,55400.0,55400.0,0.04045126353790614,0.10962093862815885
37069,2023,1609.4936172878204,12,7.383674885081929,0.031134764891466382,6027.0,3998.0,54848.0,2029.0,58846.0,58846.0,0.03447982870543453,0.10241987560751793
37069,2024,1679.607315045215,12,7.426315304031094,0.04264041894916559,,,,,,,,
37069,2025,1743.9966613550766,12,7.463934690106472,0.03761938607537729,,,,,,,,
37069,2026,1791.0024470811447,4,7.490530768380909,0.026596078274437218,,,,,,,,
37071,2015,874.3783080697364,12,6.773513128766111,,,,,,,,,
37071,2016,916.6258501890389,12,6.820699373934645,0.04718624516853431,,,,,,,,
37071,2017,990.1975436636808,12,6.897904462277589,0.07720508834294382,,,,,,,,
37071,2018,1040.3146707825897,12,6.947278514431116,0.04937405215352708,,,,,,,,
37071,2019,1102.8884258263877,12,7.00568785894784,0.05840934451672375,,,,,,,,
37071,2020,1177.837445573347,12,7.071435362816557,0.06574750386871742,13578.0,11357.0,163713.0,2221.0,175070.0,175070.0,0.012686354029816644,0.07755754840920774
37071,2021,1322.9232398139725,12,7.187599142638827,0.11616377982226922,14405.0,11343.0,160214.0,3062.0,171557.0,171557.0,0.01784829531875703,0.08396626194209504
37071,2022,1474.1380526103155,12,7.295828726850924,0.10822958421209705,13941.0,11221.0,165048.0,2720.0,176269.0,176269.0,0.015430960634030941,0.0790893463967005
37071,2023,1551.6612766121114,12,7.347081427317654,0.051252700466730694,13447.0,11461.0,169704.0,1986.0,181165.0,181165.0,0.010962382358623355,0.07422515386526095
37071,2024,1612.7246638799108,12,7.385680365402055,0.038598938084400736,,,,,,,,
37071,2025,1662.2672812048968,12,7.415937781501585,0.0302574160995297,,,,,,,,
37071,2026,1662.2294608880609,4,7.415915028995102,-2.2752506482426327e-05,,,,,,,,
37077,2026,1857.6741122052754,3,7.527080506899106,,,,,,,,,
37081,2015,806.0843043555298,12,6.692188333011454,,,,,,,,,
37081,2016,828.8936180067668,12,6.720091821215406,0.027903488203952165,,,,,,,,
37081,2017,858.383169867273,12,6.755050584725484,0.03495876351007787,,,,,,,,
37081,2018,893.1759103440213,12,6.7947835495441105,0.03973296481862665,,,,,,,,
37081,2019,939.2515061025005,12,6.8450832879688965,0.05029973842478608,,,,,,,,
37081,2020,993.1666206427955,12,6.900898445178392,0.05581515720949515,25889.0,25700.0,391832.0,189.0,417532.0,417532.0,0.00045265991588668654,0.06200482837243612
37081,2021,1100.8492773571309,12,7.003837231218153,0.10293878603976125,24889.0,25379.0,378999.0,-490.0,404378.0,404378.0,-0.0012117375327045487,0.06154884786017043
37081,2022,1250.361167044147,12,7.13118772219838,0.127350490980227,25446.0,24939.0,386900.0,507.0,411839.0,411839.0,0.0012310635952398875,0.061786280561093046
37081,2023,1323.2208342268132,12,7.187824069480124,0.05663634728174394,25329.0,24670.0,394550.0,659.0,419220.0,419220.0,0.001571966986307905,0.06041935022184056
37081,2024,1379.1040254823808,12,7.229189310395894,0.041365240915769874,,,,,,,,
37081,2025,1421.8644558734031,12,7.259724286462345,0.03053497606645106,,,,,,,,
37081,2026,1439.406185045304,4,7.271985936025223,0.012261649562877786,,,,,,,,
37083,2026,991.022953940772,3,6.898737696464138,,,,,,,,,
37085,2021,1388.8404466446837,8,7.2362244669300795,,14413.0,12067.0,89232.0,2346.0,101299.0,101299.0,0.02315916247939269,0.14228175993840017
37085,2022,1542.1666840160121,12,7.340943644270956,0.10471917734087643,13472.0,11529.0,94039.0,1943.0,105568.0,105568.0,0.01840519854501364,0.12761442861473174
37085,2023,1631.7787805299565,12,7.3974259751903055,0.05648233091934962,13763.0,11187.0,99014.0,2576.0,110201.0,110201.0,0.023375468462173664,0.1248899737751926
37085,2024,1703.1619039588834,12,7.4402417459963806,0.042815770806075015,,,,,,,,
37085,2025,1742.965755915486,12,7.46334339869219,0.023101652695809882,,,,,,,,
37085,2026,1778.8967759778222,4,7.483748662361164,0.020405263668973994,,,,,,,,
37087,2024,1519.2143317916473,12,7.325948593229017,,,,,,,,,
37087,2025,1615.3668322047215,12,7.387317350548256,0.0613687573192383,,,,,,,,
37087,2026,1725.2393784642,4,7.453121089961951,0.06580373941369544,,,,,,,,
37089,2021,1505.3244588977245,7,7.31676374125483,,7193.0,5765.0,84975.0,1428.0,90740.0,90740.0,0.015737271324663876,0.07927044302402468
37089,2022,1675.085409713479,12,7.423619433832895,0.10685569257806549,7234.0,5709.0,87495.0,1525.0,93204.0,93204.0,0.016361958714218274,0.07761469464829836
37089,2023,1785.863426191405,12,7.487657289414776,0.0640378555818808,6533.0,5596.0,90431.0,937.0,96027.0,96027.0,0.009757672321326294,0.0680329490664084
37089,2024,1885.9848258488703,12,7.542205417481752,0.054548128066976176,,,,,,,,
37089,2025,1918.886402786459,12,7.559500298208884,0.01729488072713181,,,,,,,,
37089,2026,1958.3235724903252,4,7.579844066071569,0.02034376786268499,,,,,,,,
37093,2021,1327.2737254571257,1,7.190882286954513,,6002.0,5592.0,34869.0,410.0,40461.0,40461.0,0.010133214700575863,0.1483403771533081
37093,2022,1458.1103351370082,12,7.284896585382304,0.09401429842779141,5388.0,5289.0,36553.0,99.0,41842.0,41842.0,0.002366043688160222,0.12877013527078054
37093,2023,1531.264913963404,12,7.333849413976809,0.048952828594504894,5402.0,5001.0,37971.0,401.0,42972.0,42972.0,0.009331657823699152,0.12570976449781254
37093,2024,1601.4333811178224,12,7.37865437038058,0.04480495640377047,,,,,,,,
37093,2025,1678.3030552340797,12,7.425538475746296,0.04688410536571652,,,,,,,,
37093,2026,1700.975922645442,4,7.438957437472308,0.013418961726012313,,,,,,,,
37097,2015,995.2372568719933,12,6.902981157851702,,,,,,,,,
37097,2016,1033.2022825093752,12,6.940418270384339,0.03743711253263715,,,,,,,,
37097,2017,1068.932273756242,12,6.974415554253072,0.03399728386873324,,,,,,,,
37097,2018,1108.0583445290522,12,7.010364523438066,0.035948969184993906,,,,,,,,
37097,2019,1159.631942801491,12,7.0558579430647,0.04549341962663345,,,,,,,,
37097,2020,1224.7561668775363,12,7.110497055719346,0.05463911265464638,13355.0,9426.0,143264.0,3929.0,152690.0,152690.0,0.02573187504093261,0.08746479795664418
37097,2021,1391.5752685430525,12,7.238191671161724,0.12769461544237792,13282.0,9688.0,140563.0,3594.0,150251.0,150251.0,0.023919973910323394,0.08839874609819569
37097,2022,1533.4918690042002,12,7.335302681293233,0.09711101013150891,12732.0,9748.0,146222.0,2984.0,155970.0,155970.0,0.019131884336731422,0.0816310829005578
37097,2023,1592.9809466413574,12,7.373362349161405,0.03805966786817194,12975.0,9692.0,152039.0,3283.0,161731.0,161731.0,0.02029913869326227,0.08022580704997805
37097,2024,1625.2050041151713,12,7.393389243185358,0.02002689402395319,,,,,,,,
37097,2025,1659.5576459221375,12,7.414306367478764,0.020917124293405642,,,,,,,,
37097,2026,1677.4244568553027,4,7.425014834660607,0.010708467181843595,,,,,,,,
37099,2024,1166.0368824894254,1,7.061365998047754,,,,,,,,,
37099,2025,1224.3276616592918,12,7.1101471246817685,0.04878112663401435,,,,,,,,
37099,2026,1280.6972381001312,4,7.155159925874794,0.04501280119302553,,,,,,,,
37101,2015,1062.9095761641374,12,6.968765309967516,,,,,,,,,
37101,2016,1105.7187418743888,12,7.008250847639295,0.03948553767177909,,,,,,,,
37101,2017,1147.7419117431002,12,7.045551736049916,0.037300888410620736,,,,,,,,
37101,2018,1206.171886163498,12,7.095206892971667,0.0496551569217516,,,,,,,,
37101,2019,1271.1490105627488,12,7.147676503155244,0.052469610183576876,,,,,,,,
37101,2020,1333.4125567909923,12,7.195496767262007,0.04782026410676288,17554.0,11434.0,161220.0,6120.0,172654.0,172654.0,0.03544661577490241,0.1016715511948753
37101,2021,1485.8914954544987,12,7.303770204748042,0.10827343748603457,18650.0,11906.0,160040.0,6744.0,171946.0,171946.0,0.03922161608877205,0.1084642852988729
37101,2022,1645.7815603004672,12,7.405970663013857,0.10220045826581536,17070.0,12126.0,168398.0,4944.0,180524.0,180524.0,0.027386940240632825,0.0945580643016995
37101,2023,1705.4909380942308,12,7.441608288502005,0.03563762548814786,16074.0,11651.0,178227.0,4423.0,189878.0,189878.0,0.02329390450710456,0.0846543570081842
37101,2024,1758.1276503513934,12,7.472004686730447,0.030396398228441868,,,,,,,,
37101,2025,1792.55639396633,12,7.491398033047969,0.01939334631752221,,,,,,,,
37101,2026,1798.6344443955863,4,7.494783013967335,0.0033849809193657876,,,,,,,,
37105,2023,1519.6479575233302,7,7.326233980122757,,4364.0,3761.0,47065.0,603.0,50826.0,50826.0,0.011864006610789754,0.08586156691457128
37105,2024,1585.2029416050227,12,7.368467716982627,0.04223373685986953,,,,,,,,
37105,2025,1622.1355340154885,12,7.391498790996693,0.023031074014066455,,,,,,,,
37105,2026,1651.1735388135035,4,7.409241549730966,0.01774275873427289,,,,,,,,
37107,2025,1085.2086842048311,4,6.989527583153081,,,,,,,,,
37107,2026,1065.8423927270474,4,6.971520744570857,-0.01800683858222385,,,,,,,,
37109,2022,1448.4091703104261,11,7.278221109209766,,6877.0,4482.0,69167.0,2395.0,73649.0,73649.0,0.03251911091800296,0.09337533435620307
37109,2023,1532.368539951223,12,7.334569882696164,0.05634877348639833,6284.0,4576.0,73034.0,1708.0,77610.0,77610.0,0.02200747326375467,0.0809689473006056
37109,2024,1594.106510750719,12,7.374068676911242,0.03949879421507774,,,,,,,,
37109,2025,1659.3590640962284,12,7.41418670082636,0.04011802391511843,,,,,,,,
37109,2026,1645.3385436283088,4,7.405701443622984,-0.008485257203376229,,,,,,,,
37111,2025,1661.6865281442958,5,7.415588346401208,,,,,,,,,
37111,2026,1719.4759933934452,4,7.449774868386925,0.03418652198571692,,,,,,,,
37113,2026,1129.5166606663636,3,7.029545086278565,,,,,,,,,
37119,2015,1039.731011718646,12,6.946717316103433,,,,,,,,,
37119,2016,1092.873544965641,12,6.996565786117935,0.04984847001450188,,,,,,,,
37119,2017,1157.0877820017647,12,7.053661594671556,0.05709580855362173,,,,,,,,
37119,2018,1212.818813357533,12,7.10070252710085,0.04704093242929375,,,,,,,,
37119,2019,1276.1004515031111,12,7.1515641845547036,0.050861657453853404,,,,,,,,
37119,2020,1310.9535383866041,12,7.178510043308543,0.026945858753839147,64946.0,68770.0,804308.0,-3824.0,873078.0,873078.0,-0.004379906491745297,0.07438739723140429
37119,2021,1451.268174564908,12,7.280193056320356,0.10168301301181337,65343.0,69619.0,779660.0,-4276.0,849279.0,849279.0,-0.005034858980382183,0.07693938034497497
37119,2022,1644.3569655235854,12,7.405104684359933,0.12491162803957678,67453.0,68477.0,798799.0,-1024.0,867276.0,867276.0,-0.0011807083327568155,0.07777570231391161
37119,2023,1704.1624774000322,12,7.440829053430556,0.03572436907062304,66121.0,65998.0,821064.0,123.0,887062.0,887062.0,0.00013865998092579774,0.0745393219414201
37119,2024,1711.5248192312956,12,7.445139959314873,0.004310905884317151,,,,,,,,
37119,2025,1730.6562611224374,12,7.456255957249227,0.011115997934354027,,,,,,,,
37119,2026,1723.0789275246884,4,7.451868043676496,-0.004387913572730717,,,,,,,,
37125,2015,1199.8904377704803,9,7.089985529749891,,,,,,,,,
37125,2016,1199.909809620797,12,7.090001674302203,1.6144552312802318e-05,,,,,,,,
37125,2017,1207.86638355182,12,7.09661076273453,0.006609088432326438,,,,,,,,
37125,2018,1246.175639358095,12,7.127834651979799,0.0312238892452692,,,,,,,,
37125,2019,1280.4137247674269,12,7.154938527163084,0.027103875183285275,,,,,,,,
37125,2020,1342.425948673808,12,7.20223366558706,0.04729513842397548,8450.0,6052.0,77729.0,2398.0,83781.0,83781.0,0.028622241319630943,0.10085818980437092
37125,2021,1505.4172600301047,12,7.31682538794596,0.11459172235890058,8575.0,6028.0,76647.0,2547.0,82675.0,82675.0,0.030807378288478984,0.10371938312670094
37125,2022,1693.444158364586,12,7.434519697615903,0.11769430966994232,7868.0,5801.0,80017.0,2067.0,85818.0,85818.0,0.024085856114101935,0.09168239763219838
37125,2023,1791.488003381305,12,7.4908018403124865,0.056282142696583826,6920.0,5978.0,83721.0,942.0,89699.0,89699.0,0.010501789317606662,0.07714690241808715
37125,2024,1837.286782490435,12,7.516045187614309,0.02524334730182254,,,,,,,,
37125,2025,1850.7172257006525,12,7.523328532508108,0.007283344893799004,,,,,,,,
37125,2026,1850.6532781889,4,7.523293979084347,-3.4553423761352065e-05,,,,,,,,
37127,2022,1098.5415895435876,10,7.001738751411657,,5325.0,4502.0,69726.0,823.0,74228.0,74228.0,0.011087460257584739,0.07173842754755617
37127,2023,1201.037661414318,12,7.090941179968269,0.08920242855661176,5088.0,4711.0,71052.0,377.0,75763.0,75763.0,0.004976043715269987,0.06715679157372333
37127,2024,1260.8410934124893,12,7.139534311697858,0.048593131729589345,,,,,,,,
37127,2025,1339.7244494239828,12,7.20021923704101,0.06068492534315162,,,,,,,,
37127,2026,1314.8037987956254,4,7.181442731043287,-0.018776505997722737,,,,,,,,
37129,2015,898.2446175486497,12,6.8004424338227665,,,,,,,,,
37129,2016,935.2297515229084,12,6.8407922226575115,0.04034978883474505,,,,,,,,
37129,2017,986.2827549417843,12,6.893943083209893,0.05315086055238183,,,,,,,,
37129,2018,1041.4018605863505,12,6.948323027347474,0.054379944137580516,,,,,,,,
37129,2019,1126.1061252141342,12,7.02652105400453,0.07819802665705655,,,,,,,,
37129,2020,1184.3707678168234,12,7.076966914917134,0.05044586091260328,13904.0,12413.0,156573.0,1491.0,168986.0,168986.0,0.008823216124412673,0.08227900536139088
37129,2021,1336.1635709997752,12,7.197557779985301,0.1205908650681673,15240.0,12240.0,153786.0,3000.0,166026.0,166026.0,0.01806945900039753,0.09179285172201944
37129,2022,1574.460759815406,12,7.361668117915751,0.16411033793044982,14604.0,12214.0,158824.0,2390.0,171038.0,171038.0,0.013973502964253558,0.08538453443094517
37129,2023,1610.0333552646835,12,7.384010175319607,0.022342057403855975,14238.0,12529.0,164658.0,1709.0,177187.0,177187.0,0.009645177129247631,0.08035578230908588
37129,2024,1612.8384052193248,12,7.3857508903535285,0.0017407150339217026,,,,,,,,
37129,2025,1635.1429763115666,12,7.399485526793424,0.013734636439895809,,,,,,,,
37129,2026,1633.057041394869,4,7.398209022792052,-0.0012765040013720252,,,,,,,,
37133,2015,844.1328872481621,12,6.738309931548273,,,,,,,,,
37133,2016,841.8472120804134,12,6.73559853943997,-0.002711392108303734,,,,,,,,
37133,2017,852.4560901556332,12,6.748121700682316,0.012523161242346426,,,,,,,,
37133,2018,882.5347478216396,12,6.782798162334445,0.03467646165212912,,,,,,,,
37133,2019,962.187665299294,12,6.869209509914109,0.08641134757966373,,,,,,,,
37133,2020,996.9529157495261,12,6.9047035429184005,0.03549403300429166,21972.0,23285.0,130642.0,-1313.0,153927.0,153927.0,-0.008530017475816458,0.14274298855951198
37133,2021,1108.3526927703992,12,7.010630131430558,0.10592658851215742,21330.0,21657.0,129120.0,-327.0,150777.0,150777.0,-0.002168765793191269,0.14146719990449472
37133,2022,1302.609040684925,12,7.172124486580251,0.16149435514969301,21242.0,20428.0,133363.0,814.0,153791.0,153791.0,0.005292897503755096,0.13812251692231664
37133,2023,1367.1490829225538,12,7.220482889243165,0.048358402662914024,20844.0,20323.0,140901.0,521.0,161224.0,161224.0,0.00323152880464447,0.12928596238773385
37133,2024,1414.4734889518652,12,7.254512648220182,0.034029758977016655,,,,,,,,
37133,2025,1467.3841557317862,12,7.29123660871021,0.03672396049002824,,,,,,,,
37133,2026,1503.8271427845957,4,7.315768566245458,0.02453195753524806,,,,,,,,
37135,2015,1019.4398908681268,11,6.927008628853212,,,,,,,,,
37135,2016,1059.758322511233,12,6.96579616347979,0.0387875346265778,,,,,,,,
37135,2017,1096.85274856456,12,7.000200220239514,0.034404056759724355,,,,,,,,
37135,2018,1144.9825599780747,12,7.043144684412144,0.04294446417262954,,,,,,,,
37135,2019,1200.4810113017547,12,7.09047759821156,0.04733291379941651,,,,,,,,
37135,2020,1250.1189833082424,12,7.130994012412979,0.04051641420141916,10213.0,10137.0,98283.0,76.0,108420.0,108420.0,0.0007009776793949456,0.09419848736395499
37135,2021,1362.6419163918579,12,7.217180679932958,0.0861866675199785,10041.0,10073.0,95077.0,-32.0,105150.0,105150.0,-0.0003043271516880647,0.09549215406562055
37135,2022,1541.9677616131928,12,7.34081464703909,0.12363396710613195,9879.0,9555.0,97973.0,324.0,107528.0,107528.0,0.0030131686630459043,0.09187374451305706
37135,2023,1602.3650062993638,12,7.37923594580771,0.038421298768620105,9067.0,10124.0,100883.0,-1057.0,111007.0,111007.0,-0.009521922040952372,0.08167953372309854
37135,2024,1635.960426074319,12,7.399985327428998,0.02074938162128781,,,,,,,,
37135,2025,1689.403984815596,12,7.43213107400708,0.03214574657808189,,,,,,,,
37135,2026,1701.2813145453176,4,7.439136960582647,0.007005886575567111,,,,,,,,
37139,2022,1246.6903787903946,1,7.128247621979685,,2489.0,2235.0,28352.0,254.0,30587.0,30587.0,0.008304181515022721,0.08137444012162029
37139,2023,1300.303028119726,12,7.1703526148400165,0.04210499286033187,2450.0,2291.0,29019.0,159.0,31310.0,31310.0,0.005078249760459917,0.07824976045991695
37139,2024,1385.8588918752666,12,7.234075364953093,0.06372275011307682,,,,,,,,
37139,2025,1465.0845169768372,12,7.289668210556291,0.05559284560319799,,,,,,,,
37139,2026,1485.5282861490382,4,7.303525736221906,0.013857525665614823,,,,,,,,
37141,2022,1773.121703212728,12,7.480496946252386,,6121.0,3543.0,46573.0,2578.0,50116.0,50116.0,0.05144065767419587,0.12213664298826722
37141,2023,1878.8786900623745,12,7.538430436425847,0.057933490173461166,5886.0,3885.0,49942.0,2001.0,53827.0,53827.0,0.03717465212625634,0.10935032604455014
37141,2024,1903.8175588772604,12,7.5516163908428835,0.013185954417036072,,,,,,,,
37141,2025,1944.6265085454672,12,7.572825211158333,0.021208820315449906,,,,,,,,
37141,2026,1977.0103103937756,4,7.589341038328376,0.01651582717004274,,,,,,,,
37147,2015,737.0441675055436,12,6.6026478191664655,,,,,,,,,
37147,2016,759.4240677563453,12,6.632560340416825,0.029912521250359703,,,,,,,,
37147,2017,783.5506122470165,12,6.66383565734473,0.031275316927905195,,,,,,,,
37147,2018,824.8431963041279,12,6.715193303184118,0.05135764583938762,,,,,,,,
37147,2019,863.0364913984854,12,6.760456974544609,0.04526367136049103,,,,,,,,
37147,2020,911.2850870058843,12,6.814855786840456,0.05439881229584653,8232.0,8041.0,117616.0,191.0,125657.0,125657.0,0.0015200108231137144,0.06551167065901621
37147,2021,992.8475616279874,12,6.9005771392980995,0.0857213524576439,8393.0,8138.0,114900.0,255.0,123038.0,123038.0,0.0020725304377509387,0.0682146978982103
37147,2022,1122.0207410089668,12,7.022886571659525,0.12230943236142533,8531.0,8091.0,118062.0,440.0,126153.0,126153.0,0.0034878282720188975,0.06762423406498458
37147,2023,1211.5496801236916,12,7.099655546534005,0.0767689748744802,8728.0,8192.0,120638.0,536.0,128830.0,128830.0,0.0041605216176356435,0.06774819529612668
37147,2024,1270.3035041943856,12,7.14701113058216,0.04735558404815521,,,,,,,,
37147,2025,1307.509505647414,12,7.1758794660062755,0.028868335424115266,,,,,,,,
37147,2026,1345.5262958014996,4,7.204540513492525,0.028661047486249203,,,,,,,,
37149,2026,2072.5,1,7.63651088700945,,,,,,,,,
37151,2022,864.3310043995646,1,6.7619558023812685,,6460.0,4902.0,108312.0,1558.0,113214.0,113214.0,0.013761548925044605,0.057060080908721535
37151,2023,906.6113014046858,12,6.8097138041302285,0.047758001748960055,6040.0,5263.0,111431.0,777.0,116694.0,116694.0,0.006658440022623271,0.051759302106363654
37151,2024,984.1756256918029,12,6.891804362520453,0.08209055839022472,,,,,,,,
37151,2025,1013.2671469929993,12,6.920935188131574,0.029130825611121125,,,,,,,,
37151,2026,1032.7935437093379,4,6.940022588263221,0.01908740013164678,,,,,,,,
37155,2024,997.9917966053788,4,6.905745056443391,,,,,,,,,
37155,2025,1047.2824644284594,11,6.95395395903963,0.048208902596239334,,,,,,,,
37155,2026,1068.7091869763701,4,6.974206831897355,0.020252872857724924,,,,,,,,
37157,2024,900.3050612975776,8,6.802733662888674,,,,,,,,,
37157,2025,948.1897483759859,12,6.854554638741132,0.051820975852458595,,,,,,,,
37157,2026,979.2355169873182,4,6.886772182533396,0.032217543792263825,,,,,,,,
37159,2020,883.349078278794,6,6.783720454619863,,7661.0,6529.0,106228.0,1132.0,112757.0,112757.0,0.01003928802646399,0.06794256675860479
37159,2021,998.6525463976225,11,6.906406916747836,0.12268646212797307,7864.0,6576.0,102708.0,1288.0,109284.0,109284.0,0.011785805790417627,0.07195929870795359
37159,2022,1118.6305243248664,12,7.01986046998663,0.11345355323879325,8034.0,6031.0,106464.0,2003.0,112495.0,112495.0,0.017805235788257257,0.0714165074003289
37159,2023,1212.2451567555047,12,7.100229420725268,0.08036895073863803,7612.0,6248.0,109470.0,1364.0,115718.0,115718.0,0.011787275963981403,0.06578060457318655
37159,2024,1269.352230236218,12,7.14626199439826,0.04603257367299207,,,,,,,,
37159,2025,1319.9464782491043,12,7.185346467977392,0.03908447357913225,,,,,,,,
37159,2026,1316.665245305901,4,7.18285748971197,-0.0024889782654220483,,,,,,,,
37161,2026,1056.933500945107,3,6.963127070877987,,,,,,,,,
37167,2024,1425.9025382061432,1,7.262560252359526,,,,,,,,,
37167,2025,1508.288885386997,12,7.318731098780004,0.056170846420478426,,,,,,,,
37167,2026,1544.266190162846,4,7.342304118680251,0.023573019900246628,,,,,,,,
37171,2026,1002.8792491960546,2,6.910630391079481,,,,,,,,,
37175,2025,2106.1059701663353,8,7.6525960096456345,,,,,,,,,
37175,2026,2121.045771481793,4,7.659664534474123,0.0070685248284885205,,,,,,,,
37179,2015,1223.2142999349105,12,7.109237345140787,,,,,,,,,
37179,2016,1274.0653623509802,12,7.1499681396441455,0.04073079450335815,,,,,,,,
37179,2017,1320.8634375811027,12,7.186040921117206,0.03607278147306037,,,,,,,,
37179,2018,1371.14704488029,12,7.223402927553049,0.037362006435842865,,,,,,,,
37179,2019,1424.4115442080604,12,7.261514055981888,0.0381111284288389,,,,,,,,
37179,2020,1491.6406739201132,12,7.3076319165840715,0.046117860602183924,17084.0,12272.0,192888.0,4812.0,205160.0,205160.0,0.02345486449600312,0.08327159290310002
37179,2021,1660.3090907220114,12,7.414759063247791,0.10712714666371959,16610.0,12273.0,187776.0,4337.0,200049.0,200049.0,0.0216796884763233,0.0830296577338552
37179,2022,1827.8748933013023,12,7.510909310558959,0.09615024731116772,17456.0,11852.0,195786.0,5604.0,207638.0,207638.0,0.026989279418988817,0.08406938999605082
37179,2023,1931.1161098679315,12,7.5658534100190185,0.054944099460059626,15834.0,11613.0,205635.0,4221.0,217248.0,217248.0,0.019429407865665046,0.0728844454264251
37179,2024,1988.6499837909241,12,7.595211287395998,0.029357877376979147,,,,,,,,
37179,2025,2042.4313121506902,12,7.621896196866692,0.026684909470694684,,,,,,,,
37179,2026,2046.2772515947127,4,7.6237774464193695,0.001881249552677211,,,,,,,,
37181,2025,940.6162424293946,9,6.846535237519833,,,,,,,,,
37181,2026,936.5792200217143,4,6.842234109893998,-0.004301127625835122,,,,,,,,
37183,2015,1087.532927110318,12,6.991667040307067,,,,,,,,,
37183,2016,1125.024726891374,12,7.025560293855975,0.03389325354890804,,,,,,,,
37183,2017,1164.95693922441,12,7.060439403277555,0.034879109421580345,,,,,,,,
37183,2018,1208.6933745566987,12,7.097295199388237,0.03685579611068235,,,,,,,,
37183,2019,1249.7704153350398,12,7.130715145695396,0.03341994630715828,,,,,,,,
37183,2020,1289.501759775108,12,7.1620111900161705,0.03129604432077482,66505.0,58735.0,873371.0,7770.0,932106.0,932106.0,0.008335961789753526,0.07134918131628806
37183,2021,1423.5246516799682,12,7.260891224221791,0.09888003420562086,68553.0,60819.0,852748.0,7734.0,913567.0,913567.0,0.008465717347496134,0.07503883130629718
37183,2022,1607.5550223828625,12,7.382469684068985,0.12157845984719362,66729.0,61126.0,881723.0,5603.0,942849.0,942849.0,0.005942627080264178,0.07077379304639449
37183,2023,1650.0358220745404,12,7.408552277007167,0.026082592938181826,66034.0,58997.0,915259.0,7037.0,974256.0,974256.0,0.007222947562037083,0.06777890000164227
37183,2024,1647.0365818730668,12,7.406732941147166,-0.0018193358600004927,,,,,,,,
37183,2025,1655.7729747452086,12,7.4120232330019995,0.005290291854833207,,,,,,,,
37183,2026,1650.2970729196186,4,7.408710594882324,-0.003312638119675526,,,,,,,,
37189,2025,1561.7395195387214,3,7.3535555556348005,,,,,,,,,
37189,2026,1753.7001747247286,4,7.469483220307294,0.11592766467249316,,,,,,,,
37191,2023,1202.361879229994,12,7.092043134035648,,6098.0,5863.0,87118.0,235.0,92981.0,92981.0,0.002527398070573558,0.06558329121003216
37191,2024,1268.711592223106,12,7.145757170192463,0.05371403615681558,,,,,,,,
37191,2025,1337.9566927266935,12,7.1988988729944605,0.05314170280199715,,,,,,,,
37191,2026,1350.0090115213607,4,7.207866546611204,0.008967673616743888,,,,,,,,
37193,2026,1269.493329098386,2,7.146373146383692,,,,,,,,,
37195,2023,1237.4497408246332,7,7.120807880143052,,3562.0,3297.0,58130.0,265.0,61427.0,61427.0,0.004314063848144953,0.05798752991355593
37195,2024,1295.864630799739,11,7.1669334199133665,0.04612553977031464,,,,,,,,
37195,2025,1310.019662977062,12,7.177797425988704,0.010864006075337329,,,,,,,,
37195,2026,1377.8513613979844,4,7.22828058029706,0.05048315430835615,,,,,,,,
37199,2026,1850.0,1,7.52294091807237,,,,,,,,,
38015,2022,1056.1009999873831,4,6.962339103620064,,4318.0,4350.0,78410.0,-32.0,82760.0,82760.0,-0.00038666022232962784,0.05217496375060416
38015,2023,1114.7201345151104,12,7.0163586519534595,0.05401954833339584,4224.0,4130.0,80860.0,94.0,84990.0,84990.0,0.001106012472055536,0.04969996470172962
38015,2024,1185.0309057241423,12,7.077524134009001,0.061165482055541176,,,,,,,,
38015,2025,1264.590958806381,12,7.142503996149628,0.06497986214062745,,,,,,,,
38015,2026,1306.1753858996697,4,7.174858593239305,0.03235459708967703,,,,,,,,
38017,2016,825.8592607692804,1,6.716424372525684,,,,,,,,,
38017,2017,842.2739909328899,12,6.736105366218053,0.01968099369236853,,,,,,,,
38017,2018,842.0016967026218,12,6.735782029326545,-0.00032333689150743083,,,,,,,,
38017,2019,857.0227611008513,12,6.753464477289262,0.017682447962716452,,,,,,,,
38017,2020,879.3654092323169,12,6.7792005214635545,0.02573604417429287,8955.0,9798.0,143221.0,-843.0,153019.0,153019.0,-0.005509119782510669,0.05852214430887667
38017,2021,910.7988346751068,12,6.814322054736754,0.03512153327319911,9359.0,9347.0,140176.0,12.0,149523.0,149523.0,8.025521157280151e-05,0.06259237709248744
38017,2022,963.5453047231322,12,6.870619507738208,0.056297453001454834,9556.0,9138.0,145114.0,418.0,154252.0,154252.0,0.0027098514119752093,0.06195057438477297
38017,2023,1020.7831088140739,12,6.928325365445466,0.05770585770725756,9201.0,8927.0,151394.0,274.0,160321.0,160321.0,0.0017090711759532439,0.057391109087393415
38017,2024,1078.294896359325,12,6.983136272833447,0.054810907387981445,,,,,,,,
38017,2025,1098.3529242348561,12,7.0015669950455575,0.018430722212110062,,,,,,,,
38017,2026,1121.3521581783648,4,7.022290520195554,0.020723525149996647,,,,,,,,
38035,2018,837.578911039282,11,6.730515481397051,,,,,,,,,
38035,2019,844.9564822535963,12,6.739285125739387,0.008769644342335958,,,,,,,,
38035,2020,867.5136088915206,12,6.765631199180988,0.026346073441601447,3593.0,4702.0,51339.0,-1109.0,56041.0,56041.0,-0.019789082992808838,0.06411377384414982
38035,2021,890.3533228009159,12,6.7916183758568875,0.025987176675899448,3524.0,4744.0,49039.0,-1220.0,53783.0,53783.0,-0.022683747652603982,0.06552256289162003
38035,2022,930.1295381823446,12,6.83532386481569,0.04370548895880244,3710.0,4479.0,50140.0,-769.0,54619.0,54619.0,-0.014079349676852378,0.06792508101576375
38035,2023,970.7077141592671,12,6.878025407693163,0.04270154287747285,3702.0,4083.0,51682.0,-381.0,55765.0,55765.0,-0.006832242445978661,0.06638572581368242
38035,2024,1032.684538430129,12,6.939917038579346,0.061891630886183435,,,,,,,,
38035,2025,1110.708871560302,12,7.0127537135007705,0.0728366749214242,,,,,,,,
38035,2026,1165.8127477155485,4,7.06117376028794,0.048420046787169824,,,,,,,,
38053,2025,1213.7452291276286,1,7.101466088909965,,,,,,,,,
38053,2026,1277.8461222859285,4,7.152931222591122,0.05146513368115713,,,,,,,,
38059,2024,1075.0775957244289,7,6.980148120025999,,,,,,,,,
38059,2025,1161.4561188631903,11,7.057429771783655,0.077281651757656,,,,,,,,
38059,2026,1248.390480829546,4,7.129610385271066,0.07218061348741145,,,,,,,,
38077,2025,807.6916458616024,2,6.694180359274298,,,,,,,,,
38077,2026,812.1516589305123,4,6.699687094803856,0.005506735529558604,,,,,,,,
38089,2025,1275.025997472658,11,7.150721847559283,,,,,,,,,
38089,2026,1266.7148388299047,4,7.144182086978408,-0.006539760580874798,,,,,,,,
38093,2022,880.3273988890733,2,6.780293882473101,,725.0,812.0,16032.0,-87.0,16844.0,16844.0,-0.005165043932557587,0.04304203277131323
38093,2023,934.0953774720288,12,6.839578550222975,0.059284667749873954,772.0,792.0,16239.0,-20.0,17031.0,17031.0,-0.0011743291644647994,0.04532910574834126
38093,2024,976.8061593280557,12,6.884288228395017,0.04470967817204219,,,,,,,,
38093,2025,1000.9031421669391,11,6.908658013561578,0.024369785166560298,,,,,,,,
38093,2026,1008.9281554161779,4,6.91664381406843,0.007985800506852492,,,,,,,,
38097,2026,1945.0,1,7.573017256052546,,,,,,,,,
38101,2021,817.0811370631434,10,6.7057384008997944,,4100.0,5428.0,51065.0,-1328.0,56493.0,56493.0,-0.023507337192218505,0.0725753633193493
38101,2022,843.8781287174248,12,6.738008086915434,0.03226968601563929,3824.0,5118.0,51620.0,-1294.0,56738.0,56738.0,-0.02280658465226127,0.06739751136804258
38101,2023,905.2226195678808,12,6.808180901922519,0.07017281500708528,3942.0,4640.0,52975.0,-698.0,57615.0,57615.0,-0.012114900633515578,0.06841968237438167
38101,2024,946.0835298558123,12,6.852330863098677,0.044149961176158214,,,,,,,,
38101,2025,1002.2616550484341,12,6.910014380338448,0.05768351723977094,,,,,,,,
38101,2026,1025.8266180497797,4,6.9332540231950155,0.023239642856567322,,,,,,,,
38105,2020,814.4152128375641,2,6.702470325432161,,3611.0,4740.0,30007.0,-1129.0,34747.0,34747.0,-0.03249201369902437,0.1039226408035226
38105,2021,849.6147873941336,12,6.744783055461129,0.04231273002896785,2347.0,4238.0,28291.0,-1891.0,32529.0,32529.0,-0.058132743090780536,0.07215100371975776
38105,2022,909.5409064594119,12,6.812939973812512,0.0681569183513826,2618.0,2887.0,27962.0,-269.0,30849.0,30849.0,-0.008719893675645888,0.08486498751985477
38105,2023,1066.6151858359362,12,6.972245535676189,0.15930556186367717,2801.0,2306.0,29323.0,495.0,31629.0,31629.0,0.01565019444180973,0.08855796895254356
38105,2024,1223.9200589183533,12,7.109814149598178,0.1375686139219896,,,,,,,,
38105,2025,1298.0759410079734,12,7.168638401722087,0.05882425212390885,,,,,,,,
38105,2026,1300.975482402525,4,7.17086963314087,0.0022312314187828974,,,,,,,,
39003,2024,1037.730183631923,7,6.944791091238345,,,,,,,,,
39003,2025,1079.8137919679127,12,6.984543890408593,0.03975279917024732,,,,,,,,
39003,2026,1146.7609502905127,4,7.044696682409683,0.06015279200109003,,,,,,,,
39005,2024,775.2110641579804,5,6.653135333124316,,,,,,,,,
39005,2025,794.212109636102,12,6.6773505661710635,0.02421523304674711,,,,,,,,
39005,2026,843.1392151273475,4,6.737132086867153,0.059781520696089885,,,,,,,,
39007,2026,906.25,1,6.809315206168884,,,,,,,,,
39009,2023,733.2862391451707,9,6.5975361292686525,,2229.0,2286.0,34457.0,-57.0,36743.0,36743.0,-0.001551315896905533,0.06066461638951637
39009,2024,785.273045093708,12,6.666031485449074,0.06849535618042157,,,,,,,,
39009,2025,841.3730412541104,12,6.735035130298585,0.06900364484951105,,,,,,,,
39009,2026,877.1739666044666,4,6.776705338269852,0.04167020797126675,,,,,,,,
39013,2026,928.7559700606721,3,6.833846024071252,,,,,,,,,
39017,2015,941.0314982541863,12,6.846976612196458,,,,,,,,,
39017,2016,966.0373887178848,12,6.8732025381404105,0.026225925943952788,,,,,,,,
39017,2017,999.6348274453958,12,6.907390039735799,0.034187501595388525,,,,,,,,
39017,2018,1028.3553425389148,12,6.935716050235452,0.028326010499652554,,,,,,,,
39017,2019,1064.7200809035937,12,6.970467208764091,0.03475115852863908,,,,,,,,
39017,2020,1110.9514463340086,12,7.012972086014981,0.042504877250890694,18979.0,18449.0,301002.0,530.0,319451.0,319451.0,0.0016590963872393574,0.059411302515878804
39017,2021,1212.0975867458444,12,7.100107680504964,0.08713559448998254,17555.0,17720.0,284743.0,-165.0,302463.0,302463.0,-0.0005455212703702601,0.05804015697787829
39017,2022,1350.6664122887553,12,7.208353388365369,0.1082457078604051,17135.0,17104.0,292071.0,31.0,309175.0,309175.0,0.00010026683916875555,0.05542168674698795
39017,2023,1425.2644506316753,12,7.262112654875676,0.0537592665103066,16727.0,16357.0,301578.0,370.0,317935.0,317935.0,0.001163759888027427,0.05261138282982371
39017,2024,1490.2248496308277,12,7.306682293346873,0.04456963847119777,,,,,,,,
39017,2025,1553.42013617391,12,7.348214318547284,0.04153202520041077,,,,,,,,
39017,2026,1579.379773490714,4,7.364787500530112,0.01657318198282809,,,,,,,,
39021,2026,912.5,1,6.816188085456647,,,,,,,,,
39023,2022,836.2458898072626,7,6.728922696401675,,4989.0,4904.0,100150.0,85.0,105054.0,105054.0,0.000809107696993927,0.04748986235650237
39023,2023,925.775402350202,11,6.83063165916903,0.10170896276735508,4621.0,4672.0,102722.0,-51.0,107394.0,107394.0,-0.0004748868651879993,0.043028474588896956
39023,2024,1017.6569838678093,12,6.92525818931578,0.09462653014675038,,,,,,,,
39023,2025,1083.5840418285954,12,6.988029383107845,0.06277119379206475,,,,,,,,
39023,2026,1152.4901605267798,4,7.04968023733048,0.061650854222635054,,,,,,,,
39025,2016,967.414212538911,8,6.874626751762162,,,,,,,,,
39025,2017,998.9468237475476,12,6.90670154774988,0.03207479598771812,,,,,,,,
39025,2018,1034.2481599560003,12,6.941430026230439,0.0347284784805586,,,,,,,,
39025,2019,1077.2804379063093,12,6.982195031289452,0.04076500505901315,,,,,,,,
39025,2020,1128.222327834529,12,7.028398511780606,0.04620348049115375,11206.0,10368.0,168702.0,838.0,179070.0,179070.0,0.0046797341821633994,0.06257887976768861
39025,2021,1246.8740959906702,12,7.128394975057952,0.09999646327734624,10586.0,9485.0,159817.0,1101.0,169302.0,169302.0,0.006503171846759046,0.0625273180470402
39025,2022,1379.0238495337928,12,7.229131172447079,0.10073619738912676,10114.0,9362.0,164673.0,752.0,174035.0,174035.0,0.00432096991984371,0.05811474703364266
39025,2023,1469.5244278680866,12,7.292694108972312,0.06356293652523348,10343.0,8924.0,170077.0,1419.0,179001.0,179001.0,0.007927330014916118,0.05778180010167541
39025,2024,1543.083160042248,12,7.341537745947977,0.04884363697566485,,,,,,,,
39025,2025,1594.8248545267643,12,7.374519200115358,0.03298145416738141,,,,,,,,
39025,2026,1640.1101709477814,4,7.4025186959691265,0.027999495853768153,,,,,,,,
39033,2026,791.6666666666666,1,6.674140427800632,,,,,,,,,
39035,2015,827.8958168987048,12,6.718887321467066,,,,,,,,,
39035,2016,845.8022233538198,12,6.740285553734176,0.021398232267110018,,,,,,,,
39035,2017,870.866237577875,12,6.769488391669551,0.029202837935375037,,,,,,,,
39035,2018,900.7945406557759,12,6.8032771968161905,0.03378880514663951,,,,,,,,
39035,2019,943.1424372529151,12,6.849217318154818,0.045940121338627904,,,,,,,,
39035,2020,997.0141481462236,12,6.90476496057953,0.05554764242471144,34296.0,43055.0,958891.0,-8759.0,1001946.0,1001946.0,-0.008741988091174574,0.03422938960782317
39035,2021,1074.9303208762296,12,6.9800111206714455,0.07524616009191565,31959.0,42148.0,895249.0,-10189.0,937397.0,937397.0,-0.01086946085809961,0.03409334572225002
39035,2022,1170.5272217900658,12,7.065209543209076,0.08519842253763077,33219.0,40624.0,909267.0,-7405.0,949891.0,949891.0,-0.007795631288221491,0.03497138092686424
39035,2023,1234.626075356221,12,7.118523430226167,0.053313887017091055,31718.0,38719.0,923568.0,-7001.0,962287.0,962287.0,-0.007275376265085156,0.03296106047364248
39035,2024,1317.4777386434941,12,7.1834743836074875,0.06495095338132018,,,,,,,,
39035,2025,1389.3480106074624,12,7.236589858966102,0.05311547535861472,,,,,,,,
39035,2026,1429.9445902169336,4,7.2653909744031795,0.028801115437077307,,,,,,,,
39041,2015,1050.2413275325007,10,6.956775252488619,,,,,,,,,
39041,2016,1074.1379247785821,12,6.979273688405012,0.022498435916393333,,,,,,,,
39041,2017,1103.5517845239417,12,7.006289152120823,0.027015463715811094,,,,,,,,
39041,2018,1149.1424329918893,12,7.046771232735126,0.040482080614302696,,,,,,,,
39041,2019,1178.9812015857376,12,7.072405956038534,0.025634723303408435,,,,,,,,
39041,2020,1205.2866589634318,12,7.094472708889078,0.02206675285054338,16477.0,11585.0,185341.0,4892.0,196926.0,196926.0,0.024841818754252867,0.08367102363324294
39041,2021,1296.7390792590597,12,7.167607991572034,0.07313528268295588,16061.0,11137.0,176965.0,4924.0,188102.0,188102.0,0.026177286791209026,0.08538452541706096
39041,2022,1428.3895210083822,12,7.26430287951891,0.0966948879468763,15697.0,11806.0,185681.0,3891.0,197487.0,197487.0,0.01970256270032964,0.07948371285198519
39041,2023,1473.6824640734128,12,7.295519624897157,0.031216745378246813,14933.0,11874.0,196275.0,3059.0,208149.0,208149.0,0.014696203200591883,0.07174187721295802
39041,2024,1523.4366905660584,12,7.328724042305384,0.03320441740822755,,,,,,,,
39041,2025,1570.0048365001333,12,7.358833978910942,0.03010993660555794,,,,,,,,
39041,2026,1571.4053628205938,4,7.359725633501962,0.0008916545910198082,,,,,,,,
39043,2025,1416.064514390512,6,7.255636834226042,,,,,,,,,
39043,2026,1395.1718900431526,4,7.240772905333596,-0.0148639288924457,,,,,,,,
39045,2018,1012.0117489848884,2,6.9196954594488815,,,,,,,,,
39045,2019,1067.6896213635023,12,6.973252360582083,0.05355690113320133,,,,,,,,
39045,2020,1123.4763836952422,12,7.024183071106495,0.05093071052441189,10804.0,8683.0,128162.0,2121.0,136845.0,136845.0,0.015499287515071796,0.07895063758266652
39045,2021,1233.0912169796545,12,7.117279480135729,0.09309640902923455,10448.0,8604.0,121057.0,1844.0,129661.0,129661.0,0.014221701205451139,0.08057935693847804
39045,2022,1357.521651378017,12,7.213416001130636,0.09613652099490633,10402.0,8626.0,125261.0,1776.0,133887.0,133887.0,0.013264917430370386,0.07769238238215809
39045,2023,1436.4082467985838,12,7.26990100363215,0.056485002501514,10105.0,8311.0,131433.0,1794.0,139744.0,139744.0,0.012837760476299519,0.07231079688573391
39045,2024,1513.7946853881092,12,7.322374814093445,0.0524738104612954,,,,,,,,
39045,2025,1588.587028193413,12,7.37060023860697,0.048225424513525184,,,,,,,,
39045,2026,1615.7107981370377,4,7.387530261516649,0.016930022909678932,,,,,,,,
39049,2015,887.2784732890728,12,6.78815888263081,,,,,,,,,
39049,2016,920.2246204525295,12,6.824617792908468,0.03645891027765735,,,,,,,,
39049,2017,965.6547054682798,12,6.872806322557437,0.04818852964896969,,,,,,,,
39049,2018,1018.8305651000954,12,6.926410743735074,0.05360442117763675,,,,,,,,
39049,2019,1063.9582285138638,12,6.969751410215396,0.0433406664803222,,,,,,,,
39049,2020,1116.0241143812611,12,7.017527750576323,0.04777634036092682,49184.0,62589.0,1010584.0,-13405.0,1073173.0,1073173.0,-0.012490996325848675,0.04583044858564276
39049,2021,1200.0437991535007,12,7.090113334404593,0.0725855838282694,46675.0,61592.0,955571.0,-14917.0,1017163.0,1017163.0,-0.014665299465277443,0.045887433970759846
39049,2022,1307.9863879323375,12,7.176244125183435,0.08613079077884223,47834.0,61618.0,973001.0,-13784.0,1034619.0,1034619.0,-0.013322778723375464,0.04623344438870734
39049,2023,1373.747531719471,12,7.225297708969699,0.049053583786264454,48757.0,58225.0,996743.0,-9468.0,1054968.0,1054968.0,-0.008974679800714334,0.04621656770631905
39049,2024,1429.3596819184695,12,7.264981848090654,0.03968413912095503,,,,,,,,
39049,2025,1482.0670077682482,12,7.301193019252413,0.036211171161758315,,,,,,,,
39049,2026,1486.6351949615519,4,7.304270586813554,0.0030775675611414144,,,,,,,,
39055,2025,2210.235980860897,9,7.700854567481452,,,,,,,,,
39055,2026,2247.985792449871,4,7.717789890909033,0.01693532342758086,,,,,,,,
39057,2015,881.3072438435921,12,6.7814063095698405,,,,,,,,,
39057,2016,902.6570174871267,11,6.805342655669322,0.023936346099481476,,,,,,,,
39057,2017,937.1883888670919,12,6.842884317383923,0.03754166171460138,,,,,,,,
39057,2018,973.6093938476392,12,6.881010190196655,0.03812587281273139,,,,,,,,
39057,2019,1014.1589528403297,12,6.921814930091019,0.04080473989436406,,,,,,,,
39057,2020,1069.2691145243925,12,6.974730623519029,0.05291569342801061,11294.0,11498.0,127941.0,-204.0,139439.0,139439.0,-0.0014630053284948974,0.08099599107853614
39057,2021,1153.936966852421,12,7.050934824131197,0.07620420061216748,10574.0,10570.0,121161.0,4.0,131731.0,131731.0,3.0364910309646174e-05,0.08026964040354966
39057,2022,1277.7568460413456,12,7.152861355521999,0.10192653139080221,10617.0,10236.0,125088.0,381.0,135324.0,135324.0,0.0028154651059678995,0.07845614968519997
39057,2023,1359.7557967211799,12,7.2150604013726225,0.06219904585062341,10515.0,9862.0,129872.0,653.0,139734.0,139734.0,0.004673164727267523,0.0752501180814977
39057,2024,1440.2114590558797,12,7.272545228355728,0.05748482698310564,,,,,,,,
39057,2025,1488.846685464204,12,7.305757062617296,0.03321183426156793,,,,,,,,
39057,2026,1526.0333893443628,4,7.330427091909333,0.024670029292036766,,,,,,,,
39061,2015,848.7775010086262,12,6.743797080125448,,,,,,,,,
39061,2016,876.6888850385377,12,6.776152180332966,0.03235510020751775,,,,,,,,
39061,2017,927.6492285116419,12,6.832653674813663,0.05650149448069719,,,,,,,,
39061,2018,979.6852673992181,12,6.887231364367993,0.05457768955433018,,,,,,,,
39061,2019,1035.2006027392204,12,6.9423505059906905,0.05511914162269704,,,,,,,,
39061,2020,1089.130257212514,12,6.993134727545438,0.050784221554747155,29231.0,35816.0,638422.0,-6585.0,674238.0,674238.0,-0.00976658094026145,0.0433541271776435
39061,2021,1167.2425841896577,12,7.062399480598616,0.06926475305317847,27306.0,34811.0,602522.0,-7505.0,637333.0,637333.0,-0.011775633773867037,0.04284416466745014
39061,2022,1288.8346261908916,12,7.161493698502856,0.09909421790423956,27863.0,33061.0,613479.0,-5198.0,646540.0,646540.0,-0.008039719120240048,0.0430955547993937
39061,2023,1373.981800669264,12,7.225468227184575,0.06397452868171971,27585.0,32219.0,626520.0,-4634.0,658739.0,658739.0,-0.007034652571048625,0.04187546205705143
39061,2024,1440.664855025346,12,7.272859990895857,0.04739176371128195,,,,,,,,
39061,2025,1485.4027097195249,12,7.303441199469108,0.030581208573250862,,,,,,,,
39061,2026,1512.5895370460623,4,7.321578386199844,0.018137186730736055,,,,,,,,
39063,2022,1037.6020870467917,6,6.944667644417705,,3278.0,3510.0,59059.0,-232.0,62569.0,62569.0,-0.0037079064712557336,0.052390161261966786
39063,2023,1062.1848906137081,12,6.968083283271903,0.02341563885419795,3010.0,3311.0,60763.0,-301.0,64074.0,64074.0,-0.004697693292130973,0.046976932921309736
39063,2024,1152.2236939722573,12,7.049449001200936,0.08136571792903347,,,,,,,,
39063,2025,1212.6245597898996,12,7.10054234725893,0.05109334605799365,,,,,,,,
39063,2026,1271.9296312723995,4,7.148290421043057,0.04774807378412671,,,,,,,,
39065,2026,1100.0,1,7.003065458786462,,,,,,,,,
39077,2025,1480.0048408528946,6,7.299800637599362,,,,,,,,,
39077,2026,1502.9677828278784,4,7.315196954278977,0.015396316679614941,,,,,,,,
39081,2022,706.8756222867855,5,6.560854727204973,,2004.0,1962.0,47482.0,42.0,49444.0,49444.0,0.0008494458377153952,0.04053070139956314
39081,2023,721.3950403152052,12,6.581186893362918,0.020332166157944975,2125.0,1987.0,47873.0,138.0,49860.0,49860.0,0.0027677496991576414,0.042619334135579626
39081,2024,756.482335301,12,6.628679182395306,0.047492289032388335,,,,,,,,
39081,2025,798.28254494793,12,6.682462601133899,0.05378341873859327,,,,,,,,
39081,2026,856.1378931738867,4,6.752431453324526,0.06996885219062676,,,,,,,,
39083,2025,1223.1984441754385,2,7.109224382684219,,,,,,,,,
39083,2026,1242.514006502171,4,7.1248920307460155,0.01566764806179677,,,,,,,,
39085,2016,820.3375657272423,12,6.709715921068323,,,,,,,,,
39085,2017,836.9459960493031,12,6.729759547558816,0.020043626490492628,,,,,,,,
39085,2018,863.5102368350516,12,6.761005752565741,0.031246205006925543,,,,,,,,
39085,2019,893.4044122957283,12,6.795039347674267,0.034033595108525994,,,,,,,,
39085,2020,938.2379560828913,12,6.844003601357085,0.04896425368281765,8659.0,8100.0,195870.0,559.0,203970.0,203970.0,0.0027405991077119186,0.04245232141981664
39085,2021,1001.3521493746067,12,6.909106515025992,0.06510291366890719,8408.0,8008.0,182923.0,400.0,190931.0,190931.0,0.002094997669315093,0.04403685100900325
39085,2022,1103.7286143231192,12,7.00644937625877,0.0973428612327778,8075.0,7785.0,187405.0,290.0,195190.0,195190.0,0.0014857318510169578,0.041369947230903224
39085,2023,1145.0872899835683,12,7.043236148876049,0.03678677261727881,7859.0,7301.0,192634.0,558.0,199935.0,199935.0,0.0027909070447895566,0.039307775026883734
39085,2024,1227.6348821848426,12,7.112844737285549,0.06960858840950035,,,,,,,,
39085,2025,1282.472427582093,12,7.1565450778524875,0.0437003405669385,,,,,,,,
39085,2026,1319.7675667918547,4,7.185210914311752,0.028665836459264682,,,,,,,,
39089,2016,993.0152429405574,10,6.900746014320667,,,,,,,,,
39089,2017,1027.2864109494703,12,6.934676052206635,0.033930037885967934,,,,,,,,
39089,2018,1083.842896918489,12,6.988268242454379,0.053592190247743865,,,,,,,,
39089,2019,1134.2909936194544,12,7.033763059499493,0.04549481704511393,,,,,,,,
39089,2020,1187.5517887113726,12,7.079649146504259,0.045886087004766374,10091.0,8506.0,144306.0,1585.0,152812.0,152812.0,0.01037222207680025,0.06603538989084627
39089,2021,1326.7920262140372,12,7.190519297267408,0.11087015076314888,9731.0,8092.0,136128.0,1639.0,144220.0,144220.0,0.011364581888781028,0.06747330467341561
39089,2022,1435.228600636344,12,7.269079419085587,0.07856012181817906,9552.0,7938.0,140409.0,1614.0,148347.0,148347.0,0.010879896458977937,0.06438957309551255
39089,2023,1541.6239644585348,12,7.3405916621652,0.07151224307961268,8781.0,8057.0,145795.0,724.0,153852.0,153852.0,0.004705821178795206,0.057074331175415334
39089,2024,1628.3862263069304,12,7.395344758171859,0.05475309600665934,,,,,,,,
39089,2025,1704.5964606912485,12,7.441083681758017,0.04573892358615783,,,,,,,,
39089,2026,1749.2428294663437,4,7.466938304412999,0.02585462265498162,,,,,,,,
39093,2015,708.0613496512971,12,6.5625307419895025,,,,,,,,,
39093,2016,724.7726921704763,12,6.585858077653761,0.023327335664258264,,,,,,,,
39093,2017,749.2986705360548,12,6.619137663094108,0.03327958544034715,,,,,,,,
39093,2018,780.423432033313,12,6.659836633968765,0.040698970874657014,,,,,,,,
39093,2019,815.5870026887565,12,6.703908102684108,0.04407146871534273,,,,,,,,
39093,2020,857.1963342970331,12,6.753666987221908,0.049758884537800085,13268.0,10277.0,252672.0,2991.0,262949.0,262949.0,0.011374829339529718,0.05045845392072227
39093,2021,950.0971555718169,12,6.856564248388431,0.10289726116652353,12539.0,10050.0,240561.0,2489.0,250611.0,250611.0,0.009931726859555247,0.05003371759419978
39093,2022,1047.67045863331,12,6.954324367562911,0.09776011917448013,12006.0,9644.0,248070.0,2362.0,257714.0,257714.0,0.009165198631040612,0.04658652614914207
39093,2023,1124.7497807812933,12,7.025315872816878,0.07099150525396691,11472.0,9768.0,256178.0,1704.0,265946.0,265946.0,0.006407315770870778,0.04313657659825679
39093,2024,1208.7345162021804,12,7.097329236925111,0.07201336410823256,,,,,,,,
39093,2025,1278.603109878244,12,7.153523440582323,0.056194203657212505,,,,,,,,
39093,2026,1316.8388592892381,4,7.182989339883219,0.029465899300896048,,,,,,,,
39095,2015,698.4820540813442,12,6.548909486285859,,,,,,,,,
39095,2016,722.8127129432846,12,6.583150147029481,0.03424066074362209,,,,,,,,
39095,2017,743.0443491389157,12,6.610755732221641,0.027605585192159943,,,,,,,,
39095,2018,765.8882782128561,12,6.64103630820626,0.030280575984619418,,,,,,,,
39095,2019,792.3401296418688,12,6.674990756242847,0.03395444803658698,,,,,,,,
39095,2020,826.8259035326469,12,6.717594157182163,0.04260340093931614,12713.0,14177.0,325133.0,-1464.0,339310.0,339310.0,-0.004314638531136719,0.03746721287318382
39095,2021,904.146020841581,12,6.806990874827643,0.08939671764547974,12035.0,14149.0,307354.0,-2114.0,321503.0,321503.0,-0.006575366326286225,0.03743355427476571
39095,2022,1006.083373581598,12,6.913820223549288,0.10682934872164473,12220.0,13490.0,313283.0,-1270.0,326773.0,326773.0,-0.0038864900098845375,0.037395990488810274
39095,2023,1055.2732709190936,12,6.961555036936956,0.047734813387668495,11882.0,13601.0,319622.0,-1719.0,333223.0,333223.0,-0.005158707532193156,0.035657802732704524
39095,2024,1112.5898663875148,12,7.0144457895532595,0.05289075261630316,,,,,,,,
39095,2025,1163.0440596944297,12,7.058796036319061,0.04435024676580124,,,,,,,,
39095,2026,1195.0116304067524,4,7.085911196876202,0.027115160557141138,,,,,,,,
39097,2025,1868.6254359566915,9,7.5329583785731185,,,,,,,,,
39097,2026,1917.9895153455413,4,7.559032788976691,0.026074410403572834,,,,,,,,
39099,2016,610.2079084131874,8,6.413799732561068,,,,,,,,,
39099,2017,619.4356367379178,12,6.428808800171956,0.015009067610888494,,,,,,,,
39099,2018,643.4061165226589,11,6.466776121322777,0.03796732115082069,,,,,,,,
39099,2019,663.911303261104,12,6.498148561127859,0.03137243980508231,,,,,,,,
39099,2020,711.4431742446299,12,6.567295546799397,0.0691469856715381,8085.0,7974.0,176154.0,111.0,184128.0,184128.0,0.0006028415015641293,0.043909671532846715
39099,2021,796.0824708066275,12,6.679702787018585,0.1124072402191878,8103.0,7695.0,165962.0,408.0,173657.0,173657.0,0.002349458990999499,0.04666094657860034
39099,2022,876.2554704727365,11,6.775657681379511,0.09595489436092564,7479.0,7161.0,170090.0,318.0,177251.0,177251.0,0.001794066041940525,0.04219440228828046
39099,2023,938.6782614141739,12,6.844472780892383,0.06881509951287246,7297.0,7183.0,173683.0,114.0,180866.0,180866.0,0.0006303008857386131,0.0403447856424093
39099,2024,999.9641938426865,12,6.907719472183768,0.0632466912913845,,,,,,,,
39099,2025,1047.7391386069205,12,6.954389920353855,0.046670448170087475,,,,,,,,
39099,2026,1087.5643769518124,4,6.991695958407823,0.03730603805396804,,,,,,,,
39101,2025,1088.220065777993,2,6.9922986733028765,,,,,,,,,
39101,2026,1158.5890506013277,4,7.054958208075253,0.06265953477237662,,,,,,,,
39103,2017,1129.3980499221327,1,7.029440070587815,,,,,,,,,
39103,2018,1152.9254521995224,12,7.050057862671015,0.02061779208320047,,,,,,,,
39103,2019,1191.0011698377907,12,7.08254955158638,0.032491688915365025,,,,,,,,
39103,2020,1235.5297937757505,12,7.1192551398896295,0.036705588303249215,9030.0,8030.0,158959.0,1000.0,166989.0,166989.0,0.005988418398816689,0.054075418141314696
39103,2021,1399.94251739576,12,7.244186455757378,0.12493131586774808,8592.0,7254.0,149043.0,1338.0,156297.0,156297.0,0.008560624964010825,0.05497226434288566
39103,2022,1520.9914499200238,12,7.327117670889137,0.08293121513175894,7864.0,7514.0,153144.0,350.0,160658.0,160658.0,0.002178540751160851,0.04894869847751124
39103,2023,1607.8585121330207,12,7.382658455900541,0.055540785011404026,7752.0,7448.0,158049.0,304.0,165497.0,165497.0,0.0018368913031656163,0.046840728230723216
39103,2024,1687.674759956031,12,7.431106978839994,0.04844852293945312,,,,,,,,
39103,2025,1744.5528494943367,12,7.464253555091614,0.0331465762516201,,,,,,,,
39103,2026,1802.4042842826557,4,7.496876766102924,0.03262321101130983,,,,,,,,
39109,2018,926.9993102995459,12,6.831952821552144,,,,,,,,,
39109,2019,968.5608045251544,12,6.8758112630396315,0.04385844148748763,,,,,,,,
39109,2020,1022.3300196810095,12,6.929839634176797,0.05402837113716519,5700.0,5112.0,90158.0,588.0,95270.0,95270.0,0.006171932402645114,0.05982995696441692
39109,2021,1127.0838536430454,11,7.027388915569204,0.09754928139240704,5297.0,4476.0,84751.0,821.0,89227.0,89227.0,0.00920125074248826,0.05936543871249734
39109,2022,1225.8479522049377,12,7.111388089396417,0.08399917382721345,5426.0,4389.0,86985.0,1037.0,91374.0,91374.0,0.011348961411342395,0.05938231882154661
39109,2023,1302.749722233496,12,7.1722324805737925,0.06084439117737528,5052.0,4476.0,90364.0,576.0,94840.0,94840.0,0.006073386756642767,0.0532686630113876
39109,2024,1371.2125698542807,12,7.223450714848085,0.05121823427429284,,,,,,,,
39109,2025,1425.4146163474688,12,7.2622180092227655,0.03876729437468018,,,,,,,,
39109,2026,1448.7369746030154,4,7.278447403830466,0.016229394607700343,,,,,,,,
39113,2015,715.7833733415051,12,6.573377569983783,,,,,,,,,
39113,2016,744.2666325406229,12,6.612399347702098,0.0390217777183155,,,,,,,,
39113,2017,771.723924059657,12,6.648626874744911,0.03622752704281318,,,,,,,,
39113,2018,807.208948277414,12,6.693582554554533,0.044955679809621785,,,,,,,,
39113,2019,846.6664465304517,12,6.741306811341035,0.04772425678650194,,,,,,,,
39113,2020,897.9751878331804,12,6.800142437445171,0.05883562610413584,22613.0,24319.0,405618.0,-1706.0,429937.0,429937.0,-0.003968023222006945,0.052596078030036957
39113,2021,976.6955551655774,12,6.884174991573389,0.08403255412821853,21743.0,22453.0,384991.0,-710.0,407444.0,407444.0,-0.0017425707581900825,0.053364388725812624
39113,2022,1076.570727520022,12,6.981536016011734,0.09736102443834493,20985.0,22081.0,392774.0,-1096.0,414855.0,414855.0,-0.002641886924347061,0.05058393896662689
39113,2023,1143.1481880849951,12,7.041541303759512,0.06000528774777791,21038.0,21429.0,401270.0,-391.0,422699.0,422699.0,-0.0009250081026924596,0.04977064057402549
39113,2024,1206.1527385231184,12,7.095191018126148,0.053649714366636125,,,,,,,,
39113,2025,1257.0636904186547,12,7.136533875897453,0.041342857771304864,,,,,,,,
39113,2026,1273.6743229849658,4,7.149661170002518,0.013127294105064635,,,,,,,,
39119,2023,895.0011556927119,9,6.796825009550795,,2843.0,2734.0,67478.0,109.0,70212.0,70212.0,0.0015524411781461858,0.040491653848345015
39119,2024,933.3720103384568,12,6.838803846284934,0.04197883673413916,,,,,,,,
39119,2025,1001.071474623738,12,6.908826179986649,0.07002233370171496,,,,,,,,
39119,2026,1004.3579512803726,4,6.912103761891329,0.0032775819046797494,,,,,,,,
39129,2026,1536.7712401553933,3,7.337438897169003,,,,,,,,,
39133,2017,802.67277268431,7,6.687947124896506,,,,,,,,,
39133,2018,838.5396050203972,12,6.73166181332658,0.04371468843007431,,,,,,,,
39133,2019,872.8412463612382,12,6.771753690919719,0.040091877593138925,,,,,,,,
39133,2020,920.3241648119374,12,6.824725961037779,0.05297227011805994,8532.0,7909.0,119891.0,623.0,127800.0,127800.0,0.004874804381846635,0.06676056338028169
39133,2021,993.7942761496175,12,6.901530219591981,0.07680425855420214,7890.0,7465.0,112964.0,425.0,120429.0,120429.0,0.0035290503118019746,0.06551578108262959
39133,2022,1110.5826089132352,12,7.012640029503589,0.1111098099116079,7920.0,7261.0,116376.0,659.0,123637.0,123637.0,0.005330119624384286,0.06405849381657594
39133,2023,1192.1990371124823,12,7.0835548111294715,0.07091478162588238,7493.0,7360.0,119893.0,133.0,127253.0,127253.0,0.0010451620001100171,0.05888269824679968
39133,2024,1279.0765106427186,12,7.153893620464183,0.0703388093347117,,,,,,,,
39133,2025,1346.7870727989816,12,7.205477088784499,0.051583468320315795,,,,,,,,
39133,2026,1396.2510194966083,4,7.241546080550814,0.03606899176631462,,,,,,,,
39139,2023,769.5992933847652,8,6.645869981191987,,4263.0,4062.0,94743.0,201.0,98805.0,98805.0,0.0020343100045544255,0.04314558979808714
39139,2024,824.4046047451005,12,6.714661434572151,0.06879145338016457,,,,,,,,
39139,2025,869.2168184001885,12,6.767592597481997,0.052931162909845675,,,,,,,,
39139,2026,895.378963034493,4,6.797247051041802,0.02965445355980556,,,,,,,,
39151,2015,606.7273765128986,12,6.408079557571053,,,,,,,,,
39151,2016,616.2334062390362,12,6.423625797998883,0.01554624042783015,,,,,,,,
39151,2017,636.2936774885769,12,6.45566021382065,0.03203441582176669,,,,,,,,
39151,2018,653.8969067547371,12,6.482949704099912,0.027289490279262196,,,,,,,,
39151,2019,678.938070813169,12,6.520529916938411,0.037580212838498994,,,,,,,,
39151,2020,718.6671254401963,12,6.577398281728194,0.056868364789782966,11942.0,11857.0,303665.0,85.0,315522.0,315522.0,0.00026939484409961903,0.03784839092044295
39151,2021,778.39629084105,12,6.657235765753877,0.07983748402568303,11594.0,10851.0,286851.0,743.0,297702.0,297702.0,0.0024957843749790058,0.03894498525371009
39151,2022,862.7163720150737,12,6.760085983548309,0.10285021779443149,11382.0,10856.0,293322.0,526.0,304178.0,304178.0,0.0017292506361406808,0.03741887973489207
39151,2023,922.9288711334548,12,6.8275521688393885,0.06746618529107984,11286.0,10656.0,301035.0,630.0,311691.0,311691.0,0.0020212325668691107,0.036208937697912356
39151,2024,978.7144426497812,12,6.886239917296203,0.05868774845681468,,,,,,,,
39151,2025,1021.7749831589834,12,6.929296573487746,0.043056656191542864,,,,,,,,
39151,2026,1040.2600673394888,4,6.947226025623949,0.017929452136202784,,,,,,,,
39153,2015,711.2689096469312,12,6.5670505715854475,,,,,,,,,
39153,2016,729.3368894499423,12,6.5921357507073175,0.025085179121870027,,,,,,,,
39153,2017,750.2218425085958,12,6.620368952804577,0.028233202097259102,,,,,,,,
39153,2018,767.2113622374673,12,6.642762333466687,0.02239338066211083,,,,,,,,
39153,2019,797.1530450480233,12,6.681046686764567,0.038284353297879825,,,,,,,,
39153,2020,837.3725441785788,12,6.730269066062321,0.04922237929775353,20153.0,21771.0,430414.0,-1618.0,452185.0,452185.0,-0.003578181496511384,0.044568041841281776
39153,2021,922.7079004616098,12,6.8273127168775485,0.0970436508152277,19713.0,20282.0,404307.0,-569.0,424589.0,424589.0,-0.0013401195038025009,0.046428428433143584
39153,2022,1023.585443946633,12,6.931066883733792,0.10375416685624383,19675.0,19834.0,413528.0,-159.0,433362.0,433362.0,-0.0003668988051559666,0.045400842713482034
39153,2023,1095.0258956582036,12,6.998533290973894,0.06746640724010167,19074.0,19275.0,424447.0,-201.0,443722.0,443722.0,-0.0004529863292782418,0.04298637435150838
39153,2024,1155.8610135563922,12,7.052600811516508,0.05406752054261421,,,,,,,,
39153,2025,1205.0760913708289,12,7.0942979902969405,0.04169717878043233,,,,,,,,
39153,2026,1236.5404565531887,4,7.1200728050296975,0.025774814732757,,,,,,,,
39155,2016,608.4226759118828,3,6.41086983107763,,,,,,,,,
39155,2017,598.1059076014596,10,6.3937678412822185,-0.01710198979541122,,,,,,,,
39155,2018,620.0285348756992,12,6.429765500973129,0.035997659690910844,,,,,,,,
39155,2019,646.1810852237867,12,6.4710797821848205,0.04131428121169112,,,,,,,,
39155,2020,683.1198906855129,12,6.526670379576959,0.055590597392138896,6714.0,6772.0,160829.0,-58.0,167601.0,167601.0,-0.0003460599877089039,0.040059426853061735
39155,2021,776.9190417598279,12,6.6553361515798475,0.1286657720028881,6958.0,6366.0,150141.0,592.0,156507.0,156507.0,0.0037825784150229704,0.044458075357651734
39155,2022,835.9764036058722,12,6.728600387334532,0.07326423575468421,6670.0,6064.0,153660.0,606.0,159724.0,159724.0,0.0037940447271543414,0.04175953519821692
39155,2023,883.7189161103535,12,6.784139043874079,0.05553865653954748,6512.0,6178.0,156420.0,334.0,162598.0,162598.0,0.002054145807451506,0.040049693108156315
39155,2024,948.3265065830782,12,6.854698859184244,0.07055981531016453,,,,,,,,
39155,2025,1010.288393851379,12,6.917991107543668,0.06329224835942426,,,,,,,,
39155,2026,1041.1982175691273,4,6.948127461218376,0.030136353674707905,,,,,,,,
39157,2026,878.125,1,6.77778895252211,,,,,,,,,
39159,2022,1413.7152031417063,12,7.253976413965057,,5390.0,3410.0,52095.0,1980.0,55505.0,55505.0,0.03567246194036573,0.09710836861544005
39159,2023,1526.9750199159998,12,7.331043946156205,0.07706753219114848,5095.0,3423.0,56145.0,1672.0,59568.0,59568.0,0.02806876175127585,0.08553250067150148
39159,2024,1637.9836690230943,12,7.401221294291942,0.07017734813573728,,,,,,,,
39159,2025,1669.028353447541,12,7.419996911802461,0.018775617510518927,,,,,,,,
39159,2026,1649.8232375669932,4,7.4084234324086555,-0.011573479393805819,,,,,,,,
39165,2015,1120.2952479490573,12,7.021347543789242,,,,,,,,,
39165,2016,1158.25268344847,12,7.054667841106912,0.03332029731767072,,,,,,,,
39165,2017,1201.3716197023148,12,7.091219199448773,0.03655135834186041,,,,,,,,
39165,2018,1223.0771453853392,12,7.109125212508368,0.01790601305959516,,,,,,,,
39165,2019,1270.4680500727766,12,7.147140654921603,0.03801544241323551,,,,,,,,
39165,2020,1328.3292412433711,12,7.1916772219316645,0.044536567010061034,17940.0,13769.0,202921.0,4171.0,216690.0,216690.0,0.019248696294245235,0.0827910840371037
39165,2021,1427.6618464133373,12,7.263793312625897,0.07211609069423286,16637.0,13429.0,193432.0,3208.0,206861.0,206861.0,0.015507998124344367,0.08042598653201909
39165,2022,1578.7754080551601,12,7.364404767315188,0.10061145468929045,15615.0,13091.0,201364.0,2524.0,214455.0,214455.0,0.011769368865263108,0.07281247814226761
39165,2023,1661.2765508343607,12,7.415341592343295,0.05093682502810726,13543.0,13094.0,210453.0,449.0,223547.0,223547.0,0.002008526171230211,0.06058233838968986
39165,2024,1753.7257366639985,12,7.469497796204214,0.05415620386091913,,,,,,,,
39165,2025,1843.0349278140436,12,7.519168909098515,0.04967111289430104,,,,,,,,
39165,2026,1863.8884229738321,4,7.530420134534302,0.011251225435787049,,,,,,,,
39169,2022,1074.1651064960638,7,6.979298993696759,,3812.0,4143.0,92458.0,-331.0,96601.0,96601.0,-0.0034264655645386694,0.03946128922060848
39169,2023,1137.2949016771865,12,7.036407828350127,0.057108834653368135,3677.0,4120.0,94570.0,-443.0,98690.0,98690.0,-0.004488803323538353,0.037258080859256255
39169,2024,1210.7057429794686,12,7.098958727222283,0.06255089887215615,,,,,,,,
39169,2025,1253.3948917098337,12,7.133611062235624,0.034652335013340974,,,,,,,,
39169,2026,1293.8329547019732,4,7.165364374534511,0.03175331229888734,,,,,,,,
39173,2019,1127.316861259719,11,7.027595629145865,,,,,,,,,
39173,2020,1164.2509139808678,12,7.059833166900502,0.03223753775463667,6964.0,7267.0,100410.0,-303.0,107677.0,107677.0,-0.0028139714145082053,0.06467490736183215
39173,2021,1298.8117062639803,12,7.169205053326339,0.10937188642583706,6768.0,6772.0,94813.0,-4.0,101585.0,101585.0,-3.9375892110055616e-05,0.0666240094502141
39173,2022,1430.2837444656454,12,7.265628126274021,0.09642307294768226,6504.0,6594.0,97404.0,-90.0,103998.0,103998.0,-0.0008654012577164945,0.06253966422431201
39173,2023,1451.9108632502193,12,7.280635804554233,0.015007678280212211,6638.0,6468.0,100994.0,170.0,107462.0,107462.0,0.0015819545513763005,0.061770672423740486
39173,2024,1516.0465773448461,12,7.323861289572596,0.043225485018362875,,,,,,,,
39173,2025,1517.939511510528,12,7.325109109671872,0.0012478200992758204,,,,,,,,
39173,2026,1534.7791224086527,4,7.336141755471217,0.01103264579934482,,,,,,,,
40013,2024,1197.8050730177993,9,7.088246055100905,,,,,,,,,
40013,2025,1231.057902633395,12,7.115629162148428,0.027383107047523225,,,,,,,,
40013,2026,1267.2655071454828,4,7.144616714125474,0.028987551977046166,,,,,,,,
40017,2015,1162.7969883432354,12,7.058583578677269,,,,,,,,,
40017,2016,1162.860105867085,12,7.058637857980974,5.427930370505152e-05,,,,,,,,
40017,2017,1161.7729156523362,12,7.057702492885538,-0.0009353650954366799,,,,,,,,
40017,2018,1192.7723069776332,12,7.0840355463614575,0.026333053475919854,,,,,,,,
40017,2019,1217.0964042992455,12,7.104223304557887,0.02018775819642915,,,,,,,,
40017,2020,1251.8150547346886,12,7.132349820887918,0.028126516330031492,14514.0,10238.0,116140.0,4276.0,126378.0,126378.0,0.03383500292772476,0.11484593837535013
40017,2021,1347.7502110498156,12,7.2061919709259525,0.0738421500380344,14822.0,9661.0,115418.0,5161.0,125079.0,125079.0,0.04126192246500212,0.11850110730018629
40017,2022,1447.3090555752522,12,7.27746128749903,0.07126931657307711,14639.0,9835.0,122230.0,4804.0,132065.0,132065.0,0.036376026956422974,0.11084693143527809
40017,2023,1482.3271104440207,12,7.3013685037973595,0.023907216298329814,13556.0,9910.0,130348.0,3646.0,140258.0,140258.0,0.02599495215959161,0.09665045844087325
40017,2024,1532.0444286588888,12,7.334358350310116,0.03298984651275649,,,,,,,,
40017,2025,1574.284228133294,12,7.361555989634183,0.027197639324066714,,,,,,,,
40017,2026,1578.4729590427005,4,7.364213177057965,0.0026571874237824034,,,,,,,,
40019,2024,1142.8698209636957,8,7.041297764888363,,,,,,,,,
40019,2025,1185.6289851977972,12,7.078028701946927,0.03673093705856445,,,,,,,,
40019,2026,1224.3530953217098,4,7.11016789804093,0.032139196094003175,,,,,,,,
40021,2024,1093.814218492663,5,6.997426149998657,,,,,,,,,
40021,2025,1138.7442459541383,12,7.037681395612236,0.040255245613579405,,,,,,,,
40021,2026,1227.5658141103602,4,7.112788474614554,0.07510707900231761,,,,,,,,
40027,2015,918.3434154795831,12,6.822571411602286,,,,,,,,,
40027,2016,928.1714049452312,12,6.833216419335365,0.010645007733078415,,,,,,,,
40027,2017,937.9023422984304,12,6.8436458308978825,0.010429411562517643,,,,,,,,
40027,2018,959.1943866623451,12,6.866093751592704,0.022447920694821377,,,,,,,,
40027,2019,985.0841490221432,12,6.892727068002446,0.026633316409742314,,,,,,,,
40027,2020,1015.425691384823,12,6.923063203931267,0.03033613592882123,19118.0,18370.0,203957.0,748.0,222327.0,222327.0,0.0033644136789503748,0.08599045550023164
40027,2021,1104.8943742548327,12,7.007505020473289,0.08444181654202154,18665.0,17614.0,197044.0,1051.0,214658.0,214658.0,0.004896160403991465,0.08695226825927754
40027,2022,1204.6028271960465,12,7.093905187606739,0.08640016713345045,17454.0,17233.0,203295.0,221.0,220528.0,220528.0,0.001002140317782776,0.0791464122469709
40027,2023,1246.7383799964489,12,7.128286124147345,0.03438093654060559,17231.0,17408.0,208416.0,-177.0,225824.0,225824.0,-0.000783796230692929,0.07630278446932125
40027,2024,1287.9522485959394,12,7.1608088319055625,0.03252270775821753,,,,,,,,
40027,2025,1337.0683901475593,12,7.198234727736554,0.03742589583099143,,,,,,,,
40027,2026,1357.7566396061063,4,7.213589087056639,0.01535435932008511,,,,,,,,
40031,2015,697.4125320239464,12,6.547377103715812,,,,,,,,,
40031,2016,698.7254998959344,12,6.549257961093858,0.001880857378045775,,,,,,,,
40031,2017,710.4892183816229,12,6.565953772730425,0.016695811636567193,,,,,,,,
40031,2018,724.3031716738128,12,6.5852100501421456,0.019256277411720646,,,,,,,,
40031,2019,739.0687929240662,12,6.6053910058227965,0.020180955680650925,,,,,,,,
40031,2020,767.3950656323872,12,6.643001747810928,0.0376107419881313,9061.0,9025.0,79391.0,36.0,88416.0,88416.0,0.00040716612377850165,0.10248145132102787
40031,2021,839.8826847715048,12,6.733262221097552,0.0902604732866239,8843.0,8554.0,77001.0,289.0,85555.0,85555.0,0.0033779440126234586,0.10336041143124305
40031,2022,966.8301997114672,12,6.874022885113778,0.14076066401622622,7912.0,8582.0,78464.0,-670.0,87046.0,87046.0,-0.007697079704983572,0.09089446959079107
40031,2023,1019.472949511743,12,6.927041056569556,0.05301817145577825,7749.0,8383.0,79513.0,-634.0,87896.0,87896.0,-0.007213069991808501,0.08816100846454901
40031,2024,1055.622592339779,12,6.961886006768253,0.034844950198697155,,,,,,,,
40031,2025,1096.7490322564415,12,7.000105657672049,0.03821965090379553,,,,,,,,
40031,2026,1122.0746311604835,4,7.022934600056352,0.022828942384303552,,,,,,,,
40037,2025,1231.6162162612072,1,7.116082582788287,,,,,,,,,
40037,2026,1218.7632337820833,4,7.105591880740967,-0.01049070204732061,,,,,,,,
40039,2026,1056.25,1,6.962480178671384,,,,,,,,,
40047,2022,999.9948948000515,8,6.907750173769157,,2941.0,2947.0,45088.0,-6.0,48035.0,48035.0,-0.00012490892057874465,0.06122618923701468
40047,2023,1022.1272724608025,12,6.929641295750603,0.021891121981445494,2765.0,2917.0,46393.0,-152.0,49310.0,49310.0,-0.0030825390387345364,0.05607381869803285
40047,2024,1063.8357083771075,12,6.969636248559216,0.039994952808613426,,,,,,,,
40047,2025,1119.193626081939,12,7.020363728268881,0.05072747970966507,,,,,,,,
40047,2026,1138.390872852686,4,7.037371029221266,0.01700730095238434,,,,,,,,
40051,2024,1252.154761183325,3,7.132621155189603,,,,,,,,,
40051,2025,1308.3584840592116,11,7.176528564848378,0.043907409658775265,,,,,,,,
40051,2026,1378.479565961149,4,7.228736406967077,0.05220784211869933,,,,,,,,
40065,2026,810.0,1,6.697034247666484,,,,,,,,,
40071,2025,805.8377158428076,9,6.691882377125801,,,,,,,,,
40071,2026,840.8991071805488,4,6.734471685095571,0.04258930796976923,,,,,,,,
40083,2022,1215.79959539419,7,7.103157242524791,,3721.0,2896.0,36396.0,825.0,39292.0,39292.0,0.020996640537514,0.09470121144253284
40083,2023,1300.1388287113875,12,7.170226329064294,0.06706908653950272,3439.0,2840.0,37900.0,599.0,40740.0,40740.0,0.014702994599901816,0.084413352970054
40083,2024,1342.5902759129078,12,7.202356068750065,0.0321297396857716,,,,,,,,
40083,2025,1415.7561141258645,12,7.25541902363256,0.05306295488249457,,,,,,,,
40083,2026,1450.8480745556874,4,7.279903543443481,0.02448451981092159,,,,,,,,
40087,2022,1395.944336218466,4,7.241326408758331,,4216.0,2773.0,32929.0,1443.0,35702.0,35702.0,0.04041790375889306,0.11808862248613523
40087,2023,1422.369968666029,12,7.2600797513941995,0.018753342635868364,3989.0,3074.0,34753.0,915.0,37827.0,37827.0,0.02418907129827901,0.10545377640309832
40087,2024,1493.7819456211473,12,7.3090664016410285,0.04898665024682902,,,,,,,,
40087,2025,1527.7526163294988,12,7.331553056311277,0.022486654670248463,,,,,,,,
40087,2026,1594.9207988281555,4,7.374579358078937,0.04302630176765998,,,,,,,,
40101,2022,924.2864578538693,3,6.829022042917993,,3093.0,2801.0,45009.0,292.0,47810.0,47810.0,0.006107508889353692,0.06469357874921565
40101,2023,950.6828206841346,12,6.857180485026198,0.028158442108205506,3112.0,2914.0,45595.0,198.0,48509.0,48509.0,0.004081716794821579,0.06415304376507452
40101,2024,1008.4104461814419,12,6.916130554424569,0.058950069398370886,,,,,,,,
40101,2025,1097.5605640986855,12,7.00084532711577,0.08471477269120076,,,,,,,,
40101,2026,1184.9360325442165,4,7.077444071136862,0.07659874402109157,,,,,,,,
40109,2015,902.1696258044826,12,6.80480255759807,,,,,,,,,
40109,2016,910.6692973944146,12,6.814179820811679,0.009377263213608877,,,,,,,,
40109,2017,921.8378927586004,12,6.8263693867951805,0.012189565983501183,,,,,,,,
40109,2018,944.1020911081505,12,6.850234307658325,0.023864920863144512,,,,,,,,
40109,2019,977.3971833878396,12,6.88489310309243,0.03465879543410466,,,,,,,,
40109,2020,1010.840720182386,12,6.918537659805887,0.03364455671345734,38656.0,40613.0,567644.0,-1957.0,608257.0,608257.0,-0.0032173900177063313,0.06355208406972711
40109,2021,1102.879748387094,12,7.005679990995627,0.08714233118973969,37337.0,40417.0,545206.0,-3080.0,585623.0,585623.0,-0.005259356275282904,0.06375603417215513
40109,2022,1208.9635710668251,12,7.097518718702457,0.09183872770682999,36631.0,37234.0,559632.0,-603.0,596866.0,596866.0,-0.0010102770136010428,0.0613722343038471
40109,2023,1251.8337547290846,12,7.1323647590807875,0.034846040378330834,36262.0,37082.0,570642.0,-820.0,607724.0,607724.0,-0.0013492967202216797,0.059668533742290905
40109,2024,1290.9741097006956,12,7.1631523361921765,0.03078757711138902,,,,,,,,
40109,2025,1331.8896632320957,12,7.194354012257953,0.031201676065776063,,,,,,,,
40109,2026,1352.9643423605303,4,7.210053273322785,0.015699261064832548,,,,,,,,
40113,2026,1224.1666666666663,1,7.110015619379922,,,,,,,,,
40119,2020,1001.4834625100128,3,6.90923764224863,,4143.0,4638.0,47715.0,-495.0,52353.0,52353.0,-0.009455045556128588,0.07913586613947625
40119,2021,1039.9434232439405,12,6.946921589928665,0.03768394768003436,4249.0,4400.0,46212.0,-151.0,50612.0,50612.0,-0.0029834821781395716,0.08395242235043072
40119,2022,1141.4940534584168,12,7.040093256546221,0.0931716666175566,4333.0,4562.0,47429.0,-229.0,51991.0,51991.0,-0.00440460848993095,0.08334134754092054
40119,2023,1211.299886090599,12,7.099449347983785,0.059356091437563485,4275.0,4395.0,48844.0,-120.0,53239.0,53239.0,-0.002253986739044685,0.08029827757846691
40119,2024,1280.9809402352168,12,7.155381422968882,0.05593207498509756,,,,,,,,
40119,2025,1365.7883863222035,12,7.219487113285538,0.06410569031665592,,,,,,,,
40119,2026,1425.2238296195692,4,7.2620841537852545,0.04259704049971624,,,,,,,,
40123,2022,913.9628687396389,4,6.817789945617596,,1656.0,1678.0,27450.0,-22.0,29128.0,29128.0,-0.0007552870090634441,0.05685251304586652
40123,2023,962.8663213905846,12,6.869914587407102,0.05212464178950604,1827.0,1600.0,28057.0,227.0,29657.0,29657.0,0.007654179451731463,0.06160434298816468
40123,2024,1016.2755337566158,12,6.923899786014146,0.05398519860704365,,,,,,,,
40123,2025,1049.5716142364834,12,6.956137373461012,0.032237587446866556,,,,,,,,
40123,2026,1076.624775612188,4,6.981586218691517,0.025448845230505057,,,,,,,,
40125,2023,1039.6749509975702,10,6.946663396164667,,4150.0,3563.0,51266.0,587.0,54829.0,54829.0,0.010706013241167996,0.0756898721479509
40125,2024,1078.7176261543912,12,6.983528231429947,0.036864835265279616,,,,,,,,
40125,2025,1096.4986530309059,12,6.999877339431202,0.016349108001254997,,,,,,,,
40125,2026,1127.3883523503032,4,7.027659044168083,0.027781704736881352,,,,,,,,
40131,2016,873.4572706648754,7,6.772459210993388,,,,,,,,,
40131,2017,871.0161357238898,12,6.76966050219628,-0.0027987087971075297,,,,,,,,
40131,2018,884.9813305124122,12,6.785566549319216,0.015906047122935973,,,,,,,,
40131,2019,915.7571097856344,12,6.819751165522462,0.03418461620324553,,,,,,,,
40131,2020,955.6291326428372,12,6.862369901218475,0.04261873569601349,6931.0,5779.0,72613.0,1152.0,78392.0,78392.0,0.014695377079293805,0.08841463414634146
40131,2021,1046.4695945917692,12,6.953177487084387,0.09080758586591209,7494.0,5470.0,69593.0,2024.0,75063.0,75063.0,0.026964016892476985,0.09983613764437872
40131,2022,1156.8517980045788,12,7.053457627376954,0.1002801402925666,6917.0,5152.0,72526.0,1765.0,77678.0,77678.0,0.022722006230850435,0.08904709184067561
40131,2023,1211.5561277513993,12,7.099660868322007,0.04620324094505346,6507.0,5401.0,75809.0,1106.0,81210.0,81210.0,0.013619012436892008,0.0801256002955301
40131,2024,1268.4502696952827,12,7.145551174246624,0.04589030592461629,,,,,,,,
40131,2025,1317.7869249169585,12,7.183709036528053,0.03815786228142937,,,,,,,,
40131,2026,1330.2038700577798,4,7.193087495226467,0.00937845869841425,,,,,,,,
40137,2025,920.8611821814144,3,6.825309299793524,,,,,,,,,
40137,2026,887.6153263655108,4,6.788538458108,-0.03677084168552369,,,,,,,,
40143,2015,833.2824160655401,12,6.725372619600106,,,,,,,,,
40143,2016,843.9607748517523,12,6.738106018221814,0.012733398621708858,,,,,,,,
40143,2017,852.6237097621325,12,6.7483183127201185,0.010212294498304075,,,,,,,,
40143,2018,870.2599341651903,12,6.768791941926814,0.0204736292066956,,,,,,,,
40143,2019,895.8173154729052,12,6.797736503205614,0.02894456127879952,,,,,,,,
40143,2020,937.6165640415862,12,6.843341085093305,0.045604581887691786,31287.0,30473.0,487047.0,814.0,517520.0,517520.0,0.0015728860720358633,0.06045563456484773
40143,2021,1042.6810715479694,12,6.9495506283249044,0.10620954323159904,30187.0,30589.0,467933.0,-402.0,498522.0,498522.0,-0.0008063836701289011,0.060552994652191876
40143,2022,1161.5115157978837,12,7.057477466752691,0.10792683842778672,29190.0,28862.0,479741.0,328.0,508603.0,508603.0,0.0006449037854672505,0.057392504566430004
40143,2023,1205.9265831716127,12,7.095003499125315,0.03752603237262342,27793.0,27858.0,490126.0,-65.0,517984.0,517984.0,-0.00012548650151356027,0.05365609748563662
40143,2024,1261.6978231716791,12,7.140213571618487,0.045210072493172326,,,,,,,,
40143,2025,1298.2236172568212,12,7.168752160743874,0.02853858912538687,,,,,,,,
40143,2026,1316.0422810874113,4,7.182384239855029,0.01363207911115527,,,,,,,,
40145,2022,1426.3415282852175,9,7.262868073199753,,7687.0,5271.0,61882.0,2416.0,67153.0,67153.0,0.035977543817848796,0.11446994177475317
40145,2023,1489.6963492596694,12,7.3063275857278285,0.04345951252807545,6699.0,5278.0,65316.0,1421.0,70594.0,70594.0,0.02012918944952829,0.09489475026206193
40145,2024,1549.0865958937145,12,7.3454207432401475,0.03909315751231901,,,,,,,,
40145,2025,1605.2292529105289,12,7.381021862068305,0.03560111882815775,,,,,,,,
40145,2026,1626.9731703527975,4,7.394476616826648,0.013454754758342347,,,,,,,,
40147,2023,1055.4608078144317,11,6.961732735205745,,2619.0,2500.0,39389.0,119.0,41889.0,41889.0,0.002840841270978061,0.06252238057723984
40147,2024,1118.3646959476328,12,7.019622804410883,0.05789006920513806,,,,,,,,
40147,2025,1173.0106875404272,12,7.06732895989963,0.047706155488747015,,,,,,,,
40147,2026,1144.3436116112453,4,7.0425864866408086,-0.024742473258821285,,,,,,,,
40153,2026,1225.0,1,7.110696122978827,,,,,,,,,
41003,2015,1076.9054711739398,12,6.981846902806598,,,,,,,,,
41003,2016,1131.9469176220261,12,7.03169436510359,0.04984746229699155,,,,,,,,
41003,2017,1179.3806968430545,12,7.072744746502716,0.04105038139912587,,,,,,,,
41003,2018,1234.5716462931503,12,7.11847934379064,0.045734597287924394,,,,,,,,
41003,2019,1283.0967327067344,12,7.157031757491944,0.03855241370130358,,,,,,,,
41003,2020,1311.9541556753773,12,7.1792730265729405,0.022241269080996773,5718.0,5683.0,60853.0,35.0,66536.0,66536.0,0.0005260310208007695,0.08593843934110858
41003,2021,1401.5847855197078,12,7.245358865043093,0.06608583847015215,6137.0,6044.0,58668.0,93.0,64712.0,64712.0,0.001437136852515762,0.09483557918160465
41003,2022,1581.106800149786,12,7.365880387204824,0.12052152216173173,5811.0,5950.0,61123.0,-139.0,67073.0,67073.0,-0.002072368911484502,0.08663694780313987
41003,2023,1716.4434390908025,12,7.4480096610532405,0.08212927384841606,5340.0,6022.0,63312.0,-682.0,69334.0,69334.0,-0.009836443880347304,0.07701849020682494
41003,2024,1809.8933408357352,12,7.501023194808502,0.0530135337552613,,,,,,,,
41003,2025,1862.356672407931,12,7.529597992880722,0.02857479807222063,,,,,,,,
41003,2026,1918.7200800943126,4,7.559413617777739,0.029815624897016946,,,,,,,,
41005,2015,1153.0101598419362,12,7.050131331888464,,,,,,,,,
41005,2016,1245.3554154874325,12,7.127176242445872,0.07704491055740803,,,,,,,,
41005,2017,1308.8743830286126,12,7.176922797232184,0.04974655478631185,,,,,,,,
41005,2018,1355.9755876239306,12,7.212276465111091,0.03535366787890748,,,,,,,,
41005,2019,1413.7925479797311,12,7.2540311228075085,0.0417546576964174,,,,,,,,
41005,2020,1457.795900987138,12,7.284680917164175,0.03064979435666615,28222.0,25007.0,331159.0,3215.0,356166.0,356166.0,0.009026689801946283,0.07923833268756704
41005,2021,1608.412915751567,12,7.383003205177129,0.0983222880129544,27191.0,27042.0,315987.0,149.0,343029.0,343029.0,0.0004343656075725376,0.07926735057385818
41005,2022,1769.9570308593045,12,7.478710548922524,0.0957073437453948,25167.0,24215.0,325509.0,952.0,349724.0,349724.0,0.0027221466070386936,0.07196246182704075
41005,2023,1817.034834913665,12,7.504961239876494,0.02625069095397059,22408.0,22486.0,334203.0,-78.0,356689.0,356689.0,-0.0002186778958700717,0.062822234495597
41005,2024,1857.5637356811246,12,7.527021088617584,0.02205984874108946,,,,,,,,
41005,2025,1882.9563186157213,12,7.540598330626913,0.01357724200932875,,,,,,,,
41005,2026,1877.7605250919232,4,7.537835135711868,-0.002763194915044842,,,,,,,,
41007,2023,1570.294805780321,8,7.359018655097321,,2312.0,2198.0,29556.0,114.0,31754.0,31754.0,0.00359009888517982,0.07280972475908547
41007,2024,1603.2751098626989,12,7.379803759757379,0.020785104660057563,,,,,,,,
41007,2025,1659.6981257623565,12,7.41439101286313,0.034587253105751614,,,,,,,,
41007,2026,1695.1693829505293,4,7.435537945766051,0.021146932902921023,,,,,,,,
41009,2023,1574.358435692356,2,7.361603125855722,,2623.0,2251.0,40678.0,372.0,42929.0,42929.0,0.008665470893801394,0.06110088751193832
41009,2024,1621.5807742894374,12,7.39115673905458,0.029553613198857853,,,,,,,,
41009,2025,1645.8437721861783,12,7.406008463115287,0.01485172406070756,,,,,,,,
41009,2026,1647.572163921707,4,7.407058067494288,0.0010496043790002574,,,,,,,,
41011,2024,1585.982748210151,3,7.368959524588439,,,,,,,,,
41011,2025,1631.6083998671045,12,7.397321555669367,0.028362031080928496,,,,,,,,
41011,2026,1691.906900475583,4,7.4336115152927436,0.03628995962337633,,,,,,,,
41013,2024,1485.8717029137035,3,7.303756884345658,,,,,,,,,
41013,2025,1515.3668121047906,12,7.3234128088382855,0.01965592449262754,,,,,,,,
41013,2026,1550.822318777647,4,7.346540597476581,0.023127788638295677,,,,,,,,
41017,2015,1145.7933337441561,12,7.04385254396502,,,,,,,,,
41017,2016,1241.8622234180364,12,7.124367325114687,0.0805147811496667,,,,,,,,
41017,2017,1320.281324477559,12,7.185600117476806,0.061232792362119426,,,,,,,,
41017,2018,1363.3210635433695,12,7.217678960482299,0.03207884300549324,,,,,,,,
41017,2019,1448.9824077322035,12,7.278616801275416,0.060937840793116926,,,,,,,,
41017,2020,1565.8904233010835,12,7.356209901753325,0.0775931004779089,15222.0,10145.0,154157.0,5077.0,164302.0,164302.0,0.0309004150892868,0.09264646808925028
41017,2021,1889.6636593107703,12,7.544154134180649,0.1879442324273235,14429.0,11776.0,152297.0,2653.0,164073.0,164073.0,0.016169631810230813,0.08794256215221273
41017,2022,1982.410759985012,12,7.592068938616913,0.047914804436264724,13327.0,11479.0,157070.0,1848.0,168549.0,168549.0,0.010964170656604311,0.07906899477303336
41017,2023,2019.095709594759,12,7.610405021644338,0.01833608302742462,11936.0,10165.0,163046.0,1771.0,173211.0,173211.0,0.010224523846637915,0.06891017314142867
41017,2024,2065.3183004320904,12,7.633039634161765,0.022634612517427044,,,,,,,,
41017,2025,2100.977075063695,12,7.650157789345059,0.017118155183293737,,,,,,,,
41017,2026,2126.5265716461863,4,7.662245210099367,0.01208742075430802,,,,,,,,
41019,2022,1119.296186346089,1,7.020455361711797,,4825.0,3731.0,78987.0,1094.0,82718.0,82718.0,0.013225658260596242,0.0583307139921178
41019,2023,1150.1672356440067,12,7.047662633083634,0.02720727137183765,4086.0,3712.0,80450.0,374.0,84162.0,84162.0,0.004443810745942349,0.04854922649176588
41019,2024,1192.97369619522,12,7.084204373401551,0.036541740317916904,,,,,,,,
41019,2025,1243.8820584448424,12,7.125992460480449,0.04178808707889825,,,,,,,,
41019,2026,1263.6873458523303,4,7.141789191145084,0.015796730664634495,,,,,,,,
41027,2025,2514.7813677768495,11,7.829941147453644,,,,,,,,,
41027,2026,2450.6766561637282,3,7.804119451595665,-0.025821695857978888,,,,,,,,
41029,2015,979.4129384189501,12,6.886953349737371,,,,,,,,,
41029,2016,1089.2555917130974,12,6.993249798528646,0.10629644879127564,,,,,,,,
41029,2017,1181.0085279505872,12,7.0741240371286045,0.08087423859995813,,,,,,,,
41029,2018,1240.9231451457833,12,7.123610853509106,0.049486816380501786,,,,,,,,
41029,2019,1295.3309873865871,12,7.166521530191918,0.04291067668281201,,,,,,,,
41029,2020,1366.3048133589436,12,7.219865158253368,0.05334362806144988,9763.0,8510.0,167625.0,1253.0,176135.0,176135.0,0.007113861526669884,0.0554290742896074
41029,2021,1505.625837801622,12,7.316963929816716,0.09709877156334823,9004.0,9446.0,161015.0,-442.0,170461.0,170461.0,-0.002592968479593573,0.0528214664938021
41029,2022,1596.9275427381247,12,7.375836776326691,0.05887284650997504,8697.0,9201.0,164299.0,-504.0,173500.0,173500.0,-0.002904899135446686,0.05012680115273775
41029,2023,1647.1124074613392,12,7.406778977673462,0.030942201346770837,8242.0,7800.0,167553.0,442.0,175353.0,175353.0,0.0025206298152868783,0.0470023324379965
41029,2024,1707.6028750167245,12,7.442845838541751,0.036066860868288586,,,,,,,,
41029,2025,1779.2228197472734,12,7.483931929821177,0.04108609127942575,,,,,,,,
41029,2026,1814.126752710139,4,7.503359502936351,0.01942757311517429,,,,,,,,
41031,2026,1342.4950625367383,3,7.202285148563771,,,,,,,,,
41033,2022,1432.4018142982868,2,7.26710790473775,,4090.0,3927.0,60698.0,163.0,64625.0,64625.0,0.0025222437137330756,0.06328820116054158
41033,2023,1443.6376717732903,12,7.274921368142534,0.007813463404784393,3839.0,3387.0,61690.0,452.0,65077.0,65077.0,0.0069456182675907,0.05899165603823164
41033,2024,1496.0035091837078,12,7.310552504242706,0.035631136100171545,,,,,,,,
41033,2025,1569.4408610766998,12,7.3584746954680496,0.0479221912253438,,,,,,,,
41033,2026,1593.4399977720323,4,7.373650478785117,0.01517578331706737,,,,,,,,
41035,2023,1151.3959445258556,9,7.04873035002416,,2884.0,2819.0,49836.0,65.0,52655.0,52655.0,0.0012344506694520938,0.054771626626151364
41035,2024,1170.3010854643824,12,7.065016332689803,0.016285982665642962,,,,,,,,
41035,2025,1222.6403686162485,12,7.108768035711592,0.043751703021789545,,,,,,,,
41035,2026,1238.54645138199,4,7.121693754388361,0.012925718676768838,,,,,,,,
41039,2015,958.6434775444891,12,6.865519240948931,,,,,,,,,
41039,2016,1016.7598232575862,12,6.924376206169319,0.058856965220387636,,,,,,,,
41039,2017,1075.4055414997458,12,6.980453117328403,0.0560769111590842,,,,,,,,
41039,2018,1149.922314614292,12,7.0474496665662105,0.06699654923780773,,,,,,,,
41039,2019,1216.1559418514985,12,7.103450295958047,0.056000629391836476,,,,,,,,
41039,2020,1273.0152700282936,12,7.149143593794413,0.04569329783636622,14637.0,14212.0,268998.0,425.0,283210.0,283210.0,0.0015006532255216977,0.05168249708696727
41039,2021,1394.3587345682129,12,7.240189900084758,0.0910463062903446,14001.0,14904.0,259982.0,-903.0,274886.0,274886.0,-0.0032849981446854333,0.05093384166527215
41039,2022,1561.813507579777,12,7.353602929916861,0.11341302983210344,13754.0,13944.0,266186.0,-190.0,280130.0,280130.0,-0.0006782565237568272,0.049098632777638956
41039,2023,1622.1267365658662,12,7.391493367606789,0.037890437689927836,13059.0,13113.0,270934.0,-54.0,284047.0,284047.0,-0.0001901093833062838,0.04597478586290297
41039,2024,1673.5060568786475,12,7.422676139932939,0.031182772326149966,,,,,,,,
41039,2025,1738.3544336242446,12,7.460694216923725,0.0380180769907863,,,,,,,,
41039,2026,1783.3907600517277,4,7.486271752601637,0.02557753567791199,,,,,,,,
41041,2023,1706.153124823178,8,7.441996480661006,,2904.0,2600.0,34661.0,304.0,37261.0,37261.0,0.008158664555433294,0.07793671667427068
41041,2024,1821.5863571832524,11,7.507463025252474,0.06546654459146861,,,,,,,,
41041,2025,1874.0935200767283,12,7.535880365542921,0.028417340290446624,,,,,,,,
41041,2026,1965.5303116161786,4,7.5835173665777384,0.047637001034817494,,,,,,,,
41043,2021,1242.9456647286802,10,7.125239377545358,,7689.0,6999.0,92825.0,690.0,99824.0,99824.0,0.0069121654111235775,0.07702556499439013
41043,2022,1417.6841079427456,12,7.256779909314509,0.1315405317691507,7275.0,6419.0,95625.0,856.0,102044.0,102044.0,0.008388538277605738,0.07129277566539924
41043,2023,1503.1676796154436,12,7.315329946813982,0.058550037499473184,6773.0,5836.0,98459.0,937.0,104295.0,104295.0,0.008984131549930486,0.06494079294309411
41043,2024,1548.2712108723751,12,7.344894239625749,0.029564292811766535,,,,,,,,
41043,2025,1588.8857902502614,12,7.370788288717734,0.02589404909198567,,,,,,,,
41043,2026,1608.1721853337228,4,7.382853524437631,0.012065235719896705,,,,,,,,
41047,2015,864.7420821994903,12,6.762431291602467,,,,,,,,,
41047,2016,968.6831021991234,12,6.875937522488642,0.11350623088617517,,,,,,,,
41047,2017,1055.9210826187998,12,6.962168729105043,0.08623120661640105,,,,,,,,
41047,2018,1112.1782134900643,12,7.01407572589955,0.051906996794507165,,,,,,,,
41047,2019,1158.8931712022752,12,7.055220665840696,0.04114493994114543,,,,,,,,
41047,2020,1213.2213229615609,12,7.1010343514607985,0.045813685620102795,16289.0,16020.0,267466.0,269.0,283486.0,283486.0,0.0009489004748029885,0.05745962763593264
41047,2021,1338.4227525650413,12,7.1992471493525665,0.09821279789176796,15966.0,16150.0,252144.0,-184.0,268294.0,268294.0,-0.0006858148150909077,0.059509344226855616
41047,2022,1494.6324211838871,12,7.3096355834754805,0.11038843412291399,14517.0,15327.0,258385.0,-810.0,273712.0,273712.0,-0.002959314900333197,0.05303749926930496
41047,2023,1569.0416622732284,12,7.35822030577325,0.04858472229776911,13436.0,13999.0,263373.0,-563.0,277372.0,277372.0,-0.002029765080830077,0.048440361680342645
41047,2024,1588.4092383597902,12,7.37048831538208,0.012268009608830788,,,,,,,,
41047,2025,1623.2743323653997,12,7.392200581182547,0.021712265800466923,,,,,,,,
41047,2026,1620.2849637573183,4,7.390357316311114,-0.00184326487143327,,,,,,,,
41051,2015,1179.006763263434,12,7.072427636961489,,,,,,,,,
41051,2016,1258.326028673895,12,7.137537567970798,0.06510993100930929,,,,,,,,
41051,2017,1310.031521591845,12,7.177806478189556,0.04026891021875745,,,,,,,,
41051,2018,1338.574826888217,12,7.199360764937808,0.021554286748251883,,,,,,,,
41051,2019,1385.5654782806935,12,7.233863622862038,0.034502857924230135,,,,,,,,
41051,2020,1409.185017076934,12,7.250766814191524,0.0169031913294857,43208.0,51593.0,586365.0,-8385.0,637958.0,637958.0,-0.013143498474821226,0.06772859655337812
41051,2021,1474.9046078481772,12,7.296348594037251,0.04558177984572698,41029.0,55311.0,556080.0,-14282.0,611391.0,611391.0,-0.023359846644782144,0.06710762834258273
41051,2022,1587.093478578093,12,7.369659621487425,0.07331102745017404,41066.0,50114.0,560824.0,-9048.0,610938.0,610938.0,-0.014810013454720446,0.06721795010295643
41051,2023,1613.7570987711704,12,7.386320341079865,0.016660719592440643,39701.0,44916.0,569096.0,-5215.0,614012.0,614012.0,-0.008493319348807515,0.06465834543950282
41051,2024,1636.1709492588946,12,7.4001140039157995,0.013793662835934306,,,,,,,,
41051,2025,1673.1011803192139,12,7.422434177531789,0.022320173615989702,,,,,,,,
41051,2026,1675.9791510767616,4,7.424152841272985,0.0017186637411956696,,,,,,,,
41053,2021,1405.1715226687982,11,7.247914654507982,,6324.0,6181.0,61144.0,143.0,67325.0,67325.0,0.002124025250649833,0.09393241737838841
41053,2022,1552.6418436624717,12,7.347713174312056,0.09979851980407428,6052.0,5770.0,63150.0,282.0,68920.0,68920.0,0.0040917005223447475,0.08781195589088799
41053,2023,1624.4754947876402,12,7.392940270223227,0.045227095911171133,5453.0,5361.0,65358.0,92.0,70719.0,70719.0,0.0013009233727852487,0.07710799078041262
41053,2024,1674.610557403573,12,7.423335914183501,0.030395643960273944,,,,,,,,
41053,2025,1700.3881325581344,12,7.43861181725429,0.015275903070788743,,,,,,,,
41053,2026,1719.8808408536286,4,7.4500102888341555,0.011398471579865621,,,,,,,,
41059,2023,1337.6054231430728,7,7.198636296705496,,2673.0,2764.0,57312.0,-91.0,60076.0,60076.0,-0.0015147479858845462,0.044493641387575736
41059,2024,1367.473277685698,12,7.220719993107547,0.02208369640205099,,,,,,,,
41059,2025,1420.0585309733385,12,7.258453368741136,0.03773337563358847,,,,,,,,
41059,2026,1416.5057873945836,4,7.255948404962601,-0.002504963778534375,,,,,,,,
41061,2024,1084.3173595352864,1,6.98870590625064,,,,,,,,,
41061,2025,1168.2278182997977,12,7.063243194282621,0.07453728803198079,,,,,,,,
41061,2026,1212.8943202579344,4,7.100764782525352,0.037521588242730886,,,,,,,,
41065,2025,1658.3658679804932,12,7.413587979614845,,,,,,,,,
41065,2026,1689.9658027366281,4,7.432463572645304,0.018875593030458937,,,,,,,,
41067,2015,1211.3104543846523,12,7.099458072700159,,,,,,,,,
41067,2016,1310.3676946347953,12,7.178063059738438,0.078604987038279,,,,,,,,
41067,2017,1361.8428353258566,12,7.216594087485773,0.03853102774733497,,,,,,,,
41067,2018,1398.6090043044612,12,7.24323345333317,0.026639365847397123,,,,,,,,
41067,2019,1446.6678126909985,12,7.277018130608745,0.03378467727557499,,,,,,,,
41067,2020,1486.2611738298901,12,7.304018966112905,0.027000835504160214,32935.0,35449.0,476458.0,-2514.0,511907.0,511907.0,-0.004911048295881869,0.06433785824378256
41067,2021,1621.037093014245,12,7.390821404271059,0.0868024381581538,32247.0,36132.0,452297.0,-3885.0,488429.0,488429.0,-0.007954073161094038,0.06602187830779908
41067,2022,1824.6645568609786,12,7.509151444662744,0.11833004039168493,30792.0,35211.0,462545.0,-4419.0,497756.0,497756.0,-0.00887784376280748,0.06186163501796061
41067,2023,1843.4259483834933,12,7.519381047832139,0.01022960316939514,28312.0,32230.0,473836.0,-3918.0,506066.0,506066.0,-0.007742073168321918,0.05594527196057431
41067,2024,1886.9622053792984,12,7.54272351622218,0.02334246839004095,,,,,,,,
41067,2025,1883.4574007069057,12,7.5408644097841595,-0.0018591064380206745,,,,,,,,
41067,2026,1850.9647242565215,4,7.523462254723892,-0.017402155060267432,,,,,,,,
41071,2016,1149.373304920084,9,7.046972120573449,,,,,,,,,
41071,2017,1231.932876103908,12,7.1163396589272825,0.06936753835383325,,,,,,,,
41071,2018,1305.0487673763812,12,7.17399568869564,0.057656029768357264,,,,,,,,
41071,2019,1388.743953070715,12,7.2361549867198525,0.06215929802421272,,,,,,,,
41071,2020,1480.0736162327737,12,7.299847106218953,0.06369211949910092,6260.0,5492.0,81299.0,768.0,86791.0,86791.0,0.008848843774124045,0.07212729430470902
41071,2021,1596.579847976028,12,7.3756190252956575,0.07577191907670411,5976.0,5670.0,77583.0,306.0,83253.0,83253.0,0.0036755432236676155,0.07178119707397931
41071,2022,1775.305810964438,12,7.481727974936955,0.10610894964129791,5740.0,5475.0,79225.0,265.0,84700.0,84700.0,0.003128689492325856,0.06776859504132231
41071,2023,1880.6203349584173,12,7.5393569668007965,0.05762899186384107,5356.0,4973.0,81100.0,383.0,86073.0,86073.0,0.004449711291578079,0.062226249811206766
41071,2024,1949.9815380129364,12,7.5755751838273,0.0362182170265033,,,,,,,,
41071,2025,2031.8198672531773,12,7.61668715676358,0.041111972936279884,,,,,,,,
41071,2026,2068.2529580057803,4,7.6344595482666735,0.017772391503093843,,,,,,,,
42001,2022,1084.198858198959,10,6.988596613697994,,4869.0,3982.0,85079.0,887.0,89061.0,89061.0,0.009959465983988502,0.05467039444874861
42001,2023,1141.9535401994583,11,7.040495706550784,0.05189909285279004,4702.0,3867.0,88004.0,835.0,91871.0,91871.0,0.009088831078359874,0.05118045955742291
42001,2024,1200.0909317334274,12,7.090152609349725,0.04965690279894108,,,,,,,,
42001,2025,1220.1817676997234,12,7.1067551165472125,0.01660250719748735,,,,,,,,
42001,2026,1227.7138542049713,4,7.112909063805839,0.006153947258626502,,,,,,,,
42003,2015,1003.0879585218123,12,6.910838479552422,,,,,,,,,
42003,2016,1025.060327931272,12,6.932506746358846,0.021668266806424086,,,,,,,,
42003,2017,1046.9146638231289,12,6.953602702126754,0.021095955767908237,,,,,,,,
42003,2018,1080.376769471074,12,6.985065119901913,0.03146241777515879,,,,,,,,
42003,2019,1123.1205882899285,12,7.023866329463267,0.038801209561354355,,,,,,,,
42003,2020,1162.9028185410846,12,7.058674588013564,0.03480825855029668,32645.0,40081.0,972924.0,-7436.0,1013005.0,1013005.0,-0.007340536325092176,0.03222590214263503
42003,2021,1224.3906148628762,12,7.110198541951123,0.05152395393755871,31028.0,41378.0,923186.0,-10350.0,964564.0,964564.0,-0.010730236666514611,0.03216790176701598
42003,2022,1316.3627770090006,12,7.1826277403164696,0.07242919836534689,31400.0,42125.0,943923.0,-10725.0,986048.0,986048.0,-0.010876752450184981,0.03184429155578633
42003,2023,1369.8432596304438,12,7.222451603248086,0.039823862931616105,32013.0,38793.0,952385.0,-6780.0,991178.0,991178.0,-0.006840345528250223,0.03229793235927351
42003,2024,1427.5382572632655,12,7.263706741355471,0.04125513810738557,,,,,,,,
42003,2025,1485.5715106517919,12,7.303554832856629,0.03984809150115787,,,,,,,,
42003,2026,1518.020702425779,4,7.325162595824225,0.021607762967596145,,,,,,,,
42007,2021,864.4352078964577,12,6.7620763548264495,,5599.0,5652.0,129437.0,-53.0,135089.0,135089.0,-0.0003923339428080747,0.04144674992042283
42007,2022,896.8238039427988,12,6.798859414606844,0.036783059780394645,5556.0,5267.0,132064.0,289.0,137331.0,137331.0,0.002104404686487392,0.04045699805579221
42007,2023,929.9554448971926,12,6.835136676286947,0.03627726168010259,5575.0,5073.0,133585.0,502.0,138658.0,138658.0,0.0036204185838537985,0.04020683985056758
42007,2024,969.268382161002,12,6.876541541716571,0.04140486542962396,,,,,,,,
42007,2025,1019.0881476494793,12,6.9266635335535724,0.05012199183700172,,,,,,,,
42007,2026,1022.7331148564235,4,6.930233847121939,0.0035703135683666787,,,,,,,,
42011,2015,820.3201335703593,12,6.709694670862517,,,,,,,,,
42011,2016,845.1079662206648,12,6.739464389870539,0.029769719008021944,,,,,,,,
42011,2017,871.4082370971723,12,6.770110566355181,0.030646176484641963,,,,,,,,
42011,2018,907.4348146259534,12,6.810621733945861,0.04051116759067952,,,,,,,,
42011,2019,940.6023643215213,12,6.846520483139004,0.03589874919314351,,,,,,,,
42011,2020,991.8601400846491,12,6.8995821095272625,0.053061626388258176,13550.0,13544.0,346677.0,6.0,360221.0,360221.0,1.665644146232452e-05,0.03761579696908287
42011,2021,1118.2573519844948,12,7.019526816835942,0.11994470730867945,13851.0,13287.0,330481.0,564.0,343768.0,343768.0,0.001640641362779549,0.04029170836145307
42011,2022,1235.2578318261333,12,7.119034997981926,0.0995081811459837,13567.0,13425.0,341498.0,142.0,354923.0,354923.0,0.0004000867793859513,0.03822519250654367
42011,2023,1340.0769404013417,12,7.200482309506551,0.08144731152462548,13140.0,13078.0,349135.0,62.0,362213.0,362213.0,0.00017117000218103712,0.036276997236432705
42011,2024,1415.0396201485653,12,7.254912809790335,0.054430500283784156,,,,,,,,
42011,2025,1471.6333314657206,12,7.294128172787734,0.039215362997398806,,,,,,,,
42011,2026,1492.1817779963144,4,7.307994608460584,0.013866435672849953,,,,,,,,
42013,2023,865.8060167635773,10,6.763660884352615,,2762.0,2842.0,97229.0,-80.0,100071.0,100071.0,-0.0007994324029938744,0.027600403713363513
42013,2024,905.3607999549799,12,6.808333538233972,0.04467265388135733,,,,,,,,
42013,2025,965.6372017493662,12,6.872788196122124,0.06445465788815152,,,,,,,,
42013,2026,994.3283822993477,4,6.902067516584508,0.02927932046238446,,,,,,,,
42015,2026,907.6246759771044,2,6.810830940699498,,,,,,,,,
42017,2015,1316.96576231307,12,7.1830857046802805,,,,,,,,,
42017,2016,1337.0019713106283,12,7.1981850515291494,0.015099346848868933,,,,,,,,
42017,2017,1378.28429703468,12,7.228594741640267,0.03040969011111727,,,,,,,,
42017,2018,1427.7333021562256,12,7.263843362261192,0.035248620620925486,,,,,,,,
42017,2019,1481.9567545045395,12,7.301118624934011,0.037275262672818776,,,,,,,,
42017,2020,1542.9318822259504,12,7.3414397050672,0.04032108013318858,25826.0,22806.0,547541.0,3020.0,570347.0,570347.0,0.005295022153180433,0.045281206002661535
42017,2021,1700.0478961685785,12,7.438411703864232,0.09697199879703255,25568.0,24150.0,515837.0,1418.0,539987.0,539987.0,0.002625989144183101,0.04734928803841574
42017,2022,1882.2479856990449,12,7.540222078573753,0.1018103747095207,24120.0,23819.0,536229.0,301.0,560048.0,560048.0,0.0005374539325200698,0.0430677370511099
42017,2023,1954.0548278420276,12,7.577661891493633,0.037439812919879856,22697.0,22532.0,549780.0,165.0,572312.0,572312.0,0.0002883042815806763,0.03965843805476733
42017,2024,2035.864222369714,12,7.618675687023122,0.04101379552948892,,,,,,,,
42017,2025,2094.4287574692685,12,7.647036125709417,0.028360438686295453,,,,,,,,
42017,2026,2117.5106861501745,4,7.657996473101515,0.010960347392098058,,,,,,,,
42019,2018,1249.4689777082115,12,7.130473922202256,,,,,,,,,
42019,2019,1283.6039496389824,12,7.157426986232356,0.026953064030100116,,,,,,,,
42019,2020,1323.2911229394497,12,7.18787718748132,0.03045020124896336,8649.0,6966.0,161284.0,1683.0,168250.0,168250.0,0.01000297176820208,0.05140564635958395
42019,2021,1397.84175709159,12,7.242684724034793,0.054807536553473035,8283.0,6951.0,154589.0,1332.0,161540.0,161540.0,0.008245635755849945,0.05127522595022905
42019,2022,1511.451277615555,12,7.320825579241192,0.07814085520639935,8421.0,6671.0,160344.0,1750.0,167015.0,167015.0,0.010478100769391971,0.05042062090231416
42019,2023,1591.5117693782247,12,7.372439641842918,0.051614062601726296,7480.0,6867.0,164961.0,613.0,171828.0,171828.0,0.0035675210093814745,0.043531903997020276
42019,2024,1657.4267581017782,12,7.413021532909802,0.04058189106688381,,,,,,,,
42019,2025,1726.9102969704672,12,7.454089135263488,0.041067602353686006,,,,,,,,
42019,2026,1724.15591860445,4,7.452492887159969,-0.0015962481035192155,,,,,,,,
42021,2018,542.3812817393824,9,6.29596922596319,,,,,,,,,
42021,2019,563.2743046191354,12,6.33376672905895,0.03779750309576002,,,,,,,,
42021,2020,595.4862119305795,12,6.389378234758334,0.055611505699384445,3278.0,3447.0,103124.0,-169.0,106571.0,106571.0,-0.001585797261919284,0.030758836831783504
42021,2021,636.0257060153805,12,6.455238980786503,0.06586074602816883,3558.0,3485.0,99315.0,73.0,102800.0,102800.0,0.0007101167315175098,0.03461089494163424
42021,2022,682.719719313062,12,6.526084408309218,0.07084542752271528,3613.0,3488.0,101197.0,125.0,104685.0,104685.0,0.0011940583655729092,0.03451306299851937
42021,2023,729.2716379051458,12,6.5920462797579615,0.0659618714487431,3443.0,3455.0,102253.0,-12.0,105708.0,105708.0,-0.00011352026336701102,0.03257085556438491
42021,2024,764.4140189491187,12,6.6391095520057934,0.04706327224783191,,,,,,,,
42021,2025,803.3762151005922,12,6.688823116185209,0.04971356417941575,,,,,,,,
42021,2026,854.1081259941369,4,6.750057797008396,0.06123468082318695,,,,,,,,
42025,2023,1096.5515713299917,7,6.999925599428632,,3049.0,2543.0,50822.0,506.0,53365.0,53365.0,0.009481870139604609,0.057134826196945564
42025,2024,1148.472625371693,12,7.046188186731198,0.04626258730256616,,,,,,,,
42025,2025,1230.624941927127,12,7.11527740220365,0.06908921547245139,,,,,,,,
42025,2026,1309.9935476130843,4,7.177777490696871,0.06250008849322164,,,,,,,,
42027,2019,1242.4947268924632,10,7.12487651401205,,,,,,,,,
42027,2020,1267.5979574521214,11,7.144879016464979,0.020002502452928894,4769.0,5404.0,99100.0,-635.0,104504.0,104504.0,-0.006076322437418663,0.04563461685677103
42027,2021,1329.8240887921365,12,7.1928019484020735,0.047922931937094404,4918.0,5376.0,93715.0,-458.0,99091.0,99091.0,-0.004622014108243937,0.049631147127387955
42027,2022,1417.6175514573097,12,7.25673296088119,0.06393101247911659,4822.0,5444.0,96106.0,-622.0,101550.0,101550.0,-0.006125061546036435,0.04748399803052684
42027,2023,1507.728825096892,12,7.318359708191285,0.0616267473100951,4681.0,5546.0,98550.0,-865.0,104096.0,104096.0,-0.00830963725791577,0.0449681063633569
42027,2024,1563.8771524261065,12,7.3549233709781445,0.0365636627868593,,,,,,,,
42027,2025,1642.7000309944262,12,7.404096527415131,0.04917315643698661,,,,,,,,
42027,2026,1680.984870200017,4,7.427135132892214,0.02303860547708325,,,,,,,,
42029,2015,1354.0275549986181,12,7.210838804076532,,,,,,,,,
42029,2016,1381.8642883631546,12,7.231188800057944,0.020349995981411517,,,,,,,,
42029,2017,1425.016848716936,12,7.26193891629386,0.03075011623591628,,,,,,,,
42029,2018,1467.9633918661993,12,7.291631271442673,0.0296923551488133,,,,,,,,
42029,2019,1522.6213827529627,12,7.328188722352224,0.03655745090955076,,,,,,,,
42029,2020,1579.896786527749,12,7.365114798904806,0.0369260765525814,23405.0,20522.0,448208.0,2883.0,468730.0,468730.0,0.006150662428263606,0.04993279713267766
42029,2021,1713.4061028481271,12,7.446238541358623,0.08112374245381737,24666.0,20253.0,422668.0,4413.0,442921.0,442921.0,0.009963402051381623,0.05568938930418743
42029,2022,1902.268895948335,12,7.5508026084799384,0.1045640671213155,23011.0,20731.0,442531.0,2280.0,463262.0,463262.0,0.004921621026546533,0.049671676070992224
42029,2023,1989.4261929735703,12,7.5956015308996445,0.044798922419706066,20578.0,20648.0,456567.0,-70.0,477215.0,477215.0,-0.00014668440849512274,0.04312102511446623
42029,2024,2039.964289223312,12,7.620687581402352,0.025086050502707735,,,,,,,,
42029,2025,2108.0701685847384,12,7.6535281959121635,0.03284061450981124,,,,,,,,
42029,2026,2153.634798407148,4,7.674912297569842,0.021384101657678123,,,,,,,,
42033,2025,884.5279904989999,1,6.785054158660464,,,,,,,,,
42033,2026,906.163335792347,4,6.809219572125581,0.024165413465117247,,,,,,,,
42035,2023,801.9744127629465,8,6.687076703071959,,1041.0,1069.0,28686.0,-28.0,29755.0,29755.0,-0.0009410183162493699,0.034985716686271214
42035,2024,849.0086497465668,12,6.744069374417949,0.05699267134598962,,,,,,,,
42035,2025,888.2736652967887,12,6.789279877154491,0.045210502736542146,,,,,,,,
42035,2026,909.9086861832793,4,6.8133442496224745,0.024064372467983652,,,,,,,,
42037,2024,982.7215920678353,12,6.890325857313661,,,,,,,,,
42037,2025,1046.053051415825,12,6.952779361709505,0.06245350439584385,,,,,,,,
42037,2026,1086.6144127171137,4,6.990822098079809,0.0380427363703042,,,,,,,,
42041,2015,1004.0326833484406,12,6.9117798528577294,,,,,,,,,
42041,2016,1033.4694950812902,12,6.9406768625578055,0.028897009700076026,,,,,,,,
42041,2017,1063.7759849798651,12,6.9695801073023835,0.02890324474457806,,,,,,,,
42041,2018,1097.8507448322764,12,7.001109679161421,0.031529571859037375,,,,,,,,
42041,2019,1145.1449281673274,12,7.0432864827970505,0.04217680363562959,,,,,,,,
42041,2020,1187.319412616492,12,7.079453450758324,0.0361669679612735,14109.0,11953.0,211390.0,2156.0,223343.0,223343.0,0.009653313513295693,0.06317189255987428
42041,2021,1302.8460167884493,12,7.172306394230892,0.09285294347256823,13660.0,11594.0,203262.0,2066.0,214856.0,214856.0,0.00961574263692892,0.06357746583758424
42041,2022,1434.7123359080886,12,7.268719645316553,0.09641325108566079,14514.0,11950.0,210831.0,2564.0,222781.0,222781.0,0.011509060467454585,0.06514918238090323
42041,2023,1519.3843236181456,12,7.326060481534091,0.05734083621753783,14041.0,11705.0,218226.0,2336.0,229931.0,229931.0,0.01015956961001344,0.06106614593073574
42041,2024,1557.264798280933,12,7.350686226918407,0.02462574538431639,,,,,,,,
42041,2025,1619.4501614846931,12,7.389841964124081,0.039155737205673447,,,,,,,,
42041,2026,1647.5294537287648,4,7.407032144049187,0.017190179925106186,,,,,,,,
42043,2015,829.8057278101828,12,6.721191610514355,,,,,,,,,
42043,2016,848.9860487957395,12,6.74404275366248,0.02285114314812553,,,,,,,,
42043,2017,870.0041307055549,12,6.768497959574777,0.024455205912296663,,,,,,,,
42043,2018,907.3415098108218,12,6.810518906050261,0.04202094647548371,,,,,,,,
42043,2019,945.5489475418572,12,6.851765655708157,0.041246749657896764,,,,,,,,
42043,2020,1004.750674660546,12,6.912494704800143,0.06072904909198584,13726.0,13530.0,227031.0,196.0,240561.0,240561.0,0.0008147621601173922,0.057058292906996565
42043,2021,1110.1343590086055,12,7.012236331133025,0.09974162633288142,13542.0,13620.0,217916.0,-78.0,231536.0,231536.0,-0.00033688065786745904,0.0584876649851427
42043,2022,1221.309554732366,12,7.107678967557859,0.09544263642483397,13565.0,14155.0,223664.0,-590.0,237819.0,237819.0,-0.0024808783150210875,0.05703917685298483
42043,2023,1271.86309938621,12,7.148238111839242,0.0405591442813833,12977.0,13618.0,228570.0,-641.0,242188.0,242188.0,-0.0026467042132558177,0.05358234099129602
42043,2024,1320.0705813199222,12,7.18544048484782,0.03720237300857843,,,,,,,,
42043,2025,1376.8080875346395,12,7.22752311903365,0.042082634185829804,,,,,,,,
42043,2026,1397.8290255227694,4,7.242675615974646,0.015152496940995519,,,,,,,,
42045,2015,1068.7224140151231,12,6.974219208470011,,,,,,,,,
42045,2016,1100.0231196114385,12,7.003086476394171,0.028867267924160167,,,,,,,,
42045,2017,1134.2856382617763,12,7.033758338162243,0.030671861768071906,,,,,,,,
42045,2018,1168.6561949032875,12,7.063609816336491,0.02985147817424849,,,,,,,,
42045,2019,1222.0850904360989,12,7.108313769415439,0.04470395307894748,,,,,,,,
42045,2020,1273.777217028381,12,7.149741951946241,0.04142818253080183,22940.0,23437.0,451344.0,-497.0,474781.0,474781.0,-0.0010467984186393305,0.04831701352834254
42045,2021,1392.8206648245202,12,7.2390862252368775,0.08934427329063688,22525.0,24927.0,424916.0,-2402.0,449843.0,449843.0,-0.005339640719095329,0.050073025477777804
42045,2022,1540.5416160513194,12,7.339889332310795,0.10080310707391771,22217.0,23468.0,440800.0,-1251.0,464268.0,464268.0,-0.0026945643464550647,0.04785382580750773
42045,2023,1603.9085607052411,12,7.380198779759876,0.04030944744908105,20739.0,22635.0,448770.0,-1896.0,471405.0,471405.0,-0.004022019282782321,0.043994017882712316
42045,2024,1683.4702535550903,12,7.428612569039077,0.04841378927920115,,,,,,,,
42045,2025,1754.5886977130501,12,7.46998974815584,0.041377179116762974,,,,,,,,
42045,2026,1786.174832342155,4,7.487831647094622,0.017841898938781853,,,,,,,,
42047,2026,900.0,1,6.802394763324311,,,,,,,,,
42049,2016,684.130971551516,7,6.528149378169296,,,,,,,,,
42049,2017,699.1636065193298,12,6.549884772814085,0.021735394644789352,,,,,,,,
42049,2018,714.1483606968158,12,6.571090728845407,0.021205956031321804,,,,,,,,
42049,2019,737.2625301001939,12,6.602944043278588,0.031853314433180735,,,,,,,,
42049,2020,758.7191972768411,12,6.631631744879909,0.028687701601321614,5797.0,6400.0,210005.0,-603.0,216405.0,216405.0,-0.0027864420877521316,0.026787735958041636
42049,2021,801.9678563076659,12,6.687068527646438,0.0554367827665283,5429.0,6237.0,201637.0,-808.0,207874.0,207874.0,-0.0038869699914371204,0.026116782281574415
42049,2022,891.4100367672175,12,6.792804520003944,0.10573599235750653,5435.0,6233.0,205558.0,-798.0,211791.0,211791.0,-0.0037678654900349874,0.025662091401428767
42049,2023,964.1387100265666,12,6.871235174328415,0.07843065432447105,5109.0,6235.0,208089.0,-1126.0,214324.0,214324.0,-0.005253728000597226,0.023837740990276406
42049,2024,1021.5542123685656,12,6.929080484184309,0.0578453098558942,,,,,,,,
42049,2025,1090.4618697138217,12,6.99435661915583,0.06527613497152096,,,,,,,,
42049,2026,1098.522639976111,4,7.001721501513159,0.007364882357328462,,,,,,,,
42051,2024,790.5897882890125,1,6.672779234372657,,,,,,,,,
42051,2025,819.8593894189198,11,6.7091328492361635,0.036353614863506856,,,,,,,,
42051,2026,864.2055814645424,4,6.761810682010351,0.05267783277418747,,,,,,,,
42055,2015,722.4521794043166,11,6.5826512301204,,,,,,,,,
42055,2016,745.0122832913927,12,6.613400705883093,0.03074947576269249,,,,,,,,
42055,2017,760.2410117340474,12,6.633635503710929,0.020234797827836104,,,,,,,,
42055,2018,783.0804169797283,12,6.663235394394955,0.029599890684026242,,,,,,,,
42055,2019,810.8739204257816,12,6.698112580162864,0.034877185767908436,,,,,,,,
42055,2020,851.3482781646225,12,6.7468213023880965,0.048708722225232925,5508.0,5283.0,134703.0,225.0,139986.0,139986.0,0.0016073035875016073,0.039346791822039345
42055,2021,948.4167819377566,12,6.854794049034439,0.10797274664634227,5697.0,5204.0,126364.0,493.0,131568.0,131568.0,0.003747111759698407,0.043300802626778545
42055,2022,1035.400988974606,12,6.9425440596292205,0.08775001059478171,5624.0,5256.0,129742.0,368.0,134998.0,134998.0,0.002725966310612009,0.041659876442613965
42055,2023,1101.5853594232378,12,7.004505657042213,0.06196159741299212,5619.0,5009.0,132946.0,610.0,137955.0,137955.0,0.004421731724112935,0.04073067304555834
42055,2024,1164.4117018035265,12,7.059971261463299,0.05546560442108639,,,,,,,,
42055,2025,1222.338481609725,12,7.1085210912375905,0.04854982977429145,,,,,,,,
42055,2026,1243.9496693194321,4,7.12604681373421,0.017525722496619878,,,,,,,,
42063,2025,715.7581587667573,9,6.573342342818961,,,,,,,,,
42063,2026,878.6614135662885,4,6.77839962844585,0.2050572856268893,,,,,,,,
42069,2015,762.285822371894,3,6.636321580332351,,,,,,,,,
42069,2016,782.8161862104176,12,6.662897912633669,0.026576332301318395,,,,,,,,
42069,2017,793.8546318176719,12,6.676900361132275,0.01400244849860588,,,,,,,,
42069,2018,827.1045967835494,12,6.717931164394361,0.0410308032620863,,,,,,,,
42069,2019,867.3903992168938,12,6.7654891628789695,0.04755799848460818,,,,,,,,
42069,2020,918.5029975056681,12,6.82274516812908,0.05725600525011032,6580.0,6298.0,165024.0,282.0,171322.0,171322.0,0.0016460232778043684,0.038407209815435266
42069,2021,1044.7876418545357,12,6.951568930211914,0.12882376208283386,6823.0,6334.0,158843.0,489.0,165177.0,165177.0,0.0029604605968143265,0.04130720378745225
42069,2022,1153.277390008748,12,7.050363072434456,0.09879414222254201,6887.0,6479.0,163547.0,408.0,170026.0,170026.0,0.0023996329973062945,0.04050556973639326
42069,2023,1208.706114983656,12,7.097305739993556,0.04694266755910004,6763.0,6535.0,165247.0,228.0,171782.0,171782.0,0.0013272636248268155,0.03936966620484102
42069,2024,1259.2793825111871,12,7.138294917695759,0.040989177702202895,,,,,,,,
42069,2025,1299.3222324982478,12,7.169598047877714,0.031303130181955297,,,,,,,,
42069,2026,1342.2415194757648,4,7.202096271142108,0.032498223264394,,,,,,,,
42071,2015,833.1329282880138,12,6.725193207212391,,,,,,,,,
42071,2016,860.6387255499027,12,6.757674817707121,0.032481610494730084,,,,,,,,
42071,2017,901.8954985576925,12,6.804498658093338,0.04682384038621645,,,,,,,,
42071,2018,945.5835733209582,12,6.851802274801449,0.04730361670811156,,,,,,,,
42071,2019,985.9445841193304,12,6.893600150304471,0.04179787550302194,,,,,,,,
42071,2020,1035.211631603892,12,6.942361159776916,0.04876100947244488,16024.0,16547.0,491163.0,-523.0,507710.0,507710.0,-0.0010301156171830376,0.03156132437808985
42071,2021,1145.1698683862503,12,7.043308261653792,0.1009471018768755,15337.0,16136.0,451912.0,-799.0,468048.0,468048.0,-0.001707089871124329,0.0327680067001675
42071,2022,1258.0280588175212,12,7.137300741318104,0.09399247966431279,15033.0,16133.0,464035.0,-1100.0,480168.0,480168.0,-0.002290864863964279,0.031307792272704554
42071,2023,1345.9992025727427,12,7.204891917762256,0.06759117644415191,14990.0,15499.0,474680.0,-509.0,490179.0,490179.0,-0.001038396177722832,0.030580665430383593
42071,2024,1413.3610766132877,12,7.253725889044447,0.0488339712821908,,,,,,,,
42071,2025,1482.9701323762802,12,7.301802201932611,0.048076312888164274,,,,,,,,
42071,2026,1505.9781262557933,4,7.317197883855815,0.015395681923203952,,,,,,,,
42073,2023,848.8671127117824,8,6.74390265193066,,2665.0,2499.0,67086.0,166.0,69585.0,69585.0,0.0023855716030753756,0.038298483868649855
42073,2024,881.9986585586888,12,6.7821905350971186,0.03828788316645859,,,,,,,,
42073,2025,992.4929615420136,12,6.900219920890874,0.1180293857937551,,,,,,,,
42073,2026,1099.6894403561223,4,7.002783091975727,0.10256317108485291,,,,,,,,
42075,2021,1041.2197081686738,12,6.948148101263087,,5554.0,5349.0,115516.0,205.0,120865.0,120865.0,0.0016961072270715262,0.04595209531295247
42075,2022,1153.3338052970025,12,7.050411988600631,0.10226388733754455,5540.0,5100.0,118325.0,440.0,123425.0,123425.0,0.0035649179663763417,0.04488555803119303
42075,2023,1238.9633394116602,12,7.122030292338809,0.07161830373817768,5253.0,4931.0,121520.0,322.0,126451.0,126451.0,0.0025464409138717765,0.041541782983131804
42075,2024,1307.2376391395671,12,7.175671517402627,0.05364122506381808,,,,,,,,
42075,2025,1364.0850743621975,12,7.218239207691686,0.042567690289058824,,,,,,,,
42075,2026,1370.110334899522,4,7.2226465520022956,0.004407344310609851,,,,,,,,
42077,2015,1057.9430326617623,12,6.964081766603521,,,,,,,,,
42077,2016,1083.3575096952084,12,6.987820303048392,0.02373853644487056,,,,,,,,
42077,2017,1121.8352084483533,12,7.022721202255057,0.03490089920666506,,,,,,,,
42077,2018,1169.1416910385922,12,7.064025161174643,0.04130395891958649,,,,,,,,
42077,2019,1211.679409828627,12,7.099762618296718,0.035737457122074545,,,,,,,,
42077,2020,1273.1808575512293,12,7.149273660383845,0.04951104208712742,16693.0,16741.0,301419.0,-48.0,318160.0,318160.0,-0.00015086748805632387,0.05246731204425446
42077,2021,1449.3632197692357,12,7.278879580176325,0.12960591979247926,16898.0,16932.0,288426.0,-34.0,305358.0,305358.0,-0.00011134471669319291,0.05533832419651687
42077,2022,1607.8983297416787,12,7.3826832199673635,0.1038036397910389,16443.0,16872.0,298598.0,-429.0,315470.0,315470.0,-0.0013598757409579358,0.05212223032301011
42077,2023,1663.972395953927,12,7.41696303227356,0.034279812306196256,16165.0,16320.0,305583.0,-155.0,321903.0,321903.0,-0.0004815115112316443,0.05021699083264213
42077,2024,1724.2075182997744,12,7.452522814223211,0.035559781949650926,,,,,,,,
42077,2025,1793.2398959703507,12,7.491779260511568,0.03925644628835734,,,,,,,,
42077,2026,1820.8811773060406,4,7.507075826256549,0.015296565744980839,,,,,,,,
42079,2016,681.5775901231038,8,6.524410096634085,,,,,,,,,
42079,2017,715.5229119390839,12,6.57301362076065,0.04860352412656521,,,,,,,,
42079,2018,755.1981006451956,12,6.626980099792635,0.053966479031984704,,,,,,,,
42079,2019,796.4961365568593,12,6.680222278813367,0.053242179020731584,,,,,,,,
42079,2020,847.6832023020485,12,6.742506983801712,0.06228470498834504,10145.0,9433.0,249679.0,712.0,259112.0,259112.0,0.002747846491092655,0.03915295316311093
42079,2021,966.4894470848927,12,6.873670379897511,0.13116339609579963,10940.0,8989.0,242455.0,1951.0,251444.0,251444.0,0.007759182959227502,0.04350869378469958
42079,2022,1074.4310589252416,12,6.979546552949461,0.10587617305194996,10731.0,10100.0,251009.0,631.0,261109.0,261109.0,0.002416615283272503,0.04109777908842667
42079,2023,1126.00309679037,12,7.026429558953731,0.04688300600426931,10763.0,10125.0,254500.0,638.0,264625.0,264625.0,0.002410958904109589,0.040672649976381675
42079,2024,1184.986221820436,12,7.077486426345885,0.05105686739215454,,,,,,,,
42079,2025,1239.771626195825,12,7.122682469214538,0.04519604286865242,,,,,,,,
42079,2026,1273.4937492811835,4,7.149519386108435,0.02683691689389711,,,,,,,,
42081,2023,927.0241431327449,8,6.8319796095986,,2931.0,2775.0,89160.0,156.0,91935.0,91935.0,0.0016968510360580846,0.03188122042747593
42081,2024,945.6143673894672,12,6.851834840476199,0.01985523087759944,,,,,,,,
42081,2025,987.7238953191257,12,6.895403200513132,0.04356836003693321,,,,,,,,
42081,2026,1020.8559415325668,4,6.928396712747048,0.032993512233916,,,,,,,,
42085,2022,732.5853022273612,8,6.596579787663745,,3237.0,3163.0,83468.0,74.0,86631.0,86631.0,0.0008541976890489547,0.037365377289884684
42085,2023,759.3932864083569,12,6.632519807105946,0.03594001944220082,3145.0,3306.0,84363.0,-161.0,87669.0,87669.0,-0.0018364530221629083,0.03587356990498352
42085,2024,804.2533662545011,12,6.689914351692597,0.05739454458665083,,,,,,,,
42085,2025,851.7561463514538,12,6.747300272659981,0.05738592096738415,,,,,,,,
42085,2026,865.3970441215341,4,6.76318841216389,0.015888139503909215,,,,,,,,
42089,2015,961.694613315568,12,6.868696950491944,,,,,,,,,
42089,2016,980.4815432427632,12,6.88804382163747,0.019346871145526023,,,,,,,,
42089,2017,1028.7187120978435,12,6.93606933801514,0.048025516377670385,,,,,,,,
42089,2018,1078.2840051587045,12,6.983126172390924,0.04705683437578401,,,,,,,,
42089,2019,1131.3921302846768,12,7.0312041271527415,0.04807795476181731,,,,,,,,
42089,2020,1228.8346918170905,12,7.1138215942679075,0.08261746711516604,9390.0,8012.0,125301.0,1378.0,133313.0,133313.0,0.010336576327890003,0.07043574145057122
42089,2021,1424.703252950059,12,7.261718827473235,0.14789723320532744,8838.0,8269.0,119744.0,569.0,128013.0,128013.0,0.004444861068797701,0.06903986313889995
42089,2022,1615.5869692078452,12,7.387453618051287,0.12573479057805237,8070.0,8334.0,123010.0,-264.0,131344.0,131344.0,-0.002009989036423438,0.061441710317943724
42089,2023,1699.198372570946,12,7.437911873285241,0.050458255233953864,7484.0,7799.0,124185.0,-315.0,131984.0,131984.0,-0.002386652927627591,0.056703842890047276
42089,2024,1766.8816542044385,12,7.476971494527463,0.039059621242222065,,,,,,,,
42089,2025,1815.510842087856,12,7.504122162793515,0.027150668266052058,,,,,,,,
42089,2026,1887.4548615370416,4,7.542984566419764,0.03886240362624882,,,,,,,,
42091,2015,1225.2237468874407,12,7.110878756820612,,,,,,,,,
42091,2016,1254.8285723625622,12,7.1347542465087965,0.023875489688184537,,,,,,,,
42091,2017,1304.3292604379328,12,7.173444210949592,0.03868996444079542,,,,,,,,
42091,2018,1349.8012351578052,12,7.207712627376161,0.03426841642656875,,,,,,,,
42091,2019,1410.7711906427392,12,7.25189177757127,0.04417915019510943,,,,,,,,
42091,2020,1468.1529692782078,12,7.291760406251348,0.03986862868007801,39166.0,35384.0,700227.0,3782.0,735611.0,735611.0,0.005141304303497365,0.05324281447667313
42091,2021,1589.975988345457,12,7.371474193430722,0.07971378717937405,38795.0,36759.0,661657.0,2036.0,698416.0,698416.0,0.0029151680373874595,0.05554712377723305
42091,2022,1760.507358676782,12,7.4733573184652595,0.10188312503453734,37383.0,36727.0,688002.0,656.0,724729.0,724729.0,0.0009051659309893767,0.05158203963136566
42091,2023,1829.8133168915174,12,7.511969228004238,0.03861190953897875,35413.0,34659.0,708437.0,754.0,743096.0,743096.0,0.0010146737433655948,0.047656022909556776
42091,2024,1889.3012167532272,12,7.5439623131023685,0.03199308509813026,,,,,,,,
42091,2025,1956.119662733371,12,7.578718025990059,0.03475571288769075,,,,,,,,
42091,2026,1996.044370092286,4,7.598922686129491,0.020204660139431674,,,,,,,,
42093,2025,1411.2052491004874,5,7.252199404846294,,,,,,,,,
42093,2026,1552.5462344975876,4,7.347651594038973,0.09545218919267828,,,,,,,,
42095,2015,1035.1662826732754,12,6.942317352382806,,,,,,,,,
42095,2016,1066.3007339936391,12,6.971950679379556,0.029633326996750142,,,,,,,,
42095,2017,1111.7584036659243,12,7.013698188315171,0.04174750893561541,,,,,,,,
42095,2018,1152.2838698189305,12,7.04950122567408,0.03580303735890844,,,,,,,,
42095,2019,1197.698626212939,12,7.088157182931796,0.03865595725771609,,,,,,,,
42095,2020,1267.256906963312,12,7.144609927693346,0.05645274476155038,14608.0,13665.0,247070.0,943.0,260735.0,260735.0,0.003616698947206934,0.05602623353213032
42095,2021,1421.7146965138365,12,7.259618954870235,0.11500902717688888,14643.0,13636.0,235260.0,1007.0,248896.0,248896.0,0.004045866546670095,0.05883180123425045
42095,2022,1577.5874036782388,12,7.36365199933262,0.10403304446238515,14297.0,13503.0,243175.0,794.0,256678.0,256678.0,0.003093369903147134,0.05570013791598812
42095,2023,1664.6373651175793,12,7.417362579964776,0.05371058063215628,14000.0,12932.0,248872.0,1068.0,261804.0,261804.0,0.004079387633496814,0.053475118791156746
42095,2024,1725.7407724485981,12,7.4534116705889035,0.03604909062412709,,,,,,,,
42095,2025,1786.9646714023731,12,7.488273745183574,0.03486207459467039,,,,,,,,
42095,2026,1821.3273513969593,4,7.507320828205029,0.01904708302145508,,,,,,,,
42097,2024,940.8531651144262,11,6.846787086085995,,,,,,,,,
42097,2025,1005.8813930505712,11,6.91361944415687,0.06683235807087495,,,,,,,,
42097,2026,1027.179219831194,4,6.934571702815954,0.02095225865908379,,,,,,,,
42101,2015,1228.741926529555,12,7.113746100965369,,,,,,,,,
42101,2016,1267.120984128635,12,7.144502664419558,0.030756563454188424,,,,,,,,
42101,2017,1307.8023652277998,12,7.176103423680212,0.03160075926065442,,,,,,,,
42101,2018,1351.8081408654355,12,7.209198338889158,0.03309491520894614,,,,,,,,
42101,2019,1403.8171433100545,12,7.2469503362961625,0.03775199740700419,,,,,,,,
42101,2020,1432.9904739394613,12,7.2675187801713665,0.020568443875204068,48496.0,69399.0,1022999.0,-20903.0,1092398.0,1092398.0,-0.019134967292140776,0.04439407615173224
42101,2021,1493.2605961104252,12,7.308717327592881,0.04119854742151485,45712.0,74349.0,969798.0,-28637.0,1044147.0,1044147.0,-0.02742621489119827,0.04377927628964121
42101,2022,1606.9248420600213,12,7.38207759554612,0.07336026795323836,47532.0,73320.0,984630.0,-25788.0,1057950.0,1057950.0,-0.024375443073869275,0.04492839926272508
42101,2023,1652.706616211617,12,7.410169596413177,0.028092000867057543,50654.0,68435.0,978574.0,-17781.0,1047009.0,1047009.0,-0.016982662040154382,0.04837971784387718
42101,2024,1702.7393362169896,12,7.439993607419092,0.02982401100591492,,,,,,,,
42101,2025,1753.7822983452913,12,7.4695300479799664,0.029536440560874233,,,,,,,,
42101,2026,1782.121575532766,4,7.485559829908284,0.016029781928317277,,,,,,,,
42103,2025,2036.178950116989,6,7.61883026679282,,,,,,,,,
42103,2026,2078.8141946797905,4,7.639552911415665,0.02072264462284501,,,,,,,,
42107,2022,988.7771910719867,8,6.896469019155806,,5259.0,4246.0,109230.0,1013.0,113476.0,113476.0,0.0089269977792661,0.04634460150163911
42107,2023,1044.0163040740097,12,6.950830385249769,0.05436136609396325,5417.0,4291.0,110786.0,1126.0,115077.0,115077.0,0.009784752817678597,0.047072829496771725
42107,2024,1126.682817257947,12,7.027033034550543,0.07620264930077436,,,,,,,,
42107,2025,1203.0474806228983,12,7.09261318371028,0.06558014915973676,,,,,,,,
42107,2026,1238.3511532386888,4,7.121536058613338,0.028922874903058116,,,,,,,,
42109,2026,981.4099817913678,3,6.888990294575516,,,,,,,,,
42111,2026,957.1554852577098,3,6.863965849789541,,,,,,,,,
42117,2026,895.0,1,6.796823718274855,,,,,,,,,
42119,2025,1527.5191341948266,3,7.331400217445086,,,,,,,,,
42119,2026,1480.014682422157,4,7.299807287264464,-0.03159293018062215,,,,,,,,
42121,2026,872.5,1,6.771362654076582,,,,,,,,,
42125,2016,864.6534233137652,7,6.762328759954246,,,,,,,,,
42125,2017,879.338261222522,12,6.77916964871307,0.016840888758824057,,,,,,,,
42125,2018,914.4738079246731,12,6.818348826551078,0.039179177838007284,,,,,,,,
42125,2019,935.513343827848,12,6.841095409458326,0.022746582907248403,,,,,,,,
42125,2020,957.8196767268169,12,6.864659531367168,0.023564121908841607,8043.0,6926.0,168935.0,1117.0,175861.0,175861.0,0.0063516072352596655,0.045734983879313774
42125,2021,1011.3586890556786,12,6.919049942503878,0.05439041113671017,8121.0,6812.0,161917.0,1309.0,168729.0,168729.0,0.007758002477345329,0.04813043400956563
42125,2022,1088.3766063630796,12,6.992442513075638,0.07339257057175974,8336.0,6835.0,167621.0,1501.0,174456.0,174456.0,0.008603888659604713,0.047782822029623515
42125,2023,1132.3971825351528,12,7.032092065187275,0.03964955211163712,7351.0,6656.0,170978.0,695.0,177634.0,177634.0,0.003912539266131484,0.04138284337457919
42125,2024,1174.1037089801146,12,7.068260334629656,0.03616826944238127,,,,,,,,
42125,2025,1206.4117937533447,12,7.095405773195085,0.02714543856542928,,,,,,,,
42125,2026,1228.0371132500609,4,7.113172330766733,0.017766557571647468,,,,,,,,
42127,2025,1294.9990731809241,5,7.166265258442976,,,,,,,,,
42127,2026,1359.5944396544792,4,7.214941728121394,0.04867646967841832,,,,,,,,
42129,2018,737.2183701776595,12,6.6028841443371515,,,,,,,,,
42129,2019,771.3355869993744,12,6.648123540860899,0.045239396523747644,,,,,,,,
42129,2020,802.9071750503928,12,6.688239109569182,0.040115568708283256,11033.0,10020.0,293828.0,1013.0,303848.0,303848.0,0.003333903794002264,0.03631091861720334
42129,2021,853.96607410461,12,6.7498914671266546,0.061652357557472115,11239.0,9552.0,280006.0,1687.0,289558.0,289558.0,0.005826121191609281,0.03881433080764476
42129,2022,915.6992842166959,12,6.819688018434552,0.0697965513078973,10704.0,9595.0,288399.0,1109.0,297994.0,297994.0,0.0037215514406330327,0.03592018631247609
42129,2023,972.4866612910267,12,6.879856359502421,0.06016834106786906,10414.0,9537.0,292429.0,877.0,301966.0,301966.0,0.0029043004841604685,0.03448732638773902
42129,2024,1023.7113802500867,12,6.931189910646279,0.05133355114385818,,,,,,,,
42129,2025,1073.5338958073487,12,6.978711191862133,0.04752128121585386,,,,,,,,
42129,2026,1102.5090324111063,4,7.005343799950577,0.02663260808844381,,,,,,,,
42133,2015,810.6971233037265,12,6.697894523577013,,,,,,,,,
42133,2016,824.8402688015152,12,6.715189754015232,0.017295230438219455,,,,,,,,
42133,2017,851.2411651690113,12,6.746695478753783,0.031505724738551066,,,,,,,,
42133,2018,883.9998244514287,12,6.784456864053267,0.037761385299483585,,,,,,,,
42133,2019,926.2074464529733,12,6.8310982338037665,0.046641369750499706,,,,,,,,
42133,2020,967.579990064622,12,6.874798098555753,0.04369986475198662,16748.0,15194.0,380596.0,1554.0,395790.0,395790.0,0.003926324566057758,0.04231536926147705
42133,2021,1052.9913345641648,12,6.9593902828163205,0.08459218426056747,17651.0,14852.0,365099.0,2799.0,379951.0,379951.0,0.0073667393953430835,0.0464559903777066
42133,2022,1140.0539400685507,12,7.038830856118787,0.07944057330246679,17387.0,14862.0,374892.0,2525.0,389754.0,389754.0,0.0064784453783668676,0.04461019001729296
42133,2023,1206.4596755026967,12,7.095445461798452,0.056614605679664365,16801.0,14418.0,386625.0,2383.0,401043.0,401043.0,0.00594200621878452,0.04189326331590378
42133,2024,1265.8614333704766,12,7.14350814439978,0.04806268260132818,,,,,,,,
42133,2025,1324.5570130750903,12,7.1888333527650214,0.045325208365241565,,,,,,,,
42133,2026,1361.4808145806032,4,7.21632822063047,0.027494867865448747,,,,,,,,
44001,2019,1339.0128681529238,12,7.199687955916035,,,,,,,,,
44001,2020,1434.1170117160984,12,7.268304615959001,0.06861666004296563,2882.0,2399.0,38816.0,483.0,41215.0,41215.0,0.011719034332160622,0.06992599781632901
44001,2021,1594.3663802932358,12,7.374231682558128,0.10592706659912743,2623.0,2335.0,37125.0,288.0,39460.0,39460.0,0.007298530157121136,0.06647237709072479
44001,2022,1779.348328907957,12,7.484002468897391,0.10977078633926318,2516.0,2346.0,38448.0,170.0,40794.0,40794.0,0.004167279501887533,0.06167573662793548
44001,2023,1931.7516607329808,12,7.566182466517209,0.08217999761981787,2373.0,2255.0,39364.0,118.0,41619.0,41619.0,0.0028352435185852614,0.05701722770849852
44001,2024,2048.2731565537,12,7.624752354488934,0.05856988797172491,,,,,,,,
44001,2025,2164.022844708387,12,7.679724196615081,0.0549718421261467,,,,,,,,
44001,2026,2207.3927594594597,4,7.6995673512117495,0.019843154596668633,,,,,,,,
44003,2015,1079.4050038691287,10,6.984165245961391,,,,,,,,,
44003,2016,1136.204154106578,12,7.035448296256615,0.05128305029522462,,,,,,,,
44003,2017,1181.3463579005381,12,7.074410048306923,0.03896175205030783,,,,,,,,
44003,2018,1237.222307762993,12,7.120624071494621,0.04621402318769796,,,,,,,,
44003,2019,1297.2483290812797,12,7.168000630200212,0.04737655870559099,,,,,,,,
44003,2020,1382.6465974733298,12,7.231754765730256,0.0637541355300435,9095.0,8701.0,134570.0,394.0,143271.0,143271.0,0.002750033153952998,0.06348109526701147
44003,2021,1585.2687343240566,12,7.3685092204091,0.13675445467884462,8950.0,8076.0,129339.0,874.0,137415.0,137415.0,0.006360295455372412,0.06513117199723466
44003,2022,1801.3240546279421,12,7.496277259377956,0.12776803896885536,8839.0,8237.0,133318.0,602.0,141555.0,141555.0,0.0042527639433435765,0.06244216029105295
44003,2023,1890.5044527372077,12,7.5445989786507255,0.04832171927276985,7797.0,7333.0,136923.0,464.0,144256.0,144256.0,0.0032165039929015083,0.05404974489795918
44003,2024,2001.2062026316453,12,7.6015053790653955,0.05690640041466999,,,,,,,,
44003,2025,2119.0740044859745,12,7.658734481908567,0.05722910284317173,,,,,,,,
44003,2026,2151.6961217026237,4,7.674011703923717,0.015277222015149583,,,,,,,,
44005,2015,1269.850997608062,12,7.146654847851493,,,,,,,,,
44005,2016,1356.3356600736975,12,7.212541974795636,0.06588712694414323,,,,,,,,
44005,2017,1426.0942932935222,12,7.262694723117383,0.05015274832174654,,,,,,,,
44005,2018,1539.7858859388477,12,7.339398650636754,0.07670392751937172,,,,,,,,
44005,2019,1654.7722599136334,12,7.41141867103947,0.07202002040271527,,,,,,,,
44005,2020,1751.4503736680524,12,7.468199508618126,0.05678083757865604,5818.0,5415.0,61828.0,403.0,67243.0,67243.0,0.005993188882114123,0.08652201716163764
44005,2021,2067.8169845260377,12,7.63424873293356,0.16604922431543478,5025.0,5350.0,59149.0,-325.0,64499.0,64499.0,-0.005038837811438937,0.0779081846230174
44005,2022,2310.892472291981,12,7.745389080542812,0.1111403476092514,4775.0,5495.0,60516.0,-720.0,66011.0,66011.0,-0.010907273030252533,0.07233642877702201
44005,2023,2494.9107961349614,12,7.822008254494344,0.07661917395153228,4656.0,5048.0,61421.0,-392.0,66469.0,66469.0,-0.005897486046126766,0.07004769140501588
44005,2024,2666.0673791287477,12,7.888359773910938,0.06635151941659423,,,,,,,,
44005,2025,2848.3889621287003,12,7.954508836987661,0.06614906307672275,,,,,,,,
44005,2026,3019.8226597771636,4,8.012953386716624,0.0584445497289634,,,,,,,,
44007,2015,1059.6778098126777,12,6.965720187896127,,,,,,,,,
44007,2016,1119.015080701124,12,7.020204185165817,0.05448399726968933,,,,,,,,
44007,2017,1184.3635452958863,12,7.076960816706037,0.05675663154022015,,,,,,,,
44007,2018,1238.573895646425,12,7.121715912588683,0.044755095882646145,,,,,,,,
44007,2019,1296.2022501803747,12,7.1671939219745,0.0454780093858167,,,,,,,,
44007,2020,1359.1312490082446,12,7.214600987124501,0.04740706515000159,20485.0,23368.0,485769.0,-2883.0,509137.0,509137.0,-0.005662523053716386,0.04023475017529663
44007,2021,1494.2730208701332,12,7.309395093889943,0.09479410676544209,20102.0,22982.0,467979.0,-2880.0,490961.0,490961.0,-0.00586604638657653,0.04094418904963938
44007,2022,1671.127313375281,12,7.421253715624435,0.11185862173449213,20538.0,23852.0,483730.0,-3314.0,507582.0,507582.0,-0.006528994329980181,0.04046242774566474
44007,2023,1791.5763147590994,12,7.490851134084505,0.06959741846007006,20483.0,21736.0,494059.0,-1253.0,515795.0,515795.0,-0.002429259686503359,0.03971151329501062
44007,2024,1899.1534363601022,12,7.549163506052793,0.0583123719682872,,,,,,,,
44007,2025,1982.9735703108274,12,7.5923528002972525,0.04318929424445983,,,,,,,,
44007,2026,2034.2332046807762,4,7.617874223271712,0.025521422974459362,,,,,,,,
44009,2018,1401.08300510533,9,7.245000791623605,,,,,,,,,
44009,2019,1448.5335114221914,12,7.278306952200465,0.03330616057685987,,,,,,,,
44009,2020,1574.6996846921477,12,7.361819856692742,0.08351290449227733,6914.0,5225.0,99951.0,1689.0,105176.0,105176.0,0.016058796683654064,0.06573743059253062
44009,2021,1768.224989300318,12,7.477731491492763,0.11591163480002109,6216.0,5260.0,96258.0,956.0,101518.0,101518.0,0.009417049193246518,0.06123052069583719
44009,2022,1979.5881342500006,12,7.590644089045825,0.11291259755306182,5584.0,5342.0,98976.0,242.0,104318.0,104318.0,0.0023198297513372574,0.05352863360110432
44009,2023,2144.247738568222,12,7.670544065220667,0.07989997617484157,5134.0,5139.0,101446.0,-5.0,106585.0,106585.0,-4.69109161701928e-05,0.04816812872355397
44009,2024,2284.0909804591583,12,7.733723403808806,0.06317933858813962,,,,,,,,
44009,2025,2390.8569487398695,12,7.779407136617834,0.045683732809028044,,,,,,,,
44009,2026,2494.4136551573656,4,7.8218089726139635,0.04240183599612912,,,,,,,,
45003,2015,737.0454787021795,12,6.602649598158184,,,,,,,,,
45003,2016,760.0795629272774,12,6.633423115863171,0.030773517704987263,,,,,,,,
45003,2017,791.9744501238773,12,6.6745291313494635,0.041106015486292335,,,,,,,,
45003,2018,821.6340324389057,12,6.711295079907042,0.0367659485575782,,,,,,,,
45003,2019,872.0894250814898,12,6.77089197034987,0.0595968904428279,,,,,,,,
45003,2020,947.771786626529,12,6.854113741867951,0.08322177151808141,9206.0,7145.0,126225.0,2061.0,133370.0,133370.0,0.015453250356152057,0.0690260178450926
45003,2021,1052.6728026478393,12,6.959087735118303,0.1049739932503524,9397.0,7287.0,123370.0,2110.0,130657.0,130657.0,0.01614915389148687,0.071921137022892
45003,2022,1184.2759931352628,12,7.076886890590017,0.11779915547171349,9675.0,7040.0,128017.0,2635.0,135057.0,135057.0,0.019510280844384224,0.071636420178147
45003,2023,1272.4298740031245,12,7.148683638067721,0.0717967474777037,8972.0,7318.0,132245.0,1654.0,139563.0,139563.0,0.011851278634021911,0.06428637962783833
45003,2024,1327.6250293499008,12,7.191146932748775,0.042463294681054364,,,,,,,,
45003,2025,1401.5623124920212,12,7.24534283090225,0.05419589815347514,,,,,,,,
45003,2026,1423.6053117816678,4,7.260947884860931,0.015605053958680948,,,,,,,,
45007,2016,778.2591091491726,7,6.657059513910042,,,,,,,,,
45007,2017,795.7437744704424,12,6.679277242657445,0.022217728747403243,,,,,,,,
45007,2018,837.0321482725312,12,6.729862478679626,0.050585236022181235,,,,,,,,
45007,2019,873.700961519649,12,6.772738167818092,0.042875689138465845,,,,,,,,
45007,2020,923.3572577935084,12,6.8280162211452895,0.05527805332719726,10836.0,8219.0,152371.0,2617.0,160590.0,160590.0,0.01629615791767856,0.06747618158042219
45007,2021,1024.0858646710024,12,6.931555654301828,0.10353943315653868,11264.0,8158.0,149063.0,3106.0,157221.0,157221.0,0.019755630609142545,0.07164437320714154
45007,2022,1161.5562232428233,12,7.057515956758121,0.12596030245629297,11275.0,7946.0,155612.0,3329.0,163558.0,163558.0,0.02035363601902689,0.06893579036182883
45007,2023,1229.4048889291973,12,7.11428550114403,0.056769544385908866,10839.0,8390.0,161399.0,2449.0,169789.0,169789.0,0.014423784815270718,0.06383805782471184
45007,2024,1309.6261273999878,12,7.177496976529865,0.0632114753858346,,,,,,,,
45007,2025,1351.620194502271,12,7.209059295911019,0.0315623193811545,,,,,,,,
45007,2026,1383.244798957492,4,7.232187321754878,0.023128025843859312,,,,,,,,
45013,2015,1122.5472367257296,12,7.0233557004465705,,,,,,,,,
45013,2016,1175.062928522409,12,7.069076981333462,0.04572128088689187,,,,,,,,
45013,2017,1241.645755156002,12,7.124193000518631,0.05511601918516895,,,,,,,,
45013,2018,1303.173033365758,12,7.172557364444641,0.048364363926009624,,,,,,,,
45013,2019,1357.8593045144587,12,7.213664697828202,0.041107333383560984,,,,,,,,
45013,2020,1406.2766506179967,12,7.248700817323727,0.03503611949552532,15283.0,11816.0,136914.0,3467.0,148730.0,148730.0,0.023310697236603242,0.10275667316613998
45013,2021,1601.1296272926163,12,7.3784646761729595,0.12976385884923225,15925.0,11951.0,134639.0,3974.0,146590.0,146590.0,0.027109625486049525,0.1086363326284194
45013,2022,1922.5199525919568,12,7.561392079787299,0.18292740361433957,14878.0,11653.0,141208.0,3225.0,152861.0,152861.0,0.021097598471814263,0.09733025428330314
45013,2023,2020.4170856756252,12,7.61105924713883,0.049667167351531205,13392.0,11809.0,146776.0,1583.0,158585.0,158585.0,0.009982028565122805,0.08444682662294668
45013,2024,2065.9098452967637,12,7.633326011407392,0.022266764268561445,,,,,,,,
45013,2025,2075.581061348926,12,7.637996423029586,0.0046704116221940595,,,,,,,,
45013,2026,2089.0556296879345,4,7.644467391019105,0.006470967989518961,,,,,,,,
45015,2015,1085.3086668548688,12,6.989619711096735,,,,,,,,,
45015,2016,1133.1340260999716,12,7.0327425471475244,0.043122836050789815,,,,,,,,
45015,2017,1184.5722225714983,12,7.077136994784802,0.044394447637277956,,,,,,,,
45015,2018,1233.0235077392474,12,7.117224568464553,0.04008757367975058,,,,,,,,
45015,2019,1282.348293735453,12,7.156448280563144,0.039223712098591434,,,,,,,,
45015,2020,1331.8107979754434,12,7.194294797449213,0.037846516886068216,21361.0,18011.0,162536.0,3350.0,180547.0,180547.0,0.018554725362371016,0.11831268312406187
45015,2021,1479.0243402806634,12,7.299137919830732,0.10484312238151894,22348.0,17906.0,160493.0,4442.0,178399.0,178399.0,0.024899242708759577,0.1252697604807202
45015,2022,1674.63756987807,12,7.423352044654264,0.12421412482353222,23454.0,17644.0,169357.0,5810.0,187001.0,187001.0,0.031069352570307112,0.1254217891882931
45015,2023,1788.6021704922734,12,7.489189683425978,0.06583763877171389,23161.0,17751.0,179741.0,5410.0,197492.0,197492.0,0.02739351467401211,0.11727563648147774
45015,2024,1854.9532599060542,12,7.525614777907947,0.03642509448196929,,,,,,,,
45015,2025,1877.5455738927392,12,7.537720657054868,0.012105879146920628,,,,,,,,
45015,2026,1901.7931719290991,4,7.550552494778728,0.012831837723860318,,,,,,,,
45019,2015,1136.597993616486,12,7.035794863611143,,,,,,,,,
45019,2016,1200.4910788603204,12,7.090485984446958,0.05469112083581518,,,,,,,,
45019,2017,1259.724427534648,12,7.13864826771954,0.048162283272581874,,,,,,,,
45019,2018,1303.082930325681,12,7.172488220783106,0.03383995306356624,,,,,,,,
45019,2019,1352.8892664953132,12,7.209997781876396,0.03750956109329007,,,,,,,,
45019,2020,1379.5521877700764,12,7.229514223873322,0.019516441996925593,27656.0,25997.0,285749.0,1659.0,311746.0,311746.0,0.005321640053120169,0.08871324732314127
45019,2021,1537.899241404276,12,7.338172635178493,0.1086584113051714,28224.0,26746.0,278085.0,1478.0,304831.0,304831.0,0.004848588234136292,0.09258900833576637
45019,2022,1788.6870832702477,12,7.4892371566784695,0.1510645214999764,26857.0,25968.0,285466.0,889.0,311434.0,311434.0,0.002854537397971962,0.08623657018822607
45019,2023,1927.9954710787163,12,7.56423612614217,0.07499896946370033,26848.0,25044.0,291611.0,1804.0,316655.0,316655.0,0.005697051996652509,0.08478628159984841
45019,2024,2006.1813243149106,12,7.603988355421364,0.03975222927919386,,,,,,,,
45019,2025,2058.452022630296,12,7.62970953398197,0.025721178560606184,,,,,,,,
45019,2026,2087.0584502179736,4,7.643510913497654,0.013801379515684609,,,,,,,,
45021,2024,908.202659463769,12,6.811467546939424,,,,,,,,,
45021,2025,982.7908252618723,12,6.8903963052980695,0.07892875835864555,,,,,,,,
45021,2026,996.406237858451,4,6.904155043764305,0.013758738466235876,,,,,,,,
45031,2025,1352.2293472264091,1,7.209509877738923,,,,,,,,,
45031,2026,1327.5898828822371,3,7.19112045920985,-0.01838941852907272,,,,,,,,
45035,2015,971.2611824593679,12,6.878595415087256,,,,,,,,,
45035,2016,1015.5789141074646,12,6.923214087609736,0.044618672522480196,,,,,,,,
45035,2017,1065.7230095615703,12,6.971408730024671,0.048194642414935096,,,,,,,,
45035,2018,1108.3223466441998,12,7.010602751570487,0.03919402154581597,,,,,,,,
45035,2019,1153.891468507378,12,7.050895394558052,0.04029264298756452,,,,,,,,
45035,2020,1195.2747613872164,12,7.086131363783758,0.03523596922570604,14989.0,13871.0,117331.0,1118.0,131202.0,131202.0,0.008521211566896846,0.11424368530967516
45035,2021,1308.2428913914932,12,7.176440211560118,0.0903088477763605,15127.0,13690.0,114159.0,1437.0,127849.0,127849.0,0.01123982197748907,0.11831926726059648
45035,2022,1470.6141380121564,12,7.293435373487266,0.11699516192714743,15074.0,12637.0,118066.0,2437.0,130703.0,130703.0,0.018645325661997048,0.11533017604798666
45035,2023,1579.3746891266474,12,7.364784281309292,0.07134890782202596,15631.0,12611.0,123376.0,3020.0,135987.0,135987.0,0.022208005176965445,0.11494481090104201
45035,2024,1632.1203513013863,12,7.397635277475015,0.03285099616572307,,,,,,,,
45035,2025,1654.2264039401987,12,7.4110887488884885,0.01345347141347375,,,,,,,,
45035,2026,1697.1754248469379,4,7.436720633401829,0.02563188451334053,,,,,,,,
45041,2020,958.2944359329247,2,6.865155075147872,,5486.0,5640.0,99631.0,-154.0,105271.0,105271.0,-0.001462891014619411,0.05211311757274083
45041,2021,1018.1028810947481,11,6.925696253983174,0.060541178835302745,5498.0,5446.0,96013.0,52.0,101459.0,101459.0,0.0005125222996481337,0.054189376989719984
45041,2022,1127.5618352160393,12,7.027812912636695,0.10211665865352071,5888.0,5086.0,97803.0,802.0,102889.0,102889.0,0.007794807996967606,0.05722672005753773
45041,2023,1202.353974096112,12,7.092036559342949,0.06422364670625402,5571.0,5424.0,99148.0,147.0,104572.0,104572.0,0.0014057300233332058,0.053274299047546186
45041,2024,1265.1837124668573,12,7.142972617863692,0.05093605852074301,,,,,,,,
45041,2025,1326.6880014404317,12,7.190440890968831,0.04746827310513879,,,,,,,,
45041,2026,1353.2109327779622,4,7.210235516077259,0.01979462510842822,,,,,,,,
45043,2024,1621.7528766188057,9,7.391262865866098,,,,,,,,,
45043,2025,1664.1461998728519,12,7.417067478022158,0.025804612156060003,,,,,,,,
45043,2026,1742.928381271125,4,7.463321955330521,0.04625447730836285,,,,,,,,
45045,2015,949.3433567220142,12,6.855770542152836,,,,,,,,,
45045,2016,992.1363087920527,12,6.8998605059017555,0.04408996374891938,,,,,,,,
45045,2017,1027.6808139487414,12,6.935059905534645,0.03519939963288987,,,,,,,,
45045,2018,1075.7227821517934,12,6.980748070122115,0.04568816458747005,,,,,,,,
45045,2019,1120.8923238261443,12,7.021880364779981,0.04113229465786539,,,,,,,,
45045,2020,1157.442636470297,12,7.053968226607331,0.03208786182735057,29091.0,25114.0,395251.0,3977.0,420365.0,420365.0,0.00946082571098926,0.06920414401769891
45045,2021,1272.4241380103742,12,7.1486791301527495,0.09471090354541811,31759.0,24777.0,386697.0,6982.0,411474.0,411474.0,0.016968265309594287,0.07718349154503079
45045,2022,1408.3730918002732,12,7.25019048158878,0.10151135143603085,31431.0,24842.0,403345.0,6589.0,428187.0,428187.0,0.015388136491766447,0.07340484414519824
45045,2023,1465.6353260031885,12,7.290044097070423,0.03985361548164246,30859.0,25624.0,419590.0,5235.0,445214.0,445214.0,0.011758390347113972,0.06931273499934863
45045,2024,1504.773674714734,12,7.316397783625086,0.02635368655466319,,,,,,,,
45045,2025,1557.2448501651272,12,7.350673417122929,0.034275633497842684,,,,,,,,
45045,2026,1560.6954592661275,4,7.3528868081229435,0.0022133910000148305,,,,,,,,
45047,2024,1099.0041528937636,11,7.002159733189715,,,,,,,,,
45047,2025,1176.2020158546886,12,7.0700458958950625,0.06788616270534753,,,,,,,,
45047,2026,1214.5215838861484,4,7.102105520113168,0.03205962421810593,,,,,,,,
45051,2015,939.5478185212692,12,6.845398715398896,,,,,,,,,
45051,2016,979.0389126440169,12,6.886571389078723,0.04117267367982702,,,,,,,,
45051,2017,1040.0814104301396,12,6.947054268331507,0.06048287925278384,,,,,,,,
45051,2018,1082.7471869479198,12,6.987256782028946,0.0402025136974391,,,,,,,,
45051,2019,1125.5477716403766,12,7.026025104262003,0.03876832223305726,,,,,,,,
45051,2020,1167.4534650372395,12,7.062580130108196,0.036555025846192635,26027.0,14800.0,254759.0,11227.0,269559.0,269559.0,0.041649509012869165,0.09655400116486558
45051,2021,1322.87792306592,11,7.187564887042682,0.12498475693448619,27705.0,14627.0,256790.0,13078.0,271417.0,271417.0,0.048184159429954646,0.10207540426723455
45051,2022,1554.7032714274528,12,7.3490399841713065,0.1614750971286245,27856.0,14356.0,272178.0,13500.0,286534.0,286534.0,0.047114827559731134,0.09721708418547188
45051,2023,1609.3938991045095,12,7.38361292691605,0.03457294274474343,25782.0,14550.0,287474.0,11232.0,302024.0,302024.0,0.03718909755516118,0.08536407702699124
45051,2024,1649.5906882657418,12,7.408282468403009,0.024669541486958657,,,,,,,,
45051,2025,1667.120209557531,12,7.4188529914631545,0.010570523060145831,,,,,,,,
45051,2026,1659.515781634986,4,7.414281140988258,-0.004571850474896166,,,,,,,,
45053,2024,1835.6200943730348,11,7.515137629493357,,,,,,,,,
45053,2025,1774.9433517912767,11,7.48152378691645,-0.033613842576906805,,,,,,,,
45053,2026,1768.8640016817099,4,7.478092812562136,-0.0034309743543143867,,,,,,,,
45055,2024,1524.6151241225105,1,7.329497279564337,,,,,,,,,
45055,2025,1587.093686348155,12,7.369659752399718,0.0401624728353811,,,,,,,,
45055,2026,1595.500928200509,4,7.3749430274796515,0.005283275079933425,,,,,,,,
45057,2019,1317.6443244027905,2,7.183600818554737,,,,,,,,,
45057,2020,1340.7262375265084,10,7.200966714436543,0.017365895881805926,8107.0,4951.0,72178.0,3156.0,77129.0,77129.0,0.0409184612791557,0.10510962154312904
45057,2021,1436.9873356511896,12,7.270304072993001,0.06933735855645828,8819.0,5039.0,72156.0,3780.0,77195.0,77195.0,0.048966902001424964,0.1142431504631129
45057,2022,1634.546916662064,11,7.399120929736446,0.12881685674344467,8285.0,5083.0,76984.0,3202.0,82067.0,82067.0,0.039016900824935724,0.10095409848050983
45057,2023,1654.110476640583,12,7.4110186669688725,0.011897737232426486,7194.0,5026.0,81388.0,2168.0,86414.0,86414.0,0.02508852732196172,0.08325039924086375
45057,2024,1676.7836130065305,12,7.424632721301375,0.013614054332502512,,,,,,,,
45057,2025,1691.5640590368275,12,7.433408858645749,0.008776137344374213,,,,,,,,
45057,2026,1747.1449905304335,4,7.465738300697361,0.032329442051612034,,,,,,,,
45059,2023,979.6113895057434,11,6.887155951700647,,3828.0,2745.0,48099.0,1083.0,50844.0,50844.0,0.021300448430493273,0.07528911966013689
45059,2024,1024.9469786703048,12,6.932396162108031,0.045240210407383685,,,,,,,,
45059,2025,1082.273568133193,12,6.986819263061823,0.05442310095379188,,,,,,,,
45059,2026,1140.7506516307826,4,7.039441791037489,0.052622527975666245,,,,,,,,
45063,2015,969.1317728089563,12,6.87640059109611,,,,,,,,,
45063,2016,992.8716629412364,12,6.900601413941717,0.024200822845607206,,,,,,,,
45063,2017,1023.2765667201769,12,6.930765078114077,0.030163664172359717,,,,,,,,
45063,2018,1064.470895736554,12,6.970233143176822,0.039468065062744806,,,,,,,,
45063,2019,1107.4142689820028,12,7.009783089425958,0.03954994624913599,,,,,,,,
45063,2020,1153.26956029504,12,7.050356283312988,0.04057319388703018,19306.0,14968.0,222884.0,4338.0,237852.0,237852.0,0.018238232177993037,0.081168121352774
45063,2021,1278.9600080649527,12,7.153802532962504,0.1034462496495161,19328.0,14795.0,219235.0,4533.0,234030.0,234030.0,0.019369311626714524,0.08258770243131222
45063,2022,1406.8127636794804,12,7.249081973404476,0.09527944044197145,17573.0,14843.0,227392.0,2730.0,242235.0,242235.0,0.011270047680970958,0.07254525564018412
45063,2023,1495.4274192069852,12,7.310167344098524,0.06108537069404818,17484.0,14536.0,234711.0,2948.0,249247.0,249247.0,0.011827624805915418,0.0701472836182582
45063,2024,1560.966347404583,12,7.353060361925958,0.04289301782743404,,,,,,,,
45063,2025,1625.3144601915249,12,7.3934565900064415,0.04039622808048371,,,,,,,,
45063,2026,1642.1771193053632,4,7.403778152225099,0.010321562218657654,,,,,,,,
45073,2023,1324.1937542425621,10,7.188559065852649,,4283.0,3177.0,59799.0,1106.0,62976.0,62976.0,0.01756224593495935,0.06801003556910569
45073,2024,1396.937587018916,12,7.2420376818229455,0.05347861597029624,,,,,,,,
45073,2025,1469.713946018197,12,7.292823066291363,0.050785384468417405,,,,,,,,
45073,2026,1496.7901549734788,4,7.311078197555485,0.01825513126412215,,,,,,,,
45075,2023,1073.4109814687745,1,6.9785966902370475,,3004.0,3281.0,55816.0,-277.0,59097.0,59097.0,-0.004687209164593803,0.050831683503392726
45075,2024,1170.9514553093334,12,7.06557190698207,0.08697521674502262,,,,,,,,
45075,2025,1301.6194624536017,12,7.1713645085078515,0.1057926015257813,,,,,,,,
45075,2026,1309.25224333277,4,7.177211446606875,0.005846938099023369,,,,,,,,
45077,2017,948.404175133379,2,6.854780756473187,,,,,,,,,
45077,2018,958.39352533626,12,6.865258471637468,0.010477715164280532,,,,,,,,
45077,2019,1011.4900739103224,12,6.919179843322203,0.05392137168473532,,,,,,,,
45077,2020,1059.5363778404412,12,6.965586712032035,0.04640686870983224,7002.0,6116.0,84548.0,886.0,90664.0,90664.0,0.009772346245477808,0.07723021265331333
45077,2021,1167.6157550644382,12,7.062719132435033,0.09713242040299797,6917.0,6207.0,82524.0,710.0,88731.0,88731.0,0.00800171304279226,0.07795471706618881
45077,2022,1307.878392350787,12,7.176161555486082,0.11344242305104846,7466.0,5832.0,85502.0,1634.0,91334.0,91334.0,0.01789038036218714,0.08174392887643156
45077,2023,1404.375937530663,12,7.247348310517947,0.07118675503186545,7912.0,6297.0,89482.0,1615.0,95779.0,95779.0,0.016861733782979567,0.08260683448355068
45077,2024,1464.8903886606042,12,7.2895356986251185,0.042187388107171486,,,,,,,,
45077,2025,1520.6433020093211,12,7.326888749312013,0.03735305068689421,,,,,,,,
45077,2026,1569.796349829871,4,7.358701176444674,0.03181242713266119,,,,,,,,
45079,2015,844.0375927384499,12,6.7381970347633295,,,,,,,,,
45079,2016,869.5252588137474,12,6.767947383186946,0.029750348423616124,,,,,,,,
45079,2017,899.0266966265737,12,6.801312729944581,0.03336534675763492,,,,,,,,
45079,2018,936.5760306554645,12,6.842230704552931,0.04091797460835078,,,,,,,,
45079,2019,977.5759025088211,12,6.8850759384703375,0.042845233917406134,,,,,,,,
45079,2020,1020.8782813497168,12,6.928418595925476,0.04334265745513832,24770.0,25502.0,279361.0,-732.0,304863.0,304863.0,-0.0024010785172356107,0.08124961048077334
45079,2021,1124.271373516349,12,7.024890436825539,0.09647184090006355,25197.0,25041.0,270617.0,156.0,295658.0,295658.0,0.0005276366612775572,0.0852234676551962
45079,2022,1253.8708438938866,12,7.133990720588555,0.1091002837630155,24245.0,23704.0,277805.0,541.0,301509.0,301509.0,0.0017943079642730399,0.08041219333419566
45079,2023,1336.3857346026234,12,7.197724035928939,0.06373331534038407,24380.0,23435.0,282742.0,945.0,306177.0,306177.0,0.0030864499946109602,0.0796271437763124
45079,2024,1396.9572458507791,12,7.242051754530073,0.04432771860113416,,,,,,,,
45079,2025,1471.2938119874646,12,7.293897436882146,0.051845682352072764,,,,,,,,
45079,2026,1494.474699999268,4,7.3095300528415015,0.01563261595935561,,,,,,,,
45083,2015,861.4162694110852,1,6.758577859614955,,,,,,,,,
45083,2016,880.1716979775307,12,6.780116999778613,0.02153914016365821,,,,,,,,
45083,2017,924.4505801927394,12,6.829199593684732,0.049082593906118355,,,,,,,,
45083,2018,973.3882538027016,12,6.880783030142141,0.051583436457409704,,,,,,,,
45083,2019,1019.1010526974628,12,6.926676196801893,0.045893166659751294,,,,,,,,
45083,2020,1075.9363521689381,12,6.980946586712815,0.054270389910922034,17841.0,12215.0,245716.0,5626.0,257931.0,257931.0,0.021812035001608956,0.06916966165369808
45083,2021,1154.8238399978857,12,7.051703091841265,0.07075650512845044,19690.0,12827.0,239941.0,6863.0,252768.0,252768.0,0.027151379921509053,0.07789751867324977
45083,2022,1265.8830415926589,12,7.143525214228427,0.09182212238716225,20852.0,12221.0,252180.0,8631.0,264401.0,264401.0,0.03264359817096002,0.07886505724259742
45083,2023,1335.797317083179,12,7.197283633817576,0.05375841958914851,19893.0,12869.0,265022.0,7024.0,277891.0,277891.0,0.025276097462674212,0.07158562170059483
45083,2024,1391.6790029590775,12,7.23826621297929,0.04098257916171377,,,,,,,,
45083,2025,1435.7553903232047,12,7.2694463940979395,0.03118018111864984,,,,,,,,
45083,2026,1444.434420917948,4,7.275473119718879,0.006026725620939644,,,,,,,,
45085,2015,805.0163910064012,9,6.690862638709906,,,,,,,,,
45085,2016,829.1060225193324,12,6.720348039019723,0.029485400309816612,,,,,,,,
45085,2017,852.3466831727034,12,6.747993349198154,0.027645310178431082,,,,,,,,
45085,2018,886.9664573205846,12,6.7878071657214685,0.039813816523314394,,,,,,,,
45085,2019,916.0957976455,12,6.8201209417881765,0.032313776066708044,,,,,,,,
45085,2020,963.7656095308294,12,6.8708481214061194,0.05072717961794293,5371.0,6158.0,77025.0,-787.0,83183.0,83183.0,-0.009461067766250315,0.06456848154069943
45085,2021,1044.2213414205528,12,6.951026758825971,0.0801786374198512,5649.0,6244.0,73915.0,-595.0,80159.0,80159.0,-0.007422747289761599,0.07047243603338366
45085,2022,1163.3774147233562,12,7.059082618122808,0.10805585929683748,5614.0,5799.0,75578.0,-185.0,81377.0,81377.0,-0.002273369625324109,0.0689875517652408
45085,2023,1251.2954356452394,12,7.131934642174146,0.07285202405133795,5547.0,5259.0,77097.0,288.0,82356.0,82356.0,0.0034970129680897567,0.06735392685414542
45085,2024,1326.3288016963388,12,7.190170105087744,0.058235462913597935,,,,,,,,
45085,2025,1379.5141503913921,12,7.2294866512280676,0.03931654614032354,,,,,,,,
45085,2026,1419.7622894901056,4,7.258244734814535,0.028758083586467365,,,,,,,,
45091,2015,907.1486392741436,12,6.810306316814104,,,,,,,,,
45091,2016,962.6858068821203,12,6.86972709364223,0.05942077682812652,,,,,,,,
45091,2017,1005.1568350348401,12,6.912898863078934,0.043171769436703755,,,,,,,,
45091,2018,1051.712356212769,12,6.958174930256784,0.045276067177850265,,,,,,,,
45091,2019,1099.0976862055654,12,7.002244836900739,0.04406990664395494,,,,,,,,
45091,2020,1166.9014081821554,12,7.062107145583255,0.05986230868251585,19267.0,13541.0,219855.0,5726.0,233396.0,233396.0,0.024533411026752813,0.08255068638708461
45091,2021,1304.7834090709816,12,7.173792335921688,0.1116851903384335,18284.0,14195.0,216982.0,4089.0,231177.0,231177.0,0.017687745753254,0.0790909130233544
45091,2022,1492.0613869823621,12,7.307913924007367,0.1341215880856783,17475.0,13710.0,224415.0,3765.0,238125.0,238125.0,0.015811023622047244,0.07338582677165355
45091,2023,1559.1019302743043,12,7.351865248751333,0.04395132474396668,15616.0,13203.0,233021.0,2413.0,246224.0,246224.0,0.009800019494444083,0.06342192475144584
45091,2024,1575.5040281721083,12,7.3623305179519845,0.01046526920065105,,,,,,,,
45091,2025,1608.7730435619249,12,7.3832270827001665,0.020896564748182023,,,,,,,,
45091,2026,1631.8778548463833,4,7.397486688878984,0.014259606178817386,,,,,,,,
46011,2022,1043.2413755212274,3,6.950087852503608,,1747.0,1593.0,23936.0,154.0,25529.0,25529.0,0.006032355360570332,0.06843197931763877
46011,2023,1087.0841691353223,12,6.9912543166306635,0.04116646412705549,1565.0,1674.0,24806.0,-109.0,26480.0,26480.0,-0.00411631419939577,0.0591012084592145
46011,2024,1185.4158201374257,12,7.077848895086706,0.08659457845604202,,,,,,,,
46011,2025,1248.1093390393862,12,7.129385156501482,0.05153626141477652,,,,,,,,
46011,2026,1305.536439167028,4,7.1743692997887365,0.04498414328725442,,,,,,,,
46013,2025,876.4642568583891,8,6.775895924132627,,,,,,,,,
46013,2026,964.3943695511655,4,6.871500307997942,0.09560438386531533,,,,,,,,
46027,2025,740.7645228062185,1,6.607682791804814,,,,,,,,,
46027,2026,804.4615693391361,4,6.690173195669477,0.08249040386466255,,,,,,,,
46029,2026,1073.8564329454,3,6.979011591036105,,,,,,,,,
46035,2025,915.290643928133,1,6.819241658474765,,,,,,,,,
46035,2026,889.0705185301091,4,6.7901765557989116,-0.029065102675853716,,,,,,,,
46065,2026,1328.6515193462933,2,7.1919198116479945,,,,,,,,,
46081,2026,1429.6069406865445,2,7.2651548188184245,,,,,,,,,
46083,2018,978.1584682744208,1,6.885671689909318,,,,,,,,,
46083,2019,1000.1404357538809,12,6.90789570487584,0.02222401496652182,,,,,,,,
46083,2020,1022.2691292339281,12,6.929780071942183,0.02188436706634267,6468.0,5560.0,54481.0,908.0,60041.0,60041.0,0.01512299928382272,0.10772638696890457
46083,2021,1102.0985703292977,12,7.004971432472535,0.07519136053035247,6681.0,4887.0,53991.0,1794.0,58878.0,58878.0,0.030469784979109345,0.11347192499745236
46083,2022,1247.0556732734692,12,7.128540590452064,0.12356915797952883,6628.0,4729.0,57148.0,1899.0,61877.0,61877.0,0.030689917093588894,0.10711572959257883
46083,2023,1292.1927951759133,12,7.16409589548239,0.03555530503032589,6360.0,5083.0,60759.0,1277.0,65842.0,65842.0,0.019394915099784332,0.09659487864888673
46083,2024,1311.1071887562446,12,7.178627241486469,0.014531346004078571,,,,,,,,
46083,2025,1331.6773097834387,12,7.194194561828316,0.015567320341847157,,,,,,,,
46083,2026,1380.9415519542913,4,7.23052082952617,0.036326267697853964,,,,,,,,
46093,2025,1349.179776690004,2,7.207252113963094,,,,,,,,,
46093,2026,1321.0279204833002,4,7.1861654401682316,-0.021086673794862065,,,,,,,,
46099,2016,854.8539499532811,12,6.750930635577481,,,,,,,,,
46099,2017,880.6997559438452,12,6.780716768695269,0.029786133117788438,,,,,,,,
46099,2018,901.2255984811792,12,6.803755613038366,0.023038844343096443,,,,,,,,
46099,2019,912.7269055863685,12,6.816436718201258,0.012681105162892337,,,,,,,,
46099,2020,944.2544385784744,12,6.850395662220623,0.033958944019365056,12168.0,11642.0,166522.0,526.0,178164.0,178164.0,0.0029523360499315236,0.06829662558092545
46099,2021,1020.1588738966067,12,6.92771365287135,0.07731799065072664,11967.0,11328.0,161274.0,639.0,172602.0,172602.0,0.003702158723537387,0.06933291618868843
46099,2022,1153.6391429496064,12,7.050676697083336,0.12296304421198645,11859.0,10743.0,166490.0,1116.0,177233.0,177233.0,0.006296795743456354,0.06691191820936282
46099,2023,1209.2600084651679,12,7.097763888257775,0.04708719117443927,11524.0,11018.0,172120.0,506.0,183138.0,183138.0,0.0027629437910209787,0.06292522578601929
46099,2024,1234.6952420158163,12,7.118579451011414,0.02081556275363905,,,,,,,,
46099,2025,1249.7076391402495,12,7.130664914252321,0.012085463240906869,,,,,,,,
46099,2026,1272.1313504206212,4,7.148449001478114,0.01778408722579261,,,,,,,,
46103,2017,899.8993448994266,4,6.802282918069226,,,,,,,,,
46103,2018,920.102708951275,12,6.824485303976216,0.022202385906989974,,,,,,,,
46103,2019,933.2339878575993,12,6.838655960248735,0.014170656272519011,,,,,,,,
46103,2020,963.4310708487334,12,6.870500944920334,0.03184498467159891,9351.0,7693.0,89950.0,1658.0,97643.0,97643.0,0.0169802238767756,0.09576723369826819
46103,2021,1068.517195402777,12,6.974027167659918,0.10352622273958456,9129.0,7562.0,87967.0,1567.0,95529.0,95529.0,0.01640339582744507,0.09556260402600257
46103,2022,1257.851986482981,12,7.137160772534492,0.16313360487457373,9536.0,7565.0,90773.0,1971.0,98338.0,98338.0,0.020043116597856372,0.09697166914112551
46103,2023,1273.5443413520186,12,7.149559112307291,0.012398339772798472,8614.0,7974.0,94234.0,640.0,102208.0,102208.0,0.006261740763932373,0.08427911709455228
46103,2024,1315.952097099306,12,7.182315710842286,0.032756598534995796,,,,,,,,
46103,2025,1349.2540051521548,12,7.207307129922848,0.02499141908056135,,,,,,,,
46103,2026,1364.8397740892872,4,7.2187923191097285,0.011485189186880795,,,,,,,,
46127,2026,1119.0,1,7.020190708311925,,,,,,,,,
46135,2026,1050.0,1,6.956545443151569,,,,,,,,,
47001,2023,1479.699670263361,10,7.299594420668267,,5468.0,4468.0,60036.0,1000.0,64504.0,64504.0,0.015502914547935011,0.08476993674810865
47001,2024,1549.7049126297916,12,7.345819812840398,0.04622539217213095,,,,,,,,
47001,2025,1619.2906896558125,12,7.3897434864524545,0.04392367361205629,,,,,,,,
47001,2026,1654.3148468235854,4,7.411142212259022,0.02139872580656732,,,,,,,,
47003,2025,1548.2695322606671,1,7.344893155440622,,,,,,,,,
47003,2026,1532.6484583580632,3,7.3347525364352935,-0.010140619005328588,,,,,,,,
47009,2016,895.8334752030728,8,6.797754542134017,,,,,,,,,
47009,2017,927.243226642931,12,6.832215911563221,0.03446136942920397,,,,,,,,
47009,2018,971.4381160951398,12,6.878777567452672,0.046561655889450826,,,,,,,,
47009,2019,1027.2791448879393,12,6.9346689791185945,0.0558914116659226,,,,,,,,
47009,2020,1099.002520752853,12,7.002158248079656,0.06748926896106155,8182.0,6215.0,103523.0,1967.0,109738.0,109738.0,0.017924511108276076,0.07455940512857898
47009,2021,1277.508367254194,12,7.152666871766151,0.15050862368649476,8605.0,5878.0,101457.0,2727.0,107335.0,107335.0,0.0254064377882331,0.08016956258443192
47009,2022,1518.8697962206477,12,7.325721782148113,0.1730549103819623,8131.0,5982.0,105926.0,2149.0,111908.0,111908.0,0.01920327411802552,0.07265789755870894
47009,2023,1638.5594956861848,12,7.401572778548411,0.07585099640029824,7579.0,6485.0,110057.0,1094.0,116542.0,116542.0,0.009387173722778055,0.0650323488527741
47009,2024,1705.699082347414,12,7.441730324654898,0.04015754610648692,,,,,,,,
47009,2025,1767.6145132020768,12,7.477386183905202,0.03565585925030401,,,,,,,,
47009,2026,1761.2518375162472,4,7.4737801065146865,-0.0036060773905157717,,,,,,,,
47011,2020,1025.8543766315981,2,6.933281082549654,,6000.0,4961.0,79774.0,1039.0,84735.0,84735.0,0.012261757243169883,0.07080899274207825
47011,2021,1111.366127242802,11,7.013345282824058,0.08006420027440342,6034.0,4844.0,78076.0,1190.0,82920.0,82920.0,0.014351181862035697,0.07276893391220453
47011,2022,1273.8439992514102,12,7.149794379067367,0.13644909624330914,5650.0,4663.0,81015.0,987.0,85678.0,85678.0,0.011519876747823244,0.06594458320689092
47011,2023,1351.0974524747544,12,7.208672468944748,0.05887808987738108,5808.0,4744.0,83309.0,1064.0,88053.0,88053.0,0.012083631449240798,0.06596027392593097
47011,2024,1379.0164135626899,12,7.229125780233483,0.020453311288735065,,,,,,,,
47011,2025,1412.7204566218504,12,7.2532725263265805,0.024146746093097526,,,,,,,,
47011,2026,1416.8646240086696,4,7.256201698082739,0.0029291717561585884,,,,,,,,
47019,2026,1231.3911115655098,4,7.11589979429734,,,,,,,,,
47021,2022,1539.8955612030848,10,7.339469875707377,,2986.0,2479.0,32141.0,507.0,34620.0,34620.0,0.01464471403812825,0.08625072212593876
47021,2023,1578.1482016204593,12,7.364007414372575,0.024537538665198255,3004.0,2580.0,33083.0,424.0,35663.0,35663.0,0.011889072708409276,0.08423295852844685
47021,2024,1616.5465372804508,12,7.388047385665695,0.024039971293119855,,,,,,,,
47021,2025,1627.715356895689,12,7.394932689074141,0.006885303408445509,,,,,,,,
47021,2026,1647.4221527011068,4,7.406967013485517,0.012034324411375863,,,,,,,,
47031,2022,1339.0243275764583,4,7.19969651399249,,3940.0,3054.0,43348.0,886.0,46402.0,46402.0,0.01909400456876859,0.08491013318391448
47031,2023,1385.4006608608972,10,7.233744662606506,0.034048148614016505,3689.0,3136.0,44936.0,553.0,48072.0,48072.0,0.011503577966383757,0.07673905807954734
47031,2024,1474.9802964783166,12,7.2963999103649115,0.06265524775840525,,,,,,,,
47031,2025,1525.8106884797144,12,7.33028114679591,0.033881236430998385,,,,,,,,
47031,2026,1558.1619208812658,4,7.351262149709087,0.02098100291317717,,,,,,,,
47035,2026,1661.5644857162447,2,7.415514898787652,,,,,,,,,
47037,2015,1186.6647695110487,12,7.078901936450044,,,,,,,,,
47037,2016,1258.8881904798566,12,7.1379842219035705,0.05908228545352667,,,,,,,,
47037,2017,1316.4705844524758,12,7.182709634936246,0.0447254130326753,,,,,,,,
47037,2018,1350.9147175371224,12,7.208537210532562,0.025827575596315988,,,,,,,,
47037,2019,1400.496230297885,12,7.244581903013488,0.036044692480926344,,,,,,,,
47037,2020,1438.4298971385108,12,7.271307448497534,0.026725545484046265,41407.0,54016.0,488929.0,-12609.0,542945.0,542945.0,-0.02322334674782897,0.0762637099522051
47037,2021,1557.8183036036316,12,7.351041598066091,0.07973414956855684,41941.0,52176.0,465875.0,-10235.0,518051.0,518051.0,-0.019756742096820584,0.08095921057965336
47037,2022,1763.3631115752257,12,7.4749781235134165,0.12393652544732525,43191.0,49453.0,480962.0,-6262.0,530415.0,530415.0,-0.011805850136214097,0.08142869262747095
47037,2023,1788.66306062924,12,7.489223726267667,0.014245602754250797,44086.0,48004.0,491629.0,-3918.0,539633.0,539633.0,-0.007260489999684971,0.081696263942346
47037,2024,1786.9535566285906,12,7.488267525246198,-0.0009562010214692052,,,,,,,,
47037,2025,1795.688443379919,12,7.493143761308437,0.004876236062238526,,,,,,,,
47037,2026,1777.282588589023,4,7.482840841166461,-0.010302920141975314,,,,,,,,
47043,2025,1589.8333171070897,11,7.3713844577108985,,,,,,,,,
47043,2026,1625.0079502019798,4,7.393267987183857,0.021883529472958685,,,,,,,,
47045,2025,784.5678709704018,8,6.66513308337085,,,,,,,,,
47045,2026,831.4786288296647,4,6.723205596353992,0.05807251298314231,,,,,,,,
47047,2022,1776.8384173209993,2,7.482590893981435,,3128.0,2283.0,33457.0,845.0,35740.0,35740.0,0.023642977056519306,0.08752098489087856
47047,2023,1882.555048577781,12,7.5403852015188955,0.05779430753746073,3036.0,2311.0,34563.0,725.0,36874.0,36874.0,0.019661550143732713,0.08233443618810002
47047,2024,1964.9045804861298,12,7.583198963575265,0.042813762056369775,,,,,,,,
47047,2025,2022.6074173144505,12,7.612142758679012,0.02894379510374634,,,,,,,,
47047,2026,2017.2982394972698,4,7.609514389937436,-0.0026283687415755708,,,,,,,,
47051,2026,1187.5,1,7.079605535908796,,,,,,,,,
47053,2026,1154.481338445565,4,7.051406464476437,,,,,,,,,
47055,2026,1337.5,1,7.198557478770161,,,,,,,,,
47059,2023,917.5102406849235,2,6.82166374137589,,3580.0,2318.0,52708.0,1262.0,55026.0,55026.0,0.02293461272852833,0.06506015338203758
47059,2024,961.7183009792316,12,6.868721581358762,0.047057839982872274,,,,,,,,
47059,2025,1037.4336735958896,12,6.9445053209971,0.07578373963833851,,,,,,,,
47059,2026,1062.552732101711,4,6.968429529780408,0.023924208783308032,,,,,,,,
47063,2024,1338.2857325679804,6,7.1991447698831985,,,,,,,,,
47063,2025,1366.86575065792,12,7.220275624628381,0.021130854745182504,,,,,,,,
47063,2026,1373.7813812047498,4,7.22532234891807,0.005046724289688775,,,,,,,,
47065,2015,878.384039037523,12,6.778083900095558,,,,,,,,,
47065,2016,918.112464427691,12,6.822319893386536,0.04423599329097794,,,,,,,,
47065,2017,947.8951433524477,12,6.854243887859466,0.031923994472930595,,,,,,,,
47065,2018,1002.3965628102334,12,6.910148974615717,0.055905086756251166,,,,,,,,
47065,2019,1053.394411299779,12,6.959773001642942,0.04962402702722457,,,,,,,,
47065,2020,1109.4175017023233,12,7.011590383323561,0.051817381680619334,17670.0,16083.0,272452.0,1587.0,288535.0,288535.0,0.005500199282582702,0.06124040411041988
47065,2021,1241.605186294735,12,7.12416032652617,0.11256994320260905,18459.0,15962.0,263335.0,2497.0,279297.0,279297.0,0.008940303691052894,0.0660909354558051
47065,2022,1404.4107916412859,12,7.247373128429725,0.12321280190355477,18975.0,15473.0,275400.0,3502.0,290873.0,290873.0,0.012039618665190651,0.06523465567446961
47065,2023,1463.8902036781346,12,7.288852694221192,0.04147956579146683,17815.0,15248.0,284391.0,2567.0,299639.0,299639.0,0.008566975593964738,0.059454877369100816
47065,2024,1499.1102913705101,12,7.312627072027398,0.02377437780620628,,,,,,,,
47065,2025,1510.7742645586268,12,7.320377556379361,0.007750484351962683,,,,,,,,
47065,2026,1515.0275920488946,4,7.323188930351151,0.0028113739717898767,,,,,,,,
47073,2026,1356.5440501608766,2,7.212695604967149,,,,,,,,,
47075,2025,1024.4494788503334,2,6.931910653481412,,,,,,,,,
47075,2026,944.5368723236811,4,6.85069472516705,-0.08121592831436253,,,,,,,,
47089,2026,1523.13559417948,2,7.32852637991013,,,,,,,,,
47093,2015,884.0719266361322,12,6.784538424300694,,,,,,,,,
47093,2016,915.038981295092,12,6.818966666876357,0.03442824257566368,,,,,,,,
47093,2017,959.5578604717758,12,6.866472616362057,0.04750594948569997,,,,,,,,
47093,2018,1004.5996381471941,12,6.912344371119975,0.04587175475791749,,,,,,,,
47093,2019,1061.5411095622455,12,6.967477008195807,0.05513263707583249,,,,,,,,
47093,2020,1122.6457938011374,12,7.023443494301381,0.05596648610557331,25626.0,21183.0,350155.0,4443.0,371338.0,371338.0,0.01196484065729874,0.0690099047229209
47093,2021,1295.1612369728193,12,7.166390473698164,0.14294697939678347,26776.0,21506.0,340493.0,5270.0,361999.0,361999.0,0.014558051265334987,0.07396705515761093
47093,2022,1523.0389878609783,12,7.328462951950943,0.16207247825277893,25063.0,21778.0,356664.0,3285.0,378442.0,378442.0,0.008680326179440971,0.06622679300923259
47093,2023,1646.4958056842058,12,7.406404554399998,0.07794160244905513,24395.0,21870.0,368325.0,2525.0,390195.0,390195.0,0.006471123412652648,0.06252002204026193
47093,2024,1703.978686339742,12,7.440721199294452,0.03431664489445385,,,,,,,,
47093,2025,1746.2420952454256,12,7.465221383858235,0.024500184563782668,,,,,,,,
47093,2026,1744.983126489341,4,7.464500164956161,-0.0007212189020737725,,,,,,,,
47099,2026,1210.0,1,7.098375638590786,,,,,,,,,
47105,2023,1820.946938533138,10,7.50711194066119,,5135.0,3151.0,47113.0,1984.0,50264.0,50264.0,0.03947159000477479,0.10216059207385007
47105,2024,1926.480892110597,12,7.5634502455693715,0.05633830490818159,,,,,,,,
47105,2025,1974.2207414472366,12,7.587929038182896,0.02447879261352437,,,,,,,,
47105,2026,2021.7708262293168,4,7.611729053013177,0.02380001483028149,,,,,,,,
47107,2023,1083.61311527073,7,6.988056213562141,,3499.0,2468.0,40842.0,1031.0,43310.0,43310.0,0.023805125836989148,0.08078965596859848
47107,2024,1161.8439317142265,12,7.0577636183348496,0.06970740477270887,,,,,,,,
47107,2025,1223.3344929629486,12,7.109335600306173,0.051571981971323844,,,,,,,,
47107,2026,1232.6684541521834,4,7.116936573374326,0.007600973068152328,,,,,,,,
47113,2021,1032.276601727462,2,6.939521935058955,,5045.0,4948.0,69081.0,97.0,74029.0,74029.0,0.0013102973159167352,0.06814896864742195
47113,2022,1141.9639511268535,12,7.0405048232788925,0.10098288821993773,4962.0,4621.0,72092.0,341.0,76713.0,76713.0,0.004445139676456402,0.06468264831254156
47113,2023,1240.1632203325646,12,7.122998279237161,0.08249345595826885,4676.0,4948.0,73684.0,-272.0,78632.0,78632.0,-0.003459151490487333,0.05946688371146607
47113,2024,1321.5423302262532,12,7.186554765484607,0.06355648624744603,,,,,,,,
47113,2025,1393.972656950792,12,7.239912976315178,0.05335821083057102,,,,,,,,
47113,2026,1415.4056089562998,4,7.255171418440318,0.015258442125139382,,,,,,,,
47115,2026,1297.5,1,7.1681946150400435,,,,,,,,,
47117,2026,1704.4312416171113,2,7.440986751437295,,,,,,,,,
47119,2016,1075.251314994732,8,6.9803096946296,,,,,,,,,
47119,2017,1119.2148592177305,11,7.0203826999051415,0.04007300527554136,,,,,,,,
47119,2018,1155.1003230250947,12,7.05194247894579,0.03155977904064855,,,,,,,,
47119,2019,1196.3442807464041,12,7.087025753242648,0.03508327429685831,,,,,,,,
47119,2020,1255.992385630538,12,7.135681284613699,0.04865553137105039,9194.0,6338.0,75993.0,2856.0,82331.0,82331.0,0.034689242205244684,0.11167118096464272
47119,2021,1409.2988908869381,12,7.250847619201441,0.11516633458774184,9302.0,6316.0,75117.0,2986.0,81433.0,81433.0,0.036668181204180125,0.11422887527169576
47119,2022,1587.1411518370758,12,7.3696896591276975,0.11884203992625686,9160.0,6476.0,79905.0,2684.0,86381.0,86381.0,0.031071647700304465,0.10604183790416874
47119,2023,1650.0839638791647,12,7.40858145279941,0.038891793671712804,8502.0,6671.0,84357.0,1831.0,91028.0,91028.0,0.02011468998549897,0.09339983301841191
47119,2024,1665.996761422118,12,7.4181788788006,0.009597426001189291,,,,,,,,
47119,2025,1642.5246269582842,12,7.403989743828271,-0.014189134972328432,,,,,,,,
47119,2026,1641.5821442251092,4,7.40341577786144,-0.0005739659668311248,,,,,,,,
47125,2015,830.0012919946316,12,6.72142725740947,,,,,,,,,
47125,2016,840.2947705820266,12,6.7337527476398185,0.012325490230348457,,,,,,,,
47125,2017,860.8466027457254,12,6.757916326819533,0.024163579179714567,,,,,,,,
47125,2018,897.963426450446,12,6.800129339689334,0.042213012869800615,,,,,,,,
47125,2019,951.6965863233098,12,6.858246272146689,0.05811693245735494,,,,,,,,
47125,2020,1004.1932235138062,12,6.911939735433847,0.05369346328715885,23643.0,21279.0,156180.0,2364.0,177459.0,177459.0,0.013321386911906413,0.1332307744324041
47125,2021,1130.903917096002,12,7.030772518569224,0.11883278313537637,24288.0,20367.0,155584.0,3921.0,175951.0,175951.0,0.022284613329847516,0.13803843115412814
47125,2022,1266.5600476366044,12,7.144059880585158,0.11328736201593426,24607.0,21482.0,162840.0,3125.0,184322.0,184322.0,0.01695402610648756,0.1335000705287486
47125,2023,1296.5394410315894,12,7.167454025674192,0.023394145089033813,21215.0,18616.0,169660.0,2599.0,188276.0,188276.0,0.013804202341243707,0.11268032038071767
47125,2024,1347.7337239157669,12,7.206179737772689,0.038725712098496956,,,,,,,,
47125,2025,1360.4406705554063,12,7.215563948713366,0.009384210940677207,,,,,,,,
47125,2026,1370.1308982087498,4,7.222661560395703,0.007097611682336691,,,,,,,,
47141,2021,1281.1128530393364,4,7.155484395627091,,4921.0,4173.0,53646.0,748.0,57819.0,57819.0,0.012936923848561892,0.08511043082723672
47141,2022,1389.472868356978,11,7.236679722800468,0.08119532717337741,5116.0,4170.0,56335.0,946.0,60505.0,60505.0,0.01563507148169573,0.08455499545492108
47141,2023,1482.1114221250648,12,7.301222986650037,0.06454326384956932,4607.0,4258.0,58797.0,349.0,63055.0,63055.0,0.0055348505273174215,0.07306319879470304
47141,2024,1514.5557319901593,12,7.322877428727276,0.021654442077238656,,,,,,,,
47141,2025,1556.2584510168538,12,7.350039790570549,0.027162361843273253,,,,,,,,
47141,2026,1543.3286496917694,4,7.341696823650612,-0.008342966919936856,,,,,,,,
47143,2026,1030.1305740675018,2,6.937440844128247,,,,,,,,,
47145,2024,1310.8138291898167,1,7.17840346695959,,,,,,,,,
47145,2025,1326.3116947153223,12,7.190157207010496,0.01175374005090557,,,,,,,,
47145,2026,1348.9915564240614,4,7.207112597051074,0.01695539004057789,,,,,,,,
47147,2021,1453.3421756884545,3,7.281621131845765,,5203.0,3947.0,55990.0,1256.0,59937.0,59937.0,0.020955336436591754,0.08680781487228256
47147,2022,1548.016493500468,12,7.344729708808976,0.06310857696321115,5278.0,4042.0,58559.0,1236.0,62601.0,62601.0,0.019744093544831552,0.08431175220843118
47147,2023,1655.2625276324195,12,7.411714902199465,0.06698519339048925,5202.0,4229.0,60834.0,973.0,65063.0,65063.0,0.014954736178780566,0.07995327605551543
47147,2024,1678.6888159977298,12,7.425768301006616,0.014053398807150508,,,,,,,,
47147,2025,1688.592288400105,12,7.431650495364913,0.005882194358297177,,,,,,,,
47147,2026,1672.554386665684,4,7.422107309659439,-0.009543185705473967,,,,,,,,
47149,2015,1042.2240643114137,12,6.949112232125466,,,,,,,,,
47149,2016,1089.506354856934,12,6.9934799871872455,0.04436775506177959,,,,,,,,
47149,2017,1140.30099939953,12,7.039047541098542,0.04556755391129652,,,,,,,,
47149,2018,1187.3131126515345,12,7.07944814470369,0.04040060360514808,,,,,,,,
47149,2019,1233.9930830203177,12,7.1180105991176275,0.03856245441393735,,,,,,,,
47149,2020,1289.09950735771,12,7.161699197289115,0.04368859817148785,24653.0,19762.0,254956.0,4891.0,274718.0,274718.0,0.01780371144227899,0.08973929629656593
47149,2021,1409.2737225357448,12,7.250829760267401,0.08913056297828525,24973.0,19757.0,250616.0,5216.0,270373.0,270373.0,0.019291867161291994,0.09236499206651552
47149,2022,1599.2592386195831,12,7.377295825158697,0.12646606489129653,23786.0,19693.0,264975.0,4093.0,284668.0,284668.0,0.014378152795537258,0.0835569856815659
47149,2023,1649.7936548667014,12,7.408405501417721,0.031109676259023722,22657.0,19815.0,276894.0,2842.0,296709.0,296709.0,0.009578408474296364,0.07636101365310793
47149,2024,1687.5842081804838,12,7.4310533226456545,0.02264782122793374,,,,,,,,
47149,2025,1706.3278369233979,12,7.442098876602452,0.011045553956797072,,,,,,,,
47149,2026,1706.6007668533978,4,7.442258815448099,0.00015993884564746708,,,,,,,,
47155,2023,1486.143654337815,6,7.303939892434231,,5472.0,5433.0,74324.0,39.0,79757.0,79757.0,0.000488985292826962,0.06860839800895219
47155,2024,1589.6970200874496,12,7.371298723652551,0.06735883121831954,,,,,,,,
47155,2025,1624.7557290019874,12,7.3931127628504,0.02181403919784941,,,,,,,,
47155,2026,1684.9287222075527,4,7.429478540531232,0.03636577768083171,,,,,,,,
47157,2015,860.9139558060051,12,6.7579945642492145,,,,,,,,,
47157,2016,874.5425074081668,12,6.773700900948202,0.015706336698987577,,,,,,,,
47157,2017,893.5102383337857,12,6.79515779321742,0.02145689226921821,,,,,,,,
47157,2018,922.7918051487608,12,6.8274036458405325,0.03224585262311219,,,,,,,,
47157,2019,959.9462275892711,12,6.866877269965257,0.03947362412472444,,,,,,,,
47157,2020,1036.4421786724927,12,6.943549145150939,0.0766718751856823,29036.0,34765.0,701012.0,-5729.0,735777.0,735777.0,-0.00778632656361914,0.039463043829856055
47157,2021,1167.2248771945171,12,7.062384310547687,0.11883516539674766,27194.0,34427.0,663897.0,-7233.0,698324.0,698324.0,-0.010357656331445003,0.038941809246137896
47157,2022,1274.7347717505886,12,7.150493413796515,0.08810910324882837,26522.0,34698.0,678724.0,-8176.0,713422.0,713422.0,-0.011460257743663637,0.03717575292043138
47157,2023,1313.4635997209523,12,7.18042289630989,0.029929482513375127,25295.0,34511.0,683833.0,-9216.0,718344.0,718344.0,-0.012829507868096623,0.035212934193088546
47157,2024,1358.1729009178016,12,7.213895620277581,0.033472723967690854,,,,,,,,
47157,2025,1385.2156357066733,12,7.2336111001534675,0.019715479875886288,,,,,,,,
47157,2026,1388.3004058071688,4,7.235835548345813,0.002224448192345463,,,,,,,,
47163,2022,1094.2525550517134,7,6.9978268110481405,,8567.0,6207.0,117804.0,2360.0,124011.0,124011.0,0.01903056986880196,0.06908258138390949
47163,2023,1181.7340793703568,12,7.074738197503355,0.07691138645521445,8020.0,6771.0,121499.0,1249.0,128270.0,128270.0,0.009737272939892414,0.06252436267248772
47163,2024,1255.944839077359,12,7.135643428131684,0.060905230628328866,,,,,,,,
47163,2025,1311.7217454411432,12,7.179095862743565,0.043452434611880975,,,,,,,,
47163,2026,1344.995164325938,4,7.204145696732776,0.025049833989211123,,,,,,,,
47165,2015,1058.906637722717,12,6.96499218092438,,,,,,,,,
47165,2016,1115.8748930450522,12,7.017394033651019,0.05240185272663922,,,,,,,,
47165,2017,1159.0499079621598,12,7.055355903639701,0.03796186998868212,,,,,,,,
47165,2018,1202.6115674845703,12,7.092250777289102,0.03689487364940103,,,,,,,,
47165,2019,1240.2109781723143,12,7.123036787813637,0.030786010524535,,,,,,,,
47165,2020,1275.1073825456115,12,7.1507856756504875,0.027748887836850145,14461.0,11210.0,151450.0,3251.0,162660.0,162660.0,0.019986474855526865,0.08890323373908766
47165,2021,1411.7222499320508,12,7.252565691856868,0.10178001620638089,14621.0,11355.0,147746.0,3266.0,159101.0,159101.0,0.02052784080552605,0.09189759963796582
47165,2022,1601.4975848992124,12,7.378694461023856,0.12612876916698745,14287.0,11171.0,154719.0,3116.0,165890.0,165890.0,0.018783531255651336,0.08612333473988788
47165,2023,1655.7998090224771,12,7.412039439366178,0.03334497834232231,14007.0,10934.0,161810.0,3073.0,172744.0,172744.0,0.01778932987542259,0.08108530542305377
47165,2024,1670.6589604720887,12,7.420973414690815,0.008933975324636911,,,,,,,,
47165,2025,1677.7807638892255,12,7.425227225266737,0.004253810575922223,,,,,,,,
47165,2026,1680.4591316778844,4,7.426822327725074,0.0015951024583369389,,,,,,,,
47167,2024,1396.23773879943,7,7.241536568822511,,,,,,,,,
47167,2025,1462.1429095718504,12,7.287658384897717,0.046121816075205935,,,,,,,,
47167,2026,1466.85395794043,4,7.290875221681219,0.0032168367835021527,,,,,,,,
47171,2026,1090.0,1,6.993932975223189,,,,,,,,,
47177,2026,943.8578720072375,3,6.849975595495942,,,,,,,,,
47179,2017,837.220196924313,3,6.730087114652946,,,,,,,,,
47179,2018,863.3968852625558,12,6.760874475589454,0.030787360936508357,,,,,,,,
47179,2019,906.7094050923062,12,6.809822007480429,0.048947531890974894,,,,,,,,
47179,2020,955.6220002874551,12,6.862362437672467,0.05254043019203802,8100.0,7119.0,91637.0,981.0,98756.0,98756.0,0.009933573656284176,0.08202033294179595
47179,2021,1069.457455974426,12,6.97490674837119,0.1125443106987225,8621.0,7077.0,89183.0,1544.0,96260.0,96260.0,0.016039891959276957,0.08955952628298358
47179,2022,1255.1933586974324,12,7.135044910373462,0.16013816200227193,8768.0,6782.0,93316.0,1986.0,100098.0,100098.0,0.019840556254870228,0.08759415772542908
47179,2023,1361.2803788820704,12,7.216180990899581,0.08113608052611898,8266.0,6791.0,97421.0,1475.0,104212.0,104212.0,0.014153840248723756,0.07931908033623766
47179,2024,1441.1702385069964,12,7.273210728165985,0.05702973726640437,,,,,,,,
47179,2025,1517.7398787048478,12,7.3249775853701875,0.05176685720420249,,,,,,,,
47179,2026,1544.7293933485264,4,7.342604024055076,0.017626438684888335,,,,,,,,
47187,2015,1343.7117506741686,12,7.203191026856276,,,,,,,,,
47187,2016,1391.1346361734968,12,7.237874978162219,0.034683951305943594,,,,,,,,
47187,2017,1436.7270783996073,12,7.270122943475731,0.032247965313511706,,,,,,,,
47187,2018,1472.9206009563131,12,7.295002512060943,0.02487956858521212,,,,,,,,
47187,2019,1514.940023830397,12,7.323131128929074,0.028128616868130507,,,,,,,,
47187,2020,1543.7749249768983,12,7.341985945979969,0.018854817050895534,22373.0,15564.0,206985.0,6809.0,222549.0,222549.0,0.0305955093035691,0.10053066965027926
47187,2021,1750.8485063651344,11,7.46785581019063,0.12586986421066104,21603.0,16113.0,200002.0,5490.0,216115.0,216115.0,0.025403141845776554,0.09996066908821692
47187,2022,1968.2378085074567,12,7.584893907968145,0.11703809777751495,20211.0,16601.0,211124.0,3610.0,227725.0,227725.0,0.01585245361730157,0.08875178394993961
47187,2023,2008.0164752403182,12,7.6049026855789155,0.020008777610770245,17972.0,15517.0,221441.0,2455.0,236958.0,236958.0,0.010360485824492104,0.07584466445530431
47187,2024,2019.5478336159383,12,7.610628920593691,0.00572623501477576,,,,,,,,
47187,2025,2066.0667915215504,12,7.633401978063866,0.02277305747017433,,,,,,,,
47187,2026,2061.975778998548,4,7.6314199181444575,-0.00198205991940803,,,,,,,,
47189,2015,1138.491617780901,12,7.037459522965405,,,,,,,,,
47189,2016,1199.557320862332,12,7.0897078684346235,0.052248345469218194,,,,,,,,
47189,2017,1239.3114052155754,12,7.122311185978192,0.032603317543568267,,,,,,,,
47189,2018,1278.1466231786574,12,7.153166356978453,0.030855171000260917,,,,,,,,
47189,2019,1331.6938821854135,12,7.194207006508971,0.041040649530518,,,,,,,,
47189,2020,1392.8446844387208,12,7.2391034703910435,0.0448964638820728,12398.0,8966.0,116573.0,3432.0,125539.0,125539.0,0.027338118035032936,0.09875815483634567
47189,2021,1501.2126664189088,12,7.3140285047545195,0.07492503436347597,13414.0,8563.0,114934.0,4851.0,123497.0,123497.0,0.03928030640420415,0.10861802310987312
47189,2022,1677.2057391085075,12,7.424884437129835,0.11085593237531555,13626.0,8873.0,122429.0,4753.0,131302.0,131302.0,0.03619899163759882,0.10377602778327824
47189,2023,1757.060542062617,12,7.471397545227264,0.04651310809742881,12869.0,8960.0,130880.0,3909.0,139840.0,139840.0,0.02795337528604119,0.09202660183066362
47189,2024,1820.1578030404405,12,7.506678481279458,0.03528093605219418,,,,,,,,
47189,2025,1848.5981042068913,12,7.522182849301044,0.015504368021585613,,,,,,,,
47189,2026,1875.4507403118657,4,7.536604304347298,0.014421455046254472,,,,,,,,
48005,2024,1193.6530466443655,3,7.084773671025934,,,,,,,,,
48005,2025,1220.2124569360487,12,7.106780267595365,0.02200659656943138,,,,,,,,
48005,2026,1272.5903784313357,4,7.148809770210104,0.04202950261473859,,,,,,,,
48007,2025,1371.3230218743474,12,7.223531262222172,,,,,,,,,
48007,2026,1331.047456087591,4,7.193721472220506,-0.02980979000166606,,,,,,,,
48013,2025,1205.254479968633,1,7.094446010323945,,,,,,,,,
48013,2026,1243.3207140509708,4,7.125541074361385,0.03109506403743989,,,,,,,,
48015,2026,1050.0,1,6.956545443151569,,,,,,,,,
48019,2026,1150.0,1,7.047517221357296,,,,,,,,,
48021,2022,1727.3121465004979,12,7.45432180674798,,8763.0,5358.0,70764.0,3405.0,76122.0,76122.0,0.044730826830614016,0.11511783715614408
48021,2023,1801.0192576865934,11,7.496108037893133,0.0417862311451529,8205.0,5488.0,75153.0,2717.0,80641.0,80641.0,0.03369253853498841,0.10174725015810816
48021,2024,1778.306187350306,12,7.483416610106047,-0.012691427787085985,,,,,,,,
48021,2025,1809.9405262383764,12,7.501049265288185,0.017632655182138635,,,,,,,,
48021,2026,1817.4301752386602,4,7.5051787906441865,0.004129525356001196,,,,,,,,
48027,2015,848.4766413968345,12,6.743442555004635,,,,,,,,,
48027,2016,856.1661265025581,12,6.7524644303290176,0.009021875324382478,,,,,,,,
48027,2017,869.7018198804291,12,6.76815041713168,0.0156859868026622,,,,,,,,
48027,2018,889.7783726440688,12,6.790972412214635,0.022821995082955127,,,,,,,,
48027,2019,933.4537334909883,12,6.838891399344296,0.047918987129660806,,,,,,,,
48027,2020,987.7157723501372,12,6.895394976552541,0.05650357720824495,34352.0,31735.0,266795.0,2617.0,298530.0,298530.0,0.008766288145245034,0.11507051217633069
48027,2021,1152.0945819890949,12,7.0493369403067065,0.1539419637541659,33821.0,30653.0,265123.0,3168.0,295776.0,295776.0,0.010710808179162609,0.11434666774856649
48027,2022,1300.4389241005968,12,7.170457120387657,0.12112018008095049,32835.0,30414.0,273852.0,2421.0,304266.0,304266.0,0.007956853542623888,0.10791544240894481
48027,2023,1320.1512067834383,12,7.185501559613512,0.0150444392258553,30993.0,29875.0,285360.0,1118.0,315235.0,315235.0,0.0035465605024822752,0.09831712849144289
48027,2024,1322.5282145801389,12,7.18730049778098,0.0017989381674672345,,,,,,,,
48027,2025,1342.516904237149,12,7.202301417914286,0.015000920133306117,,,,,,,,
48027,2026,1334.2610546470578,4,7.196132900468888,-0.00616851744539737,,,,,,,,
48029,2015,1016.8328460412372,12,6.924448022698543,,,,,,,,,
48029,2016,1055.9351757048269,12,6.962182075738813,0.037734053040269444,,,,,,,,
48029,2017,1094.6248103187793,12,6.998166944558171,0.03598486881935781,,,,,,,,
48029,2018,1123.044484778465,12,7.023798566401322,0.02563162184315093,,,,,,,,
48029,2019,1157.27684636025,12,7.053824978052541,0.03002641165121922,,,,,,,,
48029,2020,1181.5646184304921,12,7.074594786989642,0.020769808937100898,83996.0,80992.0,1524527.0,3004.0,1605519.0,1605519.0,0.0018710460604950798,0.05231703891389638
48029,2021,1275.2437444273392,12,7.150892611421343,0.07629782443170097,85968.0,78900.0,1484484.0,7068.0,1563384.0,1563384.0,0.004520962220414178,0.054988409757295714
48029,2022,1401.8374172244378,12,7.245539095980243,0.09464648455890057,86823.0,77979.0,1519802.0,8844.0,1597781.0,1597781.0,0.005535176598044413,0.054339737423338995
48029,2023,1415.5756061855966,12,7.255291516184939,0.009752420204695689,80651.0,78393.0,1558996.0,2258.0,1637389.0,1637389.0,0.001379024776641348,0.049255857954340725
48029,2024,1401.0411140626181,12,7.244970892132409,-0.010320624052529759,,,,,,,,
48029,2025,1389.9350238964296,12,7.237012279633885,-0.007958612498524253,,,,,,,,
48029,2026,1367.4587100396557,4,7.220709340085016,-0.016302939548868522,,,,,,,,
48031,2026,1753.0917251092906,2,7.469136208201116,,,,,,,,,
48037,2023,984.3597690439431,10,6.89199144917703,,4559.0,4546.0,67257.0,13.0,71803.0,71803.0,0.00018105093101959528,0.06349316880910269
48037,2024,1035.5232700420527,12,6.942662152859387,0.05067070368235704,,,,,,,,
48037,2025,1087.2797882556463,12,6.991434248900224,0.0487720960408371,,,,,,,,
48037,2026,1121.235160611598,4,7.022186178602348,0.030751929702123704,,,,,,,,
48039,2015,1252.9142027835862,12,7.133227479114773,,,,,,,,,
48039,2016,1279.958976921578,12,7.154583307120056,0.021355828005282795,,,,,,,,
48039,2017,1301.2388902698274,12,7.171072082155808,0.016488775035751857,,,,,,,,
48039,2018,1327.1286791203233,12,7.190772999578419,0.01970091742261104,,,,,,,,
48039,2019,1344.8910027730728,12,7.204068249921687,0.013295250343268172,,,,,,,,
48039,2020,1368.2945612999117,12,7.221320397591569,0.0172521476698817,24655.0,20337.0,284367.0,4318.0,304704.0,304704.0,0.014171130014702793,0.08091459252257929
48039,2021,1448.7027547448397,12,7.278423783074644,0.057103385483075364,24387.0,20012.0,277316.0,4375.0,297328.0,297328.0,0.014714389495775708,0.0820205295162245
48039,2022,1567.7674510572854,12,7.357407880636755,0.07898409756211056,24873.0,18310.0,287991.0,6563.0,306301.0,306301.0,0.0214266358908394,0.08120443615920288
48039,2023,1617.2060164160787,12,7.388455258026872,0.031047377390117425,24544.0,18558.0,301025.0,5986.0,319583.0,319583.0,0.018730658389213443,0.07680008010438603
48039,2024,1654.0856703155175,12,7.411003670079955,0.022548412053082778,,,,,,,,
48039,2025,1696.399412376273,12,7.436263291205818,0.025259621125862886,,,,,,,,
48039,2026,1715.8896588741554,4,7.4476869766251,0.01142368541928196,,,,,,,,
48041,2015,997.1644933748317,12,6.904915744692611,,,,,,,,,
48041,2016,1033.7261922812413,12,6.940925215631333,0.03600947093872264,,,,,,,,
48041,2017,1061.9215382150667,12,6.967835317919116,0.026910102287782678,,,,,,,,
48041,2018,1067.2753061898711,12,6.972864236942687,0.005028919023571277,,,,,,,,
48041,2019,1096.1656185639254,12,6.999573567920118,0.026709330977430668,,,,,,,,
48041,2020,1127.2251852062893,12,7.027514303491617,0.027940735571498898,11829.0,11904.0,139284.0,-75.0,151188.0,151188.0,-0.0004960711167552981,0.07824033653464561
48041,2021,1193.699406190768,12,7.084812508648215,0.05729820515659867,11542.0,11729.0,135973.0,-187.0,147702.0,147702.0,-0.001266062747965498,0.0781438301444801
48041,2022,1293.3910663789336,12,7.165022781905705,0.08021027325748964,11979.0,11918.0,141101.0,61.0,153019.0,153019.0,0.00039864330573327497,0.07828439605539181
48041,2023,1376.3658600193075,12,7.227201869793639,0.062179087887933804,11981.0,12349.0,147334.0,-368.0,159683.0,159683.0,-0.00230456592123144,0.07502990299530946
48041,2024,1442.9487929077839,12,7.274444071593816,0.04724220180017724,,,,,,,,
48041,2025,1504.0087797775877,12,7.3158893421108235,0.041445270517007415,,,,,,,,
48041,2026,1522.8994610107811,4,7.32837133693466,0.012481994823836828,,,,,,,,
48049,2026,1450.0,1,7.27931883541462,,,,,,,,,
48051,2026,1775.0,1,7.4815557019095165,,,,,,,,,
48053,2023,1577.680798235238,10,7.363711198456783,,4370.0,3342.0,41279.0,1028.0,44621.0,44621.0,0.023038479639631564,0.09793594944084624
48053,2024,1629.365580587365,12,7.395946003673658,0.03223480521687527,,,,,,,,
48053,2025,1599.603224999256,12,7.377510893099198,-0.018435110574460012,,,,,,,,
48053,2026,1586.7825797612218,4,7.369463710360367,-0.008047182738831538,,,,,,,,
48055,2024,1617.8279032801433,10,7.388839728104877,,,,,,,,,
48055,2025,1645.4725140301805,12,7.405782864524761,0.016943136419884652,,,,,,,,
48055,2026,1639.039673765596,4,7.401865784531157,-0.003917079993604133,,,,,,,,
48061,2015,864.173209990238,7,6.761773223237461,,,,,,,,,
48061,2016,875.0576878781156,12,6.774289813187954,0.012516589950492651,,,,,,,,
48061,2017,890.7159850876728,12,6.792025616934102,0.017735803746147916,,,,,,,,
48061,2018,913.3382981969113,12,6.817106346681251,0.025080729747148922,,,,,,,,
48061,2019,943.6647157009197,12,6.849770929010624,0.03266458232937364,,,,,,,,
48061,2020,988.4088983747994,12,6.8960964768812945,0.046325547870670114,10649.0,11066.0,332056.0,-417.0,343122.0,343122.0,-0.0012153111721195378,0.031035608325901576
48061,2021,1072.887140696558,12,6.978108556014491,0.08201207913319664,10431.0,10251.0,322090.0,180.0,332341.0,332341.0,0.000541612380055425,0.03138643742421188
48061,2022,1189.9931080056358,12,7.081702794496901,0.10359423848241,9576.0,9928.0,332430.0,-352.0,342358.0,342358.0,-0.001028163501364069,0.02797072070756343
48061,2023,1277.6456008562286,12,7.152774288856377,0.0710714943594759,9190.0,10719.0,337971.0,-1529.0,348690.0,348690.0,-0.004384983796495454,0.026355788809544294
48061,2024,1326.7313275635918,12,7.190473547792191,0.03769925893581405,,,,,,,,
48061,2025,1373.5125729654017,12,7.225126659454408,0.03465311166221685,,,,,,,,
48061,2026,1419.8540885628674,4,7.258309390782506,0.03318273132809768,,,,,,,,
48071,2022,1851.6080549607327,7,7.523809759418086,,4810.0,2876.0,39319.0,1934.0,42195.0,42195.0,0.04583481455148714,0.11399454911719398
48071,2023,1935.1759433046916,12,7.567953528102744,0.04414376868465819,4446.0,3134.0,42354.0,1312.0,45488.0,45488.0,0.02884277172001407,0.09774006331340133
48071,2024,1986.504067172558,12,7.594131622658829,0.02617809455608544,,,,,,,,
48071,2025,2068.085092195711,12,7.634378381878373,0.040246759219543904,,,,,,,,
48071,2026,2105.971101566745,4,7.6525319706466615,0.01815358876828821,,,,,,,,
48085,2015,1203.6633563128041,12,7.093124982380812,,,,,,,,,
48085,2016,1246.801294378539,12,7.128336586053165,0.03521160367235332,,,,,,,,
48085,2017,1284.7351087318987,12,7.15830783501466,0.029971248961494723,,,,,,,,
48085,2018,1315.3635684883964,12,7.181868384336827,0.023560549322167113,,,,,,,,
48085,2019,1355.4587727446471,12,7.211895253680642,0.030026869343815044,,,,,,,,
48085,2020,1381.2958218536635,12,7.230777338908509,0.01888208522786705,92494.0,68066.0,842310.0,24428.0,910376.0,910376.0,0.02683286905630201,0.10159977855303742
48085,2021,1541.7855606622452,12,7.340696478734353,0.10991913982584389,96672.0,68361.0,833322.0,28311.0,901683.0,901683.0,0.03139795249550008,0.10721284531259877
48085,2022,1765.9104839585088,12,7.47642169129398,0.13572521255962666,94563.0,72703.0,876033.0,21860.0,948736.0,948736.0,0.023041183216405827,0.09967261703993524
48085,2023,1779.1458187243434,12,7.483888650987101,0.007466959693121389,91466.0,72938.0,923270.0,18528.0,996208.0,996208.0,0.018598525609109743,0.0918141592920354
48085,2024,1742.9604081456066,12,7.463340330486137,-0.020548320500964223,,,,,,,,
48085,2025,1729.8625393912082,12,7.4557972273356485,-0.0075431031504882284,,,,,,,,
48085,2026,1706.518801862846,4,7.442210786078534,-0.013586441257114501,,,,,,,,
48091,2015,1080.952684742413,11,6.9855980467852685,,,,,,,,,
48091,2016,1111.158231915765,12,7.013158202464927,0.02756015567965875,,,,,,,,
48091,2017,1147.5769873200397,12,7.045408031030616,0.03224982856568914,,,,,,,,
48091,2018,1190.9557020932482,12,7.082511374787225,0.037103343756608176,,,,,,,,
48091,2019,1215.6751126139968,12,7.103054849701298,0.02054347491407338,,,,,,,,
48091,2020,1253.7908240044665,12,7.133926900265046,0.03087205056374831,19507.0,11581.0,122537.0,7926.0,134118.0,134118.0,0.05909721290207131,0.14544654707049018
48091,2021,1425.6764518124912,12,7.262401683093223,0.12847478282817715,20662.0,11402.0,125110.0,9260.0,136512.0,136512.0,0.0678328645100797,0.1513566572902016
48091,2022,1552.5401622313502,12,7.347647682865201,0.08524599977197767,20318.0,12294.0,134142.0,8024.0,146436.0,146436.0,0.054795268922942446,0.13875003414460924
48091,2023,1557.2020905823804,12,7.350645958261973,0.002998275396771888,18817.0,12416.0,144609.0,6401.0,157025.0,157025.0,0.040764209520776945,0.11983442127049833
48091,2024,1544.2694518089954,12,7.342306230779011,-0.00833972748296219,,,,,,,,
48091,2025,1522.6799610356875,12,7.328227193607525,-0.014079037171486064,,,,,,,,
48091,2026,1512.1953270282388,4,7.321317732938359,-0.006909460669165313,,,,,,,,
48097,2025,1591.350739230144,10,7.372338456103488,,,,,,,,,
48097,2026,1618.6549157047327,4,7.389350784389642,0.017012328286154066,,,,,,,,
48099,2015,739.5830465004665,12,6.606086576725186,,,,,,,,,
48099,2016,750.5802286819504,12,6.6208465456691465,0.014759968943960367,,,,,,,,
48099,2017,766.121765757498,12,6.641341120237184,0.020494574568037827,,,,,,,,
48099,2018,785.2373048001131,12,6.665985971207664,0.024644850970479304,,,,,,,,
48099,2019,823.4530708224903,12,6.713506560528748,0.04752058932108394,,,,,,,,
48099,2020,882.4488925027184,12,6.782700874952254,0.06919431442350632,9866.0,9363.0,47978.0,503.0,57341.0,57341.0,0.00877208280288101,0.1720583875412009
48099,2021,991.4193180201245,12,6.899137570992884,0.11643669604062978,9843.0,9295.0,47786.0,548.0,57081.0,57081.0,0.009600392424799846,0.17243916539654175
48099,2022,1139.3444246388053,12,7.038208309868297,0.13907073887541355,9530.0,9345.0,48769.0,185.0,58114.0,58114.0,0.0031833981484668066,0.16398802353993874
48099,2023,1191.6014351160936,12,7.0830534251990045,0.04484511533070723,8863.0,8377.0,51402.0,486.0,59779.0,59779.0,0.008129945298516201,0.14826276786162365
48099,2024,1198.6280901564905,12,7.088932923554986,0.0058794983559815606,,,,,,,,
48099,2025,1231.8428774475767,12,7.116266601420939,0.0273336778659532,,,,,,,,
48099,2026,1232.4647585649254,4,7.116771312051594,0.0005047106306550475,,,,,,,,
48113,2015,1071.1094149220485,12,6.976450226688118,,,,,,,,,
48113,2016,1137.0199072877426,12,7.036166002205655,0.05971577551753704,,,,,,,,
48113,2017,1203.2352930982079,12,7.092769285460035,0.05660328325437991,,,,,,,,
48113,2018,1249.3403295746928,12,7.130370954654267,0.037601669194232024,,,,,,,,
48113,2019,1296.1461530679826,12,7.167150642982887,0.03677968832862,,,,,,,,
48113,2020,1313.7804163610883,12,7.180664074243674,0.013513431260786746,120796.0,154960.0,1940761.0,-34164.0,2095721.0,2095721.0,-0.016301788262846055,0.057639351803031036
48113,2021,1431.3711571179874,12,7.26638811498131,0.08572404073763629,120938.0,152010.0,1838305.0,-31072.0,1990315.0,1990315.0,-0.015611599168975766,0.060763246018846265
48113,2022,1617.434854592669,12,7.388596750196234,0.12220863521492387,122651.0,146471.0,1872392.0,-23820.0,2018863.0,2018863.0,-0.011798720368841274,0.0607525126766898
48113,2023,1641.0924233095418,12,7.403117410838377,0.014520660642142857,119745.0,148643.0,1888647.0,-28898.0,2037290.0,2037290.0,-0.01418452944843395,0.05877661010459974
48113,2024,1633.6180678549972,12,7.398552507495539,-0.004564903342837212,,,,,,,,
48113,2025,1638.680318164247,12,7.401646512840059,0.0030940053445194238,,,,,,,,
48113,2026,1635.9112783931748,4,7.3999552848811305,-0.0016912279589282875,,,,,,,,
48121,2015,1149.2013703167058,12,7.04682251951367,,,,,,,,,
48121,2016,1190.2320526739763,12,7.081903569342147,0.03508104982847726,,,,,,,,
48121,2017,1235.1766664850118,12,7.118969288616867,0.03706571927471991,,,,,,,,
48121,2018,1272.8677301797618,12,7.149027689136827,0.030058400519959783,,,,,,,,
48121,2019,1309.4148561175184,12,7.177335641686876,0.028307952550049365,,,,,,,,
48121,2020,1340.9437273860092,12,7.201128919228947,0.023793277542070612,81998.0,62335.0,696083.0,19663.0,758418.0,758418.0,0.025926336136536842,0.1081171596665691
48121,2021,1480.8363140827462,10,7.300362284245162,0.09923336501621538,83866.0,63357.0,689867.0,20509.0,753224.0,753224.0,0.027228287999320255,0.11134270814525293
48121,2022,1672.7165991927031,12,7.422204289860942,0.12184200561577985,82738.0,65108.0,722833.0,17630.0,787941.0,787941.0,0.022374771715141108,0.10500532400268547
48121,2023,1698.4704284324516,12,7.437483377047222,0.015279087186280016,80368.0,66486.0,760497.0,13882.0,826983.0,826983.0,0.01678631846120174,0.09718216698529474
48121,2024,1688.4676063263576,12,7.431576654759362,-0.0059067222878601555,,,,,,,,
48121,2025,1678.6132036660938,12,7.425723257497747,-0.005853397261614823,,,,,,,,
48121,2026,1662.6522852019652,4,7.416169368456457,-0.009553889041289843,,,,,,,,
48135,2017,1202.6962806024903,3,7.0923212157720785,,,,,,,,,
48135,2018,1412.555126767622,12,7.253155490059117,0.16083427428703878,,,,,,,,
48135,2019,1515.2219745751606,12,7.323317225082167,0.07016173502305012,,,,,,,,
48135,2020,1298.6039465751107,12,7.169045079169654,-0.15427214591251381,9481.0,11433.0,128872.0,-1952.0,140305.0,140305.0,-0.013912547664017675,0.06757421332097929
48135,2021,1200.7826301296782,12,7.090728814966194,-0.07831626420346005,7324.0,11324.0,122318.0,-4000.0,133642.0,133642.0,-0.02993071040541147,0.05480313075230841
48135,2022,1325.2052975476913,12,7.189322667963548,0.09859385299735468,7653.0,8627.0,122758.0,-974.0,131385.0,131385.0,-0.007413327244358184,0.0582486585226624
48135,2023,1513.6990977535718,12,7.32231166771468,0.13298899975113176,8571.0,7938.0,124899.0,633.0,132837.0,132837.0,0.004765238600691072,0.06452268569750898
48135,2024,1578.9251573660174,12,7.364499614377388,0.04218794666270842,,,,,,,,
48135,2025,1617.680375454255,12,7.388748535121715,0.024248920744326163,,,,,,,,
48135,2026,1601.6674447890719,4,7.378800518556606,-0.009948016565108908,,,,,,,,
48139,2015,1095.5819155602899,12,6.9990409308272525,,,,,,,,,
48139,2016,1173.9278660704947,12,7.068110555630245,0.06906962480299228,,,,,,,,
48139,2017,1229.9978850930022,12,7.114767728928402,0.046657173298156884,,,,,,,,
48139,2018,1276.9851615187345,12,7.15225723616764,0.03748950723923805,,,,,,,,
48139,2019,1320.2740728703002,12,7.18559462499044,0.03333738882280013,,,,,,,,
48139,2020,1377.588913749123,12,7.228090086130286,0.042495461139846036,17219.0,10604.0,151249.0,6615.0,161853.0,161853.0,0.04087041945469037,0.10638665949966945
48139,2021,1488.2184402842297,12,7.305335005885069,0.07724491975478287,17401.0,10489.0,149333.0,6912.0,159822.0,159822.0,0.04324811352629801,0.10887737608088999
48139,2022,1654.382429167018,12,7.411183063589806,0.10584805770473693,18577.0,10795.0,158381.0,7782.0,169176.0,169176.0,0.04599943254362321,0.10980871991299002
48139,2023,1726.4906603354386,12,7.453846107221113,0.04266304363130757,17792.0,11240.0,169681.0,6552.0,180921.0,180921.0,0.036214701444276784,0.09834126497200435
48139,2024,1758.9361497211464,12,7.472464444886655,0.018618337665541773,,,,,,,,
48139,2025,1774.3629427152791,12,7.4811967319749995,0.008732287088344393,,,,,,,,
48139,2026,1800.13122532383,4,7.495614844184648,0.014418112209648726,,,,,,,,
48141,2015,925.0561797088775,12,6.829854470488549,,,,,,,,,
48141,2016,926.3832016788284,12,6.831287973751508,0.0014335032629597677,,,,,,,,
48141,2017,935.6801015475476,12,6.8412736462093715,0.009985672457863082,,,,,,,,
48141,2018,955.5571028296113,12,6.862294524144359,0.02102087793498786,,,,,,,,
48141,2019,983.2965394564299,12,6.890910742463768,0.028616218319408304,,,,,,,,
48141,2020,1039.5779047950093,12,6.946570048977613,0.05565930651384576,32501.0,35014.0,687106.0,-2513.0,722120.0,722120.0,-0.0034800310197751066,0.04500775494377666
48141,2021,1132.8780879604599,12,7.03251665414456,0.08594660516694663,30521.0,32647.0,670423.0,-2126.0,703070.0,703070.0,-0.003023880979134368,0.04341104015247415
48141,2022,1282.8892385691977,12,7.156870030857182,0.12435337671262214,29550.0,32040.0,685810.0,-2490.0,717850.0,717850.0,-0.003468691230758515,0.041164588702375146
48141,2023,1368.5531974231174,12,7.221509400522515,0.06463936966533268,28083.0,32221.0,704218.0,-4138.0,736439.0,736439.0,-0.005618931099520802,0.03813350460798518
48141,2024,1412.3351889603916,12,7.252999775830887,0.03149037530837173,,,,,,,,
48141,2025,1449.4927374415176,12,7.278968937960416,0.025969162129529266,,,,,,,,
48141,2026,1465.2848828779215,4,7.289804961848744,0.01083602388832805,,,,,,,,
48143,2023,1338.3242741679935,10,7.1991735686995515,,2356.0,2286.0,28217.0,70.0,30503.0,30503.0,0.002294856243648166,0.07723830442907255
48143,2024,1382.725752174688,12,7.2318120127779375,0.03263844407838601,,,,,,,,
48143,2025,1405.4168408293808,12,7.248089221630219,0.016277208852281788,,,,,,,,
48143,2026,1408.5301036677845,4,7.250301959944108,0.0022127383138883516,,,,,,,,
48147,2025,1377.088475353541,3,7.22772674891841,,,,,,,,,
48147,2026,1369.4395339074913,4,7.222156835780609,-0.00556991313780042,,,,,,,,
48157,2015,1430.73551496112,12,7.265943937149981,,,,,,,,,
48157,2016,1420.931159632225,12,7.259067681907576,-0.006876255242405094,,,,,,,,
48157,2017,1430.4886045684614,12,7.265771346410523,0.006703664502947682,,,,,,,,
48157,2018,1463.6220043357255,12,7.288669467423759,0.022898121013235517,,,,,,,,
48157,2019,1489.9719846146643,12,7.306512596490703,0.017843129066943852,,,,,,,,
48157,2020,1511.4316576103627,12,7.3208125982521075,0.01430000176140478,63996.0,43689.0,652356.0,20307.0,696045.0,696045.0,0.029174837833760747,0.09194233131478569
48157,2021,1655.4403501640197,12,7.411822325026783,0.09100972677467567,64122.0,43150.0,644774.0,20972.0,687924.0,687924.0,0.03048592577087004,0.0932108779458196
48157,2022,1811.1668334830183,12,7.501726575939155,0.08990425091237153,59693.0,43813.0,682479.0,15880.0,726292.0,726292.0,0.021864484257020592,0.08218870647067571
48157,2023,1852.3874898493934,12,7.524230621101495,0.02250404516234017,55721.0,44894.0,714524.0,10827.0,759418.0,759418.0,0.01425697046949111,0.0733732937591682
48157,2024,1879.9559846351287,12,7.539003643121797,0.014773022020301951,,,,,,,,
48157,2025,1900.3566154048415,12,7.54979683986087,0.01079319673907353,,,,,,,,
48157,2026,1887.4466164695987,4,7.542980198058104,-0.006816641802766199,,,,,,,,
48167,2015,999.2196952056794,12,6.906974669591568,,,,,,,,,
48167,2016,1046.7583815950063,12,6.953453412122992,0.046478742531424366,,,,,,,,
48167,2017,1087.2947788311594,12,6.99144803603426,0.037994623911267844,,,,,,,,
48167,2018,1149.5261657609053,12,7.047105106676579,0.05565707064231873,,,,,,,,
48167,2019,1182.2348727706744,12,7.075161886154051,0.028056779477472205,,,,,,,,
48167,2020,1199.845323405251,12,7.089947930305848,0.014786044151796851,21100.0,18097.0,258722.0,3003.0,276819.0,276819.0,0.010848243798294192,0.07622309162304611
48167,2021,1278.381068118408,12,7.1533497658585565,0.06340183555270862,20725.0,18059.0,251359.0,2666.0,269418.0,269418.0,0.0098954041675018,0.07692507553318635
48167,2022,1404.2475682753175,12,7.247256899721755,0.09390713386319849,19710.0,17747.0,258540.0,1963.0,276287.0,276287.0,0.007104930742307817,0.07133886140136887
48167,2023,1468.5364269118475,12,7.292021555854923,0.044764656133168046,19193.0,17124.0,266450.0,2069.0,283574.0,283574.0,0.007296155500856919,0.06768250968001298
48167,2024,1505.7869931784571,12,7.317070959563904,0.02504940370898101,,,,,,,,
48167,2025,1539.218330437225,12,7.339029988908373,0.021959029344468917,,,,,,,,
48167,2026,1539.7431632464397,4,7.339370904386124,0.0003409154777509471,,,,,,,,
48171,2025,2048.626995722275,3,7.624925089559989,,,,,,,,,
48171,2026,2107.7653402345386,4,7.653383584790552,0.028458495230562875,,,,,,,,
48181,2019,1075.1256480994684,12,6.980192815684593,,,,,,,,,
48181,2020,1112.6858451350406,12,7.014532051895574,0.03433923621098067,9333.0,6605.0,102515.0,2728.0,109120.0,109120.0,0.025,0.08552969208211143
48181,2021,1232.0953083364795,12,7.1164715017640106,0.1019394498684365,10327.0,6996.0,100043.0,3331.0,107039.0,107039.0,0.03111949850054653,0.0964788535019946
48181,2022,1359.5993705436197,12,7.214945354850112,0.09847385308610157,10172.0,6981.0,104388.0,3191.0,111369.0,111369.0,0.02865249755317907,0.09133600912282593
48181,2023,1410.1758535600386,12,7.251469694432373,0.03652433958226098,9543.0,7317.0,108734.0,2226.0,116051.0,116051.0,0.019181222048926767,0.08223108805611326
48181,2024,1447.4357976885876,12,7.277548854535049,0.02607916010267619,,,,,,,,
48181,2025,1452.2474651025084,12,7.2808676113744815,0.0033187568394321687,,,,,,,,
48181,2026,1439.1504509969627,4,7.27180825388702,-0.009059357487461561,,,,,,,,
48183,2016,731.5501282846459,1,6.5951657461842075,,,,,,,,,
48183,2017,761.2415960447424,12,6.63495077928467,0.03978503310046211,,,,,,,,
48183,2018,777.0369377469582,12,6.655487888165583,0.020537108880913202,,,,,,,,
48183,2019,802.6594229213014,12,6.687930493120173,0.03244260495459006,,,,,,,,
48183,2020,839.2928034580885,12,6.732559636594841,0.044629143474668176,7708.0,8128.0,93773.0,-420.0,101901.0,101901.0,-0.004121647481378985,0.07564204472968862
48183,2021,901.4888947265672,12,6.804047723905896,0.07148808731105483,7937.0,7618.0,90234.0,319.0,97852.0,97852.0,0.0032600253443976616,0.08111229203286596
48183,2022,999.3851477828374,12,6.907140237665834,0.10309251375993789,7878.0,7260.0,91952.0,618.0,99212.0,99212.0,0.006229085191307503,0.07940571705035682
48183,2023,1049.0784856759417,12,6.9556674251169435,0.04852718745110973,7279.0,7491.0,94225.0,-212.0,101716.0,101716.0,-0.0020842345353729993,0.07156199614613237
48183,2024,1077.8185091759663,12,6.982694378460092,0.02702695334314864,,,,,,,,
48183,2025,1124.740058382278,12,7.025307228724475,0.04261285026438255,,,,,,,,
48183,2026,1141.8668700624676,4,7.040419807292994,0.015112578568519552,,,,,,,,
48187,2015,1238.4529686336996,12,7.121618273750312,,,,,,,,,
48187,2016,1268.0822078555916,12,7.145260965589308,0.02364269183899559,,,,,,,,
48187,2017,1307.9433092971124,12,7.176211189561904,0.030950223972596724,,,,,,,,
48187,2018,1329.1671743871314,12,7.192307840408966,0.01609665084706169,,,,,,,,
48187,2019,1363.3769359082596,12,7.217719942186111,0.025412101777145146,,,,,,,,
48187,2020,1411.3723233344244,12,7.252317789003927,0.034597846817815636,17627.0,13996.0,132404.0,3631.0,146400.0,146400.0,0.024801912568306012,0.12040300546448088
48187,2021,1517.9364656018786,12,7.3251071030624635,0.07278931405853672,17527.0,13516.0,130314.0,4011.0,143830.0,143830.0,0.02788708892442467,0.12185913926162831
48187,2022,1668.4784163716424,12,7.419667362160286,0.09456025909782273,17426.0,13415.0,136668.0,4011.0,150083.0,150083.0,0.026725212049332703,0.11610908630557758
48187,2023,1705.4095793657527,12,7.44156058337072,0.021893221210433467,17169.0,12522.0,144147.0,4647.0,156669.0,156669.0,0.029661260364207343,0.10958772954445359
48187,2024,1700.1175563087072,12,7.438452678423331,-0.0031079049473889953,,,,,,,,
48187,2025,1686.2783532063713,12,7.430279221735756,-0.008173456687575076,,,,,,,,
48187,2026,1683.0252930985735,4,7.428348222656947,-0.0019309990788087816,,,,,,,,
48199,2022,1237.2030086201846,8,7.120608472605714,,3662.0,2952.0,44326.0,710.0,47278.0,47278.0,0.015017555734168112,0.0774567452091882
48199,2023,1276.4332443591554,12,7.151824939473213,0.031216466867499015,3280.0,2986.0,45870.0,294.0,48856.0,48856.0,0.006017684624201736,0.06713607335844113
48199,2024,1366.2514217384485,12,7.219826080103893,0.0680011406306793,,,,,,,,
48199,2025,1451.126659406499,12,7.280095540188599,0.06026946008470624,,,,,,,,
48199,2026,1515.6469782873812,4,7.323597675158774,0.043502134970174744,,,,,,,,
48201,2015,1198.5929468605307,12,7.088903603525319,,,,,,,,,
48201,2016,1211.1971893395928,12,7.099364562122031,0.010460958596712366,,,,,,,,
48201,2017,1229.2777472889627,12,7.114182078572548,0.014817516450516877,,,,,,,,
48201,2018,1276.2296835655045,12,7.151665450500459,0.037483371927910625,,,,,,,,
48201,2019,1297.179731225628,12,7.167947749292303,0.016282298791844063,,,,,,,,
48201,2020,1314.4106606397872,12,7.181143677341253,0.0131959280489502,158977.0,193192.0,3512880.0,-34215.0,3706072.0,3706072.0,-0.009232146596180539,0.04289636035133694
48201,2021,1393.9395741750714,12,7.239889243304251,0.05874556596299829,160443.0,192481.0,3374466.0,-32038.0,3566947.0,3566947.0,-0.008981910861024848,0.044980483309676314
48201,2022,1510.9633451917625,12,7.320502703336378,0.08061346003212666,166095.0,182621.0,3457855.0,-16526.0,3640476.0,3640476.0,-0.004539516261060366,0.045624528221034834
48201,2023,1553.84259085765,12,7.348486232912727,0.027983529576348865,163262.0,183281.0,3525128.0,-20019.0,3708409.0,3708409.0,-0.005398271873463796,0.04402480956118918
48201,2024,1579.3442571214746,12,7.364765012735106,0.016278779822378908,,,,,,,,
48201,2025,1593.0246129356992,12,7.373389760472231,0.008624747737125738,,,,,,,,
48201,2026,1577.9515886458025,4,7.363882822003528,-0.009506938468703652,,,,,,,,
48203,2025,1344.8540282877893,10,7.204040756992165,,,,,,,,,
48203,2026,1387.1218928131739,4,7.234986298798879,0.03094554180671416,,,,,,,,
48209,2015,1171.0440124001168,12,7.065650948203206,,,,,,,,,
48209,2016,1231.801939773377,12,7.1162333679987215,0.05058241979551514,,,,,,,,
48209,2017,1256.2890162718516,12,7.135917429053942,0.019684061055220248,,,,,,,,
48209,2018,1289.886792543243,12,7.162309735786367,0.026392306732425652,,,,,,,,
48209,2019,1336.4602168995186,12,7.197779768506323,0.035470032719955746,,,,,,,,
48209,2020,1378.7089205495474,12,7.228902775418164,0.03112300691184089,22417.0,15406.0,163467.0,7011.0,178873.0,178873.0,0.039195406797001224,0.12532355358270952
48209,2021,1522.3079494834449,12,7.327982850073149,0.09908007465498514,23536.0,15983.0,165448.0,7553.0,181431.0,181431.0,0.04163015140742211,0.12972424778565955
48209,2022,1695.8917660611908,12,7.435963997134544,0.10798114706139472,24133.0,16637.0,176787.0,7496.0,193424.0,193424.0,0.03875423939118207,0.124767350483911
48209,2023,1700.877430800909,12,7.438899532657298,0.0029355355227540514,23430.0,16835.0,189972.0,6595.0,206807.0,206807.0,0.03188963623088193,0.11329403743587016
48209,2024,1661.4680343692437,12,7.415456848590162,-0.023442684067135566,,,,,,,,
48209,2025,1611.5604748179896,12,7.384958227587045,-0.030498621003117066,,,,,,,,
48209,2026,1590.6886549641042,4,7.371922317776099,-0.013035909810946045,,,,,,,,
48213,2022,1251.1816931364247,2,7.131843738239333,,6096.0,4573.0,58733.0,1523.0,63306.0,63306.0,0.024057751240008845,0.09629419012415885
48213,2023,1244.3836056404987,12,7.126395590427294,-0.005448147812038506,6029.0,4520.0,60913.0,1509.0,65433.0,65433.0,0.023061757828618586,0.09214005165589229
48213,2024,1291.7946199462488,12,7.163787708816708,0.037392118389413476,,,,,,,,
48213,2025,1321.5301093125888,12,7.186545517978953,0.022757809162245124,,,,,,,,
48213,2026,1300.7790664171775,4,7.1707186458113314,-0.015826872167621353,,,,,,,,
48215,2015,825.1223027248329,12,6.715531621074439,,,,,,,,,
48215,2016,832.145437761989,12,6.724007230546985,0.008475609472545997,,,,,,,,
48215,2017,840.9785062450475,12,6.734566102268288,0.010558871721302765,,,,,,,,
48215,2018,854.61448280618,12,6.75065046994929,0.0160843676810023,,,,,,,,
48215,2019,874.9040421141343,12,6.774114214188567,0.023463744239276885,,,,,,,,
48215,2020,899.0801177633213,12,6.801372149258645,0.0272579350700779,16347.0,15940.0,665771.0,407.0,681711.0,681711.0,0.0005970271860069736,0.023979369556894344
48215,2021,968.558158069759,12,6.875808530677348,0.07443638141870323,16106.0,15170.0,646416.0,936.0,661586.0,661586.0,0.0014147820540337916,0.024344529660543
48215,2022,1053.7824572973796,12,6.9601413105474,0.08433277987005194,15753.0,15185.0,673425.0,568.0,688610.0,688610.0,0.0008248500602663336,0.022876519365097804
48215,2023,1097.5006774162869,12,7.000790762184932,0.040649451637531975,15641.0,16431.0,685951.0,-790.0,702382.0,702382.0,-0.0011247440851274663,0.022268509158833796
48215,2024,1113.5536855538987,12,7.015311698875025,0.01452093669009269,,,,,,,,
48215,2025,1121.121033424433,12,7.022084386400407,0.006772687525382182,,,,,,,,
48215,2026,1122.380666562061,4,7.023207303552639,0.0011229171522320058,,,,,,,,
48217,2026,1017.2777857954163,2,6.924885501127013,,,,,,,,,
48219,2026,1000.0,1,6.907755278982137,,,,,,,,,
48221,2016,1043.4052921273212,10,6.950244962577846,,,,,,,,,
48221,2017,1103.455384858313,12,7.006201794302482,0.05595683172463595,,,,,,,,
48221,2018,1158.1630721062882,12,7.054590470417293,0.04838867611481046,,,,,,,,
48221,2019,1238.049352112392,12,7.121292316838017,0.06670184642072385,,,,,,,,
48221,2020,1267.41801363853,12,7.144737049853371,0.023444733015354657,5786.0,3824.0,46127.0,1962.0,49951.0,49951.0,0.0392784929230646,0.11583351684650958
48221,2021,1385.6924633422589,12,7.233955267208634,0.08921821735526247,6060.0,3904.0,45700.0,2156.0,49604.0,49604.0,0.043464236755100395,0.12216756713168293
48221,2022,1531.8956098415244,12,7.334261208188788,0.10030594098015388,5898.0,3925.0,48153.0,1973.0,52078.0,52078.0,0.03788547947309805,0.11325319712738584
48221,2023,1567.5239562642698,12,7.357252555493493,0.0229913473047052,5290.0,4010.0,50615.0,1280.0,54625.0,54625.0,0.0234324942791762,0.0968421052631579
48221,2024,1619.3777439925225,12,7.389797245791216,0.032544690297723555,,,,,,,,
48221,2025,1657.6950517915886,12,7.413183393442103,0.023386147650886535,,,,,,,,
48221,2026,1680.5119218525854,4,7.4268537413694435,0.013670347927340565,,,,,,,,
48223,2025,1315.642580543026,3,7.182080479664524,,,,,,,,,
48223,2026,1354.408291012072,4,7.21111995233893,0.02903947267440632,,,,,,,,
48227,2025,1248.7353912439671,6,7.129886631190803,,,,,,,,,
48227,2026,1312.027434461794,4,7.179328879698367,0.049442248507564734,,,,,,,,
48231,2022,1418.2941336795964,9,7.2572101141287115,,10158.0,6046.0,74648.0,4112.0,80694.0,80694.0,0.050957939871613754,0.12588296527622872
48231,2023,1467.4971672627744,12,7.291313621385414,0.034103507256702414,9735.0,6549.0,80027.0,3186.0,86576.0,86576.0,0.036800036961744595,0.11244455738310848
48231,2024,1498.5086202411676,12,7.3122256393201965,0.02091201793478259,,,,,,,,
48231,2025,1534.480113325176,12,7.335946914265924,0.023721274945727622,,,,,,,,
48231,2026,1544.4451163596425,4,7.342419976835475,0.006473062569551047,,,,,,,,
48241,2026,1150.0,1,7.047517221357296,,,,,,,,,
48245,2015,804.4820554776098,12,6.690198660997359,,,,,,,,,
48245,2016,829.3973132343518,12,6.720699308398247,0.030500647400888425,,,,,,,,
48245,2017,879.6181622854355,12,6.779487906813766,0.058788598415518756,,,,,,,,
48245,2018,933.8183556026628,12,6.839281939232337,0.059794032418571064,,,,,,,,
48245,2019,960.9044031290174,12,6.867874927569547,0.028592988337210024,,,,,,,,
48245,2020,1003.2724714740519,12,6.911022407574527,0.04314748000498003,9080.0,10975.0,178056.0,-1895.0,189031.0,189031.0,-0.010024810745327486,0.04803444937602827
48245,2021,1041.628879397459,12,6.948540997065971,0.0375185894914436,9116.0,11619.0,171284.0,-2503.0,182903.0,182903.0,-0.013684849346374855,0.049840625905534626
48245,2022,1102.880500902773,12,7.005680673314278,0.0571396762483074,8688.0,10504.0,173942.0,-1816.0,184446.0,184446.0,-0.00984570009650521,0.047103217201782635
48245,2023,1126.6967620634337,12,7.0270454113428205,0.02136473802854244,8812.0,9924.0,174816.0,-1112.0,184740.0,184740.0,-0.0060192703258633755,0.04769946952473747
48245,2024,1189.2665645356244,12,7.081092063771727,0.05404665242890694,,,,,,,,
48245,2025,1253.1573380677744,12,7.133421516101338,0.052329452329610504,,,,,,,,
48245,2026,1283.821386688033,4,7.157596367632855,0.024174851531516772,,,,,,,,
48251,2015,942.8296493185499,12,6.848885618720389,,,,,,,,,
48251,2016,990.1797609312081,12,6.897886503343773,0.04900088462338381,,,,,,,,
48251,2017,1047.083581210269,12,6.953764036920522,0.05587753357674963,,,,,,,,
48251,2018,1111.7379645219526,12,7.013679803626745,0.05991576670622312,,,,,,,,
48251,2019,1156.0402474872437,12,7.05275586479169,0.039076061164944775,,,,,,,,
48251,2020,1212.6947897354166,12,7.1006002612367745,0.047844396445084314,15517.0,10636.0,138461.0,4881.0,149097.0,149097.0,0.03273707720477273,0.10407318725393536
48251,2021,1321.6577447750788,12,7.1866420948926155,0.08604183365584106,16823.0,10116.0,137059.0,6707.0,147175.0,147175.0,0.04557159843723459,0.11430609818243588
48251,2022,1480.6465200460082,12,7.300234109241201,0.11359201434858512,16941.0,10631.0,144549.0,6310.0,155180.0,155180.0,0.04066245650212656,0.10916999613352237
48251,2023,1529.53119153889,12,7.332716556674217,0.03248244743301676,15977.0,11030.0,153669.0,4947.0,164699.0,164699.0,0.03003661224415449,0.09700726780369037
48251,2024,1572.0057468623302,12,7.36010762874731,0.027391072073092992,,,,,,,,
48251,2025,1584.2033841286448,12,7.36783696320303,0.007729334455719439,,,,,,,,
48251,2026,1591.5043628720114,4,7.372434988076864,0.0045980248738342056,,,,,,,,
48257,2015,1179.2658955303352,12,7.072647401429332,,,,,,,,,
48257,2016,1254.8893441916655,12,7.134802675719676,0.062155274290343954,,,,,,,,
48257,2017,1305.595996746536,12,7.174414917987721,0.03961224226804472,,,,,,,,
48257,2018,1370.716464219376,12,7.223088848706291,0.048673930718569736,,,,,,,,
48257,2019,1422.828393173254,12,7.260401995718068,0.037313147011777126,,,,,,,,
48257,2020,1489.2317793470627,12,7.30601568164937,0.04561368593130233,17999.0,10477.0,108960.0,7522.0,119437.0,119437.0,0.06297880891181125,0.1506986947093447
48257,2021,1625.2675068789906,12,7.393427700833356,0.08741201918398556,20864.0,11078.0,110176.0,9786.0,121254.0,121254.0,0.08070661586421891,0.17206855031586588
48257,2022,1765.5942353793746,12,7.476242589973091,0.08281488913973512,22587.0,11415.0,121755.0,11172.0,133170.0,133170.0,0.08389276864158594,0.16961027258391528
48257,2023,1827.682487883083,12,7.510804043209369,0.034561453236277906,20358.0,13077.0,135439.0,7281.0,148516.0,148516.0,0.04902502087317191,0.13707613994451776
48257,2024,1851.979938500489,12,7.524010582804306,0.013206539594937006,,,,,,,,
48257,2025,1843.4774303850743,12,7.519408974792135,-0.004601608012170466,,,,,,,,
48257,2026,1872.4178281279856,4,7.534985830918711,0.01557685612657611,,,,,,,,
48259,2022,1447.969744185179,11,7.277917677827622,,5049.0,3073.0,37931.0,1976.0,41004.0,41004.0,0.04819042044678568,0.12313432835820895
48259,2023,1465.9157868641714,12,7.290235436638481,0.012317758810858948,4292.0,3140.0,40416.0,1152.0,43556.0,43556.0,0.026448709707043806,0.09853981081825695
48259,2024,1487.841217086545,12,7.305081500752018,0.01484606411353706,,,,,,,,
48259,2025,1489.578303635861,12,7.306248341188386,0.0011668404363680551,,,,,,,,
48259,2026,1505.0532577981935,4,7.316583563798187,0.010335222609801242,,,,,,,,
48265,2023,1624.455696580563,10,7.392928082703141,,2695.0,2435.0,40990.0,260.0,43425.0,43425.0,0.0059873344847438115,0.062061024755325274
48265,2024,1637.8049373700742,12,7.401112171467076,0.008184088763934838,,,,,,,,
48265,2025,1660.7434034807773,12,7.415020614525285,0.013908443058209485,,,,,,,,
48265,2026,1672.8923373114476,4,7.422309345844616,0.007288731319331276,,,,,,,,
48273,2024,1148.4015251601027,5,7.046126276319958,,,,,,,,,
48273,2025,1264.6639985090217,12,7.14256175205316,0.09643547573320177,,,,,,,,
48273,2026,1334.3975185262125,4,7.196235171985107,0.05367341993194685,,,,,,,,
48281,2025,1159.3389976512822,8,7.055605292074852,,,,,,,,,
48281,2026,1183.7960982041095,4,7.076481586258719,0.02087629418386694,,,,,,,,
48291,2024,1518.079052540109,12,7.325201033371767,,,,,,,,,
48291,2025,1547.1381247594898,12,7.344162132146165,0.018961098774397556,,,,,,,,
48291,2026,1578.8769262971675,4,7.36446906713752,0.020306934991355163,,,,,,,,
48299,2026,1740.1483107779015,4,7.461725624655441,,,,,,,,,
48303,2015,1029.4840434434875,12,6.936813027021344,,,,,,,,,
48303,2016,1053.944717829749,12,6.960295277848866,0.023482250827521867,,,,,,,,
48303,2017,1069.534806549722,12,6.974979072686415,0.014683794837549335,,,,,,,,
48303,2018,1087.6963832223096,12,6.9918173289332115,0.016838256246796135,,,,,,,,
48303,2019,1110.1545298516312,12,7.012254500699271,0.020437171766059414,,,,,,,,
48303,2020,1145.756773620474,12,7.043820635325041,0.03156613462576985,13935.0,13363.0,220483.0,572.0,233846.0,233846.0,0.0024460542408251584,0.059590499730591925
48303,2021,1222.3746608340068,12,7.108550689167635,0.06473005384259434,13294.0,13028.0,216521.0,266.0,229549.0,229549.0,0.001158793982984025,0.057913560939058764
48303,2022,1302.8847572559218,12,7.172336129050668,0.06378543988303331,13320.0,12927.0,220962.0,393.0,233889.0,233889.0,0.0016802842373946616,0.05695009171017021
48303,2023,1332.1065743065712,12,7.1945168586403145,0.02218072958964612,13527.0,12889.0,227357.0,638.0,240246.0,240246.0,0.002655611331718322,0.05630478759271747
48303,2024,1355.1720452842894,12,7.2116836959432185,0.017166837302903915,,,,,,,,
48303,2025,1376.0820224855609,12,7.226995626081228,0.0153119301380098,,,,,,,,
48303,2026,1396.845522215929,4,7.241971774915057,0.014976148833828695,,,,,,,,
48309,2015,844.8004833194613,12,6.739100485062938,,,,,,,,,
48309,2016,874.3072025593243,12,6.7734318042397526,0.034331319176814645,,,,,,,,
48309,2017,902.4142621898086,12,6.805073685350515,0.031641881110762604,,,,,,,,
48309,2018,938.8860076371396,12,6.844694074221446,0.03962038887093122,,,,,,,,
48309,2019,979.142505835167,12,6.88667719458813,0.041983120366683835,,,,,,,,
48309,2020,1023.6398705471353,12,6.931120054823588,0.04444286023545807,11266.0,10124.0,190137.0,1142.0,200261.0,200261.0,0.005702558161599113,0.056256585156370935
48309,2021,1122.3378351361484,12,7.02316914159524,0.09204908677165147,11479.0,9960.0,185642.0,1519.0,195602.0,195602.0,0.007765769266162923,0.05868549401335365
48309,2022,1277.286794538454,12,7.1524934154205235,0.12932427382528378,11292.0,10023.0,190369.0,1269.0,200392.0,200392.0,0.00633258812727055,0.05634955487245
48309,2023,1339.4648573764878,12,7.200025453012648,0.04753203759212443,10576.0,10206.0,195549.0,370.0,205755.0,205755.0,0.0017982552064348374,0.05140093800879687
48309,2024,1376.6580315762058,12,7.2274141248044925,0.027388671791844565,,,,,,,,
48309,2025,1392.386053839824,12,7.238774139972031,0.011360015167538151,,,,,,,,
48309,2026,1400.7231649504542,4,7.244743928632367,0.005969788660336484,,,,,,,,
48321,2023,901.6375358007163,2,6.804212594290989,,1544.0,1545.0,28039.0,-1.0,29584.0,29584.0,-3.380205516495403e-05,0.05219037317468902
48321,2024,902.4186493396551,12,6.805078546908412,0.0008659526174232823,,,,,,,,
48321,2025,929.0317314993025,12,6.834142894849785,0.02906434794137347,,,,,,,,
48321,2026,967.5800248098075,3,6.87479813446512,0.04065523961533479,,,,,,,,
48323,2025,1203.3451349774114,1,7.092860570071177,,,,,,,,,
48323,2026,1203.880047145315,3,7.093304992288658,0.0004444222174813106,,,,,,,,
48325,2025,1646.9225238602128,10,7.406663688306291,,,,,,,,,
48325,2026,1691.6843453580761,4,7.433479965645248,0.026816277338957306,,,,,,,,
48329,2016,1089.102132540241,7,6.99310890415542,,,,,,,,,
48329,2017,1214.512534393022,12,7.1020980690089965,0.10898916485357635,,,,,,,,
48329,2018,1471.4728939144545,12,7.294019146786538,0.19192107777754153,,,,,,,,
48329,2019,1533.3566576506466,12,7.335214505204674,0.04119535841813615,,,,,,,,
48329,2020,1294.8872273610416,12,7.166178887222796,-0.16903561798187816,12212.0,14378.0,136897.0,-2166.0,151275.0,151275.0,-0.014318294496777392,0.08072715253677078
48329,2021,1175.2355804912465,12,7.06922390051712,-0.09695498670567648,11950.0,13266.0,131718.0,-1316.0,144984.0,144984.0,-0.009076863653920433,0.08242288804281851
48329,2022,1291.02923422119,12,7.1631950352232465,0.09397113470612695,12017.0,10712.0,135130.0,1305.0,145842.0,145842.0,0.008948039659357386,0.08239738895517067
48329,2023,1469.532333910518,12,7.292699488958527,0.1295044537352803,12538.0,10676.0,140570.0,1862.0,151246.0,151246.0,0.01231106938365312,0.08289806011398648
48329,2024,1557.3295385145639,12,7.3507277990954805,0.05802831013695364,,,,,,,,
48329,2025,1601.7117107254737,12,7.378828155582543,0.028100356487062328,,,,,,,,
48329,2026,1596.972018542811,4,7.375864626798402,-0.0029635287841411895,,,,,,,,
48331,2026,1150.0,1,7.047517221357296,,,,,,,,,
48339,2015,1296.0491429097547,12,7.167075795105164,,,,,,,,,
48339,2016,1285.4993564175645,12,7.158902526058261,-0.008173269046902298,,,,,,,,
48339,2017,1304.015346760093,12,7.173203511405146,0.01430098534688451,,,,,,,,
48339,2018,1352.6570915885088,12,7.209826153024663,0.036622641619517005,,,,,,,,
48339,2019,1372.4234711950785,12,7.224333413137002,0.014507260112338827,,,,,,,,
48339,2020,1387.980985373366,12,7.235605441674186,0.01127202853718412,50854.0,35650.0,471095.0,15204.0,506745.0,506745.0,0.03000325607554095,0.10035422155127333
48339,2021,1491.9430485484247,12,7.307834608820975,0.07222916714678895,55610.0,35192.0,469508.0,20418.0,504700.0,504700.0,0.04045571626708936,0.11018426788191005
48339,2022,1638.6123243539198,12,7.401605018949978,0.09377041012900289,56783.0,36658.0,497973.0,20125.0,534631.0,534631.0,0.03764278539777903,0.10620970351513474
48339,2023,1673.8452451839755,12,7.4228788006493565,0.02127378169937888,55136.0,36475.0,530699.0,18661.0,567174.0,567174.0,0.03290171975443162,0.09721179038531386
48339,2024,1696.8569661548006,12,7.436532975385414,0.013654174736057456,,,,,,,,
48339,2025,1704.4293445877247,12,7.4409856384381925,0.004452663052778583,,,,,,,,
48339,2026,1690.9335673018254,4,7.433036062084182,-0.007949576354010723,,,,,,,,
48347,2024,1101.274189009426,11,7.004223142057448,,,,,,,,,
48347,2025,1148.7321101275716,12,7.046414100210282,0.042190958152834135,,,,,,,,
48347,2026,1155.277347112429,4,7.0520957215,0.005681621289717498,,,,,,,,
48349,2023,1190.1605396944306,12,7.081843484312647,,3255.0,2498.0,39949.0,757.0,42447.0,42447.0,0.017834004758875775,0.07668386458406955
48349,2024,1227.9098014046542,12,7.11306865438451,0.031225170071863317,,,,,,,,
48349,2025,1263.1787352008398,12,7.141386628728205,0.028317974343694985,,,,,,,,
48349,2026,1236.1481801102577,4,7.119755517652383,-0.021631111075822496,,,,,,,,
48355,2015,1049.0884948923429,12,6.955676966031937,,,,,,,,,
48355,2016,1061.7254897596674,12,6.967650684170311,0.011973718138374778,,,,,,,,
48355,2017,1073.8134791393888,12,6.978971590656368,0.011320906486056437,,,,,,,,
48355,2018,1108.413524100363,12,7.01068501437628,0.03171342371991237,,,,,,,,
48355,2019,1124.2011945060183,12,7.024828013106121,0.014142998729840706,,,,,,,,
48355,2020,1170.3097772182266,12,7.06502375960043,0.04019574649430879,15107.0,15661.0,259881.0,-554.0,275542.0,275542.0,-0.002010582778668951,0.054826487432043026
48355,2021,1277.3817451079483,12,7.152567750363053,0.0875439907626232,13661.0,14892.0,250879.0,-1231.0,265771.0,265771.0,-0.004631807082036791,0.051401394433553696
48355,2022,1356.354783854025,12,7.212556074288905,0.05998832392585207,13252.0,14599.0,254428.0,-1347.0,269027.0,269027.0,-0.005006932389685794,0.049258996308920666
48355,2023,1377.3361665304317,12,7.22790659858559,0.015350524296684931,13201.0,14348.0,257191.0,-1147.0,271539.0,271539.0,-0.004224070943768666,0.04861548433190076
48355,2024,1385.8737858001375,12,7.23408611196704,0.0061795133814497305,,,,,,,,
48355,2025,1404.2120053803274,12,7.247231574169395,0.01314546220235524,,,,,,,,
48355,2026,1398.3342116733775,4,7.243036958366523,-0.004194615802871837,,,,,,,,
48361,2022,1005.3213112853467,11,6.9130624821176925,,4237.0,3690.0,62195.0,547.0,65885.0,65885.0,0.008302344995067162,0.06430902329817105
48361,2023,1049.680964948275,12,6.9562415540755556,0.04317907195786308,4199.0,3654.0,63587.0,545.0,67241.0,67241.0,0.00810517392662215,0.06244701893190167
48361,2024,1127.6830072159125,12,7.027920370592222,0.07167881651666619,,,,,,,,
48361,2025,1197.6351940169743,12,7.088104219795348,0.060183849203125916,,,,,,,,
48361,2026,1243.0848545815788,4,7.125351355135305,0.037247135339957715,,,,,,,,
48367,2016,986.1067367030327,9,6.893764600978098,,,,,,,,,
48367,2017,1044.3098731480866,12,6.951111537762449,0.05734693678435043,,,,,,,,
48367,2018,1103.0372533469358,12,7.005822793249733,0.05471125548728395,,,,,,,,
48367,2019,1158.8275836957055,12,7.0551640692844035,0.049341276034670756,,,,,,,,
48367,2020,1195.5556381245804,12,7.086366325442865,0.03120225615846106,15419.0,9262.0,115874.0,6157.0,125136.0,125136.0,0.049202467715125944,0.12321793888249584
48367,2021,1309.6860703216796,12,7.177542746500893,0.09117642105802837,16177.0,9130.0,116424.0,7047.0,125554.0,125554.0,0.056127244054351114,0.1288449591410867
48367,2022,1467.6592739015175,12,7.291424079987643,0.11388133348675034,16872.0,9938.0,123334.0,6934.0,133272.0,133272.0,0.05202893330932229,0.12659823518818655
48367,2023,1525.80554786406,12,7.330277777685736,0.03885369769809266,14893.0,9881.0,133067.0,5012.0,142948.0,142948.0,0.03506170075831771,0.10418473850630999
48367,2024,1578.4036309499234,12,7.36416925510485,0.03389147741911369,,,,,,,,
48367,2025,1600.826465362952,12,7.378275315718414,0.014106060613564786,,,,,,,,
48367,2026,1604.4438338022455,4,7.3805324545163575,0.0022571387979430924,,,,,,,,
48373,2025,1354.82789046712,6,7.211429707140872,,,,,,,,,
48373,2026,1361.6798399371728,4,7.216474392951662,0.005044685810790206,,,,,,,,
48375,2016,649.3996127451518,1,6.476048263341422,,,,,,,,,
48375,2017,658.5104535506872,12,6.489980395849568,0.013932132508146289,,,,,,,,
48375,2018,677.8497638363791,11,6.518925676124333,0.028945280274764507,,,,,,,,
48375,2019,699.4148433288568,12,6.550244047350679,0.03131837122634629,,,,,,,,
48375,2020,723.148558374247,12,6.583614675981485,0.033370628630805754,7661.0,9143.0,82587.0,-1482.0,91730.0,91730.0,-0.0161561103237763,0.08351684290853592
48375,2021,775.7269029651793,11,6.653800529073032,0.07018585309154712,7454.0,8973.0,78853.0,-1519.0,87826.0,87826.0,-0.01729556167877394,0.08487236125976362
48375,2022,857.3145378876906,12,6.753804873300979,0.1000043442279468,7162.0,8073.0,79295.0,-911.0,87368.0,87368.0,-0.010427158685102097,0.08197509385587401
48375,2023,898.8396932026727,12,6.801104701777823,0.04729982847684422,7054.0,7766.0,80443.0,-712.0,88209.0,88209.0,-0.00807173871146935,0.07996916414424832
48375,2024,936.1454811492064,12,6.841770892978034,0.04066619120021109,,,,,,,,
48375,2025,963.6097094520051,12,6.870686346916607,0.028915453938572533,,,,,,,,
48375,2026,988.9850307378156,4,6.896679195752671,0.02599284883606412,,,,,,,,
48381,2016,1053.7064701165461,8,6.960069198964865,,,,,,,,,
48381,2017,1064.3619019466078,12,6.970130745477801,0.010061546512936559,,,,,,,,
48381,2018,1071.9672783591752,12,6.977250817246203,0.007120071768401459,,,,,,,,
48381,2019,1092.1392768597802,12,6.995893691083832,0.01864287383762875,,,,,,,,
48381,2020,1125.9574292171944,12,7.026389000895405,0.030495309811573,10863.0,9367.0,106179.0,1496.0,115546.0,115546.0,0.012947224482024474,0.09401450504560954
48381,2021,1214.6303193281663,12,7.1021950455495535,0.07580604465414886,10747.0,9051.0,104030.0,1696.0,113081.0,113081.0,0.014998098708005766,0.09503807005597757
48381,2022,1331.9584277881102,12,7.194405640243994,0.09221059469444093,9752.0,9124.0,107330.0,628.0,116454.0,116454.0,0.005392687241314167,0.08374121970906967
48381,2023,1371.4811184712964,12,7.223646543218579,0.029240902974584593,9608.0,8799.0,111386.0,809.0,120185.0,120185.0,0.006731289262387153,0.07994342055997004
48381,2024,1403.0571057051754,12,7.246408781843753,0.022762238625174014,,,,,,,,
48381,2025,1449.7510053073272,12,7.279147100191265,0.03273831834751206,,,,,,,,
48381,2026,1508.8801302014379,4,7.319123019033032,0.03997591884176721,,,,,,,,
48397,2015,1334.3360641151774,12,7.196189116873839,,,,,,,,,
48397,2016,1415.7590845897714,12,7.25542112177698,0.059232004903140734,,,,,,,,
48397,2017,1451.906014436,12,7.2806324649399095,0.025211343162929722,,,,,,,,
48397,2018,1491.5111691950522,12,7.307545092492002,0.02691262755209234,,,,,,,,
48397,2019,1542.892254123227,12,7.341414021100146,0.033868928608144167,,,,,,,,
48397,2020,1603.2427501663135,12,7.379783576057927,0.03836955495778138,12885.0,7772.0,84590.0,5113.0,92362.0,92362.0,0.055358264221216515,0.1395054243086984
48397,2021,1749.1453400136186,12,7.466882570487529,0.0870989944296019,13295.0,8168.0,84709.0,5127.0,92877.0,92877.0,0.05520204140960625,0.1431463117887098
48397,2022,1934.3550481418763,12,7.567529241450463,0.10064667096293345,14261.0,8439.0,90466.0,5822.0,98905.0,98905.0,0.05886456700874577,0.14418886810575804
48397,2023,1987.267337162605,12,7.594515776613232,0.026986535162769165,13079.0,9213.0,97820.0,3866.0,107033.0,107033.0,0.03611970140050265,0.12219595825586502
48397,2024,1987.5409412280778,12,7.594653445676363,0.0001376690631307298,,,,,,,,
48397,2025,2012.2884216457896,12,7.607027871664481,0.012374425988117999,,,,,,,,
48397,2026,2023.5812886845017,4,7.612624135826555,0.005596264162074149,,,,,,,,
48407,2026,1175.9931242662801,4,7.069868281729133,,,,,,,,,
48409,2022,1304.604087706591,7,7.173654892659702,,4662.0,4287.0,52940.0,375.0,57227.0,57227.0,0.006552850927009978,0.08146504272458804
48409,2023,1341.3314072725377,12,7.201417987180418,0.027763094520715903,4344.0,4354.0,53801.0,-10.0,58155.0,58155.0,-0.00017195426016679562,0.07469693061645602
48409,2024,1413.4957223706115,12,7.25382115086137,0.052403163680952325,,,,,,,,
48409,2025,1438.7333058969743,12,7.271518356769452,0.01769720590808177,,,,,,,,
48409,2026,1412.5520403565686,4,7.253153305072233,-0.01836505169721825,,,,,,,,
48423,2016,970.3920400720322,8,6.877700154867459,,,,,,,,,
48423,2017,989.7570466870147,12,6.897459505624462,0.019759350757002636,,,,,,,,
48423,2018,1006.6657614291635,12,6.914398922457848,0.01693941683338629,,,,,,,,
48423,2019,1033.3483646278498,12,6.940559648113378,0.026160725655530292,,,,,,,,
48423,2020,1048.3975892164224,12,6.955018171958265,0.014458523844886884,13307.0,11559.0,177083.0,1748.0,188642.0,188642.0,0.009266229153634927,0.07054102479829519
48423,2021,1156.6212570414923,12,7.053258324460201,0.09824015250193607,14000.0,10662.0,173159.0,3338.0,183821.0,183821.0,0.018158969867425375,0.07616104797602015
48423,2022,1281.1281459333547,12,7.155496332750901,0.10223800829069951,13763.0,10797.0,179238.0,2966.0,190035.0,190035.0,0.01560765122214329,0.07242350093403847
48423,2023,1323.1488870873068,12,7.187769695264046,0.03227336251314483,12841.0,11274.0,185902.0,1567.0,197176.0,197176.0,0.007947214671156734,0.06512455876983
48423,2024,1336.740780431639,12,7.197989676802355,0.010219981538309497,,,,,,,,
48423,2025,1366.788099734954,12,7.2202188135416545,0.02222913673929927,,,,,,,,
48423,2026,1362.6659418055583,4,7.217198311272206,-0.0030205022694484995,,,,,,,,
48439,2015,1008.2189926566854,12,6.915940679654674,,,,,,,,,
48439,2016,1057.4229387549174,12,6.963590037111459,0.04764935745678489,,,,,,,,
48439,2017,1116.36860127678,12,7.01783637629064,0.054246339179181646,,,,,,,,
48439,2018,1170.6928110235358,12,7.065350998716397,0.04751462242575677,,,,,,,,
48439,2019,1219.4255123576688,12,7.106135135312971,0.04078413659657354,,,,,,,,
48439,2020,1255.6013416026606,12,7.135369893462498,0.029234758149526918,110430.0,110094.0,1633772.0,336.0,1743866.0,1743866.0,0.00019267535464307465,0.06332481968224622
48439,2021,1380.695442340522,12,7.2303425949392715,0.09497270147677384,110317.0,107687.0,1575362.0,2630.0,1683049.0,1683049.0,0.0015626401845697897,0.06554592290539372
48439,2022,1538.0731198177034,12,7.338285691079648,0.10794309614037623,110506.0,105925.0,1616940.0,4581.0,1722865.0,1722865.0,0.002658943097689024,0.06414083517861237
48439,2023,1578.3730922824388,12,7.364149907098853,0.02586421601920552,107000.0,104892.0,1660938.0,2108.0,1765830.0,1765830.0,0.0011937728999960359,0.060594734487464816
48439,2024,1584.2547266266292,12,7.367869371709751,0.0037194646108975604,,,,,,,,
48439,2025,1598.0848044507245,12,7.376561194036205,0.008691822326453824,,,,,,,,
48439,2026,1594.5680135871453,4,7.3743581406593455,-0.00220305337685911,,,,,,,,
48441,2015,755.4010991390013,12,6.627248865319661,,,,,,,,,
48441,2016,770.82666864744,12,6.647463534602096,0.020214669282434983,,,,,,,,
48441,2017,799.2420005647376,12,6.683663779212651,0.03620024461055493,,,,,,,,
48441,2018,830.5369609136725,12,6.722072432474463,0.0384086532618122,,,,,,,,
48441,2019,866.9192644941008,12,6.764945851907187,0.04287341943272338,,,,,,,,
48441,2020,911.6668559571643,12,6.815274633819209,0.05032878191202261,8096.0,8704.0,104005.0,-608.0,112709.0,112709.0,-0.005394422805632204,0.07183099841183933
48441,2021,993.4025128678999,12,6.901135932233067,0.08586129841385759,8410.0,8663.0,101771.0,-253.0,110434.0,110434.0,-0.002290961117047286,0.07615408298169042
48441,2022,1078.9954193297342,12,6.98378571995694,0.08264978772387366,8503.0,7853.0,103756.0,650.0,111609.0,111609.0,0.005823903090252578,0.07618561227141181
48441,2023,1139.347611191724,12,7.038211106694607,0.05442538673766695,7895.0,7976.0,107075.0,-81.0,115051.0,115051.0,-0.0007040356016027675,0.0686217416623932
48441,2024,1172.9245553103992,12,7.0672555288615575,0.029044422166950135,,,,,,,,
48441,2025,1316.1925474070706,12,7.182498413801969,0.1152428849404119,,,,,,,,
48441,2026,1646.6821549196386,4,7.406517727291267,0.22401931348929782,,,,,,,,
48449,2026,1520.0771724394524,3,7.326516383893246,,,,,,,,,
48451,2017,917.8262966352067,12,6.8220081533646235,,,,,,,,,
48451,2018,943.93368140684,12,6.85005591093067,0.028047757566046272,,,,,,,,
48451,2019,986.8024243554393,12,6.894469841437185,0.04441393050651499,,,,,,,,
48451,2020,1011.6313171402321,12,6.919319472343738,0.024849630906553344,6147.0,7215.0,87858.0,-1068.0,95073.0,95073.0,-0.011233473225836989,0.06465558044870784
48451,2021,1062.148170359884,12,6.9680487121827435,0.048729239839005345,5842.0,6570.0,85555.0,-728.0,92125.0,92125.0,-0.007902306648575306,0.06341383989145183
48451,2022,1120.0158120992262,12,7.021098082135221,0.05304936995247722,5459.0,6189.0,86060.0,-730.0,92249.0,92249.0,-0.007913364914524818,0.059176793244371216
48451,2023,1146.6881291351267,12,7.044633178793174,0.023535096657953503,5517.0,5604.0,88251.0,-87.0,93855.0,93855.0,-0.0009269618027808854,0.058782163976346495
48451,2024,1175.5488498133752,12,7.0694904237422564,0.024857244949082258,,,,,,,,
48451,2025,1230.7568797744648,12,7.115384608526782,0.045894184784525116,,,,,,,,
48451,2026,1273.6454443540445,4,7.149638496264188,0.034253887737406785,,,,,,,,
48453,2015,1199.634509791001,12,7.0897722142094874,,,,,,,,,
48453,2016,1240.3499940963613,12,7.12314887207663,0.03337665786714261,,,,,,,,
48453,2017,1278.4009589131106,12,7.153365325100207,0.030216453023577117,,,,,,,,
48453,2018,1317.6493269006432,12,7.183604615093958,0.030239289993750695,,,,,,,,
48453,2019,1384.4977604873054,12,7.233092725049077,0.049488109955118986,,,,,,,,
48453,2020,1397.3502839295609,12,7.2423330679339735,0.009240342884896613,82497.0,85361.0,907736.0,-2864.0,993097.0,993097.0,-0.0028839076142612454,0.0830704352142842
48453,2021,1554.9081701151583,12,7.349171768281221,0.10683870034724752,83368.0,91376.0,882364.0,-8008.0,973740.0,973740.0,-0.008223961221681352,0.08561628360753384
48453,2022,1761.731914602435,12,7.474052646567629,0.12488087828640815,82110.0,91421.0,898071.0,-9311.0,989492.0,989492.0,-0.009409879008622606,0.08298197458898102
48453,2023,1742.0780116246124,12,7.462833939202273,-0.011218707365356018,80037.0,88615.0,920389.0,-8578.0,1009004.0,1009004.0,-0.008501452917926986,0.07932277770950363
48453,2024,1672.0698805084319,12,7.421817587333738,-0.04101635186853514,,,,,,,,
48453,2025,1623.6889452947646,12,7.392455966227689,-0.029361621106049007,,,,,,,,
48453,2026,1592.8115268359852,4,7.373255989562064,-0.01919997666562523,,,,,,,,
48465,2025,1612.4915919242492,11,7.38553583434579,,,,,,,,,
48465,2026,1595.7103036089213,4,7.375074247504591,-0.010461586841199022,,,,,,,,
48467,2025,1525.5706666135113,4,7.330123826658721,,,,,,,,,
48467,2026,1509.4660002247533,4,7.319511225027545,-0.010612601631176055,,,,,,,,
48469,2022,1041.0184229283145,10,6.947954765795851,,3812.0,3624.0,70069.0,188.0,73693.0,73693.0,0.002551124258749135,0.0517281152891048
48469,2023,1059.5339245133212,12,6.965584396557068,0.01762963076121693,3513.0,3401.0,71519.0,112.0,74920.0,74920.0,0.0014949279231179925,0.04689001601708489
48469,2024,1092.8517409925014,12,6.996545834870374,0.03096143831330611,,,,,,,,
48469,2025,1136.971732681475,12,7.036123632123524,0.03957779725315014,,,,,,,,
48469,2026,1151.5234936642623,4,7.048841121713713,0.012717489590189146,,,,,,,,
48471,2022,1224.5499917639568,2,7.110328701825866,,4628.0,4299.0,37873.0,329.0,42172.0,42172.0,0.007801384805083942,0.10974106041923551
48471,2023,1242.6407367080171,12,7.124994020536633,0.014665318710767039,4697.0,3803.0,39236.0,894.0,43039.0,43039.0,0.02077185808220451,0.10913357652361812
48471,2024,1305.8854046089507,12,7.174636560664134,0.049642540127501356,,,,,,,,
48471,2025,1332.8757014553837,12,7.195094068610649,0.020457507946514575,,,,,,,,
48471,2026,1345.0992771287322,4,7.204223101303591,0.009129032692942296,,,,,,,,
48473,2022,2234.296202746465,3,7.711681559356836,,5375.0,3783.0,39067.0,1592.0,42850.0,42850.0,0.03715285880980163,0.12543757292882146
48473,2023,2261.1995995926814,12,7.723650747723764,0.011969188366927952,4458.0,4114.0,40782.0,344.0,44896.0,44896.0,0.007662152530292231,0.09929615110477548
48473,2024,2353.35767160369,12,7.763598383806928,0.03994763608316365,,,,,,,,
48473,2025,2387.0997019447036,12,7.777834394190757,0.014236010383829267,,,,,,,,
48473,2026,2378.787916149917,4,7.774346358010354,-0.0034880361804026094,,,,,,,,
48477,2025,1625.5958585183873,8,7.393629709717524,,,,,,,,,
48477,2026,1612.733776531057,4,7.385686015855356,-0.007943693862167756,,,,,,,,
48479,2017,969.3622150121786,12,6.876638344946012,,,,,,,,,
48479,2018,1000.2011825901992,12,6.9079564413378325,0.03131809639182048,,,,,,,,
48479,2019,1020.9269526903557,12,6.928466270737781,0.020509829399948387,,,,,,,,
48479,2020,1034.6231081325082,12,6.941792492650072,0.01332622191229138,4436.0,5952.0,229619.0,-1516.0,235571.0,235571.0,-0.006435427111146958,0.01883084080807909
48479,2021,1084.2799248130148,12,6.98867138188547,0.046878889235397736,3897.0,5565.0,220783.0,-1668.0,226348.0,226348.0,-0.007369183734780073,0.01721685192712107
48479,2022,1192.7232399168322,12,7.083994408526703,0.09532302664123282,3645.0,5909.0,223833.0,-2264.0,229742.0,229742.0,-0.00985453247555954,0.015865623177303237
48479,2023,1253.5564479576963,12,7.13373994886021,0.04974554033350742,3931.0,5978.0,226990.0,-2047.0,232968.0,232968.0,-0.008786614470656914,0.0168735620342708
48479,2024,1318.0874982642931,11,7.1839371000093735,0.05019715114916323,,,,,,,,
48479,2025,1356.5126404703171,12,7.21267245050033,0.028735350490956435,,,,,,,,
48479,2026,1351.2528769644414,4,7.208787498064521,-0.003884952435808664,,,,,,,,
48481,2026,1281.6735218592876,4,7.155921941912172,,,,,,,,,
48485,2015,695.6628821239992,12,6.544865178227545,,,,,,,,,
48485,2016,711.032593283656,12,6.566718270220424,0.021853091992878326,,,,,,,,
48485,2017,737.0666863608338,12,6.602678371624896,0.03596010140447259,,,,,,,,
48485,2018,768.0200036823306,12,6.643815779269837,0.04113740764494089,,,,,,,,
48485,2019,804.9264392038925,12,6.690750893372227,0.04693511410239015,,,,,,,,
48485,2020,858.4362007712303,12,6.7551123628075365,0.06436146943530918,6858.0,6745.0,89743.0,113.0,96488.0,96488.0,0.0011711300887156952,0.07107619600364812
48485,2021,957.5539206248577,12,6.8643820334377486,0.10926967063021209,6941.0,6982.0,88253.0,-41.0,95235.0,95235.0,-0.0004305139917047304,0.07288286869323253
48485,2022,1071.3887847195701,12,6.97671101551786,0.11232898208011122,6651.0,7055.0,88860.0,-404.0,95915.0,95915.0,-0.004212062763905541,0.06934264713548455
48485,2023,1128.665231046205,12,7.028791002062737,0.05207998654487689,6481.0,7049.0,89756.0,-568.0,96805.0,96805.0,-0.005867465523475027,0.06694902122824234
48485,2024,1169.9573094133023,12,7.064722539445172,0.03593153738243515,,,,,,,,
48485,2025,1211.506817091007,12,7.099620167224659,0.03489762777948702,,,,,,,,
48485,2026,1250.8094946308747,4,7.131546216401434,0.031926049176774995,,,,,,,,
48491,2015,1242.5254821160574,12,7.1249012665058,,,,,,,,,
48491,2016,1279.7415611086121,12,7.15441343114413,0.029512164638330063,,,,,,,,
48491,2017,1301.6219874283681,12,7.171366448377675,0.016953017233545253,,,,,,,,
48491,2018,1328.018840091842,12,7.191443516751893,0.020077068374217966,,,,,,,,
48491,2019,1374.525802488865,12,7.225864079701831,0.034420562949938116,,,,,,,,
48491,2020,1409.6850871234556,12,7.251121615961937,0.025257536260105518,58851.0,38612.0,474231.0,20239.0,512843.0,512843.0,0.03946431948959038,0.11475441801876987
48491,2021,1589.7184737608898,12,7.371312219009469,0.12019060304753193,61571.0,42084.0,475042.0,19487.0,517126.0,517126.0,0.03768327254866319,0.1190638258374168
48491,2022,1783.4486148994317,12,7.486304193001458,0.11499197399198913,60331.0,44938.0,499967.0,15393.0,544905.0,544905.0,0.028248960828034245,0.11071838210330241
48491,2023,1763.9648554551916,12,7.475319313156924,-0.01098487984453378,57866.0,43043.0,531151.0,14823.0,574194.0,574194.0,0.02581531677446995,0.10077778590511222
48491,2024,1699.0760745661335,12,7.43783989675317,-0.037479416403754406,,,,,,,,
48491,2025,1622.9514577708144,12,7.392001658115254,-0.045838238637915474,,,,,,,,
48491,2026,1591.336482772902,4,7.37232949734867,-0.019672160766583957,,,,,,,,
48493,2026,1390.2104671907086,4,7.23721042990772,,,,,,,,,
48497,2023,1596.0602077072097,3,7.375293501425541,,6795.0,4150.0,59286.0,2645.0,63436.0,63436.0,0.04169556718582508,0.10711583328078693
48497,2024,1610.3308266334282,12,7.384194919250907,0.008901417825366131,,,,,,,,
48497,2025,1677.2084681269046,12,7.4248860642505345,0.04069114499962723,,,,,,,,
48497,2026,1612.57191338246,4,7.385585645121978,-0.03930041912855664,,,,,,,,
48499,2026,1240.2633745943176,2,7.123079034912022,,,,,,,,,
49003,2024,1365.873053258959,11,7.219549102619616,,,,,,,,,
49003,2025,1402.2606762278274,12,7.245840982000273,0.02629187938065769,,,,,,,,
49003,2026,1443.5282966989705,4,7.274845601750462,0.02900461975018853,,,,,,,,
49005,2022,1260.6587514472624,11,7.13938968193243,,7198.0,7293.0,105728.0,-95.0,113021.0,113021.0,-0.0008405517558683785,0.06368727935516408
49005,2023,1323.5782523133867,12,7.188094145203335,0.04870446327090505,6878.0,7414.0,110975.0,-536.0,118389.0,118389.0,-0.004527447651386531,0.05809661370566522
49005,2024,1354.4693502991358,12,7.21116503321386,0.02307088801052526,,,,,,,,
49005,2025,1389.1203333295734,12,7.236425972068564,0.025260938854703596,,,,,,,,
49005,2026,1424.410939700391,4,7.261513631590636,0.025087659522071704,,,,,,,,
49011,2015,969.6833938933518,12,6.876969620169901,,,,,,,,,
49011,2016,1024.9811143322238,12,6.932429466361032,0.05545984619113131,,,,,,,,
49011,2017,1092.5272400845859,12,6.996248860374774,0.06381939401374126,,,,,,,,
49011,2018,1159.4117545606766,12,7.055668047340245,0.05941918696547166,,,,,,,,
49011,2019,1216.1052349243598,12,7.103408600660165,0.047740553319919776,,,,,,,,
49011,2020,1277.2272578282161,12,7.152446802476513,0.04903820181634799,25222.0,24215.0,312179.0,1007.0,336394.0,336394.0,0.0029935135585058,0.07497755608007277
49011,2021,1430.4392010105203,12,7.265736809671883,0.11329000719536975,23576.0,23097.0,287902.0,479.0,310999.0,310999.0,0.0015401978784497698,0.07580731770841707
49011,2022,1613.3384594685492,12,7.386060888394058,0.12032407872217554,21907.0,22185.0,299155.0,-278.0,321340.0,321340.0,-0.0008651272795170224,0.06817389680712019
49011,2023,1662.0926239044022,12,7.41583270425024,0.029771815856181938,21214.0,21282.0,309699.0,-68.0,330981.0,330981.0,-0.00020544985965961792,0.06409431357086963
49011,2024,1682.9134564053384,12,7.428281770649588,0.012449066399347508,,,,,,,,
49011,2025,1717.515824489298,12,7.448634237730506,0.02035246708091787,,,,,,,,
49011,2026,1733.6560080389136,4,7.4579877570600575,0.009353519329551752,,,,,,,,
49019,2026,2275.0,1,7.729735331385051,,,,,,,,,
49021,2022,1398.9766187832824,10,7.2434962617190175,,4379.0,3645.0,43793.0,734.0,47438.0,47438.0,0.015472827690880729,0.09230996247733884
49021,2023,1415.3608618565283,12,7.2551398036107395,0.011643541891722009,4254.0,3767.0,46613.0,487.0,50380.0,50380.0,0.009666534339023421,0.08443826915442636
49021,2024,1456.6758644948175,12,7.2839123137000925,0.028772510089353,,,,,,,,
49021,2025,1466.2948611300374,12,7.290493995325755,0.006581681625662306,,,,,,,,
49021,2026,1473.812299240883,4,7.295607723555835,0.005113728230080383,,,,,,,,
49035,2015,976.8239722532984,12,6.88430646411421,,,,,,,,,
49035,2016,1029.703952181637,12,6.937026614842808,0.05272015072859837,,,,,,,,
49035,2017,1088.1921463519943,12,6.992273016925979,0.055246402083170665,,,,,,,,
49035,2018,1152.170891276509,12,7.049403173376053,0.05713015645007413,,,,,,,,
49035,2019,1209.3646873005441,12,7.097850448885081,0.04844727550902839,,,,,,,,
49035,2020,1247.2162708244489,12,7.128669363540806,0.030818914655724505,49228.0,57351.0,943160.0,-8123.0,1000511.0,1000511.0,-0.008118851267002562,0.04920285733989931
49035,2021,1394.0101217275203,12,7.2399398522177245,0.11127048867691869,47830.0,56869.0,883274.0,-9039.0,940143.0,940143.0,-0.009614494816214129,0.050875239192335636
49035,2022,1579.0666337217965,12,7.364589213315722,0.12464936109799751,44928.0,57194.0,910668.0,-12266.0,967862.0,967862.0,-0.01267329433328305,0.046419840845079156
49035,2023,1601.3071411227165,12,7.3785755378967774,0.01398632458105542,43862.0,53822.0,932612.0,-9960.0,986434.0,986434.0,-0.010096975570590633,0.04446521510815726
49035,2024,1617.0593530866947,12,7.38836456458479,0.009789026688012292,,,,,,,,
49035,2025,1625.4339329203249,12,7.393530094759443,0.005165530174653377,,,,,,,,
49035,2026,1601.8072056234957,4,7.378887774333388,-0.014642320426054845,,,,,,,,
49043,2023,3076.0791995732366,12,8.031411077879648,,3030.0,3222.0,37827.0,-192.0,41049.0,41049.0,-0.004677336841335964,0.07381422202733319
49043,2024,3181.2057456181387,12,8.065015569197952,0.033604491318303786,,,,,,,,
49043,2025,3273.711223118902,12,8.093679550961822,0.028663981763870083,,,,,,,,
49043,2026,3360.4956793704223,3,8.11984376569886,0.02616421473703845,,,,,,,,
49045,2022,1659.2468230263737,1,7.41411905731959,,6282.0,4402.0,62563.0,1880.0,66965.0,66965.0,0.028074367206749794,0.09381019935787352
49045,2023,1766.8594931551818,12,7.476958951984966,0.06283989466537587,5500.0,4111.0,66754.0,1389.0,70865.0,70865.0,0.01960064912156918,0.07761236153249136
49045,2024,1833.979091283721,12,7.514243252142765,0.03728430015779871,,,,,,,,
49045,2025,1871.3354780205382,12,7.534407614327449,0.020164362184684315,,,,,,,,
49045,2026,1917.7138363985325,4,7.5588890453541,0.02448143102665057,,,,,,,,
49047,2025,1485.331211935086,10,7.303393064707572,,,,,,,,,
49047,2026,1547.474643364548,4,7.344379618876557,0.04098655416898467,,,,,,,,
49049,2015,1063.6242164948846,12,6.9694374275328395,,,,,,,,,
49049,2016,1119.4351963617016,12,7.0205795481299305,0.051142120597091,,,,,,,,
49049,2017,1182.1309346836435,12,7.075073965675104,0.05449441754517359,,,,,,,,
49049,2018,1239.8376304453507,12,7.122735706836042,0.04766174116093769,,,,,,,,
49049,2019,1290.4522487471652,12,7.162748016340919,0.04001230950487766,,,,,,,,
49049,2020,1335.613360968251,12,7.1971459117393275,0.034397895398408096,38304.0,33290.0,553471.0,5014.0,586761.0,586761.0,0.008545216877058974,0.06528041229734083
49049,2021,1500.1498846899003,12,7.313320305224918,0.11617439348559078,37060.0,31990.0,505725.0,5070.0,537715.0,537715.0,0.00942878662488493,0.0689212687018216
49049,2022,1679.7116101846934,12,7.426377397057587,0.11305709183266899,35692.0,33259.0,537499.0,2433.0,570758.0,570758.0,0.004262752339870839,0.06253438409974105
49049,2023,1721.8690219084237,12,7.451165620485336,0.024788223427748335,35882.0,31591.0,568624.0,4291.0,600215.0,600215.0,0.00714910490407604,0.059781911481719054
49049,2024,1752.7281360896275,12,7.468928787948301,0.01776316746296569,,,,,,,,
49049,2025,1775.203248228193,12,7.481670201398252,0.012741413449950834,,,,,,,,
49049,2026,1787.0219688790935,4,7.488305808804674,0.006635607406422217,,,,,,,,
49051,2023,2788.830145409822,1,7.933377484162951,,2722.0,2429.0,29803.0,293.0,32232.0,32232.0,0.009090344998758998,0.08445023579051873
49051,2024,2832.5533031772648,12,7.94893381114602,0.01555632698306919,,,,,,,,
49051,2025,2820.0648381600035,12,7.9445151559231615,-0.0044186552228584475,,,,,,,,
49051,2026,2921.0162032822136,4,7.979686849541891,0.03517169361872963,,,,,,,,
49053,2015,1057.5813839507543,10,6.963739866777935,,,,,,,,,
49053,2016,1124.7716505635833,12,7.025335316759031,0.06159544998109556,,,,,,,,
49053,2017,1208.1029890901361,12,7.096806630730003,0.07147131397097262,,,,,,,,
49053,2018,1284.6837240945636,12,7.15826783792529,0.06146120719528714,,,,,,,,
49053,2019,1336.5631631692856,12,7.197856794596395,0.03958895667110429,,,,,,,,
49053,2020,1393.0608052180216,12,7.2392586233784915,0.04140182878209675,15832.0,8752.0,144485.0,7080.0,153237.0,153237.0,0.04620294054308033,0.10331708399407454
49053,2021,1584.3587452020795,12,7.3679350272883894,0.12867640390989799,14604.0,8934.0,138325.0,5670.0,147259.0,147259.0,0.03850358891476922,0.09917220679211457
49053,2022,1745.2226697828348,12,7.4646374309558485,0.09670240366745908,13554.0,9309.0,148201.0,4245.0,157510.0,157510.0,0.026950669798742936,0.08605167925845979
49053,2023,1789.2346337633892,12,7.4895432284937415,0.024905797537893015,12316.0,9168.0,157277.0,3148.0,166445.0,166445.0,0.018913154495478986,0.07399441256871639
49053,2024,1818.3274576546955,12,7.505672378239869,0.01612914974612778,,,,,,,,
49053,2025,1874.602939830127,12,7.5361521505551154,0.030479772315246123,,,,,,,,
49053,2026,1886.837841579137,4,7.542657607165707,0.006505456610591764,,,,,,,,
49057,2015,770.7860436127863,12,6.647410830009899,,,,,,,,,
49057,2016,815.0298601808892,12,6.703224750828458,0.05581392081855885,,,,,,,,
49057,2017,874.7324809158677,12,6.773918103514655,0.07069335268619703,,,,,,,,
49057,2018,936.0850037798155,12,6.841706288358145,0.06778818484349003,,,,,,,,
49057,2019,1008.1215497159934,12,6.915844026397231,0.07413773803908619,,,,,,,,
49057,2020,1078.1197866348216,12,6.98297386462294,0.06712983822570884,16374.0,15203.0,210915.0,1171.0,226118.0,226118.0,0.005178711999929241,0.07241351860532996
49057,2021,1238.4007919579942,12,7.121576142336223,0.13860227771328315,16320.0,15039.0,200253.0,1281.0,215292.0,215292.0,0.005950058525165822,0.07580402430187838
49057,2022,1391.224765527857,12,7.237939764439892,0.1163636221036688,15161.0,14858.0,208138.0,303.0,222996.0,222996.0,0.001358768767152774,0.06798776659671026
49057,2023,1438.4974253372468,12,7.271354393165355,0.0334146287254633,14903.0,14011.0,216322.0,892.0,230333.0,230333.0,0.003872653940164892,0.06470197496667868
49057,2024,1458.538655355693,12,7.285190292457211,0.013835899291856357,,,,,,,,
49057,2025,1478.3261345219216,12,7.298665736518227,0.013475444061015196,,,,,,,,
49057,2026,1482.9657566541407,4,7.301799251280741,0.0031335147625144444,,,,,,,,
50001,2026,1857.746610563788,2,7.527119532551343,,,,,,,,,
50003,2025,1504.54656226497,4,7.316246844255188,,,,,,,,,
50003,2026,1473.2660851067687,4,7.2952370417692425,-0.021009802485945528,,,,,,,,
50007,2016,1347.1197548087991,5,7.205724077290634,,,,,,,,,
50007,2017,1404.5801197313824,12,7.2474936899378575,0.04176961264722312,,,,,,,,
50007,2018,1453.0599827239137,12,7.2814269447030044,0.03393325476514697,,,,,,,,
50007,2019,1484.819525331558,12,7.3030485120879565,0.021621567384952023,,,,,,,,
50007,2020,1529.9112547791399,12,7.332965009291891,0.029916497203934966,7168.0,7556.0,128806.0,-388.0,136362.0,136362.0,-0.002845367477743066,0.05256596412490283
50007,2021,1627.1989181070621,12,7.39461536041395,0.061650351122058744,7106.0,7484.0,124264.0,-378.0,131748.0,131748.0,-0.002869113762637763,0.05393630263837022
50007,2022,1816.1470299151076,12,7.504472519493503,0.10985715907955296,6939.0,7857.0,128130.0,-918.0,135987.0,135987.0,-0.006750645282269629,0.051026936398332196
50007,2023,1950.6650566740136,12,7.575925648116479,0.07145312862297626,6778.0,7279.0,131169.0,-501.0,138448.0,138448.0,-0.003618687160522362,0.04895700912978158
50007,2024,2035.0530725701608,12,7.6182771774236775,0.0423515293071981,,,,,,,,
50007,2025,2072.1880896334205,12,7.636360376109511,0.018083198685833857,,,,,,,,
50007,2026,2067.838561537502,4,7.634259167560537,-0.0021012085489742205,,,,,,,,
50011,2026,1744.01251088716,3,7.463943778117025,,,,,,,,,
50015,2025,1907.6284094139082,10,7.553616079065274,,,,,,,,,
50015,2026,1939.2006254530202,4,7.57003111840641,0.016415039341135973,,,,,,,,
50019,2026,1400.0,1,7.24422751560335,,,,,,,,,
50021,2026,1429.980290024954,2,7.265415939959631,,,,,,,,,
50023,2024,1440.3793492285038,7,7.272661794840861,,,,,,,,,
50023,2025,1511.6530580873066,12,7.320959071472782,0.04829727663192074,,,,,,,,
50023,2026,1554.4388480471964,4,7.348869890061271,0.027910818588488873,,,,,,,,
50025,2026,1769.0624102352208,4,7.478204973489538,,,,,,,,,
50027,2023,1589.450211727532,2,7.371143456631292,,2736.0,2763.0,46084.0,-27.0,48847.0,48847.0,-0.0005527463303785289,0.05601162814502426
50027,2024,1667.8985055049461,11,7.419319733048759,0.048176276417467356,,,,,,,,
50027,2025,1713.3093548945653,12,7.446182074485443,0.026862341436683757,,,,,,,,
50027,2026,1774.2293678642138,4,7.481121448685493,0.03493937420005011,,,,,,,,
51003,2015,1238.1607237177539,12,7.121382270115022,,,,,,,,,
51003,2016,1284.5273442036475,12,7.1581461041424665,0.036763834027444986,,,,,,,,
51003,2017,1337.5301127090008,12,7.198579992691675,0.040433888549208596,,,,,,,,
51003,2018,1401.5340079139942,12,7.245322635678973,0.04674264298729813,,,,,,,,
51003,2019,1453.5877800977148,12,7.281790110399483,0.03646747472051004,,,,,,,,
51003,2020,1494.7078621004532,12,7.309686056763519,0.02789594636403603,8789.0,7812.0,81536.0,977.0,89348.0,89348.0,0.010934771903120383,0.09836817835877691
51003,2021,1625.9845805154812,12,7.393868806984981,0.08418275022146204,8644.0,8005.0,78821.0,639.0,86826.0,86826.0,0.007359546679566028,0.09955543270448944
51003,2022,1784.7290442992662,12,7.4870218867807985,0.0931530797958171,8230.0,7927.0,82819.0,303.0,90746.0,90746.0,0.003338990148326097,0.09069270270865934
51003,2023,1871.367212048498,12,7.5344245721414085,0.047402685360609986,8269.0,7646.0,85738.0,623.0,93384.0,93384.0,0.006671378394585797,0.08854835946200634
51003,2024,1976.7149146243476,12,7.589191611773335,0.054767039631926195,,,,,,,,
51003,2025,2035.3356354096193,12,7.618416015682225,0.029224403908890473,,,,,,,,
51003,2026,2057.0550979912255,4,7.629030674900076,0.01061465921785043,,,,,,,,
51009,2025,1241.7506306300759,2,7.12427746184324,,,,,,,,,
51009,2026,1230.5179579458813,4,7.11519046374809,-0.009086998095150456,,,,,,,,
51013,2015,2017.9778744430994,12,7.609851236751911,,,,,,,,,
51013,2016,2047.644798682699,12,7.624445532974051,0.014594296222139924,,,,,,,,
51013,2017,2090.4813065689527,12,7.645149608670512,0.020704075696460933,,,,,,,,
51013,2018,2128.430434818554,12,7.663140102008512,0.017990493337999958,,,,,,,,
51013,2019,2185.626929160499,12,7.689657990475758,0.026517888467245676,,,,,,,,
51013,2020,2151.3059603989527,12,7.673830360156135,-0.015827630319622976,21753.0,29570.0,161325.0,-7817.0,190895.0,190895.0,-0.040949212918096334,0.11395269650855182
51013,2021,2169.3551632393196,12,7.682185242576235,0.008354882420100296,21947.0,28856.0,151276.0,-6909.0,180132.0,180132.0,-0.0383552061821331,0.121838429596074
51013,2022,2375.9514312377178,12,7.773153238875341,0.09096799629910546,22112.0,26892.0,156967.0,-4780.0,183859.0,183859.0,-0.02599818339053296,0.12026607345846546
51013,2023,2464.609662795646,12,7.809788722130779,0.03663548325543875,22944.0,24646.0,163175.0,-1702.0,187821.0,187821.0,-0.009061819498352155,0.12215886402478957
51013,2024,2577.531813439486,12,7.854587558565472,0.04479883643469229,,,,,,,,
51013,2025,2643.286108235456,12,7.879778160064288,0.025190601498816356,,,,,,,,
51013,2026,2626.606465848976,4,7.87344797482814,-0.006330185236148367,,,,,,,,
51015,2024,1541.5353943335108,9,7.340534208031475,,,,,,,,,
51015,2025,1617.8943334358771,12,7.3888807885858965,0.04834658055442187,,,,,,,,
51015,2026,1648.898431684388,4,7.407862726778075,0.018981938192178305,,,,,,,,
51019,2025,1390.5558714715628,12,7.2374588537165305,,,,,,,,,
51019,2026,1424.9485295857266,4,7.261890972461459,0.024432118744928566,,,,,,,,
51023,2026,1707.8477255733883,2,7.442989216728535,,,,,,,,,
51031,2024,1250.5516728290227,12,7.131340071198479,,,,,,,,,
51031,2025,1301.3437188799605,12,7.171152639529719,0.03981256833124025,,,,,,,,
51031,2026,1349.3976538565435,4,7.207413589535036,0.036260950005316595,,,,,,,,
51041,2015,1092.118614666396,12,6.995874771895338,,,,,,,,,
51041,2016,1110.4725314319862,12,7.012540907712923,0.01666613581758547,,,,,,,,
51041,2017,1151.1467402859066,12,7.048513889984078,0.035972982271155196,,,,,,,,
51041,2018,1197.8941154040087,12,7.08832039029848,0.039806500314401916,,,,,,,,
51041,2019,1238.3752580718615,12,7.12155552368874,0.033235133390260074,,,,,,,,
51041,2020,1291.8125509759436,12,7.163801589432845,0.04224606574410483,24366.0,19889.0,287252.0,4477.0,307141.0,307141.0,0.014576367205941245,0.07933164247039633
51041,2021,1452.1393766164667,12,7.280793180183333,0.11699159075048815,24170.0,19353.0,277414.0,4817.0,296767.0,296767.0,0.01623158909177907,0.08144436544494503
51041,2022,1615.22629770999,12,7.387230348261574,0.10643716807824077,23639.0,18582.0,291503.0,5057.0,310085.0,310085.0,0.016308431559088638,0.07623393585629747
51041,2023,1667.1734410622555,12,7.418884921167198,0.0316545729056239,21519.0,19593.0,303309.0,1926.0,322902.0,322902.0,0.0059646580076927365,0.06664251073080997
51041,2024,1745.7982031554027,12,7.464967153062206,0.04608223189500826,,,,,,,,
51041,2025,1817.3008518751315,12,7.505107630845776,0.040140477783570105,,,,,,,,
51041,2026,1842.4191975952506,4,7.518834768336715,0.013727137490938901,,,,,,,,
51047,2025,1898.689288669762,10,7.548919079031319,,,,,,,,,
51047,2026,1987.2744104892913,4,7.594519335930071,0.045600256898752356,,,,,,,,
51059,2015,1734.8374590568371,12,7.458669004451655,,,,,,,,,
51059,2016,1757.0846815582615,12,7.471411283700838,0.012742279249183142,,,,,,,,
51059,2017,1793.8067884013553,12,7.4920953380458775,0.020684054345039726,,,,,,,,
51059,2018,1831.6768081304629,12,7.5129871148952105,0.020891776849333077,,,,,,,,
51059,2019,1885.2056591213652,12,7.54179219691297,0.028805082017759887,,,,,,,,
51059,2020,1895.4595265845082,12,7.547216582359397,0.005424385446426427,71562.0,86384.0,920503.0,-14822.0,1006887.0,1006887.0,-0.014720619096283893,0.07107252353044582
51059,2021,1961.184953260221,12,7.581304137536868,0.03408755517747153,68256.0,83491.0,861440.0,-15235.0,944931.0,944931.0,-0.01612287034714704,0.07223384564587255
51059,2022,2136.085336427024,12,7.666730150792824,0.08542601325595545,65253.0,78564.0,901783.0,-13311.0,980347.0,980347.0,-0.013577845395558919,0.0665611258054546
51059,2023,2233.4653210329384,12,7.711309613934644,0.0445794631418206,64300.0,73741.0,927689.0,-9441.0,1001430.0,1001430.0,-0.009427518648332883,0.06420818229931198
51059,2024,2365.237583168066,12,7.768633753879649,0.057324139945004404,,,,,,,,
51059,2025,2440.4347554678106,12,7.799931480885763,0.03129772700611433,,,,,,,,
51059,2026,2432.3013496758786,4,7.796593145638388,-0.003338335247375035,,,,,,,,
51061,2025,2055.86698298916,12,7.628452927492407,,,,,,,,,
51061,2026,2039.7927746747162,4,7.6206035006367525,-0.007849426855654151,,,,,,,,
51065,2026,2056.7855331896985,3,7.628899622277439,,,,,,,,,
51069,2022,1873.2965323111405,11,7.5354550093529,,6339.0,5168.0,74543.0,1171.0,79711.0,79711.0,0.014690569682979764,0.07952478327959754
51069,2023,1982.1780495730811,12,7.591951544141281,0.05649653478838168,6355.0,5008.0,77982.0,1347.0,82990.0,82990.0,0.016230871189299917,0.07657549102301482
51069,2024,2102.5136480399638,12,7.6508888831649,0.05893733902361831,,,,,,,,
51069,2025,2186.5809749781542,12,7.690094404229959,0.03920552106505948,,,,,,,,
51069,2026,2219.311342423033,4,7.704952220626705,0.014857816396745882,,,,,,,,
51073,2026,2218.0372030868384,2,7.704377941027911,,,,,,,,,
51075,2023,1931.825214803554,2,7.566220542151758,,2552.0,1443.0,21434.0,1109.0,22877.0,22877.0,0.04847663592254229,0.11155308825457884
51075,2024,1950.004351477571,12,7.575586883082262,0.009366340930504258,,,,,,,,
51075,2025,2010.5735527529125,12,7.606175309976974,0.030588426894712306,,,,,,,,
51075,2026,1985.4904323971418,4,7.593621231822421,-0.012554078154552784,,,,,,,,
51079,2026,2414.1844864034515,3,7.7891168222681895,,,,,,,,,
51083,2026,1395.0,1,7.240649694255466,,,,,,,,,
51085,2021,1523.8608685441743,9,7.329002438472892,,7198.0,5354.0,86725.0,1844.0,92079.0,92079.0,0.020026281779776063,0.0781720044744187
51085,2022,1678.256142264463,12,7.425510522734382,0.09650808426149027,7012.0,5361.0,90764.0,1651.0,96125.0,96125.0,0.01717555266579974,0.07294668400520156
51085,2023,1769.7583205678795,12,7.478598274193115,0.05308775145873312,5989.0,5155.0,94912.0,834.0,100067.0,100067.0,0.008334415941319315,0.059849900566620366
51085,2024,1851.2818612281037,12,7.523633576090546,0.04503530189743099,,,,,,,,
51085,2025,1932.9706815861437,12,7.56681331178143,0.043179735690883625,,,,,,,,
51085,2026,1978.8410043340439,4,7.590266600957156,0.023453289175725978,,,,,,,,
51087,2015,1038.6943599966814,12,6.945719780351576,,,,,,,,,
51087,2016,1062.5112900480801,12,6.968390526669722,0.022670746318146584,,,,,,,,
51087,2017,1104.960671719485,12,7.0075650221143855,0.039174495444663116,,,,,,,,
51087,2018,1156.8278056860283,12,7.0534368878428255,0.04587186572844004,,,,,,,,
51087,2019,1203.3202962266348,12,7.092839928439436,0.039403040596610595,,,,,,,,
51087,2020,1241.5347758719959,12,7.124103615729493,0.03126368729005691,21142.0,22527.0,258000.0,-1385.0,280527.0,280527.0,-0.0049371361758404715,0.0753652946062233
51087,2021,1385.780261879768,12,7.234018625968574,0.10991501023908068,20488.0,21914.0,246227.0,-1426.0,268141.0,268141.0,-0.00531809756807053,0.07640756169328823
51087,2022,1562.2355937433533,12,7.353873147286983,0.11985452131840901,19689.0,21171.0,253530.0,-1482.0,274701.0,274701.0,-0.0053949566983738685,0.0716742931405419
51087,2023,1590.9528027462409,12,7.372088362747699,0.018215215460716472,20085.0,20526.0,259091.0,-441.0,279617.0,279617.0,-0.0015771573259136605,0.07183039657817658
51087,2024,1649.723606255002,12,7.408363041502427,0.036274678754727674,,,,,,,,
51087,2025,1712.2301109523914,12,7.445551958272424,0.03718891676999725,,,,,,,,
51087,2026,1734.4306393213851,4,7.458434476749684,0.01288251847725963,,,,,,,,
51089,2025,800.0024349449149,1,6.684614771344439,,,,,,,,,
51089,2026,834.3713408088007,3,6.7266785560314935,0.04206378468705463,,,,,,,,
51093,2025,1883.617601779167,1,7.54094946308002,,,,,,,,,
51093,2026,1958.7224279857387,4,7.580047717239691,0.039098254159671164,,,,,,,,
51095,2015,1262.730860544956,12,7.141032004270281,,,,,,,,,
51095,2016,1277.2548951079973,12,7.152468440740653,0.011436436470371625,,,,,,,,
51095,2017,1302.3987391302146,12,7.1719630271352575,0.019494586394604774,,,,,,,,
51095,2018,1335.4649628833254,12,7.197034797000569,0.025071769865311566,,,,,,,,
51095,2019,1378.5210572695278,12,7.228766505841943,0.031731708841373774,,,,,,,,
51095,2020,1419.6448938130297,12,7.258162044541838,0.029395538699895418,6834.0,5459.0,61842.0,1375.0,67301.0,67301.0,0.02043060281422267,0.10154381064174381
51095,2021,1542.6312630813761,12,7.341244849780583,0.08308280523874512,7128.0,5521.0,59447.0,1607.0,64968.0,64968.0,0.024735254279029676,0.1097155522718877
51095,2022,1719.5592895851005,12,7.449823309990349,0.10857846020976591,6326.0,5320.0,62851.0,1006.0,68171.0,68171.0,0.014757008111953763,0.09279605697437326
51095,2023,1853.474230317275,12,7.524817119239361,0.07499380924901189,5764.0,5217.0,65716.0,547.0,70933.0,70933.0,0.007711502403676709,0.0812597803561107
51095,2024,1935.4943649527395,12,7.568118058596641,0.0433009393572803,,,,,,,,
51095,2025,2030.2258890633366,12,7.615902341245843,0.04778428264920187,,,,,,,,
51095,2026,2079.7131536117085,4,7.639985256267883,0.02408291502203941,,,,,,,,
51099,2026,1970.319686461886,2,7.585951085958303,,,,,,,,,
51107,2015,1803.636292729595,12,7.497560068727264,,,,,,,,,
51107,2016,1828.8562930218384,12,7.511446073965452,0.013886005238187948,,,,,,,,
51107,2017,1859.1598421708104,12,7.5278799669034555,0.01643389293800368,,,,,,,,
51107,2018,1901.9374771119458,12,7.550628370384143,0.022748403480687074,,,,,,,,
51107,2019,1948.9437236033111,12,7.57504282459264,0.024414454208497638,,,,,,,,
51107,2020,1994.3523521476134,12,7.598074641103468,0.02303181651082742,29916.0,26424.0,363802.0,3492.0,390226.0,390226.0,0.008948660519801347,0.0766632669273703
51107,2021,2115.611954004368,12,7.65709938958443,0.05902474848096251,28191.0,26821.0,348262.0,1370.0,375083.0,375083.0,0.0036525249078204025,0.07515936472727369
51107,2022,2337.480987984672,12,7.756829127647272,0.09972973806284191,25486.0,26657.0,365082.0,-1171.0,391739.0,391739.0,-0.002989235179545565,0.06505862321596778
51107,2023,2445.65953540858,12,7.8020701141667175,0.045240986519445414,23772.0,24566.0,379907.0,-794.0,404473.0,404473.0,-0.001963048213354167,0.058772773460774884
51107,2024,2573.674581563143,12,7.85308995497459,0.05101984080787236,,,,,,,,
51107,2025,2675.1103398787986,12,7.891745907032231,0.03865595205764105,,,,,,,,
51107,2026,2670.668121077798,4,7.890083952704744,-0.0016619543274867254,,,,,,,,
51109,2026,2046.7906777059266,2,7.624028322350468,,,,,,,,,
51117,2024,1318.892645550632,11,7.184547758616908,,,,,,,,,
51117,2025,1377.8600401318988,12,7.22828687902189,0.04373912040498151,,,,,,,,
51117,2026,1427.8469414436252,4,7.263922953291921,0.03563607427003124,,,,,,,,
51121,2019,1234.3049095207182,12,7.118263264316888,,,,,,,,,
51121,2020,1330.0005912187644,12,7.192934665741087,0.07467140142419915,4228.0,5151.0,54805.0,-923.0,59956.0,59956.0,-0.015394622723330443,0.07051838014543999
51121,2021,1415.176391409137,12,7.255009460547818,0.062074794806730615,4101.0,4775.0,52864.0,-674.0,57639.0,57639.0,-0.011693471434271933,0.07114974236194244
51121,2022,1524.9915624617408,12,7.3297441562142325,0.07473469566641455,4265.0,4987.0,53892.0,-722.0,58879.0,58879.0,-0.012262436522359414,0.0724366921992561
51121,2023,1642.0003174496185,12,7.403670483343426,0.07392632712919323,4514.0,4960.0,55704.0,-446.0,60664.0,60664.0,-0.007351971515231439,0.07440986416985362
51121,2024,1713.8821964788706,12,7.44651636662001,0.04284588327658412,,,,,,,,
51121,2025,1785.7797469912002,12,7.4876104318782515,0.04109406525824166,,,,,,,,
51121,2026,1825.3343941245532,4,7.509518478889378,0.021908047011126364,,,,,,,,
51137,2026,2255.613324566608,2,7.7211771992425025,,,,,,,,,
51143,2026,1062.5,1,6.968379900798572,,,,,,,,,
51145,2025,1908.3034763196108,1,7.553969894035227,,,,,,,,,
51145,2026,2027.6970230350298,4,7.614655956624714,0.060686062589486944,,,,,,,,
51147,2026,1511.2377337166122,2,7.320684285248659,,,,,,,,,
51149,2026,1623.053708852087,3,7.3920646592973585,,,,,,,,,
51153,2015,1451.3565083995773,12,7.28025392111987,,,,,,,,,
51153,2016,1475.784547666594,12,7.296945024090113,0.016691102970242788,,,,,,,,
51153,2017,1514.923220262579,12,7.323120036964543,0.026175012874429804,,,,,,,,
51153,2018,1543.9143594061727,12,7.34207626234054,0.01895622537599717,,,,,,,,
51153,2019,1586.2693286794126,12,7.369140204095045,0.02706394175450466,,,,,,,,
51153,2020,1630.1832766188816,12,7.396447727123431,0.02730752302838635,37015.0,37521.0,386264.0,-506.0,423785.0,423785.0,-0.0011940016753778449,0.0873438182097054
51153,2021,1758.1606209244394,12,7.47202343978509,0.07557571266165919,34757.0,37369.0,364645.0,-2612.0,402014.0,402014.0,-0.006497286164163437,0.08645718805812733
51153,2022,1924.608929427862,12,7.562478072539441,0.0904546327543505,31839.0,34636.0,383507.0,-2797.0,418143.0,418143.0,-0.006689099183772059,0.0761438072621089
51153,2023,1997.1973170089175,12,7.599500135249284,0.037022062709842984,29508.0,32304.0,397501.0,-2796.0,429805.0,429805.0,-0.0065052756482590944,0.0686543897814125
51153,2024,2120.4281948269104,12,7.659373325963047,0.05987319071376351,,,,,,,,
51153,2025,2185.4883081363546,12,7.689594564545914,0.030221238582866405,,,,,,,,
51153,2026,2198.517003776313,4,7.695538322853549,0.005943758307635605,,,,,,,,
51161,2022,1218.2725104366912,10,7.105189159235393,,6358.0,5752.0,74987.0,606.0,80739.0,80739.0,0.007505666406569316,0.07874756932832956
51161,2023,1293.4229854732441,12,7.165047460211661,0.0598583009762681,5953.0,5746.0,77216.0,207.0,82962.0,82962.0,0.002495118246908223,0.07175574359345242
51161,2024,1337.799773286317,12,7.198781583216747,0.03373412300508605,,,,,,,,
51161,2025,1412.3251648796665,12,7.252992678283239,0.05421109506649202,,,,,,,,
51161,2026,1455.967583719269,4,7.283425964579713,0.030433286296474016,,,,,,,,
51163,2025,1287.598442961725,1,7.160534090167729,,,,,,,,,
51163,2026,1350.1372408850257,4,7.20796152618029,0.04742743601256105,,,,,,,,
51165,2022,1607.6575896037969,10,7.382533485274906,,4238.0,3420.0,67246.0,818.0,70666.0,70666.0,0.01157558090170662,0.05997226388928197
51165,2023,1734.966459025246,12,7.458743360220173,0.07620987494526688,4414.0,3448.0,69776.0,966.0,73224.0,73224.0,0.013192395935758768,0.06028078225718344
51165,2024,1822.9579982615444,12,7.5082157345128255,0.04947237429265261,,,,,,,,
51165,2025,1907.4153199316172,12,7.553504368952558,0.04528863443973208,,,,,,,,
51165,2026,1955.5935024985617,4,7.57844900818852,0.024944639235962462,,,,,,,,
51171,2025,1501.23035933584,10,7.3140402904349,,,,,,,,,
51171,2026,1490.4078597836972,4,7.306805092880356,-0.007235197554543937,,,,,,,,
51177,2015,1210.0571972870569,12,7.098422907958744,,,,,,,,,
51177,2016,1231.7572251278348,12,7.116197067148971,0.0177741591902274,,,,,,,,
51177,2017,1270.14699639074,12,7.146887917944238,0.03069085079526701,,,,,,,,
51177,2018,1305.8335704725991,12,7.174596867161998,0.027708949217760015,,,,,,,,
51177,2019,1348.8007795508752,12,7.206971165206258,0.0323742980442594,,,,,,,,
51177,2020,1403.9292083174478,12,7.247030161888234,0.04005899668197621,11828.0,9606.0,109248.0,2222.0,118854.0,118854.0,0.018695205882847864,0.09951705453749979
51177,2021,1610.9783480753679,12,7.384596943034122,0.13756678114588805,12270.0,9775.0,104827.0,2495.0,114602.0,114602.0,0.02177099876092913,0.10706619430725467
51177,2022,1778.9685804458047,12,7.483789026152819,0.0991920831186972,11251.0,9476.0,110592.0,1775.0,120068.0,120068.0,0.01478328946930073,0.09370523370090282
51177,2023,1822.2077705730192,12,7.507804105661522,0.024015079508703074,10592.0,8881.0,116406.0,1711.0,125287.0,125287.0,0.013656644344584834,0.08454189181638957
51177,2024,1904.955523946542,12,7.552213940278566,0.04440983461704384,,,,,,,,
51177,2025,1974.708170892375,12,7.588175904843925,0.035961964565358606,,,,,,,,
51177,2026,2017.553863716469,4,7.609641098036271,0.021465193192346632,,,,,,,,
51179,2015,1394.922734232503,12,7.240594305074563,,,,,,,,,
51179,2016,1416.3696228156796,12,7.255852273252383,0.015257968177820658,,,,,,,,
51179,2017,1456.7048960646432,12,7.2839322435151175,0.028079970262734122,,,,,,,,
51179,2018,1493.6231552746758,12,7.3089600951032425,0.02502785158812504,,,,,,,,
51179,2019,1547.8329437399154,12,7.344611130845488,0.03565103574224526,,,,,,,,
51179,2020,1595.5796901072447,12,7.374992391263381,0.030381260417892797,16314.0,13331.0,121865.0,2983.0,135196.0,135196.0,0.022064262256279773,0.12066925056954347
51179,2021,1757.01719168382,12,7.471372872819831,0.09638048155645063,15592.0,13685.0,116593.0,1907.0,130278.0,130278.0,0.014637928122937103,0.11968252506179095
51179,2022,1938.5975655190214,12,7.569720086264374,0.09834721344454245,14587.0,12849.0,122899.0,1738.0,135748.0,135748.0,0.012803135221145063,0.10745646344697528
51179,2023,2039.8971579430956,12,7.620654672794503,0.05093458653012917,13296.0,12148.0,129806.0,1148.0,141954.0,141954.0,0.008087126815729038,0.09366414472293842
51179,2024,2159.3252604603276,12,7.677551072461083,0.05689639966657989,,,,,,,,
51179,2025,2252.6908410681617,12,7.719880710008219,0.04232963754713648,,,,,,,,
51179,2026,2256.2070792368872,4,7.7214403988473475,0.0015596888391282704,,,,,,,,
51187,2025,1863.1133173947449,12,7.530004193977115,,,,,,,,,
51187,2026,1921.2629853105836,4,7.560738053612312,0.03073385963519648,,,,,,,,
51193,2025,1864.0315720128085,3,7.530496932877206,,,,,,,,,
51193,2026,1984.883765243139,4,7.593315634854214,0.06281870197700812,,,,,,,,
51197,2026,1200.0,1,7.090076835776092,,,,,,,,,
51199,2015,1255.6173957096491,12,7.1353826793713875,,,,,,,,,
51199,2016,1255.6582708703265,12,7.135415232675849,3.255330446183535e-05,,,,,,,,
51199,2017,1270.660353074525,12,7.147292007369498,0.011876774693648784,,,,,,,,
51199,2018,1292.563374758435,12,7.164382637875635,0.017090630506136684,,,,,,,,
51199,2019,1326.5954329899341,12,7.190371114442634,0.025988476566999097,,,,,,,,
51199,2020,1360.0980808991933,12,7.215312094437928,0.024940979995293766,8030.0,7457.0,53854.0,573.0,61311.0,61311.0,0.009345794392523364,0.13097160379051068
51199,2021,1520.1506284025563,12,7.326564706563737,0.11125261212580906,7792.0,7241.0,52079.0,551.0,59320.0,59320.0,0.009288604180714767,0.1313553607552259
51199,2022,1646.377962231487,12,7.406332979562288,0.07976827299855138,7106.0,6856.0,54278.0,250.0,61134.0,61134.0,0.004089377433179573,0.11623646416069618
51199,2023,1757.0850180377017,12,7.471411475199524,0.06507849563723589,6945.0,6927.0,56022.0,18.0,62949.0,62949.0,0.00028594576561978747,0.11032740790163466
51199,2024,1832.8569269354687,12,7.513631190748304,0.042219715548780457,,,,,,,,
51199,2025,1904.1776637780376,12,7.551805521805921,0.038174331057616584,,,,,,,,
51199,2026,1983.1531415335921,4,7.592443352735908,0.040637830929987295,,,,,,,,
51510,2015,1614.7547363787678,12,7.386938358104606,,,,,,,,,
51510,2016,1638.6688050665753,12,7.401639486980294,0.01470112887568753,,,,,,,,
51510,2017,1688.3889366758958,12,7.431530061337655,0.029890574357361643,,,,,,,,
51510,2018,1739.1849456441153,12,7.461171860421085,0.029641799083429454,,,,,,,,
51510,2019,1783.0657625586528,12,7.486089500278126,0.02491763985704143,,,,,,,,
51510,2020,1791.6426609339421,12,7.490888165689495,0.004798665411368752,18269.0,23250.0,108210.0,-4981.0,131460.0,131460.0,-0.037889852426593644,0.13897002890613114
51510,2021,1821.6038231992363,12,7.507472613561137,0.016584447871641927,17431.0,22325.0,101702.0,-4894.0,124027.0,124027.0,-0.039459150023785146,0.14054197876268876
51510,2022,1986.249725947613,12,7.594003579876146,0.08653096631500912,17634.0,20047.0,105839.0,-2413.0,125886.0,125886.0,-0.01916813625025817,0.14007911920308852
51510,2023,2051.117067858685,12,7.626139834872862,0.032136254996715685,17813.0,19733.0,109439.0,-1920.0,129172.0,129172.0,-0.014863902393707615,0.1379014027807884
51510,2024,2161.4050201353916,12,7.678513761497714,0.05237392662485263,,,,,,,,
51510,2025,2226.045325660308,12,7.707981893560043,0.029468132062328678,,,,,,,,
51510,2026,2217.5886225564145,4,7.704175678461326,-0.0038062150987174803,,,,,,,,
51520,2025,1328.9559391823232,3,7.192148904801978,,,,,,,,,
51520,2026,1385.0194548482436,4,7.23346946534462,0.041320560542642326,,,,,,,,
51530,2026,851.6753690367296,3,6.747205431964532,,,,,,,,,
51540,2015,1114.5415108085592,12,7.01619839825932,,,,,,,,,
51540,2016,1171.2797131522757,12,7.065852201984128,0.049653803724807766,,,,,,,,
51540,2017,1238.0470953498298,12,7.121290493999036,0.05543829201490791,,,,,,,,
51540,2018,1295.6028610242458,12,7.166731395556735,0.04544090155769975,,,,,,,,
51540,2019,1345.5394207363545,12,7.204550267943912,0.037818872387176405,,,,,,,,
51540,2020,1401.6616671084257,12,7.245413716865818,0.04086344892190663,3758.0,4981.0,26335.0,-1223.0,31316.0,31316.0,-0.03905351896793971,0.12000255460467493
51540,2021,1489.950558258437,12,7.30649821601207,0.06108449914625158,3420.0,4490.0,24509.0,-1070.0,28999.0,28999.0,-0.036897824062898724,0.11793510121038657
51540,2022,1629.2620040027266,12,7.395882432994294,0.0893842169822241,3468.0,4209.0,25126.0,-741.0,29335.0,29335.0,-0.025259928413158342,0.11822055565024714
51540,2023,1747.9392737774133,12,7.466192815210081,0.07031038221578712,3480.0,4316.0,25823.0,-836.0,30139.0,30139.0,-0.02773814658747802,0.11546501211055443
51540,2024,1835.1343254971482,12,7.514872959715345,0.04868014450526381,,,,,,,,
51540,2025,1932.8370614738758,12,7.566744182574184,0.05187122285883916,,,,,,,,
51540,2026,1964.4668733829703,4,7.582976176236318,0.016231993662134236,,,,,,,,
51550,2015,1243.755952750638,12,7.1258910745925155,,,,,,,,,
51550,2016,1254.1669084259968,12,7.1342268131539175,0.008335738561402017,,,,,,,,
51550,2017,1277.664957174288,12,7.152789438731603,0.018562625577685843,,,,,,,,
51550,2018,1303.4687848941885,12,7.172784285940051,0.019994847208447908,,,,,,,,
51550,2019,1337.9048421529794,12,7.198860118691934,0.026075832751883077,,,,,,,,
51550,2020,1385.3041832869158,12,7.233675021428938,0.03481490273700327,21695.0,20613.0,186109.0,1082.0,206722.0,206722.0,0.005234082487592032,0.10494770754926906
51550,2021,1529.199031960923,12,7.332499368785779,0.09882434735684154,20570.0,19949.0,178719.0,621.0,198668.0,198668.0,0.0031258179475305535,0.10353957355990899
51550,2022,1679.1381304853867,12,7.426035923190546,0.09353655440476683,19795.0,19132.0,183967.0,663.0,203099.0,203099.0,0.003264417845484222,0.09746478318455531
51550,2023,1757.1168753168702,12,7.471429605790842,0.04539368260029608,18249.0,18382.0,189437.0,-133.0,207819.0,207819.0,-0.000639979982580996,0.08781199024150824
51550,2024,1841.6995807591727,12,7.5184441094635766,0.04701450367273452,,,,,,,,
51550,2025,1935.0204333937063,12,7.567873165301515,0.04942905583793866,,,,,,,,
51550,2026,2014.1853717374477,4,7.607970110620622,0.04009694531910668,,,,,,,,
51570,2026,1499.5356810674723,3,7.312910793216044,,,,,,,,,
51590,2024,1094.1921298181248,3,6.997771588968257,,,,,,,,,
51590,2025,1135.8483304512092,11,7.035135078440834,0.03736348947257717,,,,,,,,
51590,2026,1197.3812663025956,4,7.087892173056181,0.05275709461534728,,,,,,,,
51600,2019,1918.4884440387434,12,7.559292886233236,,,,,,,,,
51600,2020,1949.5234491799936,12,7.575340236655003,0.016047350421766637,2641.0,2817.0,18518.0,-176.0,21335.0,21335.0,-0.00824935551910007,0.12378720412467777
51600,2021,2042.065159767509,12,7.621716907993912,0.046376671338909325,2512.0,2883.0,17443.0,-371.0,20326.0,20326.0,-0.018252484502607497,0.12358555544622651
51600,2022,2216.54742821804,12,7.703706051753625,0.08198914375971267,2214.0,2644.0,18317.0,-430.0,20961.0,20961.0,-0.020514288440437,0.1056247316444826
51600,2023,2303.1619184116103,12,7.742038204953047,0.038332153199422514,2667.0,2468.0,18983.0,199.0,21451.0,21451.0,0.009276956785231457,0.12432986807141858
51600,2024,2417.0241690718694,12,7.790292380269486,0.04825417531643872,,,,,,,,
51600,2025,2437.0084034567003,12,7.79852650189858,0.008234121629094204,,,,,,,,
51600,2026,2373.2162918999543,4,7.772001399311184,-0.02652510258739671,,,,,,,,
51610,2019,2032.219346522824,10,7.616883748996046,,,,,,,,,
51610,2020,1982.3124481453206,12,7.5920193453239895,-0.024864403672056667,1437.0,1797.0,10913.0,-360.0,12710.0,12710.0,-0.02832415420928403,0.11306058221872542
51610,2021,2015.6848859769027,12,7.60871431041504,0.01669496509105084,1448.0,1663.0,9987.0,-215.0,11650.0,11650.0,-0.018454935622317595,0.12429184549356223
51610,2022,2228.094740050805,12,7.708902122607575,0.10018781219253459,1544.0,1438.0,10437.0,106.0,11875.0,11875.0,0.008926315789473685,0.13002105263157895
51610,2023,2337.0251635714717,12,7.7566341019483565,0.04773197934078155,1631.0,1601.0,11029.0,30.0,12630.0,12630.0,0.0023752969121140144,0.12913697545526523
51610,2024,2464.433192051523,12,7.809717117663382,0.053083015715025716,,,,,,,,
51610,2025,2518.1052189614416,12,7.831262000451443,0.021544882788060882,,,,,,,,
51610,2026,2474.966433668508,4,7.813982112756686,-0.01727988769475708,,,,,,,,
51630,2015,1154.752471482072,2,7.051641289583005,,,,,,,,,
51630,2016,1193.1740441536303,12,7.084372299264224,0.03273100968121945,,,,,,,,
51630,2017,1234.3471804192252,12,7.118297510453623,0.033925211189398397,,,,,,,,
51630,2018,1275.0349881318305,12,7.150728898888034,0.03243138843441162,,,,,,,,
51630,2019,1324.0537334784437,12,7.188453319871657,0.03772442098362294,,,,,,,,
51630,2020,1390.9226872607526,12,7.237722609689169,0.049269289817511996,3871.0,3763.0,16866.0,108.0,20629.0,20629.0,0.005235348296088032,0.1876484560570071
51630,2021,1551.9561059436421,12,7.347271418090406,0.10954880840123682,3467.0,3861.0,16339.0,-394.0,20200.0,20200.0,-0.019504950495049505,0.17163366336633665
51630,2022,1705.5518813723293,12,7.441644021432566,0.09437260334216013,3591.0,3517.0,16992.0,74.0,20509.0,20509.0,0.0036081720220391047,0.1750938612316544
51630,2023,1757.3330628010797,12,7.471552633569464,0.029908612136898327,3617.0,3688.0,17833.0,-71.0,21521.0,21521.0,-0.003299103201524093,0.16806839830862877
51630,2024,1869.9879478361306,12,7.533687264820446,0.06213463125098162,,,,,,,,
51630,2025,1952.4839429277408,12,7.576857657827396,0.04317039300694958,,,,,,,,
51630,2026,1979.1882356972828,4,7.590442057651925,0.013584399824529747,,,,,,,,
51650,2015,953.9376885592563,12,6.860598353339483,,,,,,,,,
51650,2016,966.7242212616101,12,6.873913264770214,0.01331491143073027,,,,,,,,
51650,2017,981.0183137549035,12,6.888591127846669,0.014677863076455466,,,,,,,,
51650,2018,1005.1965055834727,12,6.912938329323833,0.024347201477163516,,,,,,,,
51650,2019,1039.0767913563643,12,6.946087897277015,0.033149567953182135,,,,,,,,
51650,2020,1091.998202480165,12,6.995764510223061,0.04967661294604575,11968.0,12392.0,90476.0,-424.0,102868.0,102868.0,-0.004121787144690282,0.11634327487654081
51650,2021,1301.640758076189,12,7.171380869240766,0.17561635901770511,11971.0,11831.0,86902.0,140.0,98733.0,98733.0,0.0014179656244619327,0.12124618921738425
51650,2022,1411.7334982090586,12,7.252573659594288,0.0811927903535219,11133.0,12047.0,89059.0,-914.0,101106.0,101106.0,-0.009040017407473344,0.11011215951575574
51650,2023,1459.1054471747386,12,7.285578819505924,0.033005159911636106,11401.0,11912.0,90450.0,-511.0,102362.0,102362.0,-0.004992086907250738,0.11137922275844551
51650,2024,1519.6428487564142,12,7.326230618307623,0.040651798801699,,,,,,,,
51650,2025,1578.3336062212145,12,7.3641248898482825,0.03789427154065983,,,,,,,,
51650,2026,1613.4897278413146,4,7.3861546450889275,0.022029755240644988,,,,,,,,
51660,2022,1262.9139425579142,1,7.141176982703555,,2677.0,3564.0,26205.0,-887.0,29769.0,29769.0,-0.02979609661056804,0.0899257616984111
51660,2023,1337.949804061039,12,7.198893724334996,0.05771674163144169,2815.0,3525.0,26999.0,-710.0,30524.0,30524.0,-0.023260385270606736,0.09222251343205347
51660,2024,1423.7734862183545,12,7.261066010652273,0.06217228631727689,,,,,,,,
51660,2025,1529.1109025954509,12,7.332441736062227,0.07137572540995407,,,,,,,,
51660,2026,1605.870785319255,4,7.381421433809841,0.04897969774761357,,,,,,,,
51670,2023,1110.631876483966,3,7.012684390434118,,2003.0,1805.0,15100.0,198.0,16905.0,16905.0,0.011712511091393079,0.11848565513161786
51670,2024,1164.2733219575405,12,7.0598524134055,0.04716802297138223,,,,,,,,
51670,2025,1236.0821012672131,12,7.119702060785069,0.05984964737956844,,,,,,,,
51670,2026,1311.8773863190263,4,7.17921450958727,0.05951244880220141,,,,,,,,
51678,2026,1450.0823190301242,3,7.279375605548079,,,,,,,,,
51680,2015,761.0016157112426,12,6.634635481001669,,,,,,,,,
51680,2016,790.0174805211776,12,6.67205507245826,0.03741959145659113,,,,,,,,
51680,2017,805.4256064832813,12,6.691370841409942,0.019315768951681633,,,,,,,,
51680,2018,827.109946097065,12,6.717937631891021,0.026566790481079572,,,,,,,,
51680,2019,859.1600116195488,12,6.755955181260376,0.03801754936935442,,,,,,,,
51680,2020,909.5057337019925,12,6.812901302173591,0.05694612091321538,4705.0,6030.0,47129.0,-1325.0,53159.0,53159.0,-0.024925224327018942,0.0885080607234899
51680,2021,992.3591552214974,12,6.900085093394569,0.08718379122097808,4760.0,5741.0,44747.0,-981.0,50488.0,50488.0,-0.019430359689431152,0.0942798288702266
51680,2022,1151.6356844273778,12,7.048938545082685,0.14885345168811615,4966.0,5438.0,46146.0,-472.0,51584.0,51584.0,-0.009150124069478908,0.09627016129032258
51680,2023,1218.9507094542066,12,7.1057456934333985,0.0568071483507131,5024.0,5372.0,47235.0,-348.0,52607.0,52607.0,-0.006615089246678199,0.09550059877963009
51680,2024,1255.377806301988,12,7.135191847140249,0.029446153706850886,,,,,,,,
51680,2025,1283.5996655759388,12,7.157423648699628,0.02223180155937854,,,,,,,,
51680,2026,1317.388608754457,4,7.183406729406235,0.02598308070660682,,,,,,,,
51683,2021,1670.4734755765805,3,7.420862383536409,,4184.0,4567.0,29786.0,-383.0,34353.0,34353.0,-0.011148953512065903,0.1217943119960411
51683,2022,1807.4387178087175,12,7.499666049064635,0.07880366552822604,3540.0,4439.0,31949.0,-899.0,36388.0,36388.0,-0.024705947015499614,0.09728481917115532
51683,2023,1859.2586744429439,12,7.527933125132802,0.028267076068166475,3416.0,3898.0,32708.0,-482.0,36606.0,36606.0,-0.013167240343113151,0.09331803529476042
51683,2024,1988.9227845358182,12,7.595348456851448,0.06741533171864589,,,,,,,,
51683,2025,2071.839257452623,12,7.636192021920504,0.040843565069056176,,,,,,,,
51683,2026,2063.2011840463756,4,7.632014028455288,-0.00417799346521619,,,,,,,,
51685,2019,1555.6320767430288,1,7.349637222243227,,,,,,,,,
51685,2020,1572.294933656248,12,7.36029157222099,0.010654349977762934,1983.0,2182.0,12487.0,-199.0,14669.0,14669.0,-0.013566023587156589,0.1351830390619674
51685,2021,1678.875964498039,12,7.425879779719754,0.06558820749876393,1805.0,1950.0,11864.0,-145.0,13814.0,13814.0,-0.010496597654553352,0.1306645432170262
51685,2022,1841.422505292159,12,7.518293652616878,0.092413872897124,1594.0,1990.0,12555.0,-396.0,14545.0,14545.0,-0.027225850807837744,0.10959092471639739
51685,2023,1927.2135644924308,12,7.5638304897215285,0.04553683710465073,1723.0,2016.0,12827.0,-293.0,14843.0,14843.0,-0.019739944755103416,0.11608165465202452
51685,2024,2067.690910852627,12,7.6341877616204155,0.07035727189888696,,,,,,,,
51685,2025,2145.697183312083,12,7.671219805737345,0.03703204411692962,,,,,,,,
51685,2026,2128.0038274969215,4,7.662939649095689,-0.008280156641656156,,,,,,,,
51690,2026,909.3300726350774,2,6.812708144476949,,,,,,,,,
51700,2015,903.384422218492,12,6.806148179567839,,,,,,,,,
51700,2016,913.8698247465999,12,6.817688137620124,0.011539958052284582,,,,,,,,
51700,2017,929.2452236648127,12,6.834372669174711,0.0166845315545876,,,,,,,,
51700,2018,950.3020060750133,12,6.856779835206321,0.022407166031610082,,,,,,,,
51700,2019,982.3586327562576,12,6.889956448155582,0.03317661294926033,,,,,,,,
51700,2020,1030.5197912567744,12,6.93781860563544,0.04786215747985789,14370.0,17089.0,122354.0,-2719.0,139443.0,139443.0,-0.019499006762619852,0.10305286030851316
51700,2021,1196.0306630699313,12,7.086763572200266,0.1489449665648266,14174.0,16316.0,116702.0,-2142.0,133018.0,133018.0,-0.01610308379317085,0.10655700732231728
51700,2022,1330.4508166592827,12,7.19327312367607,0.10650955147580365,13670.0,15291.0,118691.0,-1621.0,133982.0,133982.0,-0.012098640115836456,0.10202863071158812
51700,2023,1379.86730699119,12,7.229742619173914,0.03646949549784395,13831.0,15435.0,120418.0,-1604.0,135853.0,135853.0,-0.011806879494748,0.10180857250115934
51700,2024,1450.9395631514124,12,7.2799666001569125,0.05022398098299874,,,,,,,,
51700,2025,1502.1460059431674,12,7.3146500352849175,0.03468343512800498,,,,,,,,
51700,2026,1571.1722698749693,4,7.359577288434125,0.04492725314920776,,,,,,,,
51710,2015,988.8438073841224,12,6.896536389306318,,,,,,,,,
51710,2016,1001.2279591199755,12,6.908982484776951,0.012446095470632912,,,,,,,,
51710,2017,1030.906159163552,12,6.93819346063445,0.029210975857498767,,,,,,,,
51710,2018,1067.2367278534487,12,6.972828089724202,0.034634629089752345,,,,,,,,
51710,2019,1113.1715708507688,12,7.01496849110318,0.0421404013789779,,,,,,,,
51710,2020,1172.322985035085,12,7.06674251667145,0.051774025568270154,19793.0,23433.0,139640.0,-3640.0,163073.0,163073.0,-0.022321291691451067,0.12137508968376126
51710,2021,1288.2800011373179,12,7.1610632752254,0.09432075855395006,18595.0,22191.0,133757.0,-3596.0,155948.0,155948.0,-0.02305896837407341,0.1192384641034191
51710,2022,1426.9760856205946,12,7.2633128588364775,0.10224958361107728,18413.0,21809.0,134642.0,-3396.0,156451.0,156451.0,-0.02170647678825958,0.11769180126685032
51710,2023,1502.8822498692778,12,7.315140043283622,0.05182718444714496,18835.0,21144.0,136314.0,-2309.0,157458.0,157458.0,-0.01466422792109642,0.11961920004064576
51710,2024,1579.9712308362275,12,7.3651619175237375,0.05002187424011506,,,,,,,,
51710,2025,1663.7296806152442,12,7.416817156631132,0.05165523910739456,,,,,,,,
51710,2026,1733.6521041645387,4,7.4579855052415,0.041168348610368,,,,,,,,
51730,2017,750.9919453621992,9,6.621394926489841,,,,,,,,,
51730,2018,771.870219818294,12,6.648816426849207,0.027421500359365858,,,,,,,,
51730,2019,825.2471501692337,11,6.71568291743347,0.06686649058426308,,,,,,,,
51730,2020,861.0830304952259,12,6.758190934731984,0.04250801729851439,3354.0,3686.0,19141.0,-332.0,22827.0,22827.0,-0.014544180137556402,0.1469312656065186
51730,2021,990.163958801063,12,6.897870544366563,0.13967960963457848,3211.0,3457.0,18423.0,-246.0,21880.0,21880.0,-0.011243144424131627,0.14675502742230348
51730,2022,1091.110618157553,12,6.99495137222176,0.09708082785519778,2962.0,3112.0,18867.0,-150.0,21979.0,21979.0,-0.006824696301014605,0.1347650029573684
51730,2023,1155.0217403511615,12,7.051874445593605,0.05692307337184488,3639.0,3382.0,18629.0,257.0,22011.0,22011.0,0.011675980191722321,0.16532642769524328
51730,2024,1245.651087344236,12,7.12741363392426,0.0755391883306551,,,,,,,,
51730,2025,1310.7133772785467,12,7.17832683078273,0.05091319685846951,,,,,,,,
51730,2026,1361.9664749250464,4,7.216684871814037,0.03835804103130691,,,,,,,,
51740,2015,939.0635164451595,12,6.844883119567204,,,,,,,,,
51740,2016,949.4963322327612,12,6.855931667404186,0.011048547836981726,,,,,,,,
51740,2017,977.5739567402294,12,6.885073948066807,0.02914228066262048,,,,,,,,
51740,2018,998.9743617441578,12,6.906729114399467,0.021655166332660514,,,,,,,,
51740,2019,1033.4987274522593,12,6.940705147821848,0.03397603342238131,,,,,,,,
51740,2020,1085.4151897199113,12,6.989717856113942,0.0490127082920937,8404.0,8926.0,63150.0,-522.0,72076.0,72076.0,-0.007242355291636606,0.11659914534657861
51740,2021,1189.2675246754852,12,7.081092871109209,0.09137501499526657,8140.0,8697.0,60307.0,-557.0,69004.0,69004.0,-0.008071995826328908,0.11796417598979769
51740,2022,1313.3206798923413,12,7.180314078977717,0.09922120786850819,7885.0,8373.0,60954.0,-488.0,69327.0,69327.0,-0.007039104533587203,0.11373635091667027
51740,2023,1413.6648422416563,12,7.2539407902432735,0.07362671126555664,7673.0,8139.0,61732.0,-466.0,69871.0,69871.0,-0.006669433670621574,0.10981666213450501
51740,2024,1479.3451340296417,12,7.299354791829325,0.045414001586051356,,,,,,,,
51740,2025,1569.4103169607124,12,7.358455233496611,0.059100441667285786,,,,,,,,
51740,2026,1614.2455086870004,4,7.386622949211859,0.028167715715248676,,,,,,,,
51750,2024,1201.272458734522,2,7.09113665624669,,,,,,,,,
51750,2025,1219.2344995336996,12,7.105978481393663,0.014841825146972631,,,,,,,,
51750,2026,1258.9608217792281,4,7.138041915036906,0.032063433643243044,,,,,,,,
51760,2015,960.6547445967329,12,6.867615077609701,,,,,,,,,
51760,2016,995.1565225992758,12,6.902900033931807,0.03528495632210671,,,,,,,,
51760,2017,1041.9507669777397,12,6.948849972615239,0.04594993868343167,,,,,,,,
51760,2018,1097.378084227334,12,7.000679053792449,0.051829081177209524,,,,,,,,
51760,2019,1151.6785089388964,12,7.048975730206319,0.048296676413870365,,,,,,,,
51760,2020,1203.1322214621803,12,7.092683619712416,0.04370788950609672,16617.0,19855.0,127479.0,-3238.0,147334.0,147334.0,-0.02197727612092253,0.11278455753593875
51760,2021,1291.8692831379133,12,7.163845505182246,0.07116188546982993,16842.0,19506.0,123265.0,-2664.0,142771.0,142771.0,-0.01865925152867179,0.11796513297518403
51760,2022,1441.735975823903,12,7.273603205258272,0.10975770007602659,16785.0,18668.0,128058.0,-1883.0,146726.0,146726.0,-0.012833444651936261,0.11439690307103036
51760,2023,1500.7830547720812,12,7.3137422873913644,0.04013908213309225,17905.0,18600.0,131091.0,-695.0,149691.0,149691.0,-0.004642897702600691,0.11961306959002212
51760,2024,1572.606579570164,12,7.360489763428966,0.04674747603760121,,,,,,,,
51760,2025,1637.2529470253255,12,7.400775084081472,0.04028532065250623,,,,,,,,
51760,2026,1672.7295816171572,4,7.422212051112359,0.021436967030886933,,,,,,,,
51770,2016,717.7353893956863,7,6.576100962675122,,,,,,,,,
51770,2017,721.1732857953693,12,6.580879449316672,0.004778486641550117,,,,,,,,
51770,2018,744.9714466614832,12,6.613345891016194,0.03246644169952173,,,,,,,,
51770,2019,784.5008452741063,12,6.665047649641093,0.05170175862489934,,,,,,,,
51770,2020,820.8853704046119,12,6.710383477785515,0.04533582814442205,6243.0,7335.0,66176.0,-1092.0,73511.0,73511.0,-0.01485491967188584,0.08492606548679789
51770,2021,902.5133971410875,12,6.805183534574517,0.09480005678900127,6123.0,7119.0,63619.0,-996.0,70738.0,70738.0,-0.014080126664593288,0.08655885097118945
51770,2022,1030.974089396126,12,6.938259352174607,0.13307581760009057,5619.0,6712.0,64809.0,-1093.0,71521.0,71521.0,-0.015282224801107367,0.07856433774695544
51770,2023,1099.9404454338844,12,7.003011316806161,0.06475196463155353,5926.0,6065.0,65930.0,-139.0,71995.0,71995.0,-0.0019306896312243907,0.08231127161608445
51770,2024,1166.879706230255,12,7.062088547479288,0.05907723067312709,,,,,,,,
51770,2025,1229.2914018764275,12,7.114193186323957,0.05210463884466954,,,,,,,,
51770,2026,1262.474620333428,4,7.140829058241257,0.02663587191729988,,,,,,,,
51775,2024,1425.4224413330292,10,7.262223498828381,,,,,,,,,
51775,2025,1488.5469208633237,11,7.305555702205118,0.043332203376737155,,,,,,,,
51775,2026,1486.2741839313585,4,7.3040277196514864,-0.0015279825536316238,,,,,,,,
51790,2023,1235.7120801257126,8,7.119402665999654,,1988.0,1859.0,17698.0,129.0,19557.0,19557.0,0.006596103696886025,0.10165158255356138
51790,2024,1281.9743150106651,12,7.156156602186825,0.03675393618717138,,,,,,,,
51790,2025,1341.637418423771,12,7.201646101014339,0.045489498827514296,,,,,,,,
51790,2026,1378.0551763579701,4,7.22842849167037,0.02678239065603094,,,,,,,,
51800,2015,1104.3943157703632,12,7.007052333148842,,,,,,,,,
51800,2016,1123.344608669441,12,7.024065772019117,0.01701343887027562,,,,,,,,
51800,2017,1147.295780923362,12,7.045162957402155,0.021097185383037953,,,,,,,,
51800,2018,1172.8593871032278,12,7.067199966875639,0.022037009473483415,,,,,,,,
51800,2019,1219.465937210255,12,7.106168285498968,0.03896831862332917,,,,,,,,
51800,2020,1273.5056621269011,12,7.149528740524195,0.04336045502522712,8686.0,7472.0,69171.0,1214.0,76643.0,76643.0,0.015839672246650054,0.11333063684876636
51800,2021,1409.7184783763494,12,7.251145302711365,0.10161656218716963,8906.0,7379.0,66776.0,1527.0,74155.0,74155.0,0.020592003236464162,0.12009979097835614
51800,2022,1561.5815896693277,12,7.353454426187007,0.10230912347564214,9016.0,7079.0,69620.0,1937.0,76699.0,76699.0,0.025254566552367044,0.11755042438623711
51800,2023,1620.1665606771096,12,7.39028423817409,0.036829811987082905,8240.0,7040.0,73151.0,1200.0,80191.0,80191.0,0.014964272798693121,0.10275467321769276
51800,2024,1720.7382283338582,12,7.450508680246129,0.06022444207203925,,,,,,,,
51800,2025,1844.9923007715126,12,7.5202303834423505,0.06972170319622162,,,,,,,,
51800,2026,1916.1066450441472,4,7.558050617234518,0.03782023379216781,,,,,,,,
51810,2015,1186.5296676916635,12,7.078788079938826,,,,,,,,,
51810,2016,1200.9460898792022,12,7.090864933378248,0.012076853439422663,,,,,,,,
51810,2017,1232.9386462626578,12,7.1171557422041944,0.026290808825946144,,,,,,,,
51810,2018,1262.0002612245023,12,7.1404532500936115,0.02329750788941709,,,,,,,,
51810,2019,1302.648889317468,12,7.172155077511066,0.03170182741745453,,,,,,,,
51810,2020,1357.0410928105732,12,7.213061941477019,0.04090686396595267,31703.0,34108.0,341585.0,-2405.0,375693.0,375693.0,-0.006401503355133047,0.08438538913421331
51810,2021,1537.7092401234447,12,7.338049081558314,0.12498714008129497,30006.0,33915.0,326142.0,-3909.0,360057.0,360057.0,-0.010856614369391513,0.08333680500587407
51810,2022,1688.5843697731789,12,7.431645805869676,0.09359672431136268,28487.0,32569.0,332096.0,-4082.0,364665.0,364665.0,-0.011193835438004745,0.07811827293543389
51810,2023,1764.73118821103,12,7.47575365647151,0.044107850601833754,28105.0,30582.0,338531.0,-2477.0,369113.0,369113.0,-0.006710682094643104,0.07614199445698201
51810,2024,1837.6929028369477,12,7.516266206712612,0.04051255024110212,,,,,,,,
51810,2025,1925.801421848473,12,7.563097483121662,0.046831276409049494,,,,,,,,
51810,2026,1987.485386768038,4,7.594625493931916,0.03152801081025469,,,,,,,,
51820,2024,1369.728413362877,12,7.22236776074908,,,,,,,,,
51820,2025,1411.949897562861,12,7.252726934111219,0.03035917336213867,,,,,,,,
51820,2026,1485.4373243975124,4,7.303464502425573,0.0507375683143545,,,,,,,,
51830,2023,1879.4186399683033,3,7.538717773941871,,1768.0,1547.0,7214.0,221.0,8761.0,8761.0,0.02522543088688506,0.20180344709508047
51830,2024,1863.668192894335,12,7.530301971296316,-0.008415802645554749,,,,,,,,
51830,2025,1918.9069606522362,12,7.559511011587032,0.02920904029071636,,,,,,,,
51830,2026,1959.038627228638,4,7.580209135579977,0.020698123992945128,,,,,,,,
51840,2022,1348.6081034437946,10,7.206828305064717,,2351.0,2614.0,18900.0,-263.0,21514.0,21514.0,-0.012224597936227573,0.10927767965046016
51840,2023,1415.235154210615,12,7.255050982991137,0.04822267792641988,2480.0,2598.0,19268.0,-118.0,21866.0,21866.0,-0.005396505991036312,0.11341809201500046
51840,2024,1503.247671065109,12,7.315383160651962,0.06033217766082455,,,,,,,,
51840,2025,1574.412745058199,12,7.361637621449547,0.04625446079758522,,,,,,,,
51840,2026,1590.363259014018,4,7.371717733908862,0.01008011245931506,,,,,,,,
53005,2016,1008.5454541794319,12,6.916264427453888,,,,,,,,,
53005,2017,1070.1550832773335,12,6.975558854595874,0.059294427141986183,,,,,,,,
53005,2018,1108.224567041259,12,7.010514524605923,0.0349556700100484,,,,,,,,
53005,2019,1156.1498970949235,12,7.052850709593289,0.042336184987366465,,,,,,,,
53005,2020,1198.7370329148632,12,7.0890238089669735,0.03617309937368418,12711.0,11104.0,167016.0,1607.0,178120.0,178120.0,0.009022007635302044,0.0713620031439479
53005,2021,1343.491271753157,12,7.203026931386253,0.11400312241927946,12146.0,11153.0,158846.0,993.0,169999.0,169999.0,0.005841210830651945,0.07144747910281825
53005,2022,1467.1456526208192,12,7.2910740592545435,0.08804712786829061,11574.0,10537.0,163790.0,1037.0,174327.0,174327.0,0.0059485908665898,0.06639246932488943
53005,2023,1555.6929004941742,12,7.349676320538389,0.058602261283845714,11051.0,9981.0,168908.0,1070.0,178889.0,178889.0,0.00598136274449519,0.06177573802749191
53005,2024,1589.4398652165748,12,7.371136947119666,0.021460626581276898,,,,,,,,
53005,2025,1640.0697589496287,12,7.402494055858512,0.03135710873884623,,,,,,,,
53005,2026,1647.091290480333,4,7.406766156984189,0.004272101125676997,,,,,,,,
53007,2021,1511.1341098825467,9,7.320615714047319,,4799.0,4392.0,62888.0,407.0,67280.0,67280.0,0.006049346016646849,0.07132877526753864
53007,2022,1648.0490297588613,12,7.407347461094133,0.08673174704681408,4601.0,4434.0,64787.0,167.0,69221.0,69221.0,0.0024125626616200288,0.06646826830008234
53007,2023,1668.5594027737272,12,7.41971590005916,0.012368438965026485,4285.0,4156.0,66263.0,129.0,70419.0,70419.0,0.001831891960976441,0.06085005467274457
53007,2024,1712.129894233185,12,7.4454934266232495,0.025777526564089825,,,,,,,,
53007,2025,1727.773187269072,12,7.454588683381564,0.009095256758314463,,,,,,,,
53007,2026,1723.7231721862495,4,7.452241865352604,-0.002346818028960307,,,,,,,,
53009,2023,1947.979815882811,9,7.574548122692337,,3395.0,2826.0,59024.0,569.0,61850.0,61850.0,0.00919967663702506,0.05489086499595796
53009,2024,2024.2263109504972,12,7.612942837867389,0.038394715175051886,,,,,,,,
53009,2025,2117.638247010635,12,7.658056712239507,0.04511387437211756,,,,,,,,
53009,2026,2141.9033417630926,4,7.669450124762206,0.011393412522699542,,,,,,,,
53011,2015,1101.182306228143,12,7.004139705420643,,,,,,,,,
53011,2016,1189.258817770423,12,7.0810855498490595,0.07694584442841634,,,,,,,,
53011,2017,1265.644121443969,12,7.143336458482183,0.0622509086331231,,,,,,,,
53011,2018,1311.228503669289,12,7.178719765806282,0.035383307324099,,,,,,,,
53011,2019,1366.5675581635016,12,7.220057442977752,0.04133767717147041,,,,,,,,
53011,2020,1414.0865672520122,12,7.2542390661186325,0.03418162314088047,28452.0,23306.0,408570.0,5146.0,431876.0,431876.0,0.01191545721457085,0.06588002111717252
53011,2021,1575.9523558491062,12,7.362615038900645,0.10837597278201283,28269.0,25073.0,389058.0,3196.0,414131.0,414131.0,0.007717364795197655,0.06826100919757275
53011,2022,1739.8960587527208,12,7.461580654075277,0.09896561517463187,26970.0,24773.0,399827.0,2197.0,424600.0,424600.0,0.00517428167687235,0.06351860574658502
53011,2023,1783.895328013288,12,7.4865546387803565,0.02497398470507939,24601.0,22639.0,412559.0,1962.0,435198.0,435198.0,0.004508292777080777,0.05652829286899296
53011,2024,1782.1179615501242,12,7.48555780199596,-0.0009968367843962156,,,,,,,,
53011,2025,1827.7862903175692,12,7.510860836163056,0.025303034167095895,,,,,,,,
53011,2026,1833.9674494025674,4,7.514236904241548,0.0033760680784915564,,,,,,,,
53015,2022,1284.4313316947685,11,7.158071355949882,,5859.0,4978.0,84320.0,881.0,89298.0,89298.0,0.009865842460077493,0.06561177182019753
53015,2023,1329.2334464149503,12,7.192357698979803,0.03428634302992162,5261.0,4568.0,86613.0,693.0,91181.0,91181.0,0.007600267599609568,0.0576984240137748
53015,2024,1348.6917085989057,12,7.20689029680532,0.01453259782551708,,,,,,,,
53015,2025,1404.0386623025888,12,7.24710812145917,0.04021782465384938,,,,,,,,
53015,2026,1422.668241530303,4,7.260289430732985,0.01318130927381489,,,,,,,,
53017,2024,2128.205152911947,8,7.663034252258317,,,,,,,,,
53017,2025,2183.545791942846,12,7.688705344513746,0.025671092255429073,,,,,,,,
53017,2026,2236.2063432858436,4,7.712536112345433,0.023830767831686472,,,,,,,,
53021,2019,1209.455197947247,10,7.0979252875676115,,,,,,,,,
53021,2020,1270.6614217868341,12,7.147292848437575,0.04936756086996308,6447.0,6221.0,79462.0,226.0,85683.0,85683.0,0.002637629401398177,0.0752424634991772
53021,2021,1391.0840832718811,12,7.237838638171213,0.09054578973363814,6007.0,6098.0,74358.0,-91.0,80456.0,80456.0,-0.0011310529979119022,0.07466192701600875
53021,2022,1559.7696909813483,12,7.352293455358298,0.11445481718708539,5384.0,5931.0,76435.0,-547.0,82366.0,82366.0,-0.006641089770050749,0.06536677755384503
53021,2023,1669.602863704884,12,7.420341070965691,0.06804761560739259,5220.0,5349.0,78340.0,-129.0,83689.0,83689.0,-0.0015414212142575488,0.062373788669956624
53021,2024,1727.5822293446454,12,7.454478154708477,0.034137083742786345,,,,,,,,
53021,2025,1773.1607138839436,12,7.480518947134792,0.02604079242631485,,,,,,,,
53021,2026,1796.314278423676,4,7.49349222153999,0.012973274405197799,,,,,,,,
53025,2015,843.0375373781968,1,6.7370114853357626,,,,,,,,,
53025,2016,870.5484378118222,12,6.769123401326846,0.03211191599108343,,,,,,,,
53025,2017,935.0151628399061,12,6.84056274609827,0.07143934477142366,,,,,,,,
53025,2018,976.4130514966014,12,6.883885705386249,0.04332295928797958,,,,,,,,
53025,2019,1023.9095985648065,12,6.931383519050755,0.04749781366450545,,,,,,,,
53025,2020,1099.3572429931462,12,7.002480963450654,0.07109744439989907,4678.0,4108.0,83623.0,570.0,87731.0,87731.0,0.006497133282420125,0.053322086833616396
53025,2021,1204.4918382640287,12,7.0938130459954625,0.09133208254480873,4925.0,4250.0,78468.0,675.0,82718.0,82718.0,0.008160255325322179,0.05953964070698034
53025,2022,1337.799930158098,12,7.198781700477772,0.10496865448230963,4550.0,4304.0,81668.0,246.0,85972.0,85972.0,0.0028613967338203135,0.05292420788163588
53025,2023,1449.8427593762153,12,7.279210387724875,0.08042868724710317,4350.0,4110.0,83441.0,240.0,87551.0,87551.0,0.002741259380246942,0.04968532626697582
53025,2024,1512.5647716443664,12,7.321562013215746,0.04235162549087068,,,,,,,,
53025,2025,1515.1569274402864,12,7.323274295048012,0.0017122818322663491,,,,,,,,
53025,2026,1496.1237183408668,4,7.310632854540727,-0.012641440507285218,,,,,,,,
53027,2022,1205.5979705683676,7,7.094730963973417,,3830.0,3213.0,52456.0,617.0,55669.0,55669.0,0.011083367763027896,0.06879951139772585
53027,2023,1277.2984557060502,12,7.152502545018055,0.057771581044637976,3401.0,2900.0,53776.0,501.0,56676.0,56676.0,0.008839720516620792,0.060007763427200225
53027,2024,1315.1283473542323,12,7.181689542399793,0.029186997381738244,,,,,,,,
53027,2025,1373.7719259986345,12,7.225315466281004,0.043625923881211115,,,,,,,,
53027,2026,1391.875334206552,4,7.238407278124079,0.01309181184307473,,,,,,,,
53029,2015,956.4765910791451,12,6.863256315061898,,,,,,,,,
53029,2016,1093.5686505054082,12,6.997201618672416,0.13394530361051782,,,,,,,,
53029,2017,1211.2154166619173,12,7.09937961102186,0.10217799234944369,,,,,,,,
53029,2018,1282.2703236402024,12,7.156387476126379,0.05700786510451916,,,,,,,,
53029,2019,1332.8063569569738,12,7.195042041026785,0.03865456490040575,,,,,,,,
53029,2020,1386.8166703432883,12,7.23476623446496,0.03972419343817535,8004.0,7187.0,65917.0,817.0,73104.0,73104.0,0.011175859050120376,0.10948785292186473
53029,2021,1523.2628775609644,12,7.328609943096456,0.09384370863149627,7373.0,7621.0,63499.0,-248.0,71120.0,71120.0,-0.003487064116985377,0.10366985376827896
53029,2022,1655.7577463081352,12,7.412014035782733,0.08340409268627713,6897.0,7035.0,64979.0,-138.0,72014.0,72014.0,-0.0019162940539339574,0.095773044130308
53029,2023,1774.3606453532514,12,7.481195437221,0.06918140143826701,6684.0,6623.0,66617.0,61.0,73240.0,73240.0,0.0008328782086291644,0.09126160567995631
53029,2024,1857.1037319352838,12,7.526773419746977,0.04557798252597678,,,,,,,,
53029,2025,1941.1788543986513,12,7.571050724415195,0.04427730466821789,,,,,,,,
53029,2026,1992.2118084220542,4,7.5970007620211035,0.025950037605908527,,,,,,,,
53031,2026,2480.187319965387,3,7.81608936855072,,,,,,,,,
53033,2015,1521.2882762537263,12,7.327312805039419,,,,,,,,,
53033,2016,1632.8773409538742,12,7.398098977445062,0.07078617240564267,,,,,,,,
53033,2017,1734.701905662083,12,7.458590865321025,0.060491887875962824,,,,,,,,
53033,2018,1782.0507694669222,12,7.485520097785929,0.026929232464904196,,,,,,,,
53033,2019,1845.6726232379553,12,7.520599055477421,0.03507895769149183,,,,,,,,
53033,2020,1860.3071787141887,12,7.52849690291785,0.00789784744042965,97510.0,120715.0,1786567.0,-23205.0,1907282.0,1907282.0,-0.01216652807503033,0.05112510892463726
53033,2021,1904.2584365801074,12,7.551847939638308,0.023351036720457685,94966.0,127129.0,1706008.0,-32163.0,1833137.0,1833137.0,-0.017545333491168418,0.05180518422791095
53033,2022,2109.2545739518214,12,7.6540898815638645,0.10224194192555647,97833.0,122342.0,1732828.0,-24509.0,1855170.0,1855170.0,-0.01321118819299579,0.05273532883778845
53033,2023,2137.239183515133,12,7.667270173957816,0.013180292393951909,92253.0,105256.0,1775375.0,-13003.0,1880631.0,1880631.0,-0.006914168701887824,0.04905428018574617
53033,2024,2197.574426108534,12,7.695109497522113,0.027839323564296414,,,,,,,,
53033,2025,2254.7604555937974,12,7.720799018176122,0.025689520654009534,,,,,,,,
53033,2026,2251.9088719270876,4,7.719533523044337,-0.0012654951317854213,,,,,,,,
53035,2015,1070.8735142367718,12,6.9762299628540605,,,,,,,,,
53035,2016,1162.8501550810486,12,7.058629300779156,0.08239933792509557,,,,,,,,
53035,2017,1257.7589454271722,12,7.137086801591949,0.07845750081279323,,,,,,,,
53035,2018,1348.365822836176,12,7.206648636580785,0.06956183498883561,,,,,,,,
53035,2019,1440.274293571971,12,7.272588856077923,0.06594021949713813,,,,,,,,
53035,2020,1500.3648421150554,12,7.313463585591852,0.0408747295139289,17811.0,18593.0,212755.0,-782.0,231348.0,231348.0,-0.0033801891522727665,0.07698791431090825
53035,2021,1708.3517798517848,12,7.443284313242222,0.12982072765036978,17576.0,17437.0,204451.0,139.0,221888.0,221888.0,0.0006264421690222094,0.07921113354485146
53035,2022,1844.0805856527434,12,7.519736104708695,0.0764517914664733,17025.0,17139.0,208256.0,-114.0,225395.0,225395.0,-0.0005057787439827858,0.07553406242374498
53035,2023,1826.991415447629,12,7.510425857651931,-0.009310247056763643,16263.0,15115.0,215068.0,1148.0,230183.0,230183.0,0.004987336162965988,0.07065248085219152
53035,2024,1917.603894061829,12,7.558831713813685,0.048405856161753746,,,,,,,,
53035,2025,1991.5841106478772,12,7.596685636551766,0.03785392273808075,,,,,,,,
53035,2026,2005.5744302639769,4,7.603685797592478,0.007000161040711994,,,,,,,,
53037,2022,1502.43818603246,10,7.314844524819272,,2762.0,2605.0,31571.0,157.0,34176.0,34176.0,0.004593867041198502,0.08081694756554307
53037,2023,1532.3758766676917,12,7.334574670512355,0.019730145693082513,2700.0,2367.0,32874.0,333.0,35241.0,35241.0,0.009449221077721972,0.07661530603558356
53037,2024,1581.3607639700886,12,7.366040998383089,0.03146632787073411,,,,,,,,
53037,2025,1606.9174704370146,12,7.38207300812565,0.016032009742560582,,,,,,,,
53037,2026,1625.3219647226404,4,7.3934612072752675,0.011388199149617861,,,,,,,,
53039,2025,1765.1365931173875,6,7.475983356241164,,,,,,,,,
53039,2026,1742.7571312435632,4,7.463223696306817,-0.012759659934347134,,,,,,,,
53041,2023,1342.0001778144774,8,7.201916450031229,,4311.0,3612.0,64574.0,699.0,68186.0,68186.0,0.010251371249230047,0.0632241222538351
53041,2024,1376.2661448824156,12,7.22712941903614,0.025212969004910768,,,,,,,,
53041,2025,1451.8742252941227,12,7.280610569934603,0.05348115089846317,,,,,,,,
53041,2026,1469.4808772550605,4,7.292664472678051,0.012053902743447864,,,,,,,,
53045,2024,1604.886234179408,10,7.380808150920649,,,,,,,,,
53045,2025,1663.0831616034147,12,7.4164284849200195,0.035620333999370146,,,,,,,,
53045,2026,1694.804744687849,4,7.435322818304686,0.01889433338466695,,,,,,,,
53049,2026,1523.6735840071683,2,7.328879529583652,,,,,,,,,
53053,2015,1011.3356598403947,12,6.919027171673181,,,,,,,,,
53053,2016,1084.4719560963872,12,6.988848471100299,0.0698212994271179,,,,,,,,
53053,2017,1181.3501441177423,12,7.074413253303588,0.08556478220328856,,,,,,,,
53053,2018,1270.3035983041843,12,7.147011204666657,0.07259795136306924,,,,,,,,
53053,2019,1347.535333669844,12,7.20603252408675,0.05902131942009348,,,,,,,,
53053,2020,1426.956486503258,12,7.263299124021907,0.057266599935156925,58156.0,56261.0,704269.0,1895.0,760530.0,760530.0,0.002491683431291336,0.07646772645392029
53053,2021,1593.2022214192193,12,7.373501245619359,0.11020212159745135,56151.0,58311.0,677139.0,-2160.0,735450.0,735450.0,-0.0029369773607995104,0.07634917397511727
53053,2022,1735.0770335868372,12,7.458807091157185,0.08530584553782639,53778.0,55948.0,689858.0,-2170.0,745806.0,745806.0,-0.0029096038379954037,0.07210722359433955
53053,2023,1765.7681115859777,12,7.47634106539966,0.017533974242474493,49197.0,48618.0,708281.0,579.0,756899.0,756899.0,0.0007649633570661343,0.0649981041063603
53053,2024,1822.6956714334176,12,7.508071822417851,0.031730757018191724,,,,,,,,
53053,2025,1884.7263675613713,12,7.541537926247513,0.033466103829661975,,,,,,,,
53053,2026,1911.9105930325445,4,7.555858331551776,0.014320405304262707,,,,,,,,
53057,2018,1346.8368561846974,8,7.205514052656988,,,,,,,,,
53057,2019,1398.8399335599267,12,7.243398553223191,0.03788450056620274,,,,,,,,
53057,2020,1496.607376677619,12,7.310956076591493,0.06755752336830234,7732.0,6301.0,103059.0,1431.0,109360.0,109360.0,0.013085223116313095,0.07070226773957572
53057,2021,1659.9896977805145,11,7.414566675175014,0.10361059858352117,6691.0,6567.0,99023.0,124.0,105590.0,105590.0,0.0011743536319727247,0.06336774315749598
53057,2022,1852.8940667730797,12,7.524504056153111,0.10993738097809658,6722.0,6308.0,100862.0,414.0,107170.0,107170.0,0.003863021367920127,0.06272277689651955
53057,2023,1922.006229250538,12,7.56112483055024,0.03662077439712874,6096.0,5769.0,103038.0,327.0,108807.0,108807.0,0.003005321348810279,0.05602580716314208
53057,2024,2016.305496975747,12,7.6090221539090965,0.04789732335885688,,,,,,,,
53057,2025,2041.0879431553747,12,7.621238250149761,0.012216096240664776,,,,,,,,
53057,2026,2110.956763428325,4,7.654896566079274,0.03365831592951274,,,,,,,,
53061,2015,1255.5229596090169,12,7.135307465653861,,,,,,,,,
53061,2016,1353.1963957041194,12,7.210224773367771,0.07491730771390959,,,,,,,,
53061,2017,1450.539373105289,12,7.279690747698596,0.06946597433082502,,,,,,,,
53061,2018,1524.8687103906293,12,7.329663593788294,0.04997284608969821,,,,,,,,
53061,2019,1593.2067733822212,12,7.373504102730928,0.04384050894263414,,,,,,,,
53061,2020,1645.350883507945,12,7.405708943497956,0.032204840767027676,43566.0,41263.0,660226.0,2303.0,701489.0,701489.0,0.003283016554785606,0.062105036572205695
53061,2021,1774.5802109364524,12,7.4813191730579005,0.07561022955994456,44206.0,43487.0,635607.0,719.0,679094.0,679094.0,0.0010587635879568955,0.06509555378195066
53061,2022,1963.20068235277,12,7.582331421528291,0.10101224847039081,42126.0,43982.0,649422.0,-1856.0,693404.0,693404.0,-0.0026766502644922727,0.06075246176831977
53061,2023,2031.4688993547845,12,7.616514406107929,0.034182984579637754,37969.0,37080.0,667820.0,889.0,704900.0,704900.0,0.0012611717974180736,0.05386437792594694
53061,2024,2096.09585032612,12,7.647831774512767,0.031317368404837786,,,,,,,,
53061,2025,2138.299242246218,12,7.6677660454234635,0.01993427091069666,,,,,,,,
53061,2026,2147.709442759042,4,7.672157177744963,0.004391132321499569,,,,,,,,
53063,2015,767.4291042932426,12,6.643046102938412,,,,,,,,,
53063,2016,818.4694492745572,12,6.707436070854422,0.0643899679160107,,,,,,,,
53063,2017,883.9211864745627,12,6.784367903091288,0.07693183223686528,,,,,,,,
53063,2018,960.8047650039183,12,6.8677712301663805,0.0834033270750929,,,,,,,,
53063,2019,1025.3897782340644,12,6.932828090735514,0.06505686056913351,,,,,,,,
53063,2020,1095.2720417221258,12,6.998758051323395,0.06592996058788092,23624.0,20429.0,413419.0,3195.0,433848.0,433848.0,0.00736433036455164,0.054452250557799044
53063,2021,1301.1258344294324,12,7.170985195149238,0.17222714382584314,23649.0,21214.0,401632.0,2435.0,422846.0,422846.0,0.00575859769277704,0.055928162971862094
53063,2022,1428.7652288940433,12,7.264565873945683,0.09358067879644505,22520.0,20951.0,410864.0,1569.0,431815.0,431815.0,0.003633500457371791,0.05215196322499219
53063,2023,1445.8396144772212,12,7.27644547988458,0.011879605938896809,19859.0,19540.0,422364.0,319.0,441904.0,441904.0,0.0007218762446142148,0.044939624895904993
53063,2024,1473.869146046735,12,7.295646294077728,0.01920081419314812,,,,,,,,
53063,2025,1507.1295079750043,12,7.317962132541904,0.022315838464176174,,,,,,,,
53063,2026,1522.5256047996263,4,7.328125817045019,0.010163684503115,,,,,,,,
53067,2015,1064.7388599383746,12,6.970484846140817,,,,,,,,,
53067,2016,1122.2893333393151,12,7.023125925690592,0.05264107954977515,,,,,,,,
53067,2017,1213.806068632508,12,7.101516213086494,0.07839028739590237,,,,,,,,
53067,2018,1295.2363904684134,12,7.166448498377324,0.06493228529082984,,,,,,,,
53067,2019,1373.766978873755,12,7.225311865149191,0.058863366771866765,,,,,,,,
53067,2020,1471.2905441645423,12,7.293895215825737,0.06858335067654586,21882.0,19668.0,227852.0,2214.0,247520.0,247520.0,0.008944731738849385,0.08840497737556562
53067,2021,1657.1104608473952,12,7.412830678359408,0.11893546253367138,21074.0,20262.0,220769.0,812.0,241031.0,241031.0,0.003368861266808004,0.08743273686787177
53067,2022,1810.1374871157784,12,7.501158081107551,0.08832740274814288,20141.0,20357.0,225189.0,-216.0,245546.0,245546.0,-0.0008796722406392284,0.08202536388293843
53067,2023,1853.1351525937432,12,7.524634160805143,0.023476079697592134,19030.0,17446.0,232113.0,1584.0,249559.0,249559.0,0.006347196454545819,0.07625451296086297
53067,2024,1912.6268897517493,12,7.556232911082401,0.03159875027725789,,,,,,,,
53067,2025,1976.7322950502792,12,7.589200404315645,0.03296749323324377,,,,,,,,
53067,2026,2002.1127078181576,4,7.601958255901982,0.012757851586337132,,,,,,,,
53071,2022,1344.2881842159934,11,7.203619920877573,,2694.0,2758.0,44574.0,-64.0,47332.0,47332.0,-0.0013521507648102764,0.05691709625623257
53071,2023,1423.697870975889,12,7.261012900202335,0.05739297932476184,2443.0,2511.0,45404.0,-68.0,47915.0,47915.0,-0.001419179797558176,0.05098612125639153
53071,2024,1454.5480451493004,12,7.282450509462106,0.02143760925977123,,,,,,,,
53071,2025,1485.6488657446496,12,7.303606902432814,0.021156392970707927,,,,,,,,
53071,2026,1502.7387101065199,4,7.315044529068904,0.011437626636089604,,,,,,,,
53073,2015,1030.8883803910296,12,6.93817621471379,,,,,,,,,
53073,2016,1101.7048906968191,12,7.004614159563559,0.06643794484976873,,,,,,,,
53073,2017,1189.7041013306641,12,7.0814599008419785,0.07684574127841959,,,,,,,,
53073,2018,1286.3182138095444,12,7.159539318830136,0.07807941798815765,,,,,,,,
53073,2019,1368.8963693737335,12,7.221760124376263,0.062220805546126634,,,,,,,,
53073,2020,1455.7345080217892,12,7.283265868738425,0.061505744362162496,9573.0,8893.0,172866.0,680.0,181759.0,181759.0,0.0037412177663829578,0.05266864364350596
53073,2021,1605.3870207656994,12,7.381120140929339,0.09785427219091414,9837.0,9326.0,166862.0,511.0,176188.0,176188.0,0.002900311031398279,0.05583240629327763
53073,2022,1783.1957983804252,12,7.486162425844357,0.10504228491501788,9740.0,9521.0,171230.0,219.0,180751.0,180751.0,0.0012116115540162986,0.05388628555305365
53073,2023,1884.4345280403165,12,7.541383069753072,0.05522064390871506,9370.0,8403.0,175651.0,967.0,184054.0,184054.0,0.005253892879263694,0.050908972366805395
53073,2024,1939.1308416069558,12,7.569995131876293,0.028612062123220205,,,,,,,,
53073,2025,1992.7580547679047,12,7.597274915336198,0.027279783459905005,,,,,,,,
53073,2026,2020.1406447193863,4,7.610922414070172,0.01364749873397475,,,,,,,,
53075,2022,1144.7231130304563,5,7.042918064063697,,2730.0,3052.0,25841.0,-322.0,28893.0,28893.0,-0.01114456788841588,0.09448655383656941
53075,2023,1188.7423586487687,12,7.080651185783225,0.03773312171952803,2811.0,2923.0,26718.0,-112.0,29641.0,29641.0,-0.0037785499814446204,0.09483485712357882
53075,2024,1230.9977229038498,12,7.115580276388957,0.034929090605731794,,,,,,,,
53075,2025,1281.236733284619,12,7.155581088323545,0.04000081193458804,,,,,,,,
53075,2026,1306.9337795680392,4,7.175439046363642,0.019857958040097046,,,,,,,,
53077,2022,1087.210370415053,12,6.991370401436633,,6128.0,7202.0,206429.0,-1074.0,213631.0,213631.0,-0.005027360261385286,0.028684975495129453
53077,2023,1142.5811875790089,12,7.041045181581923,0.04967478014529014,5532.0,6742.0,208647.0,-1210.0,215389.0,215389.0,-0.005617742781664802,0.025683762866255937
53077,2024,1202.7206580450259,12,7.092341484559701,0.051296302977777763,,,,,,,,
53077,2025,1243.7665694121472,12,7.125899610524484,0.0335581259647828,,,,,,,,
53077,2026,1255.0721737892507,4,7.1349483589077245,0.009048748383240657,,,,,,,,
54003,2015,1015.8506685004928,12,6.923481637513485,,,,,,,,,
54003,2016,1031.4968473700253,12,6.938766276151838,0.015284638638352277,,,,,,,,
54003,2017,1073.3159153083777,12,6.978508121765108,0.03974184561327032,,,,,,,,
54003,2018,1107.2417637746269,12,7.009627304324187,0.031119182559079306,,,,,,,,
54003,2019,1147.7445072117105,12,7.045553997416909,0.035926693092721784,,,,,,,,
54003,2020,1207.492670856595,12,7.096301315824328,0.05074731840741897,8029.0,5667.0,95142.0,2362.0,100809.0,100809.0,0.023430447678282694,0.07964566655754943
54003,2021,1342.4151064927303,12,7.202225588996413,0.10592427317208486,8275.0,5718.0,93306.0,2557.0,99024.0,99024.0,0.025822022943932783,0.08356560025852319
54003,2022,1498.5043167264084,12,7.312222767450873,0.10999717845446,8248.0,5593.0,98269.0,2655.0,103862.0,103862.0,0.025562765977932257,0.07941306733935415
54003,2023,1564.1411445500669,12,7.355092162909344,0.042869395458470905,7919.0,5602.0,103832.0,2317.0,109434.0,109434.0,0.021172578906007274,0.07236325090922383
54003,2024,1629.523294207148,12,7.396042793485134,0.04095063057579029,,,,,,,,
54003,2025,1699.404839811886,12,7.438033374518714,0.041990581033579666,,,,,,,,
54003,2026,1737.6333028473873,4,7.460279295559282,0.022245921040568106,,,,,,,,
54011,2017,695.2277756976664,12,6.544239526688254,,,,,,,,,
54011,2018,714.2111330871934,12,6.571178623231507,0.026939096543252994,,,,,,,,
54011,2019,733.7351404615492,12,6.5981481194367975,0.026969496205290433,,,,,,,,
54011,2020,762.4702686697009,12,6.636563515812774,0.03841539637597613,3851.0,4508.0,61640.0,-657.0,66148.0,66148.0,-0.009932273084598174,0.058217935538489446
54011,2021,801.567274696372,12,6.686568904517662,0.050005388704888354,3846.0,4252.0,59838.0,-406.0,64090.0,64090.0,-0.006334841628959276,0.060009361834919644
54011,2022,855.6229583335312,12,6.751829809870144,0.06526090535248219,3525.0,4013.0,61151.0,-488.0,65164.0,65164.0,-0.00748879749554969,0.05409428518814069
54011,2023,894.6165135836771,12,6.796395150009776,0.04456534013963154,3883.0,3973.0,61959.0,-90.0,65932.0,65932.0,-0.0013650427713401687,0.05889401201237639
54011,2024,936.3575445610733,12,6.841997395589631,0.045602245579855705,,,,,,,,
54011,2025,986.7269747607014,12,6.894393379850336,0.05239598426070469,,,,,,,,
54011,2026,1032.5479853727043,4,6.939784798692505,0.04539141884216935,,,,,,,,
54025,2026,1131.238257850206,2,7.031068115159343,,,,,,,,,
54029,2026,775.0,1,6.652863029353347,,,,,,,,,
54033,2021,837.4302711950219,5,6.730338001958458,,2444.0,2499.0,49245.0,-55.0,51744.0,51744.0,-0.0010629251700680273,0.047232529375386516
54033,2022,879.7025117940634,12,6.779583795539381,0.049245793580922737,2329.0,2386.0,50160.0,-57.0,52546.0,52546.0,-0.0010847638259810452,0.044323069310699195
54033,2023,938.1973827612755,12,6.84396035625209,0.06437656071270936,2350.0,2117.0,51139.0,233.0,53256.0,53256.0,0.0043750938861348955,0.04412648340093135
54033,2024,985.2684793929343,12,6.892914171943812,0.04895381569172219,,,,,,,,
54033,2025,1035.2775502618174,12,6.942424834253967,0.049510662310154885,,,,,,,,
54033,2026,1042.6826125530865,4,6.949552106249478,0.007127271995511109,,,,,,,,
54037,2023,1833.5901014339743,7,7.514031128073243,,3971.0,2992.0,46066.0,979.0,49058.0,49058.0,0.019955970483916997,0.08094500387296669
54037,2024,1895.16278068082,12,7.547060013922744,0.033028885849501144,,,,,,,,
54037,2025,1965.1758344717625,12,7.5833370034917165,0.03627698956897252,,,,,,,,
54037,2026,2006.0656697494808,4,7.603930704650794,0.020593701159077327,,,,,,,,
54039,2018,848.6086822288879,11,6.743598163954264,,,,,,,,,
54039,2019,861.9766850166048,12,6.75922822275336,0.01563005879909607,,,,,,,,
54039,2020,887.7176901731199,12,6.7886537759743035,0.029425553220943534,5539.0,6526.0,131480.0,-987.0,138006.0,138006.0,-0.007151862962479892,0.040135936118719476
54039,2021,918.0207666722946,12,6.8222200120120045,0.033566236037700925,5345.0,6190.0,125669.0,-845.0,131859.0,131859.0,-0.006408360445627526,0.04053572376553743
54039,2022,970.1489734754656,12,6.877449640607631,0.055229628595626856,5484.0,5869.0,127882.0,-385.0,133751.0,133751.0,-0.002878483151527839,0.0410015626051394
54039,2023,1023.0706135324072,12,6.930563789505328,0.05311414889769672,5280.0,5730.0,128910.0,-450.0,134640.0,134640.0,-0.0033422459893048127,0.0392156862745098
54039,2024,1077.6683764481156,12,6.982555075614786,0.051991286109458024,,,,,,,,
54039,2025,1151.2456084239395,12,7.04859977294677,0.06604469733198393,,,,,,,,
54039,2026,1186.5487566748802,4,7.078804167888572,0.03020439494180227,,,,,,,,
54049,2023,964.1538572506946,3,6.8712508848325005,,2101.0,1947.0,42243.0,154.0,44190.0,44190.0,0.0034849513464584748,0.04754469336954062
54049,2024,1033.3754168550456,10,6.940585826964601,0.06933494213210079,,,,,,,,
54049,2025,1080.0839044023012,11,6.984794006362001,0.044208179397399405,,,,,,,,
54049,2026,1083.614096665449,4,6.98805711923065,0.0032631128686491095,,,,,,,,
54055,2023,659.5336943826771,8,6.491533061652396,,1631.0,1914.0,41363.0,-283.0,43277.0,43277.0,-0.006539270282136008,0.037687455230260875
54055,2024,710.7084184452914,12,6.566262245049442,0.07472918339704648,,,,,,,,
54055,2025,774.7113758315145,12,6.65249054170652,0.08622829665707776,,,,,,,,
54055,2026,799.248901100235,4,6.683672413025318,0.031181871318797683,,,,,,,,
54061,2016,974.5136566695192,6,6.881938532876633,,,,,,,,,
54061,2017,1014.4390497974426,12,6.922091078404809,0.04015254552817549,,,,,,,,
54061,2018,1025.1289655027856,12,6.9325737036605535,0.010482625255744615,,,,,,,,
54061,2019,1043.878052270901,12,6.9506979534503435,0.018124249789789992,,,,,,,,
54061,2020,1075.2812890680486,12,6.980337570582992,0.02963961713264851,4507.0,5438.0,65396.0,-931.0,70834.0,70834.0,-0.013143405709122738,0.06362763644577463
54061,2021,1133.640763414255,12,7.0331896469874104,0.05285207640441847,4493.0,5335.0,63125.0,-842.0,68460.0,68460.0,-0.012299152789950337,0.06562956470931931
54061,2022,1210.9351244456948,12,7.0991481702317705,0.06595852324436002,4748.0,5035.0,64775.0,-287.0,69810.0,69810.0,-0.004111158859762212,0.06801317862770377
54061,2023,1263.3203277306704,12,7.141498714683079,0.042350544451308814,4678.0,4871.0,67227.0,-193.0,72098.0,72098.0,-0.002676911980914866,0.06488390801409193
54061,2024,1312.6646691396397,12,7.179814448797686,0.038315734114606315,,,,,,,,
54061,2025,1361.2715765324067,12,7.216174524650409,0.036360075852723384,,,,,,,,
54061,2026,1400.8935732750722,4,7.244865578622891,0.02869105397248184,,,,,,,,
54069,2022,773.8045951352716,3,6.651319380650527,,1712.0,1845.0,30531.0,-133.0,32376.0,32376.0,-0.004107981220657277,0.052878675562144796
54069,2023,817.5075627281117,12,6.706260153772179,0.05494077312165224,1574.0,1693.0,30950.0,-119.0,32643.0,32643.0,-0.003645498269154183,0.048218607358392306
54069,2024,856.6902284580711,12,6.753076392879586,0.04681623910740651,,,,,,,,
54069,2025,894.0221544384004,12,6.795730556117471,0.04265416323788518,,,,,,,,
54069,2026,914.1788589906398,4,6.818026240483284,0.02229568436581264,,,,,,,,
54079,2025,1213.523822420582,10,7.101283656140495,,,,,,,,,
54079,2026,1203.8154956192,4,7.093251371284686,-0.008032284855809202,,,,,,,,
54081,2024,1009.7603928761979,11,6.917468346914642,,,,,,,,,
54081,2025,1097.832348648198,12,7.00109292247724,0.08362457556259795,,,,,,,,
54081,2026,1140.6643626943164,4,7.039366145934809,0.03827322345756912,,,,,,,,
54099,2026,895.0,1,6.796823718274855,,,,,,,,,
54107,2023,830.6045598446055,10,6.72215382100172,,2503.0,2499.0,63941.0,4.0,66440.0,66440.0,6.020469596628537e-05,0.03767308850090307
54107,2024,874.3190065143657,12,6.773445305072555,0.05129148407083495,,,,,,,,
54107,2025,931.7391074076742,12,6.837052847824357,0.06360754275180192,,,,,,,,
54107,2026,954.8750789144157,4,6.861580524505234,0.02452767668087663,,,,,,,,
55005,2026,925.0,1,6.829793737512425,,,,,,,,,
55009,2021,873.7043400061619,12,6.772742034678871,,9384.0,9502.0,216923.0,-118.0,226425.0,226425.0,-0.0005211438666225019,0.04144418681682677
55009,2022,979.7592886816623,11,6.887306917699931,0.1145648830210595,9346.0,9440.0,222232.0,-94.0,231672.0,231672.0,-0.0004057460547670845,0.040341517317586936
55009,2023,1043.2158667218025,12,6.950063400721027,0.06275648302109627,8993.0,8802.0,227683.0,191.0,236485.0,236485.0,0.0008076622195910946,0.03802778188891473
55009,2024,1097.4722469008266,12,7.0007648570677015,0.050701456346674334,,,,,,,,
55009,2025,1154.371304036805,12,7.051311149247723,0.05054629218002127,,,,,,,,
55009,2026,1167.2601242249425,4,7.06241450738374,0.01110335813601715,,,,,,,,
55015,2026,897.0619360571768,2,6.799124907676404,,,,,,,,,
55017,2024,1109.2028799227603,11,7.011396910134538,,,,,,,,,
55017,2025,1135.3747025059827,12,7.034718009799648,0.02332109966511009,,,,,,,,
55017,2026,1142.9098142617945,4,7.041332758023735,0.00661474822408703,,,,,,,,
55021,2026,1225.916464539542,4,7.111443977583842,,,,,,,,,
55025,2015,1071.3018935149223,12,6.976629910759644,,,,,,,,,
55025,2016,1095.8799062505495,12,6.9993128869153125,0.022682976155668833,,,,,,,,
55025,2017,1132.9041268920892,12,7.032539638641004,0.03322675172569145,,,,,,,,
55025,2018,1160.9113927320268,12,7.056960659002466,0.024421020361462098,,,,,,,,
55025,2019,1199.7396949422123,12,7.089859891363864,0.032899232361398134,,,,,,,,
55025,2020,1236.744109143033,12,7.120237486921243,0.030377595557379067,20621.0,23995.0,438410.0,-3374.0,462405.0,462405.0,-0.007296633903180113,0.04459510602177744
55025,2021,1290.2760452118048,12,7.1626114629997195,0.04237397607847626,19842.0,24164.0,426869.0,-4322.0,451033.0,451033.0,-0.009582447404070212,0.0439923464580197
55025,2022,1387.5207146110563,12,7.235273774958556,0.07266231195883677,21553.0,23759.0,435867.0,-2206.0,459626.0,459626.0,-0.004799554420333053,0.04689247344580159
55025,2023,1523.392035575611,12,7.328694729866475,0.09342095490791902,22468.0,21957.0,449304.0,511.0,471261.0,471261.0,0.001084324822126168,0.04767634071141045
55025,2024,1600.938062211543,12,7.3783450253099065,0.04965029544343125,,,,,,,,
55025,2025,1658.0805775028566,12,7.413415933731982,0.0350709084220755,,,,,,,,
55025,2026,1683.6338388008303,4,7.428709735768339,0.015293802036357107,,,,,,,,
55027,2024,1081.926237654152,10,6.986498284859076,,,,,,,,,
55027,2025,1143.2642331003995,12,7.041642812143939,0.05514452728486319,,,,,,,,
55027,2026,1205.3506883592318,4,7.094525831268423,0.05288301912448379,,,,,,,,
55031,2023,1146.4685024360622,3,7.044441629121676,,1689.0,1681.0,33269.0,8.0,34950.0,34950.0,0.00022889842632331902,0.04832618025751073
55031,2024,1224.0755149897943,12,7.109941156422297,0.06549952730062181,,,,,,,,
55031,2025,1307.2643307327778,12,7.175691935511711,0.06575077908941385,,,,,,,,
55031,2026,1335.0193374589865,4,7.1967010557174484,0.021009120205737197,,,,,,,,
55033,2023,1000.717626456005,12,6.9084726480674,,2000.0,1965.0,34093.0,35.0,36058.0,36058.0,0.0009706583837151256,0.05546619335515004
55033,2024,1055.0357368399184,12,6.961329919118376,0.05285727105097582,,,,,,,,
55033,2025,1104.664974107761,12,7.007297377127509,0.04596745800913293,,,,,,,,
55033,2026,1108.6657479232704,4,7.010912542392241,0.0036151652647316013,,,,,,,,
55035,2022,1042.920897062548,12,6.949780610382119,,5046.0,5055.0,78568.0,-9.0,83623.0,83623.0,-0.00010762589239802447,0.06034225033782572
55035,2023,1123.672762757082,12,7.02435785172811,0.07457724134599086,5053.0,4804.0,81073.0,249.0,85877.0,85877.0,0.0028994957904910513,0.05883996879257543
55035,2024,1163.4528511782319,12,7.0591474586537295,0.03478960692561994,,,,,,,,
55035,2025,1197.2673192068594,12,7.087797004941318,0.0286495462875882,,,,,,,,
55035,2026,1216.1715394537246,4,7.103463121206577,0.015666116265259156,,,,,,,,
55039,2022,836.7061227230835,9,6.729472900978954,,3952.0,3871.0,84008.0,81.0,87879.0,87879.0,0.0009217219130850374,0.04497092593224775
55039,2023,918.916528257264,12,6.823195289348301,0.09372238836934699,3597.0,3646.0,86037.0,-49.0,89683.0,89683.0,-0.0005463688770447019,0.04010793572917944
55039,2024,986.3334235666654,12,6.8939944552157035,0.07079916586740254,,,,,,,,
55039,2025,1033.2625249411665,12,6.94047657520675,0.04648211999104657,,,,,,,,
55039,2026,1112.5010705106522,4,7.014365976296698,0.07388940108994824,,,,,,,,
55043,2026,1080.540892018074,2,6.985217020689472,,,,,,,,,
55045,2026,1850.0,1,7.52294091807237,,,,,,,,,
55055,2022,875.4742149873719,9,6.77476569953591,,4056.0,4120.0,67587.0,-64.0,71707.0,71707.0,-0.0008925209533239433,0.05656351541690491
55055,2023,955.7738052909048,12,6.862521279711699,0.08775558017578966,3825.0,3717.0,69130.0,108.0,72847.0,72847.0,0.0014825593366919708,0.052507309841173966
55055,2024,1010.6004637708189,12,6.918299951764114,0.05577867205241471,,,,,,,,
55055,2025,1083.6573474610184,12,6.988097031901203,0.0697970801370893,,,,,,,,
55055,2026,1103.6761233273621,4,7.0064018172453535,0.018304785344150254,,,,,,,,
55059,2016,1071.80233139541,8,6.9770969322733585,,,,,,,,,
55059,2017,1105.5604217617267,12,7.008107654400254,0.031010722126895374,,,,,,,,
55059,2018,1156.8254305548387,12,7.053434834699206,0.04532718029895211,,,,,,,,
55059,2019,1228.1834849910053,12,7.113291515290487,0.05985668059128102,,,,,,,,
55059,2020,1259.9525576008186,12,7.13882934653888,0.025537831248392706,7604.0,7822.0,133596.0,-218.0,141418.0,141418.0,-0.001541529366841562,0.05376967571313411
55059,2021,1314.6649410833534,12,7.181337114490183,0.042507767951303066,7353.0,7878.0,128480.0,-525.0,136358.0,136358.0,-0.0038501591399111162,0.05392422886812655
55059,2022,1435.0943345960939,12,7.268985864427538,0.0876487499373555,7370.0,7619.0,131599.0,-249.0,139218.0,139218.0,-0.0017885618239020817,0.05293855679581663
55059,2023,1547.2352531295137,12,7.344224909554185,0.07523904512664714,6847.0,7285.0,133872.0,-438.0,141157.0,141157.0,-0.0031029279454791473,0.04850627315683955
55059,2024,1640.4677427313727,12,7.402736689136439,0.058511779582253176,,,,,,,,
55059,2025,1723.4795606259586,12,7.4521005266617415,0.049363837525302934,,,,,,,,
55059,2026,1747.3523274344652,4,7.4658569654925575,0.013756438830816009,,,,,,,,
55063,2021,902.5421616163972,1,6.805215405588318,,4284.0,4691.0,88999.0,-407.0,93690.0,93690.0,-0.0043441135660155835,0.045725264169068205
55063,2022,951.2966635620255,12,6.85782596296567,0.052610557377351874,4375.0,4803.0,90704.0,-428.0,95507.0,95507.0,-0.004481346916979908,0.04580816065838106
55063,2023,1035.0073667507143,12,6.94216382330768,0.08433786034200974,4482.0,4244.0,93414.0,238.0,97658.0,97658.0,0.0024370763275922097,0.04589485756415245
55063,2024,1074.1450487775355,12,6.979280320677428,0.0371164973697482,,,,,,,,
55063,2025,1105.046633041388,12,7.00764281490879,0.028362494231362056,,,,,,,,
55063,2026,1116.7442756809583,4,7.01817283434576,0.010530019436970406,,,,,,,,
55067,2026,995.0,1,6.902742737158593,,,,,,,,,
55069,2026,795.0,1,6.678342114654332,,,,,,,,,
55071,2025,978.6131680824719,5,6.886136434806257,,,,,,,,,
55071,2026,990.3181959321062,4,6.898026301519927,0.011889866713669761,,,,,,,,
55073,2022,850.282608108194,11,6.74556877435238,,5010.0,4628.0,116081.0,382.0,120709.0,120709.0,0.0031646356112634516,0.041504775948769355
55073,2023,887.4272301597808,12,6.788326523801701,0.0427577494493212,4374.0,4580.0,119077.0,-206.0,123657.0,123657.0,-0.0016658984125443768,0.035372037167325746
55073,2024,906.8297530829341,12,6.809954729170239,0.021628205368537934,,,,,,,,
55073,2025,953.7032261083781,12,6.860352539307863,0.0503978101376239,,,,,,,,
55073,2026,995.6275039318654,4,6.903373195595855,0.04302065628799223,,,,,,,,
55079,2015,979.0871432542634,12,6.886620651086254,,,,,,,,,
55079,2016,996.3234094119317,12,6.904071913123197,0.017451262036942694,,,,,,,,
55079,2017,1019.8527378060925,12,6.927413521155377,0.02334160803218044,,,,,,,,
55079,2018,1048.261192336554,12,6.9548880631572905,0.02747454200191335,,,,,,,,
55079,2019,1080.8192920111564,12,6.98547463623794,0.03058657308064916,,,,,,,,
55079,2020,1118.8341955402564,12,7.02004252534075,0.03456788910281006,26136.0,38590.0,703082.0,-12454.0,741672.0,741672.0,-0.016791789362413573,0.03523929715561596
55079,2021,1179.0949868743553,12,7.072502462919239,0.052459937578489324,25221.0,38488.0,672482.0,-13267.0,710970.0,710970.0,-0.018660421677426615,0.03547407063589181
55079,2022,1269.3746277946036,12,7.14627963911519,0.07377717619595092,25611.0,35626.0,681306.0,-10015.0,716932.0,716932.0,-0.013969246734697294,0.035723053232384665
55079,2023,1346.0551069465453,12,7.204933450634466,0.05865381151927629,26088.0,31952.0,686457.0,-5864.0,718409.0,718409.0,-0.00816248126067463,0.03631357624974075
55079,2024,1407.9451184684087,12,7.249886557597806,0.044953106963339984,,,,,,,,
55079,2025,1468.4884434795897,12,7.291988880998986,0.042102323401179476,,,,,,,,
55079,2026,1502.5199628533978,4,7.314898952745989,0.022910071747003435,,,,,,,,
55081,2023,1018.5681875705184,1,6.926153182439639,,2091.0,2064.0,37435.0,27.0,39499.0,39499.0,0.0006835616091546621,0.05293804906453328
55081,2024,1046.824459927316,12,6.953516536763701,0.027363354324061895,,,,,,,,
55081,2025,1086.2683235903098,11,6.990503545105047,0.03698700834134616,,,,,,,,
55081,2026,1095.4313069193784,4,6.998903452294852,0.008399907189804878,,,,,,,,
55085,2026,1065.2600842136653,2,6.970974258858251,,,,,,,,,
55087,2022,1042.3905026354896,12,6.949271914713383,,9639.0,9082.0,159470.0,557.0,168552.0,168552.0,0.0033046181593810813,0.05718709953011534
55087,2023,1108.1930155403843,12,7.010486053887115,0.06121413917373264,9165.0,8685.0,164598.0,480.0,173283.0,173283.0,0.0027700351448208997,0.05289035854642406
55087,2024,1162.391569506998,12,7.058234859568897,0.04774880568178119,,,,,,,,
55087,2025,1227.570010106914,12,7.1127918927525755,0.05455703318367888,,,,,,,,
55087,2026,1263.2259825086976,4,7.141424031530323,0.028632138777747507,,,,,,,,
55089,2022,1447.1036168398389,11,7.277319332111868,,4779.0,4362.0,78913.0,417.0,83275.0,83275.0,0.005007505253677574,0.05738817172020414
55089,2023,1506.282172464428,12,7.317399756323342,0.04008042421147362,4446.0,4040.0,81426.0,406.0,85466.0,85466.0,0.004750427070413966,0.05202068658881895
55089,2024,1595.5814587747,11,7.374993499742315,0.057593743418973276,,,,,,,,
55089,2025,1676.3101624549765,12,7.424350325050984,0.04935682530866892,,,,,,,,
55089,2026,1768.1648772440562,4,7.477697495209245,0.05334717015826129,,,,,,,,
55093,2025,1468.4600391688057,1,7.29196953826216,,,,,,,,,
55093,2026,1463.1267339873439,4,7.288331023370381,-0.003638514891779465,,,,,,,,
55097,2022,1044.6543806722307,10,6.95144137349481,,3033.0,2800.0,55184.0,233.0,57984.0,57984.0,0.004018349889624724,0.05230753311258278
55097,2023,1095.2157951629135,12,6.998706696042368,0.047265322547557886,2818.0,2651.0,56941.0,167.0,59592.0,59592.0,0.0028023895824942947,0.047288226607598335
55097,2024,1143.685907303626,12,7.0420115776894185,0.043304881647050486,,,,,,,,
55097,2025,1201.6511756994842,12,7.091451869733021,0.04944029204360234,,,,,,,,
55097,2026,1221.899247132396,4,7.1081616871772635,0.016709817444242603,,,,,,,,
55101,2019,968.07503532819,12,6.875309600107287,,,,,,,,,
55101,2020,1007.5455354014317,12,6.91527248922773,0.0399628891204431,8481.0,8764.0,159262.0,-283.0,168026.0,168026.0,-0.0016842631497506338,0.050474331353481006
55101,2021,1072.1617002801065,11,6.977432170069099,0.06215968084136847,8104.0,8265.0,153766.0,-161.0,162031.0,162031.0,-0.000993637020076405,0.05001512056334899
55101,2022,1178.2058787960325,12,7.071748118716993,0.09431594864789439,8127.0,8158.0,156511.0,-31.0,164669.0,164669.0,-0.00018825644171034013,0.04935355167032046
55101,2023,1261.8211501319065,12,7.14031131366967,0.06856319495267726,7783.0,7218.0,159924.0,565.0,167142.0,167142.0,0.0033803592155173447,0.0465651960608345
55101,2024,1330.1436158712224,12,7.193042197244241,0.05273088357457034,,,,,,,,
55101,2025,1401.5489366420352,12,7.24533328732813,0.0522910900838891,,,,,,,,
55101,2026,1430.743191244545,4,7.265949302406349,0.020616015078219085,,,,,,,,
55105,2022,946.6161610517238,12,6.852893690062227,,6065.0,5792.0,131581.0,273.0,137373.0,137373.0,0.0019872900788364526,0.04414986933385746
55105,2023,1007.4035512969491,12,6.9151315585157285,0.062237868453501655,5732.0,5477.0,134517.0,255.0,139994.0,139994.0,0.0018215066359986857,0.040944611911939086
55105,2024,1065.993755299329,12,6.97166274664046,0.05653118812473146,,,,,,,,
55105,2025,1143.3576915733934,12,7.041724555848079,0.07006180920761906,,,,,,,,
55105,2026,1194.142860067819,4,7.085183935093267,0.04345937924518761,,,,,,,,
55109,2022,1498.0848012186773,12,7.311942772100186,,4894.0,4200.0,79479.0,694.0,83679.0,83679.0,0.008293598154853667,0.05848540255022168
55109,2023,1580.1306123100812,12,7.365262788623404,0.053320016523218605,4478.0,4191.0,82260.0,287.0,86451.0,86451.0,0.0033197996552960635,0.05179812841956715
55109,2024,1650.51287398401,12,7.408841351313727,0.0435785626903229,,,,,,,,
55109,2025,1719.2676139912116,12,7.449653673307395,0.04081232199366802,,,,,,,,
55109,2026,1744.1202693221016,4,7.464005563858431,0.014351890551036028,,,,,,,,
55111,2024,1152.898914924322,12,7.050034845067784,,,,,,,,,
55111,2025,1228.8647708129329,12,7.113846071626756,0.06381122655897187,,,,,,,,
55111,2026,1288.588259171845,4,7.1613025253576215,0.04745645373086571,,,,,,,,
55115,2026,953.5324717365908,2,6.8601734797690375,,,,,,,,,
55117,2022,900.188562772623,5,6.802604255571081,,3844.0,3673.0,97534.0,171.0,101207.0,101207.0,0.0016896064501467289,0.037981562540140505
55117,2023,974.6914594891547,12,6.882120969110414,0.07951671353933243,3582.0,3545.0,99719.0,37.0,103264.0,103264.0,0.00035830492717694453,0.034687790517508525
55117,2024,1035.4680131878617,12,6.9426087901488325,0.060487821038418765,,,,,,,,
55117,2025,1095.6558382666883,12,6.999108402014527,0.05649961186569463,,,,,,,,
55117,2026,1133.7033986383335,4,7.0332448968477035,0.03413649483317638,,,,,,,,
55127,2021,968.2171229565052,1,6.875456362699866,,5597.0,5013.0,78545.0,584.0,83558.0,83558.0,0.0069891572321022525,0.06698341271930874
55127,2022,1027.468766973511,12,6.934853548802316,0.059397186102449595,5359.0,5125.0,80525.0,234.0,85650.0,85650.0,0.002732049036777583,0.06256859311150029
55127,2023,1128.7573358275893,12,7.028872603782138,0.09401905497982188,4857.0,4708.0,82919.0,149.0,87627.0,87627.0,0.001700389149463065,0.05542812146941011
55127,2024,1222.0253457955935,12,7.108264880756701,0.07939227697456275,,,,,,,,
55127,2025,1323.8095698819664,12,7.188268896758229,0.08000401600152873,,,,,,,,
55127,2026,1376.8813854157756,4,7.22757635516058,0.039307458402350726,,,,,,,,
55131,2021,946.9779520140116,11,6.853275810986868,,6888.0,5775.0,115876.0,1113.0,121651.0,121651.0,0.009149123311768913,0.05662098955207931
55131,2022,1063.3085348510622,11,6.96914058538215,0.11586477439528231,6526.0,5652.0,118998.0,874.0,124650.0,124650.0,0.007011632571199358,0.05235459286000802
55131,2023,1132.990116541209,12,7.032615537725359,0.06347495234320899,5434.0,5241.0,123143.0,193.0,128384.0,128384.0,0.00150330259222333,0.04232614656031904
55131,2024,1198.8749235136186,12,7.089138832249651,0.0565232945242915,,,,,,,,
55131,2025,1248.6511450848711,12,7.129819163734002,0.04068033148435113,,,,,,,,
55131,2026,1292.8312235520193,4,7.164589839356382,0.03477067562238023,,,,,,,,
55133,2016,1109.641532582299,8,7.0117922985293095,,,,,,,,,
55133,2017,1139.1887521321114,12,7.038071667129431,0.0262793686001217,,,,,,,,
55133,2018,1169.626227399094,12,7.064439512990925,0.02636784586149421,,,,,,,,
55133,2019,1222.326918235087,12,7.10851163114981,0.044072118158884344,,,,,,,,
55133,2020,1257.312635701695,12,7.136731893418751,0.02822026226894092,20980.0,18070.0,357626.0,2910.0,375696.0,375696.0,0.007745624121630254,0.05584302201780163
55133,2021,1336.544015171108,12,7.19784246819876,0.061110574780009586,19951.0,17393.0,346601.0,2558.0,363994.0,363994.0,0.0070275883668412115,0.05481134304411611
55133,2022,1436.7050187777652,12,7.2701075892783145,0.07226512107955418,19498.0,17173.0,355399.0,2325.0,372572.0,372572.0,0.006240404539256842,0.05233350869093759
55133,2023,1534.5297900095968,12,7.3359792873673415,0.06587169808902704,17778.0,16115.0,366976.0,1663.0,383091.0,383091.0,0.0043410051397709684,0.046406728427449355
55133,2024,1610.980625207243,12,7.384598356541801,0.04861906917445946,,,,,,,,
55133,2025,1688.6084471279155,12,7.431660064667466,0.047061708125665014,,,,,,,,
55133,2026,1733.4102654959763,4,7.457845998856458,0.026185934188991844,,,,,,,,
55139,2016,628.8951474054138,1,6.443964545516213,,,,,,,,,
55139,2017,649.549322825077,11,6.476278772911874,0.03231422739566092,,,,,,,,
55139,2018,683.5709739332534,12,6.527330489739101,0.05105171682722709,,,,,,,,
55139,2019,729.7270012135968,12,6.592670493257588,0.06534000351848679,,,,,,,,
55139,2020,777.3136253797192,11,6.655843905195778,0.06317341193819015,8219.0,8657.0,134635.0,-438.0,143292.0,143292.0,-0.003056695419144125,0.05735840102727298
55139,2021,849.7580084025562,11,6.744951612953771,0.08910770775799293,8121.0,8471.0,130933.0,-350.0,139404.0,139404.0,-0.0025106883590140885,0.058255143324438326
55139,2022,931.4121268318125,12,6.836701850467611,0.09175023751383993,8319.0,8247.0,132897.0,72.0,141144.0,141144.0,0.0005101173269852066,0.05893980615541575
55139,2023,1000.1383750911897,12,6.907893644500377,0.07119179403276643,7705.0,7536.0,136488.0,169.0,144024.0,144024.0,0.0011734155418541355,0.053498028106426704
55139,2024,1057.277711345296,12,6.963452686787343,0.05555904228696562,,,,,,,,
55139,2025,1123.1361360117228,12,7.023880172691093,0.06042748590374991,,,,,,,,
55139,2026,1129.9237691701608,4,7.029905448519434,0.00602527582834167,,,,,,,,
55141,2024,959.5612795339908,1,6.866476179519908,,,,,,,,,
55141,2025,983.1591254376232,10,6.890770984399059,0.024294804879151144,,,,,,,,
55141,2026,994.0691559904102,4,6.901806777667451,0.011035793268391991,,,,,,,,
56001,2021,854.209684480701,2,6.750176695829285,,2239.0,2548.0,22456.0,-309.0,25004.0,25004.0,-0.012358022716365382,0.08954567269236922
56001,2022,907.9101580665098,12,6.811145428845256,0.06096873301597139,2287.0,2684.0,23135.0,-397.0,25819.0,25819.0,-0.01537627328711414,0.08857817886052907
56001,2023,986.848281095199,12,6.894516310389003,0.08337088154374683,2407.0,2542.0,23984.0,-135.0,26526.0,26526.0,-0.005089346301741687,0.09074115961697957
56001,2024,1055.4383010883892,12,6.961711410902799,0.06719510051379629,,,,,,,,
56001,2025,1104.532133779305,12,7.007177115944709,0.045465705041910276,,,,,,,,
56001,2026,1124.5205681621878,4,7.025112062172234,0.01793494622752423,,,,,,,,
56005,2023,1110.8992000281141,7,7.012925056475899,,2136.0,2031.0,38405.0,105.0,40436.0,40436.0,0.0025966960134533586,0.05282421604510832
56005,2024,1163.1093285623442,12,7.058852153743011,0.045927097267112416,,,,,,,,
56005,2025,1175.508366862709,12,7.069455985660203,0.01060383191719172,,,,,,,,
56005,2026,1200.436908199346,4,7.090440859677472,0.02098487401726956,,,,,,,,
56013,2024,1153.3703170347915,10,7.050443645662703,,,,,,,,,
56013,2025,1195.6477954646273,12,7.086443405743769,0.03599976008106598,,,,,,,,
56013,2026,1262.4417102965351,4,7.140802990021494,0.05435958427772469,,,,,,,,
56021,2015,930.1695343034752,12,6.83536686448357,,,,,,,,,
56021,2016,955.8946718824291,12,6.862647731126396,0.02728086664282614,,,,,,,,
56021,2017,966.3962427936622,12,6.873573939335309,0.010926208208912769,,,,,,,,
56021,2018,986.0011674406675,12,6.893657538618839,0.020083599283529985,,,,,,,,
56021,2019,1028.4525984662826,12,6.935810620005921,0.042153081387082736,,,,,,,,
56021,2020,1075.715884273068,12,6.980741657781542,0.04493103777562091,6910.0,6747.0,79633.0,163.0,86380.0,86380.0,0.0018870108821486455,0.07999536929844872
56021,2021,1150.4118103570402,12,7.047875253218883,0.06713359543734043,6327.0,6376.0,76405.0,-49.0,82781.0,82781.0,-0.0005919232674164362,0.07643058189681207
56021,2022,1235.9255154024092,12,7.119575373582362,0.07170012036347906,6019.0,6201.0,78233.0,-182.0,84434.0,84434.0,-0.002155529762891726,0.07128644858706208
56021,2023,1290.5997953570636,12,7.162862346937542,0.043286973355180614,5962.0,5798.0,80352.0,164.0,86150.0,86150.0,0.0019036564132327335,0.06920487521764364
56021,2024,1346.1337866180074,12,7.204991900969562,0.042129554032019456,,,,,,,,
56021,2025,1410.5254317544486,12,7.251717560591062,0.04672565962149999,,,,,,,,
56021,2026,1447.332281123439,4,7.2774773347708575,0.02575977417979569,,,,,,,,
56023,2026,2300.0,1,7.7406644019172415,,,,,,,,,
56025,2015,998.181958768337,1,6.905935583107738,,,,,,,,,
56025,2016,957.6505149216667,12,6.8644829044414895,-0.04145267866624813,,,,,,,,
56025,2017,915.9122559493727,12,6.819920569637649,-0.04456233480384064,,,,,,,,
56025,2018,927.5365596534308,12,6.832532211120842,0.012611641483193381,,,,,,,,
56025,2019,977.680466905842,12,6.885182895694726,0.052650684573883666,,,,,,,,
56025,2020,998.9496697807172,12,6.906704396779526,0.02152150108480022,4004.0,3796.0,63648.0,208.0,67444.0,67444.0,0.0030840400925212026,0.059367771781033155
56025,2021,1034.600118037253,12,6.941770271659156,0.03506587487962953,3547.0,4024.0,61076.0,-477.0,65100.0,65100.0,-0.007327188940092166,0.054485407066052226
56025,2022,1122.7296089471831,12,7.023518150099233,0.08174787844007714,3803.0,3471.0,62169.0,332.0,65640.0,65640.0,0.005057891529555149,0.05793723339427179
56025,2023,1194.5350740817128,12,7.085512329316541,0.06199417921730799,3467.0,3361.0,63951.0,106.0,67312.0,67312.0,0.001574756358450202,0.05150641787497029
56025,2024,1263.6011850002435,12,7.141721006724454,0.056208677407913576,,,,,,,,
56025,2025,1293.9469214039198,12,7.165452455211754,0.023731448487299467,,,,,,,,
56025,2026,1295.3409224270918,4,7.166529200048118,0.0010767448363644405,,,,,,,,
56029,2026,1245.2160840664596,4,7.127064355337918,,,,,,,,,
56037,2020,754.1488459383635,7,6.625589756931798,,1673.0,2306.0,35193.0,-633.0,37499.0,37499.0,-0.01688045014533721,0.044614523053948106
56037,2021,786.9482065577431,12,6.668162435016352,0.04257267808455456,1717.0,2059.0,32803.0,-342.0,34862.0,34862.0,-0.009810108427514199,0.04925133383053181
56037,2022,904.5683851524201,12,6.807457907452712,0.13929547243635998,1779.0,1811.0,33200.0,-32.0,35011.0,35011.0,-0.0009139984576276028,0.05081260175373454
56037,2023,962.9140554267993,11,6.869964161114259,0.06250625366154683,1571.0,1871.0,33723.0,-300.0,35594.0,35594.0,-0.008428386806765185,0.044136652244760356
56037,2024,978.4568288306967,12,6.885976666119031,0.016012505004772137,,,,,,,,
56037,2025,1029.797708730915,12,6.937117662644441,0.05114099652540993,,,,,,,,
56037,2026,997.5096394206632,4,6.9052618122969385,-0.03185585034750282,,,,,,,,
56039,2026,5059.146392277481,3,8.528953050872179,,,,,,,,,
