fips,year,permits
01001,2018,185
01001,2019,242
01001,2020,332
01001,2021,277
01001,2022,210
01001,2023,260
01003,2022,3412
01003,2023,4368
01005,2022,20
01005,2023,64
01007,2018,13
01007,2019,17
01007,2020,37
01007,2021,10
01007,2022,9
01007,2023,4
01009,2018,12
01009,2019,29
01009,2020,23
01009,2021,26
01009,2022,21
01009,2023,20
01011,2022,0
01011,2023,0
01013,2022,3
01013,2023,0
01015,2022,76
01015,2023,57
01017,2022,15
01017,2023,29
01019,2022,55
01019,2023,11
01021,2018,95
01021,2019,31
01021,2020,41
01021,2021,150
01021,2022,163
01021,2023,24
01023,2022,0
01023,2023,0
01025,2022,3
01025,2023,1
01027,2022,4
01027,2023,15
01029,2022,0
01029,2023,2
01031,2022,172
01031,2023,130
01033,2022,100
01033,2023,80
01035,2022,0
01035,2023,1
01037,2022,0
01037,2023,0
01039,2022,9
01039,2023,13
01041,2022,2
01041,2023,0
01043,2022,302
01043,2023,210
01045,2022,36
01045,2023,49
01047,2022,21
01047,2023,8
01049,2022,59
01049,2023,99
01051,2022,95
01051,2023,86
01053,2022,13
01053,2023,21
01055,2022,150
01055,2023,122
01057,2022,0
01057,2023,0
01059,2022,15
01059,2023,12
01061,2022,30
01061,2023,26
01063,2022,6
01063,2023,10
01065,2022,112
01065,2023,26
01067,2022,26
01067,2023,28
01069,2022,425
01069,2023,426
01071,2022,47
01071,2023,42
01073,2018,1657
01073,2019,1651
01073,2020,1897
01073,2021,2118
01073,2022,2681
01073,2023,1853
01075,2021,0
01075,2022,0
01075,2023,0
01077,2022,176
01077,2023,116
01079,2022,9
01079,2023,9
01081,2018,1131
01081,2019,2091
01081,2020,2221
01081,2021,1851
01081,2022,2272
01081,2023,1403
01083,2018,156
01083,2019,283
01083,2020,423
01083,2021,631
01083,2022,852
01083,2023,490
01085,2022,0
01085,2023,0
01087,2022,9
01087,2023,3
01089,2018,2771
01089,2019,3234
01089,2020,3919
01089,2021,5587
01089,2022,3184
01089,2023,5453
01091,2022,0
01091,2023,0
01093,2022,46
01093,2023,1
01095,2022,173
01095,2023,148
01097,2022,751
01097,2023,905
01099,2022,0
01099,2023,5
01101,2022,500
01101,2023,491
01103,2022,263
01103,2023,296
01105,2022,0
01105,2023,0
01107,2022,7
01107,2023,4
01109,2022,58
01109,2023,55
01111,2022,0
01111,2023,0
01113,2018,261
01113,2019,165
01113,2020,222
01113,2021,186
01113,2022,335
01113,2023,169
01115,2018,198
01115,2019,244
01115,2020,389
01115,2021,517
01115,2022,378
01115,2023,472
01117,2018,1015
01117,2019,1047
01117,2020,1489
01117,2021,1147
01117,2022,920
01117,2023,914
01119,2022,3
01119,2023,2
01121,2022,128
01121,2023,186
01123,2022,200
01123,2023,204
01125,2022,931
01125,2023,656
01127,2018,5
01127,2019,30
01127,2020,51
01127,2021,38
01127,2022,55
01127,2023,60
01129,2022,1
01129,2023,0
01131,2022,0
01131,2023,1
01133,2022,3
01133,2023,0
02013,2018,4
02013,2019,0
02013,2020,0
02013,2021,1
02013,2022,0
02013,2023,0
02016,2018,7
02016,2019,4
02016,2020,5
02016,2021,4
02016,2022,3
02016,2023,0
02020,2018,1083
02020,2019,1059
02020,2020,970
02020,2021,1133
02020,2022,963
02020,2023,215
02050,2018,1
02050,2019,15
02050,2020,15
02050,2021,20
02050,2022,14
02050,2023,45
02060,2018,2
02060,2019,8
02060,2020,1
02060,2021,4
02060,2022,0
02060,2023,3
02063,2023,12
02070,2018,3
02070,2019,2
02070,2020,0
02070,2021,0
02070,2022,0
02070,2023,0
02090,2018,13
02090,2019,23
02090,2020,19
02090,2021,36
02090,2022,29
02090,2023,49
02100,2018,10
02100,2019,9
02100,2020,5
02100,2021,8
02100,2022,9
02100,2023,10
02105,2018,1
02105,2019,5
02105,2020,21
02105,2021,2
02105,2022,4
02105,2023,5
02110,2018,68
02110,2019,174
02110,2020,46
02110,2021,62
02110,2022,62
02110,2023,156
02122,2018,124
02122,2019,117
02122,2020,97
02122,2021,113
02122,2022,132
02122,2023,110
02130,2018,47
02130,2019,47
02130,2020,43
02130,2021,36
02130,2022,38
02130,2023,48
02150,2018,57
02150,2019,30
02150,2020,19
02150,2021,8
02150,2022,11
02150,2023,12
02158,2018,0
02158,2022,0
02170,2018,178
02170,2019,118
02170,2020,60
02170,2021,50
02170,2022,58
02170,2023,158
02180,2018,1
02180,2019,0
02180,2020,8
02180,2021,13
02180,2022,7
02180,2023,1
02185,2018,3
02185,2019,0
02185,2020,5
02185,2021,7
02185,2022,4
02185,2023,5
02188,2018,13
02188,2019,11
02188,2020,12
02188,2021,11
02188,2022,9
02188,2023,5
02195,2018,10
02195,2019,11
02195,2020,29
02195,2021,6
02195,2022,4
02195,2023,7
02198,2018,3
02198,2019,9
02198,2020,0
02198,2021,0
02198,2022,0
02198,2023,4
02220,2018,21
02220,2019,12
02220,2020,10
02220,2021,14
02220,2022,13
02220,2023,10
02230,2018,10
02230,2019,16
02230,2020,1
02230,2021,3
02230,2022,1
02230,2023,1
02261,2018,18
02261,2019,15
02261,2020,16
02261,2021,14
02275,2018,8
02275,2019,3
02275,2020,3
02275,2021,5
02275,2022,4
02275,2023,3
02282,2018,13
02282,2019,5
02282,2020,5
02282,2021,8
02282,2022,8
02282,2023,5
02290,2018,0
02290,2019,0
02290,2020,2
02290,2021,0
02290,2022,1
02290,2023,0
04001,2022,137
04001,2023,108
04003,2022,420
04003,2023,506
04005,2022,738
04005,2023,1132
04007,2022,213
04007,2023,152
04009,2022,135
04009,2023,181
04011,2022,20
04011,2023,13
04012,2022,40
04012,2023,43
04013,2018,26724
04013,2019,30324
04013,2020,40316
04013,2021,43623
04013,2022,40161
04013,2023,38336
04015,2022,2057
04015,2023,2174
04017,2022,685
04017,2023,367
04019,2018,4339
04019,2019,4251
04019,2020,4958
04019,2021,6075
04019,2022,5735
04019,2023,5255
04021,2018,4619
04021,2019,5076
04021,2020,6302
04021,2021,8300
04021,2022,7208
04021,2023,7301
04023,2022,325
04023,2023,317
04025,2022,2360
04025,2023,1577
04027,2022,850
04027,2023,873
05001,2022,22
05001,2023,15
05003,2022,0
05003,2023,0
05005,2022,56
05005,2023,75
05007,2022,5055
05007,2023,4657
05009,2022,26
05009,2023,245
05011,2022,1
05011,2023,4
05013,2018,0
05013,2019,0
05013,2020,0
05013,2021,1
05013,2022,1
05013,2023,0
05015,2022,15
05015,2023,30
05017,2022,0
05017,2023,0
05019,2022,7
05019,2023,5
05021,2022,29
05021,2023,8
05023,2022,11
05023,2023,19
05025,2022,0
05025,2023,0
05027,2022,5
05027,2023,20
05029,2022,15
05029,2023,18
05031,2022,1074
05031,2023,948
05033,2022,117
05033,2023,150
05035,2018,49
05035,2019,51
05035,2020,75
05035,2021,72
05035,2022,78
05035,2023,53
05037,2022,20
05037,2023,15
05039,2022,0
05039,2023,0
05041,2022,0
05041,2023,2
05043,2018,3
05043,2019,12
05043,2020,9
05043,2021,0
05043,2022,8
05043,2023,8
05045,2018,412
05045,2019,425
05045,2020,463
05045,2021,1028
05045,2022,1095
05045,2023,583
05047,2022,12
05047,2023,19
05049,2022,0
05049,2023,0
05051,2022,99
05051,2023,76
05053,2018,21
05053,2019,27
05053,2020,34
05053,2021,35
05053,2022,30
05053,2023,29
05055,2022,269
05055,2023,122
05057,2022,0
05057,2023,0
05059,2022,10
05059,2023,6
05061,2022,0
05061,2023,3
05063,2022,24
05063,2023,8
05065,2022,10
05065,2023,8
05067,2022,5
05067,2023,8
05069,2022,63
05069,2023,94
05071,2022,46
05071,2023,11
05073,2022,1
05073,2023,0
05075,2022,56
05075,2023,56
05077,2022,0
05077,2023,0
05079,2022,3
05079,2023,3
05081,2022,0
05081,2023,7
05083,2022,6
05083,2023,9
05085,2018,393
05085,2019,351
05085,2020,399
05085,2021,456
05085,2022,241
05085,2023,345
05087,2018,5
05087,2019,12
05087,2020,51
05087,2021,76
05087,2022,26
05087,2023,22
05089,2022,204
05089,2023,200
05091,2018,30
05091,2019,28
05091,2020,23
05091,2021,28
05091,2022,48
05091,2023,36
05093,2022,48
05093,2023,50
05095,2022,2
05095,2023,1
05099,2022,0
05099,2023,0
05101,2022,1
05101,2023,0
05103,2022,3
05103,2023,4
05105,2018,2
05105,2019,0
05105,2020,8
05105,2021,0
05105,2022,2
05105,2023,3
05107,2022,11
05107,2023,0
05111,2022,70
05111,2023,75
05113,2022,3
05113,2023,2
05115,2022,62
05115,2023,50
05117,2022,3
05117,2023,7
05119,2018,941
05119,2019,1862
05119,2020,1315
05119,2021,1928
05119,2022,1475
05119,2023,1404
05121,2022,34
05121,2023,57
05123,2022,2
05123,2023,4
05125,2022,437
05125,2023,291
05127,2022,0
05127,2023,0
05129,2018,0
05129,2019,0
05129,2020,0
05129,2021,0
05129,2022,0
05129,2023,0
05131,2022,478
05131,2023,415
05133,2022,7
05133,2023,5
05135,2022,4
05135,2023,6
05137,2022,6
05137,2023,2
05139,2022,17
05139,2023,19
05141,2022,11
05141,2023,14
05143,2018,1523
05143,2019,3020
05143,2020,2014
05143,2021,2685
05143,2022,2157
05143,2023,2186
05145,2022,671
05145,2023,216
05147,2022,1
05147,2023,0
05149,2022,13
05149,2023,24
06001,2018,8277
06001,2019,6604
06001,2020,4242
06001,2021,5023
06001,2022,4817
06001,2023,2937
06003,2022,12
06003,2023,4
06005,2022,190
06005,2023,87
06007,2022,1804
06007,2023,929
06009,2022,155
06009,2023,123
06011,2022,52
06011,2023,28
06013,2018,2939
06013,2019,2650
06013,2020,2907
06013,2021,3918
06013,2022,1753
06013,2023,2044
06015,2022,52
06015,2023,20
06017,2018,567
06017,2019,596
06017,2020,619
06017,2021,669
06017,2022,599
06017,2023,608
06019,2018,2949
06019,2019,3270
06019,2020,3098
06019,2021,3503
06019,2022,3678
06019,2023,3223
06021,2022,150
06021,2023,111
06023,2022,319
06023,2023,334
06025,2022,554
06025,2023,280
06027,2022,6
06027,2023,9
06029,2022,2792
06029,2023,2462
06031,2022,493
06031,2023,747
06033,2022,77
06033,2023,106
06035,2022,11
06035,2023,23
06037,2018,22076
06037,2019,21623
06037,2020,20700
06037,2021,22897
06037,2022,26383
06037,2023,24164
06039,2022,966
06039,2023,1109
06041,2018,162
06041,2019,241
06041,2020,162
06041,2021,265
06041,2022,242
06041,2023,301
06043,2022,42
06043,2023,174
06045,2022,185
06045,2023,0
06047,2022,767
06047,2023,404
06049,2022,5
06049,2023,12
06051,2022,165
06051,2023,45
06053,2022,956
06053,2023,595
06055,2022,1094
06055,2023,338
06057,2022,367
06057,2023,253
06059,2018,7545
06059,2019,8304
06059,2020,6374
06059,2021,7917
06059,2022,6210
06059,2023,6527
06061,2018,1890
06061,2019,2342
06061,2020,3174
06061,2021,4299
06061,2022,3993
06061,2023,3657
06063,2018,41
06063,2019,38
06063,2020,42
06063,2021,54
06063,2022,61
06063,2023,95
06065,2022,10048
06065,2023,12425
06067,2018,4667
06067,2019,5540
06067,2020,6108
06067,2021,6042
06067,2022,5191
06067,2023,6930
06069,2018,584
06069,2019,740
06069,2020,508
06069,2021,485
06069,2022,340
06069,2023,393
06071,2018,5503
06071,2019,5567
06071,2020,5181
06071,2021,6557
06071,2022,6272
06071,2023,7285
06073,2018,9788
06073,2019,8082
06073,2020,9447
06073,2021,9358
06073,2022,9443
06073,2023,11468
06075,2018,5178
06075,2019,3200
06075,2020,2004
06075,2021,2519
06075,2022,2044
06075,2023,1136
06077,2022,3803
06077,2023,2170
06079,2022,1127
06079,2023,997
06081,2018,1131
06081,2019,1437
06081,2020,677
06081,2021,1799
06081,2022,2192
06081,2023,1060
06083,2022,1305
06083,2023,449
06085,2018,7778
06085,2019,5745
06085,2020,5440
06085,2021,4372
06085,2022,6443
06085,2023,5895
06087,2022,608
06087,2023,546
06089,2022,375
06089,2023,209
06091,2018,6
06091,2019,5
06091,2020,8
06091,2021,4
06091,2022,11
06091,2023,6
06093,2022,93
06093,2023,64
06095,2022,1151
06095,2023,1416
06097,2022,2265
06097,2023,2353
06099,2022,690
06099,2023,805
06101,2022,133
06101,2023,85
06103,2022,188
06103,2023,165
06105,2022,21
06105,2023,22
06107,2022,2385
06107,2023,1175
06109,2022,79
06109,2023,68
06111,2022,1351
06111,2023,1089
06113,2018,776
06113,2019,895
06113,2020,1171
06113,2021,1095
06113,2022,931
06113,2023,722
06115,2022,651
06115,2023,539
08001,2018,2756
08001,2019,2664
08001,2020,3846
08001,2021,4687
08001,2022,2811
08001,2023,2817
08003,2022,102
08003,2023,67
08005,2018,3561
08005,2019,3497
08005,2020,4106
08005,2021,5337
08005,2022,4329
08005,2023,5464
08007,2022,201
08007,2023,133
08009,2022,4
08009,2023,18
08011,2022,7
08011,2023,20
08013,2022,1621
08013,2023,1646
08014,2018,785
08014,2019,343
08014,2020,427
08014,2021,501
08014,2022,538
08014,2023,1277
08015,2018,162
08015,2019,164
08015,2020,186
08015,2021,349
08015,2022,277
08015,2023,285
08017,2022,11
08017,2023,10
08019,2018,33
08019,2019,67
08019,2020,97
08019,2021,97
08019,2022,20
08019,2023,24
08021,2022,40
08021,2023,38
08023,2022,0
08023,2023,0
08025,2022,7
08025,2023,34
08027,2022,132
08027,2023,106
08029,2022,73
08029,2023,55
08031,2018,7878
08031,2019,7330
08031,2020,5059
08031,2021,10000
08031,2022,8296
08031,2023,5725
08033,2022,5
08033,2023,3
08035,2018,4065
08035,2019,3159
08035,2020,3389
08035,2021,6065
08035,2022,4767
08035,2023,3568
08037,2022,406
08037,2023,426
08039,2018,202
08039,2019,196
08039,2020,299
08039,2021,413
08039,2022,284
08039,2023,350
08041,2018,5585
08041,2019,5388
08041,2020,6819
08041,2021,9186
08041,2022,8683
08041,2023,5083
08043,2022,189
08043,2023,125
08045,2022,334
08045,2023,155
08047,2018,41
08047,2019,32
08047,2020,20
08047,2021,22
08047,2022,29
08047,2023,28
08049,2022,375
08049,2023,248
08051,2022,150
08051,2023,107
08053,2022,15
08053,2023,13
08055,2022,59
08055,2023,46
08057,2022,3
08057,2023,4
08059,2018,2140
08059,2019,1816
08059,2020,2161
08059,2021,2689
08059,2022,2206
08059,2023,1185
08061,2022,6
08061,2023,4
08063,2022,9
08063,2023,3
08065,2022,64
08065,2023,52
08067,2022,390
08067,2023,354
08069,2018,2940
08069,2019,2541
08069,2020,2593
08069,2021,3221
08069,2022,2597
08069,2023,2681
08071,2022,44
08071,2023,38
08073,2022,11
08073,2023,8
08075,2022,21
08075,2023,14
08077,2018,794
08077,2019,759
08077,2020,1004
08077,2021,1282
08077,2022,969
08077,2023,1206
08079,2022,9
08079,2023,6
08081,2022,21
08081,2023,11
08083,2022,23
08083,2023,20
08085,2022,405
08085,2023,321
08087,2022,181
08087,2023,82
08089,2022,14
08089,2023,14
08091,2022,95
08091,2023,60
08093,2018,183
08093,2019,174
08093,2020,162
08093,2021,193
08093,2022,192
08093,2023,185
08095,2022,10
08095,2023,6
08097,2022,99
08097,2023,36
08099,2022,10
08099,2023,14
08101,2018,479
08101,2019,488
08101,2020,581
08101,2021,742
08101,2022,497
08101,2023,297
08103,2022,12
08103,2023,19
08105,2022,48
08105,2023,57
08107,2022,438
08107,2023,329
08109,2022,84
08109,2023,74
08111,2022,16
08111,2023,4
08113,2022,71
08113,2023,72
08115,2022,3
08115,2023,4
08117,2022,400
08117,2023,362
08119,2018,148
08119,2019,120
08119,2020,113
08119,2021,147
08119,2022,135
08119,2023,208
08121,2022,4
08121,2023,5
08123,2022,6137
08123,2023,3719
08125,2022,6
08125,2023,12
09001,2018,1105
09001,2019,2326
09001,2020,1877
09001,2021,1286
09003,2018,1155
09003,2019,926
09003,2020,847
09003,2021,838
09007,2018,163
09007,2019,132
09007,2020,214
09007,2021,260
09013,2018,290
09013,2019,340
09013,2020,335
09013,2021,412
09110,2023,1661
09120,2023,214
09130,2023,200
09140,2023,389
09150,2023,133
09160,2023,127
09170,2023,1395
09180,2023,331
09190,2023,1314
10001,2018,1458
10001,2019,1341
10001,2020,2136
10001,2021,1900
10001,2022,1056
10001,2023,1105
10003,2018,1461
10003,2019,1703
10003,2020,1797
10003,2021,1840
10003,2022,1187
10003,2023,1383
10005,2018,3180
10005,2019,3467
10005,2020,4523
10005,2021,4805
10005,2022,4170
10005,2023,4134
11001,2018,4615
11001,2019,5945
11001,2020,7370
11001,2021,4740
11001,2022,7705
11001,2023,3020
12001,2022,2982
12001,2023,1877
12003,2018,118
12003,2019,133
12003,2020,152
12003,2021,116
12003,2022,206
12003,2023,74
12005,2022,2288
12005,2023,2317
12007,2022,107
12007,2023,69
12009,2022,5249
12009,2023,6534
12011,2022,2322
12011,2023,2987
12013,2022,16
12013,2023,32
12015,2022,5676
12015,2023,4429
12017,2022,1551
12017,2023,1580
12019,2018,900
12019,2019,1320
12019,2020,1434
12019,2021,2273
12019,2022,1829
12019,2023,2451
12021,2022,5517
12021,2023,3633
12023,2022,214
12023,2023,182
12027,2022,252
12027,2023,153
12029,2018,33
12029,2019,35
12029,2020,43
12029,2021,52
12029,2022,55
12029,2023,50
12031,2018,7201
12031,2019,6940
12031,2020,8247
12031,2021,10091
12031,2022,11482
12031,2023,9809
12033,2018,1065
12033,2019,1640
12033,2020,2210
12033,2021,1960
12033,2022,1989
12033,2023,1050
12035,2022,3238
12035,2023,2529
12037,2022,114
12037,2023,109
12039,2022,166
12039,2023,97
12041,2022,137
12041,2023,119
12043,2022,124
12043,2023,50
12045,2022,299
12045,2023,278
12047,2022,27
12047,2023,17
12049,2022,85
12049,2023,73
12051,2022,703
12051,2023,535
12053,2018,1216
12053,2019,1123
12053,2020,1100
12053,2021,1905
12053,2022,1786
12053,2023,2030
12055,2022,663
12055,2023,712
12057,2018,9704
12057,2019,14422
12057,2020,12340
12057,2021,11281
12057,2022,17444
12057,2023,12716
12059,2022,11
12059,2023,12
12061,2022,1180
12061,2023,1009
12063,2022,131
12063,2023,133
12065,2022,88
12065,2023,73
12067,2018,14
12067,2019,9
12067,2020,34
12067,2021,36
12067,2022,40
12067,2023,39
12069,2022,5389
12069,2023,6303
12071,2018,9724
12071,2019,9100
12071,2020,10676
12071,2021,13394
12071,2022,13844
12071,2023,13556
12073,2018,1804
12073,2019,1953
12073,2020,1897
12073,2021,2211
12073,2022,2358
12073,2023,1990
12075,2022,195
12075,2023,271
12077,2022,25
12077,2023,15
12079,2022,52
12079,2023,31
12081,2018,4493
12081,2019,4724
12081,2020,5050
12081,2021,8117
12081,2022,8457
12081,2023,8106
12083,2022,6489
12083,2023,5197
12085,2022,1328
12085,2023,944
12086,2018,12272
12086,2019,10025
12086,2020,9915
12086,2021,13136
12086,2022,11590
12086,2023,12927
12087,2022,580
12087,2023,630
12089,2018,1322
12089,2019,1537
12089,2020,1438
12089,2021,1855
12089,2022,1433
12089,2023,1552
12091,2018,841
12091,2019,896
12091,2020,993
12091,2021,1351
12091,2022,1480
12091,2023,2802
12093,2022,26
12093,2023,9
12095,2018,13753
12095,2019,10861
12095,2020,11658
12095,2021,12871
12095,2022,12642
12095,2023,9064
12097,2018,9759
12097,2019,7937
12097,2020,5848
12097,2021,10003
12097,2022,7383
12097,2023,8255
12099,2022,5901
12099,2023,5415
12101,2018,3831
12101,2019,4568
12101,2020,5372
12101,2021,8905
12101,2022,7758
12101,2023,7653
12103,2018,2468
12103,2019,3445
12103,2020,1240
12103,2021,2735
12103,2022,2972
12103,2023,2996
12105,2022,12076
12105,2023,12513
12107,2022,1882
12107,2023,242
12109,2018,5910
12109,2019,4938
12109,2020,5090
12109,2021,8390
12109,2022,8181
12109,2023,6367
12111,2022,6359
12111,2023,5193
12113,2018,1513
12113,2019,1551
12113,2020,2182
12113,2021,2091
12113,2022,1530
12113,2023,1774
12115,2018,5783
12115,2019,5230
12115,2020,4437
12115,2021,7805
12115,2022,7351
12115,2023,7813
12117,2018,2235
12117,2019,2495
12117,2020,2530
12117,2021,3218
12117,2022,3476
12117,2023,2152
12119,2018,2076
12119,2019,2928
12119,2020,3698
12119,2021,4611
12119,2022,4551
12119,2023,3339
12121,2022,206
12121,2023,154
12123,2022,209
12123,2023,57
12125,2022,45
12125,2023,45
12127,2022,5301
12127,2023,4568
12129,2018,222
12129,2019,283
12129,2020,409
12129,2021,485
12129,2022,421
12129,2023,534
12131,2018,1525
12131,2019,2648
12131,2020,1762
12131,2021,2541
12131,2022,2648
12131,2023,2794
12133,2018,43
12133,2019,69
12133,2020,61
12133,2021,90
12133,2022,98
12133,2023,175
13001,2022,7
13001,2023,2
13003,2022,6
13003,2023,18
13005,2022,0
13005,2023,0
13007,2018,0
13007,2019,0
13007,2020,0
13007,2021,0
13007,2022,0
13007,2023,0
13009,2022,124
13009,2023,93
13011,2022,91
13011,2023,103
13013,2018,827
13013,2019,740
13013,2020,940
13013,2021,1124
13013,2022,1040
13013,2023,1092
13015,2018,884
13015,2019,860
13015,2020,864
13015,2021,1135
13015,2022,2405
13015,2023,1609
13017,2022,8
13017,2023,9
13019,2022,45
13019,2023,38
13021,2018,107
13021,2019,132
13021,2020,157
13021,2021,177
13021,2022,156
13021,2023,147
13023,2022,68
13023,2023,110
13025,2022,52
13025,2023,50
13027,2022,37
13027,2023,29
13029,2018,518
13029,2019,564
13029,2020,516
13029,2021,574
13029,2022,470
13029,2023,957
13031,2022,439
13031,2023,832
13033,2018,49
13033,2019,50
13033,2020,52
13033,2021,58
13033,2022,72
13033,2023,59
13035,2018,63
13035,2019,95
13035,2020,170
13035,2021,176
13035,2022,90
13035,2023,76
13037,2022,9
13037,2023,6
13039,2022,445
13039,2023,642
13043,2022,4
13043,2023,1
13045,2018,708
13045,2019,792
13045,2020,792
13045,2021,1251
13045,2022,746
13045,2023,864
13047,2022,283
13047,2023,344
13049,2022,75
13049,2023,81
13051,2018,2067
13051,2019,1356
13051,2020,1634
13051,2021,1896
13051,2022,1993
13051,2023,1686
13053,2022,0
13053,2023,0
13055,2022,2
13055,2023,1
13057,2018,3570
13057,2019,2443
13057,2020,2394
13057,2021,2754
13057,2022,3021
13057,2023,2226
13059,2018,606
13059,2019,1283
13059,2020,635
13059,2021,1166
13059,2022,1775
13059,2023,406
13061,2022,5
13061,2023,6
13063,2018,502
13063,2019,905
13063,2020,954
13063,2021,929
13063,2022,373
13063,2023,337
13065,2022,8
13065,2023,0
13067,2018,2783
13067,2019,3567
13067,2020,2494
13067,2021,2953
13067,2022,2873
13067,2023,2956
13069,2022,46
13069,2023,50
13071,2022,110
13071,2023,114
13073,2018,1273
13073,2019,1548
13073,2020,1402
13073,2021,1548
13073,2022,1240
13073,2023,1157
13075,2022,125
13075,2023,81
13077,2018,1261
13077,2019,1344
13077,2020,1014
13077,2021,1716
13077,2022,717
13077,2023,958
13079,2022,46
13079,2023,46
13081,2022,37
13081,2023,19
13083,2022,6
13083,2023,4
13085,2018,446
13085,2019,423
13085,2020,430
13085,2021,581
13085,2022,553
13085,2023,485
13087,2022,110
13087,2023,127
13089,2022,2409
13089,2023,2299
13091,2022,3
13091,2023,13
13093,2022,0
13093,2023,0
13095,2018,53
13095,2019,238
13095,2020,165
13095,2021,211
13095,2022,56
13095,2023,37
13097,2018,399
13097,2019,449
13097,2020,747
13097,2021,1639
13097,2022,665
13097,2023,1024
13099,2022,11
13099,2023,10
13101,2022,4
13101,2023,3
13103,2022,662
13103,2023,765
13105,2022,96
13105,2023,69
13107,2022,26
13107,2023,29
13109,2022,21
13109,2023,24
13111,2018,293
13111,2019,292
13111,2020,382
13111,2021,447
13111,2022,459
13111,2023,406
13113,2018,539
13113,2019,518
13113,2020,564
13113,2021,762
13113,2022,602
13113,2023,354
13115,2018,210
13115,2019,263
13115,2020,282
13115,2021,204
13115,2022,310
13115,2023,327
13117,2018,3650
13117,2019,1851
13117,2020,2485
13117,2021,2359
13117,2022,2601
13117,2023,1371
13119,2022,173
13119,2023,148
13121,2018,10026
13121,2019,6390
13121,2020,4274
13121,2021,5191
13121,2022,14625
13121,2023,10027
13123,2022,441
13123,2023,374
13127,2018,568
13127,2019,378
13127,2020,439
13127,2021,576
13127,2022,1349
13127,2023,618
13129,2022,632
13129,2023,389
13131,2022,49
13131,2023,48
13133,2022,346
13133,2023,277
13135,2018,3702
13135,2019,4165
13135,2020,4539
13135,2021,4754
13135,2022,5359
13135,2023,5423
13137,2022,349
13137,2023,231
13139,2022,2067
13139,2023,1326
13141,2022,28
13141,2023,26
13143,2018,56
13143,2019,55
13143,2020,52
13143,2021,88
13143,2022,536
13143,2023,302
13145,2018,225
13145,2019,224
13145,2020,237
13145,2021,242
13145,2022,231
13145,2023,187
13147,2022,181
13147,2023,207
13149,2018,18
13149,2019,26
13149,2020,32
13149,2021,34
13149,2022,37
13149,2023,43
13151,2018,1905
13151,2019,1816
13151,2020,1867
13151,2021,2761
13151,2022,2522
13151,2023,2131
13153,2022,2352
13153,2023,1696
13155,2022,34
13155,2023,33
13157,2022,2056
13157,2023,2043
13159,2018,72
13159,2019,74
13159,2020,107
13159,2021,116
13159,2022,217
13159,2023,183
13161,2022,2
13161,2023,4
13163,2022,4
13163,2023,4
13165,2022,73
13165,2023,39
13167,2022,3
13167,2023,1
13169,2022,115
13169,2023,98
13171,2018,64
13171,2019,107
13171,2020,127
13171,2021,184
13171,2022,143
13171,2023,132
13173,2022,34
13173,2023,42
13175,2022,25
13175,2023,32
13177,2018,95
13177,2019,125
13177,2020,172
13177,2021,164
13177,2022,115
13177,2023,115
13179,2018,261
13179,2019,754
13179,2020,421
13179,2021,488
13179,2022,543
13179,2023,426
13181,2022,83
13181,2023,68
13183,2022,301
13183,2023,285
13185,2022,1338
13185,2023,839
13187,2022,264
13187,2023,242
13189,2018,33
13189,2019,35
13189,2020,53
13189,2021,54
13189,2022,67
13189,2023,71
13191,2022,166
13191,2023,117
13193,2022,14
13193,2023,13
13195,2022,176
13195,2023,179
13197,2022,16
13197,2023,15
13199,2018,57
13199,2019,86
13199,2020,79
13199,2021,115
13199,2022,375
13199,2023,257
13201,2018,2
13201,2019,9
13201,2020,6
13201,2021,1
13201,2022,4
13201,2023,7
13205,2022,12
13205,2023,16
13207,2018,131
13207,2019,158
13207,2020,203
13207,2021,230
13207,2022,297
13207,2023,263
13209,2022,24
13209,2023,22
13211,2022,160
13211,2023,167
13213,2022,70
13213,2023,109
13215,2018,495
13215,2019,681
13215,2020,1342
13215,2021,675
13215,2022,1054
13215,2023,266
13217,2018,653
13217,2019,619
13217,2020,857
13217,2021,1148
13217,2022,666
13217,2023,775
13219,2022,351
13219,2023,313
13221,2022,68
13221,2023,122
13223,2022,1534
13223,2023,1383
13225,2022,143
13225,2023,149
13227,2018,131
13227,2019,164
13227,2020,232
13227,2021,341
13227,2022,421
13227,2023,385
13229,2022,58
13229,2023,110
13231,2018,89
13231,2019,120
13231,2020,139
13231,2021,171
13231,2022,154
13231,2023,107
13233,2022,168
13233,2023,86
13235,2018,12
13235,2019,14
13235,2020,23
13235,2021,44
13235,2022,43
13235,2023,46
13237,2022,172
13237,2023,156
13239,2022,4
13239,2023,7
13241,2022,166
13241,2023,172
13243,2022,12
13243,2023,4
13245,2018,521
13245,2019,429
13245,2020,644
13245,2021,689
13245,2022,772
13245,2023,485
13247,2018,304
13247,2019,275
13247,2020,269
13247,2021,218
13247,2022,1024
13247,2023,385
13249,2022,21
13249,2023,19
13251,2022,23
13251,2023,21
13253,2022,22
13253,2023,3
13255,2018,274
13255,2019,417
13255,2020,257
13255,2021,623
13255,2022,524
13255,2023,343
13257,2022,24
13257,2023,24
13259,2022,5
13259,2023,9
13261,2022,25
13261,2023,74
13263,2022,3
13263,2023,1
13267,2022,43
13267,2023,43
13269,2022,19
13269,2023,25
13271,2022,1
13271,2023,0
13273,2022,5
13273,2023,3
13275,2018,97
13275,2019,94
13275,2020,175
13275,2021,346
13275,2022,233
13275,2023,175
13277,2022,234
13277,2023,198
13279,2022,23
13279,2023,29
13281,2022,100
13281,2023,108
13283,2022,0
13283,2023,0
13285,2022,515
13285,2023,974
13287,2022,13
13287,2023,7
13289,2022,10
13289,2023,13
13291,2018,211
13291,2019,223
13291,2020,229
13291,2021,251
13291,2022,250
13291,2023,233
13293,2022,32
13293,2023,73
13295,2022,168
13295,2023,414
13297,2022,810
13297,2023,895
13299,2022,63
13299,2023,48
13301,2022,68
13301,2023,42
13303,2022,116
13303,2023,59
13305,2022,152
13305,2023,130
13307,2022,4
13307,2023,0
13309,2022,0
13309,2023,0
13311,2022,237
13311,2023,223
13313,2022,371
13313,2023,357
13317,2022,48
13317,2023,37
13319,2022,10
13319,2023,1
13321,2022,28
13321,2023,27
15001,2018,1043
15001,2019,977
15001,2020,870
15001,2021,971
15001,2022,933
15001,2023,1181
15003,2018,1921
15003,2019,2608
15003,2020,1821
15003,2021,1439
15003,2022,2578
15003,2023,1851
15007,2018,376
15007,2019,180
15007,2020,147
15007,2021,170
15007,2022,160
15007,2023,153
15009,2018,838
15009,2019,657
15009,2020,526
15009,2021,880
15009,2022,684
15009,2023,606
16001,2018,6407
16001,2019,7064
16001,2020,6022
16001,2021,7487
16001,2022,6530
16001,2023,6089
16003,2022,8
16003,2023,16
16005,2022,532
16005,2023,333
16007,2022,85
16007,2023,72
16009,2022,67
16009,2023,52
16011,2022,275
16011,2023,234
16013,2022,389
16013,2023,173
16015,2018,94
16015,2019,81
16015,2020,122
16015,2021,101
16015,2022,123
16015,2023,93
16017,2022,331
16017,2023,249
16019,2022,1140
16019,2023,1581
16021,2022,124
16021,2023,56
16023,2022,1
16023,2023,9
16025,2022,22
16025,2023,24
16027,2018,2246
16027,2019,3332
16027,2020,3395
16027,2021,4257
16027,2022,3573
16027,2023,3540
16029,2022,16
16029,2023,33
16031,2022,85
16031,2023,161
16033,2022,1
16033,2023,3
16035,2022,39
16035,2023,35
16037,2022,12
16037,2023,33
16039,2022,90
16039,2023,202
16041,2022,62
16041,2023,72
16043,2022,181
16043,2023,136
16045,2018,95
16045,2019,137
16045,2020,140
16045,2021,251
16045,2022,172
16045,2023,110
16047,2022,45
16047,2023,46
16049,2022,8
16049,2023,7
16051,2022,231
16051,2023,184
16053,2022,86
16053,2023,74
16055,2022,2400
16055,2023,2046
16057,2022,126
16057,2023,168
16059,2022,54
16059,2023,52
16061,2022,12
16061,2023,10
16063,2022,26
16063,2023,13
16065,2022,357
16065,2023,403
16067,2022,211
16067,2023,115
16069,2022,85
16069,2023,98
16071,2022,38
16071,2023,32
16073,2018,45
16073,2019,45
16073,2020,37
16073,2021,95
16073,2022,55
16073,2023,50
16075,2022,138
16075,2023,220
16077,2022,15
16077,2023,11
16079,2022,30
16079,2023,54
16081,2022,377
16081,2023,360
16083,2022,523
16083,2023,381
16085,2022,330
16085,2023,271
16087,2022,54
16087,2023,53
17001,2022,70
17001,2023,58
17003,2022,0
17003,2023,0
17005,2018,10
17005,2019,10
17005,2020,9
17005,2021,26
17005,2022,16
17005,2023,25
17007,2022,129
17007,2023,28
17009,2022,0
17009,2023,1
17011,2022,19
17011,2023,18
17013,2018,11
17013,2019,7
17013,2020,6
17013,2021,6
17013,2022,8
17013,2023,11
17015,2022,38
17015,2023,25
17017,2022,3
17017,2023,0
17019,2022,895
17019,2023,548
17021,2022,28
17021,2023,47
17023,2022,8
17023,2023,2
17025,2022,9
17025,2023,2
17027,2022,63
17027,2023,59
17029,2022,5
17029,2023,3
17031,2018,8150
17031,2019,9471
17031,2020,5609
17031,2021,6815
17031,2022,8422
17031,2023,4784
17033,2022,2
17033,2023,1
17035,2022,0
17035,2023,0
17037,2018,117
17037,2019,97
17037,2020,152
17037,2021,193
17037,2022,250
17037,2023,228
17039,2018,19
17039,2019,11
17039,2020,19
17039,2021,10
17039,2022,10
17039,2023,10
17041,2022,26
17041,2023,46
17043,2018,1432
17043,2019,1196
17043,2020,1672
17043,2021,1630
17043,2022,1054
17043,2023,995
17045,2022,0
17045,2023,0
17049,2022,55
17049,2023,63
17051,2022,2
17051,2023,7
17053,2022,5
17053,2023,9
17055,2022,9
17055,2023,4
17057,2022,15
17057,2023,27
17061,2022,1
17061,2023,2
17063,2018,205
17063,2019,207
17063,2020,147
17063,2021,78
17063,2022,51
17063,2023,54
17067,2022,2
17067,2023,0
17069,2022,0
17069,2023,0
17071,2022,10
17071,2023,5
17073,2022,18
17073,2023,18
17075,2022,27
17075,2023,17
17077,2022,6
17077,2023,2
17079,2022,4
17079,2023,2
17081,2022,7
17081,2023,5
17083,2018,27
17083,2019,73
17083,2020,108
17083,2021,123
17083,2022,126
17083,2023,87
17085,2022,47
17085,2023,33
17087,2022,0
17087,2023,0
17089,2022,1302
17089,2023,2141
17091,2022,130
17091,2023,60
17093,2018,353
17093,2019,516
17093,2020,559
17093,2021,684
17093,2022,658
17093,2023,1125
17095,2022,2
17095,2023,3
17097,2018,745
17097,2019,635
17097,2020,822
17097,2021,904
17097,2022,954
17097,2023,806
17099,2022,87
17099,2023,81
17101,2022,61
17101,2023,58
17103,2022,19
17103,2023,24
17105,2022,23
17105,2023,56
17107,2022,10
17107,2023,11
17109,2022,0
17109,2023,0
17111,2018,479
17111,2019,565
17111,2020,558
17111,2021,1365
17111,2022,837
17111,2023,1088
17113,2022,374
17113,2023,244
17115,2022,36
17115,2023,33
17117,2022,51
17117,2023,65
17119,2018,632
17119,2019,461
17119,2020,448
17119,2021,417
17119,2022,396
17119,2023,322
17121,2022,9
17121,2023,5
17123,2022,5
17123,2023,8
17125,2022,5
17125,2023,6
17127,2022,5
17127,2023,9
17129,2022,11
17129,2023,9
17131,2022,6
17131,2023,13
17133,2018,127
17133,2019,164
17133,2020,126
17133,2021,117
17133,2022,87
17133,2023,62
17135,2022,10
17135,2023,21
17137,2022,3
17137,2023,2
17139,2022,18
17139,2023,12
17141,2022,31
17141,2023,32
17143,2022,60
17143,2023,92
17145,2022,21
17145,2023,20
17147,2022,34
17147,2023,26
17149,2022,24
17149,2023,19
17151,2022,0
17151,2023,0
17153,2022,0
17153,2023,0
17155,2022,21
17155,2023,15
17157,2022,17
17157,2023,5
17159,2022,1
17159,2023,3
17161,2022,136
17161,2023,92
17163,2022,880
17163,2023,385
17165,2022,0
17165,2023,0
17167,2022,205
17167,2023,192
17169,2022,0
17169,2023,0
17173,2022,24
17173,2023,36
17175,2022,1
17175,2023,1
17177,2022,12
17177,2023,16
17179,2022,187
17179,2023,46
17181,2022,7
17181,2023,9
17183,2022,4
17183,2023,3
17185,2022,4
17185,2023,0
17187,2022,4
17187,2023,4
17189,2022,25
17189,2023,29
17191,2022,0
17191,2023,0
17193,2022,1
17193,2023,0
17195,2022,19
17195,2023,25
17197,2018,1594
17197,2019,1462
17197,2020,1777
17197,2021,1970
17197,2022,1671
17197,2023,1345
17199,2022,145
17199,2023,127
17201,2022,189
17201,2023,168
17203,2022,35
17203,2023,28
18001,2022,93
18001,2023,120
18003,2018,1641
18003,2019,1838
18003,2020,1694
18003,2021,1863
18003,2022,2243
18003,2023,2415
18005,2022,209
18005,2023,156
18007,2022,3
18007,2023,0
18009,2022,3
18009,2023,9
18011,2018,476
18011,2019,748
18011,2020,692
18011,2021,900
18011,2022,717
18011,2023,873
18013,2018,84
18013,2019,69
18013,2020,60
18013,2021,88
18013,2022,84
18013,2023,75
18015,2022,37
18015,2023,39
18017,2022,13
18017,2023,30
18019,2018,746
18019,2019,899
18019,2020,1336
18019,2021,1626
18019,2022,761
18019,2023,1508
18021,2022,16
18021,2023,30
18023,2022,61
18023,2023,46
18025,2022,2
18025,2023,3
18027,2022,40
18027,2023,144
18029,2022,108
18029,2023,128
18031,2022,80
18031,2023,57
18033,2022,175
18033,2023,142
18035,2022,208
18035,2023,94
18037,2022,105
18037,2023,161
18039,2022,387
18039,2023,287
18041,2022,18
18041,2023,14
18043,2022,260
18043,2023,227
18045,2022,18
18045,2023,6
18047,2018,70
18047,2019,46
18047,2020,58
18047,2021,78
18047,2022,50
18047,2023,54
18049,2022,17
18049,2023,25
18051,2022,185
18051,2023,163
18053,2022,55
18053,2023,96
18057,2018,3005
18057,2019,3127
18057,2020,3771
18057,2021,4718
18057,2022,5768
18057,2023,4854
18059,2018,638
18059,2019,552
18059,2020,761
18059,2021,1597
18059,2022,1414
18059,2023,920
18061,2018,96
18061,2019,112
18061,2020,83
18061,2021,156
18061,2022,159
18061,2023,178
18063,2018,951
18063,2019,879
18063,2020,1346
18063,2021,1381
18063,2022,1275
18063,2023,1360
18065,2022,34
18065,2023,46
18067,2022,155
18067,2023,144
18069,2018,82
18069,2019,70
18069,2020,75
18069,2021,73
18069,2022,84
18069,2023,61
18071,2022,83
18071,2023,75
18073,2018,97
18073,2019,116
18073,2020,149
18073,2021,165
18073,2022,91
18073,2023,88
18075,2022,20
18075,2023,17
18077,2022,70
18077,2023,73
18079,2022,45
18079,2023,81
18081,2018,843
18081,2019,826
18081,2020,1114
18081,2021,1454
18081,2022,987
18081,2023,1240
18083,2022,30
18083,2023,31
18085,2022,356
18085,2023,256
18087,2018,150
18087,2019,158
18087,2020,124
18087,2021,138
18087,2022,132
18087,2023,136
18089,2018,1298
18089,2019,1279
18089,2020,1510
18089,2021,1739
18089,2022,1298
18089,2023,1284
18091,2022,313
18091,2023,235
18093,2022,17
18093,2023,5
18095,2022,338
18095,2023,269
18097,2018,2382
18097,2019,2508
18097,2020,2349
18097,2021,2251
18097,2022,2483
18097,2023,2477
18099,2022,275
18099,2023,197
18101,2022,1
18101,2023,0
18103,2022,189
18103,2023,18
18105,2018,366
18105,2019,593
18105,2020,619
18105,2021,2053
18105,2022,451
18105,2023,479
18107,2022,51
18107,2023,53
18109,2018,183
18109,2019,267
18109,2020,329
18109,2021,404
18109,2022,304
18109,2023,326
18111,2018,18
18111,2019,21
18111,2020,28
18111,2021,42
18111,2022,50
18111,2023,25
18113,2022,105
18113,2023,118
18115,2018,32
18115,2019,22
18115,2020,20
18115,2021,26
18115,2022,12
18115,2023,7
18117,2022,10
18117,2023,18
18119,2018,47
18119,2019,30
18119,2020,31
18119,2021,33
18119,2022,98
18119,2023,90
18121,2022,82
18121,2023,45
18123,2022,18
18123,2023,48
18125,2022,0
18125,2023,0
18127,2018,584
18127,2019,542
18127,2020,580
18127,2021,650
18127,2022,443
18127,2023,623
18129,2022,27
18129,2023,28
18131,2022,18
18131,2023,19
18133,2018,141
18133,2019,215
18133,2020,164
18133,2021,151
18133,2022,122
18133,2023,103
18135,2022,19
18135,2023,17
18137,2022,134
18137,2023,107
18139,2022,29
18139,2023,67
18141,2022,589
18141,2023,291
18143,2022,72
18143,2023,60
18145,2018,83
18145,2019,52
18145,2020,70
18145,2021,131
18145,2022,302
18145,2023,91
18147,2022,66
18147,2023,72
18149,2022,62
18149,2023,74
18151,2018,155
18151,2019,147
18151,2020,163
18151,2021,145
18151,2022,145
18151,2023,131
18153,2022,5
18153,2023,9
18155,2022,75
18155,2023,74
18157,2018,1735
18157,2019,1297
18157,2020,1317
18157,2021,1152
18157,2022,1487
18157,2023,2020
18159,2022,30
18159,2023,28
18161,2022,9
18161,2023,7
18163,2018,267
18163,2019,338
18163,2020,652
18163,2021,870
18163,2022,662
18163,2023,540
18165,2022,33
18165,2023,18
18167,2018,89
18167,2019,41
18167,2020,58
18167,2021,41
18167,2022,116
18167,2023,47
18169,2022,35
18169,2023,50
18171,2022,20
18171,2023,46
18173,2022,420
18173,2023,290
18175,2018,69
18175,2019,60
18175,2020,72
18175,2021,51
18175,2022,43
18175,2023,21
18177,2022,50
18177,2023,37
18179,2022,121
18179,2023,107
18181,2022,40
18181,2023,36
18183,2018,181
18183,2019,118
18183,2020,92
18183,2021,115
18183,2022,92
18183,2023,78
19001,2022,12
19001,2023,11
19003,2022,4
19003,2023,2
19005,2022,56
19005,2023,49
19007,2022,5
19007,2023,6
19009,2022,3
19009,2023,5
19011,2022,24
19011,2023,34
19013,2022,201
19013,2023,422
19015,2022,107
19015,2023,81
19017,2022,37
19017,2023,39
19019,2022,45
19019,2023,72
19021,2022,88
19021,2023,15
19023,2022,35
19023,2023,30
19025,2022,19
19025,2023,16
19027,2022,38
19027,2023,45
19029,2022,7
19029,2023,8
19031,2022,70
19031,2023,93
19033,2022,133
19033,2023,42
19035,2022,7
19035,2023,11
19037,2022,21
19037,2023,4
19039,2022,128
19039,2023,130
19041,2022,25
19041,2023,13
19043,2022,35
19043,2023,32
19045,2022,28
19045,2023,84
19047,2022,12
19047,2023,17
19049,2018,590
19049,2019,798
19049,2020,1155
19049,2021,1482
19049,2022,1464
19049,2023,1421
19051,2022,46
19051,2023,8
19053,2022,0
19053,2023,1
19055,2022,36
19055,2023,33
19057,2022,11
19057,2023,54
19059,2022,433
19059,2023,360
19061,2022,162
19061,2023,196
19063,2022,66
19063,2023,21
19065,2022,29
19065,2023,11
19067,2022,11
19067,2023,10
19069,2022,2
19069,2023,4
19071,2022,10
19071,2023,13
19073,2022,4
19073,2023,18
19075,2022,16
19075,2023,23
19077,2022,18
19077,2023,21
19079,2022,11
19079,2023,17
19081,2022,5
19081,2023,17
19083,2022,9
19083,2023,6
19085,2018,33
19085,2019,34
19085,2020,31
19085,2021,14
19085,2022,10
19085,2023,51
19087,2022,50
19087,2023,49
19089,2022,2
19089,2023,5
19091,2022,14
19091,2023,13
19093,2022,12
19093,2023,6
19095,2022,12
19095,2023,17
19097,2022,24
19097,2023,16
19099,2022,26
19099,2023,24
19101,2022,13
19101,2023,13
19103,2022,1362
19103,2023,1235
19105,2022,23
19105,2023,24
19107,2022,3
19107,2023,1
19109,2022,6
19109,2023,11
19111,2022,7
19111,2023,10
19113,2022,859
19113,2023,695
19115,2022,20
19115,2023,11
19117,2022,4
19117,2023,11
19119,2022,36
19119,2023,29
19121,2022,75
19121,2023,87
19123,2022,11
19123,2023,10
19125,2022,84
19125,2023,112
19127,2022,106
19127,2023,94
19129,2018,2
19129,2019,9
19129,2020,17
19129,2021,10
19129,2022,14
19129,2023,16
19131,2022,69
19131,2023,44
19133,2022,9
19133,2023,17
19135,2022,16
19135,2023,13
19137,2022,4
19137,2023,12
19139,2022,60
19139,2023,33
19141,2022,26
19141,2023,61
19143,2022,1
19143,2023,2
19145,2022,15
19145,2023,47
19147,2022,4
19147,2023,15
19149,2022,39
19149,2023,41
19151,2022,0
19151,2023,3
19153,2018,3806
19153,2019,3924
19153,2020,4583
19153,2021,4778
19153,2022,4031
19153,2023,3093
19155,2022,135
19155,2023,168
19157,2022,41
19157,2023,34
19159,2022,2
19159,2023,1
19161,2022,7
19161,2023,15
19163,2022,464
19163,2023,493
19165,2022,10
19165,2023,8
19167,2022,163
19167,2023,130
19169,2022,210
19169,2023,158
19171,2022,35
19171,2023,8
19173,2022,6
19173,2023,6
19175,2022,2
19175,2023,8
19177,2022,3
19177,2023,0
19179,2022,21
19179,2023,6
19181,2018,343
19181,2019,354
19181,2020,530
19181,2021,544
19181,2022,520
19181,2023,371
19183,2022,51
19183,2023,17
19185,2022,0
19185,2023,1
19187,2022,142
19187,2023,52
19189,2022,6
19189,2023,8
19191,2022,113
19191,2023,47
19193,2022,230
19193,2023,164
19195,2022,6
19195,2023,4
19197,2022,10
19197,2023,11
20001,2022,10
20001,2023,17
20003,2022,14
20003,2023,17
20005,2022,4
20005,2023,12
20007,2022,0
20007,2023,0
20009,2022,13
20009,2023,6
20011,2022,10
20011,2023,0
20013,2022,0
20013,2023,5
20015,2022,145
20015,2023,611
20017,2022,1
20017,2023,3
20019,2022,0
20019,2023,0
20021,2022,11
20021,2023,8
20023,2022,0
20023,2023,2
20025,2022,1
20025,2023,1
20027,2022,15
20027,2023,10
20029,2022,0
20029,2023,0
20031,2022,21
20031,2023,17
20033,2022,0
20033,2023,0
20035,2022,55
20035,2023,77
20037,2022,85
20037,2023,71
20039,2022,0
20039,2023,0
20041,2022,12
20041,2023,26
20043,2022,6
20043,2023,6
20045,2022,386
20045,2023,223
20047,2022,0
20047,2023,0
20051,2022,58
20051,2023,83
20053,2022,50
20053,2023,8
20055,2022,145
20055,2023,52
20057,2022,98
20057,2023,153
20059,2022,81
20059,2023,91
20061,2018,13
20061,2019,13
20061,2020,16
20061,2021,16
20061,2022,20
20061,2023,45
20063,2022,1
20063,2023,0
20065,2022,0
20065,2023,0
20067,2022,1
20067,2023,0
20069,2022,16
20069,2023,12
20071,2022,0
20071,2023,0
20073,2022,0
20073,2023,8
20075,2022,0
20075,2023,0
20077,2022,3
20077,2023,1
20079,2022,80
20079,2023,65
20081,2022,0
20081,2023,0
20083,2022,0
20083,2023,0
20085,2022,20
20085,2023,23
20087,2022,68
20087,2023,67
20089,2022,0
20089,2023,0
20091,2018,4001
20091,2019,3114
20091,2020,3083
20091,2021,3660
20091,2022,3401
20091,2023,3167
20093,2022,4
20093,2023,1
20095,2022,27
20095,2023,17
20097,2022,0
20097,2023,0
20099,2022,1
20099,2023,1
20101,2022,0
20101,2023,0
20103,2018,309
20103,2019,258
20103,2020,347
20103,2021,364
20103,2022,306
20103,2023,197
20105,2022,1
20105,2023,0
20107,2018,45
20107,2019,43
20107,2020,65
20107,2021,114
20107,2022,87
20107,2023,72
20109,2022,1
20109,2023,0
20111,2022,70
20111,2023,66
20113,2022,86
20113,2023,85
20115,2022,13
20115,2023,23
20117,2022,0
20117,2023,2
20119,2022,2
20119,2023,0
20121,2018,81
20121,2019,97
20121,2020,87
20121,2021,128
20121,2022,160
20121,2023,103
20123,2022,0
20123,2023,0
20125,2022,5
20125,2023,1
20127,2022,2
20127,2023,1
20129,2022,0
20129,2023,0
20131,2022,12
20131,2023,16
20133,2022,12
20133,2023,13
20135,2022,1
20135,2023,0
20137,2022,0
20137,2023,0
20139,2022,107
20139,2023,37
20141,2022,1
20141,2023,0
20143,2022,16
20143,2023,7
20145,2022,1
20145,2023,0
20147,2022,0
20147,2023,0
20149,2022,150
20149,2023,113
20151,2022,0
20151,2023,2
20153,2022,0
20153,2023,2
20155,2022,43
20155,2023,45
20157,2022,0
20157,2023,3
20159,2022,19
20159,2023,21
20161,2022,136
20161,2023,105
20163,2022,0
20163,2023,2
20165,2022,0
20165,2023,0
20167,2022,9
20167,2023,5
20169,2022,85
20169,2023,119
20171,2022,0
20171,2023,1
20173,2022,2574
20173,2023,1968
20175,2022,15
20175,2023,16
20177,2022,197
20177,2023,210
20181,2022,0
20181,2023,2
20183,2022,1
20183,2023,1
20185,2022,4
20185,2023,3
20187,2022,0
20187,2023,0
20189,2022,7
20189,2023,7
20191,2022,30
20191,2023,32
20193,2022,18
20193,2023,11
20195,2022,0
20195,2023,0
20197,2022,36
20197,2023,8
20199,2022,1
20199,2023,0
20201,2022,3
20201,2023,3
20203,2022,0
20203,2023,0
20205,2022,12
20205,2023,9
20207,2022,12
20207,2023,8
20209,2018,232
20209,2019,190
20209,2020,213
20209,2021,153
20209,2022,405
20209,2023,333
21001,2022,0
21001,2023,0
21003,2022,7
21003,2023,4
21005,2018,89
21005,2019,70
21005,2020,92
21005,2021,178
21005,2022,192
21005,2023,87
21009,2022,175
21009,2023,131
21011,2022,0
21011,2023,0
21013,2022,44
21013,2023,40
21015,2018,702
21015,2019,504
21015,2020,817
21015,2021,1107
21015,2022,565
21015,2023,798
21017,2018,42
21017,2019,48
21017,2020,53
21017,2021,54
21017,2022,38
21017,2023,32
21019,2022,1
21019,2023,0
21021,2018,34
21021,2019,42
21021,2020,52
21021,2021,62
21021,2022,61
21021,2023,68
21025,2022,1
21025,2023,1
21027,2022,2
21027,2023,3
21029,2018,403
21029,2019,350
21029,2020,463
21029,2021,432
21029,2022,405
21029,2023,330
21031,2022,0
21031,2023,0
21033,2022,10
21033,2023,2
21035,2018,55
21035,2019,40
21035,2020,51
21035,2021,137
21035,2022,87
21035,2023,61
21037,2018,469
21037,2019,209
21037,2020,235
21037,2021,664
21037,2022,463
21037,2023,456
21041,2022,4
21041,2023,4
21043,2022,7
21043,2023,1
21045,2018,0
21045,2019,0
21045,2020,0
21045,2021,0
21045,2022,0
21045,2023,0
21047,2018,72
21047,2019,156
21047,2020,88
21047,2021,91
21047,2022,91
21047,2023,139
21049,2018,100
21049,2019,100
21049,2020,120
21049,2021,165
21049,2022,186
21049,2023,164
21051,2022,0
21051,2023,0
21053,2022,0
21053,2023,0
21055,2022,1
21055,2023,0
21057,2022,0
21057,2023,1
21059,2020,338
21059,2021,388
21059,2022,238
21059,2023,282
21065,2022,0
21065,2023,0
21067,2018,1791
21067,2019,1905
21067,2020,1437
21067,2021,1655
21067,2022,1731
21067,2023,1398
21069,2018,0
21069,2019,0
21069,2020,0
21069,2021,0
21069,2022,0
21069,2023,0
21071,2022,5
21071,2023,5
21073,2022,109
21073,2023,102
21075,2022,0
21075,2023,0
21077,2018,21
21077,2019,20
21077,2020,54
21077,2021,59
21077,2022,62
21077,2023,50
21079,2022,0
21079,2023,0
21081,2018,56
21081,2019,59
21081,2020,75
21081,2021,92
21081,2022,80
21081,2023,117
21083,2022,8
21083,2023,8
21085,2022,1
21085,2023,13
21087,2022,0
21087,2023,3
21089,2022,21
21089,2023,19
21091,2018,11
21091,2019,3
21091,2020,10
21091,2021,10
21091,2022,9
21091,2023,11
21093,2022,984
21093,2023,1679
21095,2022,0
21095,2023,0
21097,2022,73
21097,2023,68
21099,2018,128
21099,2019,27
21099,2020,46
21099,2021,63
21099,2022,77
21099,2023,77
21101,2018,36
21101,2019,111
21101,2020,63
21101,2021,58
21101,2022,32
21101,2023,44
21103,2018,33
21103,2019,34
21103,2020,61
21103,2021,68
21103,2022,55
21103,2023,64
21107,2022,121
21107,2023,131
21109,2022,0
21109,2023,0
21111,2018,3318
21111,2019,3435
21111,2020,1264
21111,2021,1917
21111,2022,2811
21111,2023,3713
21113,2018,179
21113,2019,197
21113,2020,239
21113,2021,286
21113,2022,232
21113,2023,395
21115,2018,2
21115,2019,0
21115,2020,0
21115,2022,0
21117,2018,267
21117,2019,308
21117,2020,311
21117,2021,653
21117,2022,427
21117,2023,473
21121,2018,0
21121,2019,0
21121,2020,0
21121,2021,0
21121,2022,0
21121,2023,0
21123,2018,44
21123,2019,37
21123,2020,37
21123,2021,60
21123,2022,50
21123,2023,62
21125,2022,12
21125,2023,6
21133,2022,0
21133,2023,0
21135,2022,0
21135,2023,0
21137,2018,46
21137,2019,51
21137,2020,55
21137,2021,73
21137,2022,66
21137,2023,93
21141,2022,12
21141,2023,9
21143,2022,9
21143,2023,8
21145,2018,128
21145,2019,138
21145,2020,116
21145,2021,126
21145,2022,154
21145,2023,150
21147,2022,0
21147,2023,0
21149,2022,0
21149,2023,0
21151,2018,327
21151,2019,309
21151,2020,333
21151,2021,455
21151,2022,890
21151,2023,378
21155,2022,50
21155,2023,38
21157,2018,78
21157,2019,83
21157,2020,91
21157,2021,93
21157,2022,185
21157,2023,131
21161,2018,18
21161,2019,14
21161,2020,32
21161,2021,29
21161,2022,23
21161,2023,32
21163,2018,77
21163,2019,108
21163,2020,130
21163,2021,113
21163,2022,141
21163,2023,115
21167,2018,45
21167,2019,49
21167,2020,74
21167,2021,39
21167,2022,124
21167,2023,146
21173,2022,54
21173,2023,50
21175,2018,21
21175,2019,24
21175,2020,9
21175,2021,3
21175,2022,2
21175,2023,2
21177,2022,7
21177,2023,5
21179,2018,203
21179,2019,295
21179,2020,282
21179,2021,313
21179,2022,307
21179,2023,283
21181,2022,0
21181,2023,2
21183,2022,6
21183,2023,5
21185,2018,346
21185,2019,283
21185,2020,442
21185,2021,420
21185,2022,332
21185,2023,349
21187,2022,18
21187,2023,17
21191,2018,0
21191,2019,0
21191,2020,0
21191,2021,0
21191,2022,0
21191,2023,0
21193,2022,0
21193,2023,0
21195,2022,23
21195,2023,12
21197,2022,2
21197,2023,2
21199,2022,17
21199,2023,9
21205,2022,15
21205,2023,7
21207,2022,19
21207,2023,1
21209,2018,526
21209,2019,469
21209,2020,363
21209,2021,591
21209,2022,430
21209,2023,307
21211,2018,232
21211,2019,272
21211,2020,328
21211,2021,451
21211,2022,295
21211,2023,337
21213,2018,155
21213,2019,156
21213,2020,166
21213,2021,130
21213,2022,282
21213,2023,129
21215,2018,147
21215,2019,130
21215,2020,161
21215,2021,177
21215,2022,83
21215,2023,83
21217,2021,10
21217,2022,10
21217,2023,9
21219,2022,28
21219,2023,44
21221,2018,7
21221,2019,19
21221,2020,81
21221,2021,10
21221,2022,3
21221,2023,3
21227,2022,1629
21227,2023,1444
21229,2022,15
21229,2023,23
21231,2022,0
21233,2022,4
21233,2023,4
21235,2022,37
21235,2023,49
21239,2018,133
21239,2019,168
21239,2020,99
21239,2021,124
21239,2022,95
21239,2023,69
22001,2022,139
22001,2023,113
22003,2022,51
22003,2023,44
22005,2018,970
22005,2019,862
22005,2020,902
22005,2021,1061
22005,2022,1129
22005,2023,710
22007,2022,28
22007,2023,19
22009,2022,23
22009,2023,17
22011,2022,127
22011,2023,58
22013,2022,13
22013,2023,15
22015,2018,658
22015,2019,640
22015,2020,656
22015,2021,743
22015,2022,529
22015,2023,626
22017,2018,301
22017,2019,306
22017,2020,255
22017,2021,218
22017,2022,279
22017,2023,184
22019,2022,1127
22019,2023,1000
22021,2022,9
22021,2023,10
22023,2022,51
22023,2023,16
22025,2022,4
22025,2023,1
22027,2022,5
22027,2023,4
22029,2022,20
22029,2023,26
22031,2018,106
22031,2019,100
22031,2020,118
22031,2021,118
22031,2022,111
22031,2023,112
22033,2018,1337
22033,2019,1288
22033,2020,1363
22033,2021,1452
22033,2022,1198
22033,2023,1089
22035,2022,0
22035,2023,0
22037,2018,44
22037,2019,53
22037,2020,54
22037,2021,73
22037,2022,66
22037,2023,42
22039,2022,55
22039,2023,39
22041,2022,13
22041,2023,12
22043,2022,51
22043,2023,18
22045,2022,104
22045,2023,122
22047,2018,107
22047,2019,99
22047,2020,111
22047,2021,142
22047,2022,195
22047,2023,110
22049,2022,17
22049,2023,16
22051,2018,599
22051,2019,550
22051,2020,592
22051,2021,998
22051,2022,490
22051,2023,789
22053,2022,141
22053,2023,60
22055,2018,1251
22055,2019,1184
22055,2020,2095
22055,2021,2355
22055,2022,1516
22055,2023,1844
22057,2022,496
22057,2023,320
22059,2022,10
22059,2023,3
22061,2022,81
22061,2023,71
22063,2018,846
22063,2019,915
22063,2020,1019
22063,2021,1215
22063,2022,875
22063,2023,1079
22065,2022,2
22065,2023,0
22067,2022,1
22067,2023,6
22069,2022,63
22069,2023,116
22071,2018,1306
22071,2019,1306
22071,2020,1360
22071,2021,1576
22071,2022,1622
22071,2023,1086
22073,2022,589
22073,2023,402
22075,2018,49
22075,2019,91
22075,2020,109
22075,2021,126
22075,2022,82
22075,2023,98
22077,2018,54
22077,2019,52
22077,2020,68
22077,2021,64
22077,2022,42
22077,2023,35
22079,2022,334
22079,2023,224
22081,2022,9
22081,2023,7
22083,2022,34
22083,2023,12
22085,2022,86
22085,2023,80
22087,2018,178
22087,2019,208
22087,2020,340
22087,2021,324
22087,2022,224
22087,2023,114
22089,2018,196
22089,2019,122
22089,2020,138
22089,2021,163
22089,2022,142
22089,2023,82
22091,2018,33
22091,2019,35
22091,2020,38
22091,2021,20
22091,2022,12
22091,2023,12
22093,2022,73
22093,2023,58
22095,2018,47
22095,2019,46
22095,2020,86
22095,2021,98
22095,2022,57
22095,2023,44
22097,2022,179
22097,2023,148
22099,2018,171
22099,2019,173
22099,2020,209
22099,2021,116
22099,2022,65
22099,2023,46
22101,2022,68
22101,2023,26
22103,2018,1431
22103,2019,1631
22103,2020,1665
22103,2021,1959
22103,2022,1502
22103,2023,830
22105,2022,1474
22105,2023,1213
22107,2022,0
22107,2023,2
22109,2018,149
22109,2019,162
22109,2020,178
22109,2021,208
22109,2022,375
22109,2023,295
22111,2022,1
22111,2023,2
22113,2022,220
22113,2023,264
22115,2022,41
22115,2023,50
22117,2022,0
22117,2023,2
22119,2022,36
22119,2023,34
22121,2018,573
22121,2019,232
22121,2020,229
22121,2021,274
22121,2022,239
22121,2023,139
22123,2022,11
22123,2023,1
22125,2018,42
22125,2019,53
22125,2020,53
22125,2021,45
22125,2022,38
22125,2023,37
22127,2022,2
22127,2023,1
23000,2018,76
23000,2019,69
23000,2020,102
23000,2021,118
23000,2022,116
23000,2023,110
23001,2022,453
23001,2023,319
23003,2022,66
23003,2023,56
23005,2022,1941
23005,2023,1473
23007,2022,209
23007,2023,186
23009,2022,264
23009,2023,379
23011,2022,479
23011,2023,432
23013,2022,142
23013,2023,181
23015,2022,169
23015,2023,168
23017,2022,345
23017,2023,285
23019,2022,399
23019,2023,303
23021,2022,51
23021,2023,107
23023,2022,179
23023,2023,171
23025,2022,147
23025,2023,124
23027,2022,138
23027,2023,148
23029,2022,45
23029,2023,54
23031,2022,1559
23031,2023,1328
24001,2022,24
24001,2023,16
24003,2018,2046
24003,2019,2650
24003,2020,1982
24003,2021,1745
24003,2022,1822
24003,2023,1073
24005,2018,2107
24005,2019,1417
24005,2020,1444
24005,2021,986
24005,2022,335
24005,2023,1673
24009,2018,184
24009,2019,430
24009,2020,339
24009,2021,240
24009,2022,127
24009,2023,95
24011,2022,67
24011,2023,49
24013,2018,399
24013,2019,342
24013,2020,481
24013,2021,481
24013,2022,350
24013,2023,210
24015,2018,155
24015,2019,188
24015,2020,234
24015,2021,366
24015,2022,238
24015,2023,230
24017,2018,735
24017,2019,768
24017,2020,735
24017,2021,933
24017,2022,972
24017,2023,1128
24019,2022,72
24019,2023,71
24021,2018,2000
24021,2019,2402
24021,2020,2577
24021,2021,2803
24021,2022,2566
24021,2023,1646
24023,2018,92
24023,2019,107
24023,2020,118
24023,2021,153
24023,2022,181
24023,2023,155
24025,2018,864
24025,2019,930
24025,2020,1190
24025,2021,903
24025,2022,1406
24025,2023,1536
24027,2018,2046
24027,2019,779
24027,2020,1062
24027,2021,1735
24027,2022,571
24027,2023,798
24029,2022,56
24029,2023,75
24031,2018,1950
24031,2019,3225
24031,2020,1486
24031,2021,1857
24031,2022,724
24031,2023,2839
24033,2018,2260
24033,2019,2544
24033,2020,2721
24033,2021,2459
24033,2022,5928
24033,2023,3017
24035,2018,264
24035,2019,335
24035,2020,301
24035,2021,428
24035,2022,455
24035,2023,535
24037,2018,931
24037,2019,689
24037,2020,950
24037,2021,359
24037,2022,238
24037,2023,386
24039,2018,34
24039,2019,32
24039,2020,20
24039,2021,40
24039,2022,38
24039,2023,48
24041,2022,152
24041,2023,149
24043,2022,544
24043,2023,267
24045,2018,194
24045,2019,266
24045,2020,300
24045,2021,223
24045,2022,413
24045,2023,196
24047,2022,338
24047,2023,521
24510,2018,1547
24510,2019,510
24510,2020,1620
24510,2021,1730
24510,2022,1657
24510,2023,1411
25001,2022,868
25001,2023,528
25003,2022,101
25003,2023,114
25005,2018,662
25005,2019,654
25005,2020,696
25005,2021,867
25005,2022,745
25005,2023,723
25007,2022,140
25007,2023,81
25009,2018,930
25009,2019,1129
25009,2020,1215
25009,2021,1876
25009,2022,864
25009,2023,1117
25011,2022,73
25011,2023,64
25013,2022,258
25013,2023,323
25015,2022,408
25015,2023,237
25017,2018,4316
25017,2019,5438
25017,2020,4499
25017,2021,4953
25017,2022,4061
25017,2023,4046
25019,2022,239
25019,2023,232
25021,2018,1717
25021,2019,2069
25021,2020,1919
25021,2021,2689
25021,2022,2342
25021,2023,892
25023,2018,1569
25023,2019,1138
25023,2020,1327
25023,2021,1574
25023,2022,1494
25023,2023,1017
25025,2018,3738
25025,2019,3179
25025,2020,3696
25025,2021,3744
25025,2022,4138
25025,2023,2235
25027,2022,2465
25027,2023,1259
26000,2018,64
26000,2019,61
26000,2020,67
26000,2021,71
26000,2022,70
26000,2023,69
26001,2022,39
26001,2023,35
26003,2022,29
26003,2023,31
26005,2022,350
26005,2023,347
26007,2022,26
26007,2023,45
26009,2022,96
26009,2023,94
26011,2022,13
26011,2023,17
26013,2022,9
26013,2023,9
26015,2022,194
26015,2023,178
26017,2022,64
26017,2023,42
26019,2018,75
26019,2019,71
26019,2020,64
26019,2021,107
26019,2022,145
26019,2023,131
26021,2022,234
26021,2023,342
26023,2022,353
26023,2023,41
26025,2022,65
26025,2023,78
26027,2022,131
26027,2023,143
26029,2018,94
26029,2019,113
26029,2020,97
26029,2021,117
26029,2022,118
26029,2023,105
26031,2022,105
26031,2023,73
26033,2022,46
26033,2023,84
26035,2022,53
26035,2023,47
26037,2022,125
26037,2023,146
26039,2022,175
26039,2023,30
26041,2022,37
26041,2023,34
26043,2022,38
26043,2023,45
26045,2022,200
26045,2023,105
26047,2022,131
26047,2023,151
26049,2022,399
26049,2023,393
26051,2022,84
26051,2023,83
26053,2022,11
26053,2023,27
26055,2022,468
26055,2023,619
26057,2022,38
26057,2023,39
26059,2022,56
26059,2023,88
26061,2022,342
26061,2023,118
26063,2022,33
26063,2023,41
26065,2022,583
26065,2023,637
26067,2022,90
26067,2023,103
26069,2022,37
26069,2023,53
26071,2022,152
26071,2023,148
26073,2022,63
26073,2023,71
26075,2022,142
26075,2023,147
26077,2022,454
26077,2023,709
26079,2022,39
26079,2023,36
26081,2022,1956
26081,2023,2099
26083,2022,22
26083,2023,23
26085,2022,30
26085,2023,28
26087,2022,200
26087,2023,141
26089,2018,189
26089,2019,163
26089,2020,119
26089,2021,186
26089,2022,178
26089,2023,207
26091,2022,124
26091,2023,119
26093,2018,742
26093,2019,696
26093,2020,677
26093,2021,818
26093,2022,1150
26093,2023,800
26095,2018,7
26095,2019,4
26095,2020,9
26095,2021,2
26095,2022,0
26095,2023,2
26097,2022,41
26097,2023,40
26099,2018,2079
26099,2019,2111
26099,2020,1599
26099,2021,1735
26099,2022,1494
26099,2023,1274
26101,2022,97
26101,2023,99
26103,2018,75
26103,2019,75
26103,2020,85
26103,2021,111
26103,2022,95
26103,2023,93
26105,2022,73
26105,2023,80
26107,2022,127
26107,2023,118
26109,2022,27
26109,2023,24
26111,2022,117
26111,2023,137
26113,2022,25
26113,2023,35
26115,2022,262
26115,2023,253
26117,2022,153
26117,2023,179
26119,2022,0
26119,2023,0
26121,2022,535
26121,2023,344
26123,2022,145
26123,2023,133
26125,2022,2308
26125,2023,2318
26127,2022,96
26127,2023,140
26129,2022,41
26129,2023,55
26131,2022,6
26131,2023,8
26133,2022,39
26133,2023,9
26135,2022,25
26135,2023,19
26137,2018,17
26137,2019,19
26137,2020,21
26137,2021,23
26137,2022,23
26137,2023,23
26139,2022,1731
26139,2023,1335
26141,2022,41
26141,2023,43
26143,2022,59
26143,2023,48
26145,2022,193
26145,2023,173
26147,2018,263
26147,2019,339
26147,2020,208
26147,2021,406
26147,2022,424
26147,2023,278
26149,2022,77
26149,2023,128
26151,2022,81
26151,2023,67
26153,2022,13
26153,2023,12
26155,2022,68
26155,2023,64
26157,2022,60
26157,2023,52
26159,2022,214
26159,2023,191
26161,2022,615
26161,2023,1303
26163,2018,1431
26163,2019,1676
26163,2020,1995
26163,2021,2234
26163,2022,2361
26163,2023,1386
26165,2022,94
26165,2023,98
27001,2022,165
27001,2023,144
27003,2018,1588
27003,2019,1357
27003,2020,1664
27003,2021,2408
27003,2022,2119
27003,2023,1169
27005,2022,134
27005,2023,152
27007,2022,191
27007,2023,209
27009,2022,85
27009,2023,63
27011,2022,8
27011,2023,9
27013,2022,408
27013,2023,479
27015,2022,17
27015,2023,49
27017,2022,76
27017,2023,95
27019,2018,970
27019,2019,617
27019,2020,682
27019,2021,1052
27019,2022,1251
27019,2023,1086
27021,2022,310
27021,2023,265
27023,2022,52
27023,2023,20
27025,2018,256
27025,2019,229
27025,2020,275
27025,2021,486
27025,2022,312
27025,2023,189
27027,2018,397
27027,2019,268
27027,2020,310
27027,2021,483
27027,2022,268
27027,2023,403
27029,2022,2
27029,2023,3
27031,2022,69
27031,2023,56
27033,2022,12
27033,2023,54
27035,2022,535
27035,2023,856
27037,2018,1892
27037,2019,2334
27037,2020,1971
27037,2021,3477
27037,2022,2928
27037,2023,2685
27039,2022,180
27039,2023,46
27041,2022,197
27041,2023,160
27043,2022,7
27043,2023,12
27045,2022,70
27045,2023,74
27047,2022,20
27047,2023,12
27049,2022,170
27049,2023,51
27051,2022,1
27051,2023,2
27053,2018,7051
27053,2019,9192
27053,2020,7639
27053,2021,7905
27053,2022,9704
27053,2023,4917
27055,2022,64
27055,2023,32
27057,2022,18
27057,2023,76
27059,2018,250
27059,2019,258
27059,2020,322
27059,2021,468
27059,2022,183
27059,2023,398
27061,2022,96
27061,2023,123
27063,2022,13
27063,2023,4
27065,2022,46
27065,2023,47
27067,2022,175
27067,2023,219
27069,2022,1
27069,2023,2
27071,2022,25
27071,2023,29
27073,2022,8
27073,2023,3
27075,2022,41
27075,2023,71
27077,2022,27
27077,2023,19
27079,2022,73
27079,2023,75
27081,2022,12
27081,2023,12
27083,2022,81
27083,2023,31
27085,2022,76
27085,2023,76
27087,2022,0
27087,2023,0
27089,2022,3
27089,2023,2
27091,2022,23
27091,2023,11
27093,2022,150
27093,2023,63
27095,2022,75
27095,2023,85
27097,2022,121
27097,2023,178
27099,2022,138
27099,2023,39
27101,2022,38
27101,2023,24
27103,2022,199
27103,2023,109
27105,2022,15
27105,2023,11
27107,2022,17
27107,2023,10
27109,2022,1391
27109,2023,914
27111,2022,113
27111,2023,103
27113,2022,8
27113,2023,8
27115,2022,226
27115,2023,189
27117,2022,2
27117,2023,10
27119,2022,44
27119,2023,57
27121,2022,35
27121,2023,35
27123,2018,892
27123,2019,2726
27123,2020,2966
27123,2021,3279
27123,2022,1810
27123,2023,1831
27125,2022,0
27125,2023,0
27127,2022,16
27127,2023,17
27129,2022,9
27129,2023,12
27131,2022,156
27131,2023,116
27133,2022,64
27133,2023,61
27135,2022,29
27135,2023,75
27137,2022,479
27137,2023,560
27139,2018,849
27139,2019,1522
27139,2020,612
27139,2021,1039
27139,2022,1212
27139,2023,855
27141,2018,487
27141,2019,489
27141,2020,573
27141,2021,535
27141,2022,594
27141,2023,434
27143,2022,49
27143,2023,26
27145,2022,372
27145,2023,504
27147,2022,205
27147,2023,161
27149,2022,6
27149,2023,6
27151,2022,12
27151,2023,15
27153,2022,116
27153,2023,106
27155,2022,24
27155,2023,8
27157,2022,63
27157,2023,55
27159,2022,36
27159,2023,46
27161,2022,40
27161,2023,35
27163,2018,1699
27163,2019,1763
27163,2020,2183
27163,2021,2617
27163,2022,2484
27163,2023,2207
27165,2022,5
27165,2023,5
27167,2022,4
27167,2023,10
27169,2022,58
27169,2023,118
27171,2018,876
27171,2019,1087
27171,2020,1333
27171,2021,1559
27171,2022,1366
27171,2023,1230
27173,2022,5
27173,2023,9
28001,2022,1
28001,2023,2
28003,2022,12
28003,2023,29
28005,2022,0
28005,2023,0
28007,2022,19
28007,2023,8
28009,2022,0
28009,2023,0
28011,2022,18
28011,2023,18
28013,2022,0
28013,2023,11
28017,2022,0
28017,2023,2
28019,2022,0
28019,2023,3
28021,2022,0
28021,2023,0
28023,2022,0
28023,2023,0
28025,2022,8
28025,2023,7
28027,2022,29
28027,2023,28
28029,2022,6
28029,2023,7
28031,2022,0
28031,2023,0
28033,2018,1345
28033,2019,1475
28033,2020,1676
28033,2021,1808
28033,2022,1240
28033,2023,1044
28035,2022,110
28035,2023,89
28037,2022,0
28039,2022,17
28039,2023,15
28041,2018,1
28041,2019,0
28041,2020,4
28041,2021,2
28041,2022,2
28041,2023,2
28043,2022,2
28043,2023,3
28045,2018,609
28045,2019,659
28045,2020,717
28045,2021,827
28045,2022,719
28045,2023,326
28047,2018,1178
28047,2019,1047
28047,2020,1703
28047,2021,1113
28047,2022,1991
28047,2023,2059
28049,2022,260
28049,2023,208
28051,2022,18
28051,2023,18
28053,2022,0
28053,2023,0
28057,2022,7
28057,2023,8
28059,2022,683
28059,2023,595
28061,2022,0
28061,2023,0
28063,2022,0
28063,2023,0
28065,2022,0
28065,2023,0
28067,2018,17
28067,2019,5
28067,2020,93
28067,2021,81
28067,2022,45
28067,2023,48
28071,2022,256
28071,2023,282
28073,2022,65
28073,2023,44
28075,2022,13
28075,2023,11
28077,2022,0
28077,2023,0
28079,2022,0
28079,2023,0
28081,2022,93
28081,2023,116
28083,2022,10
28083,2023,10
28085,2022,9
28085,2023,20
28087,2022,117
28087,2023,100
28089,2022,622
28089,2023,607
28091,2022,0
28091,2023,0
28093,2022,244
28093,2023,265
28095,2022,18
28095,2023,7
28097,2022,141
28097,2023,112
28099,2022,0
28099,2023,0
28101,2022,0
28101,2023,0
28103,2022,0
28103,2023,0
28105,2022,74
28105,2023,90
28107,2022,14
28107,2023,12
28109,2022,420
28109,2023,306
28111,2022,1
28111,2023,0
28113,2022,2
28113,2023,9
28115,2022,83
28115,2023,85
28117,2022,8
28117,2023,9
28119,2022,0
28119,2023,0
28121,2022,265
28121,2023,329
28123,2022,12
28123,2023,9
28125,2022,0
28125,2023,0
28127,2022,47
28127,2023,47
28129,2018,0
28129,2019,0
28129,2020,0
28129,2021,0
28129,2022,4
28129,2023,0
28131,2022,55
28131,2023,56
28133,2022,20
28133,2023,8
28135,2022,1
28135,2023,1
28137,2018,131
28137,2019,121
28137,2020,144
28137,2021,167
28137,2022,146
28137,2023,118
28139,2022,11
28139,2023,11
28141,2022,8
28141,2023,7
28143,2018,110
28143,2019,71
28143,2020,94
28143,2021,104
28143,2022,91
28143,2023,85
28145,2018,9
28145,2019,16
28145,2020,11
28145,2021,19
28145,2022,20
28145,2023,22
28147,2022,0
28147,2023,0
28149,2018,3
28149,2019,2
28149,2020,28
28149,2021,5
28149,2022,8
28149,2023,10
28151,2022,7
28151,2023,54
28153,2022,6
28153,2023,5
28155,2022,7
28155,2023,8
28157,2022,0
28157,2023,0
28159,2022,5
28159,2023,8
28161,2022,22
28161,2023,20
28163,2022,2
28163,2023,4
29001,2022,60
29001,2023,18
29003,2022,6
29003,2023,5
29005,2022,1
29005,2023,4
29007,2022,23
29007,2023,25
29009,2022,85
29009,2023,23
29011,2022,1
29011,2023,0
29013,2018,0
29013,2019,2
29013,2020,2
29013,2021,2
29013,2022,1
29013,2023,2
29015,2022,4
29015,2023,2
29017,2018,0
29017,2019,1
29017,2020,0
29017,2021,0
29017,2022,0
29017,2023,0
29019,2018,557
29019,2019,789
29019,2020,921
29019,2021,1013
29019,2022,759
29019,2023,656
29021,2022,77
29021,2023,80
29023,2022,11
29023,2023,26
29025,2022,24
29025,2023,21
29027,2022,27
29027,2023,26
29029,2022,338
29029,2023,389
29031,2022,154
29031,2023,78
29033,2022,8
29033,2023,32
29035,2022,0
29035,2023,0
29037,2022,1128
29037,2023,475
29039,2022,14
29039,2023,5
29041,2022,0
29041,2023,0
29043,2022,682
29043,2023,801
29045,2022,7
29045,2023,8
29047,2022,1046
29047,2023,249
29049,2018,63
29049,2019,123
29049,2020,79
29049,2021,68
29049,2022,87
29049,2023,82
29051,2022,149
29051,2023,162
29053,2022,7
29053,2023,7
29055,2022,21
29055,2023,19
29057,2022,0
29057,2023,0
29059,2022,12
29059,2023,17
29061,2022,2
29061,2023,1
29063,2022,0
29063,2023,5
29065,2018,0
29065,2019,0
29065,2020,0
29065,2021,1
29065,2022,0
29065,2023,5
29067,2022,41
29067,2023,10
29069,2022,27
29069,2023,26
29071,2018,457
29071,2019,383
29071,2020,437
29071,2021,496
29071,2022,736
29071,2023,539
29073,2022,9
29073,2023,3
29075,2022,7
29075,2023,15
29077,2022,869
29077,2023,1164
29079,2022,5
29079,2023,5
29081,2022,0
29081,2023,0
29083,2022,12
29083,2023,13
29087,2022,2
29087,2023,1
29089,2022,4
29089,2023,6
29091,2022,34
29091,2023,71
29093,2022,0
29093,2023,1
29095,2018,3565
29095,2019,3778
29095,2020,4784
29095,2021,3974
29095,2022,4116
29095,2023,2489
29097,2022,1086
29097,2023,653
29099,2018,680
29099,2019,712
29099,2020,838
29099,2021,832
29099,2022,722
29099,2023,739
29101,2022,55
29101,2023,51
29103,2022,0
29103,2023,2
29105,2018,20
29105,2019,25
29105,2020,43
29105,2021,60
29105,2022,43
29105,2023,87
29107,2018,51
29107,2019,67
29107,2020,84
29107,2021,114
29107,2022,95
29107,2023,77
29109,2022,45
29109,2023,102
29111,2022,2
29111,2023,1
29113,2018,136
29113,2019,193
29113,2020,224
29113,2021,168
29113,2022,199
29113,2023,97
29115,2022,0
29115,2023,0
29117,2022,27
29117,2023,48
29119,2022,21
29119,2023,26
29121,2022,6
29121,2023,10
29123,2022,2
29123,2023,9
29125,2022,0
29125,2023,0
29127,2022,33
29127,2023,42
29129,2022,0
29129,2023,0
29131,2022,38
29131,2023,57
29133,2022,0
29133,2023,2
29135,2022,4
29135,2023,3
29137,2022,0
29137,2023,3
29139,2022,28
29139,2023,38
29141,2022,16
29141,2023,14
29143,2022,2
29143,2023,7
29145,2022,107
29145,2023,116
29147,2022,50
29147,2023,48
29149,2022,1
29149,2023,2
29151,2022,0
29151,2023,7
29153,2022,2
29153,2023,3
29155,2022,15
29155,2023,15
29157,2022,32
29157,2023,28
29159,2022,131
29159,2023,130
29161,2022,106
29161,2023,109
29163,2022,9
29163,2023,24
29165,2018,344
29165,2019,630
29165,2020,436
29165,2021,513
29165,2022,275
29165,2023,170
29167,2022,70
29167,2023,78
29169,2022,62
29169,2023,58
29171,2022,0
29171,2023,0
29173,2022,8
29173,2023,6
29175,2022,30
29175,2023,78
29177,2022,37
29177,2023,36
29179,2022,0
29179,2023,0
29181,2022,4
29181,2023,1
29183,2022,2578
29183,2023,2670
29185,2018,0
29185,2019,3
29185,2020,2
29185,2021,0
29185,2022,2
29185,2023,0
29186,2022,8
29186,2023,6
29187,2022,138
29187,2023,433
29189,2018,1152
29189,2019,1184
29189,2020,1227
29189,2021,1687
29189,2022,1799
29189,2023,1124
29195,2022,2
29195,2023,11
29197,2022,7
29197,2023,7
29199,2022,0
29199,2023,0
29201,2022,53
29201,2023,79
29203,2022,0
29203,2023,0
29205,2022,3
29205,2023,2
29207,2022,10
29207,2023,12
29209,2022,371
29209,2023,353
29211,2022,0
29211,2023,0
29213,2022,422
29213,2023,372
29215,2022,9
29215,2023,2
29217,2022,23
29217,2023,18
29219,2018,331
29219,2019,456
29219,2020,378
29219,2021,381
29219,2022,250
29219,2023,424
29221,2018,1
29221,2019,0
29221,2020,0
29221,2021,0
29221,2022,0
29221,2023,0
29223,2022,0
29225,2022,70
29225,2023,107
29227,2022,0
29227,2023,0
29229,2022,32
29229,2023,26
29510,2018,661
29510,2019,381
29510,2020,422
29510,2021,955
29510,2022,1176
29510,2023,691
30000,2022,0
30000,2023,0
30001,2022,9
30001,2023,5
30003,2022,0
30003,2023,0
30005,2022,1
30005,2023,0
30007,2022,0
30007,2023,0
30009,2022,48
30009,2023,57
30011,2022,2
30011,2023,0
30013,2018,188
30013,2019,134
30013,2020,151
30013,2021,272
30013,2022,543
30013,2023,151
30015,2022,20
30015,2023,16
30017,2022,0
30017,2023,0
30019,2022,2
30019,2023,0
30021,2022,0
30021,2023,0
30023,2022,21
30023,2023,21
30025,2022,1
30025,2023,0
30027,2022,5
30027,2023,15
30029,2022,687
30029,2023,630
30031,2022,2324
30031,2023,1876
30033,2018,0
30033,2019,0
30033,2020,0
30033,2021,0
30033,2022,0
30033,2023,0
30035,2022,0
30035,2023,0
30041,2022,1
30041,2023,0
30043,2022,20
30043,2023,9
30047,2022,40
30047,2023,11
30049,2022,91
30049,2023,295
30053,2022,19
30053,2023,15
30055,2022,0
30055,2023,0
30057,2022,8
30057,2023,11
30061,2022,0
30061,2023,0
30063,2018,689
30063,2019,659
30063,2020,788
30063,2021,1798
30063,2022,1078
30063,2023,656
30065,2022,1
30065,2023,1
30067,2022,37
30067,2023,31
30071,2022,0
30071,2023,0
30073,2022,0
30073,2023,0
30077,2022,42
30077,2023,54
30081,2022,43
30081,2023,42
30083,2022,17
30083,2023,17
30085,2022,0
30085,2023,0
30087,2022,0
30087,2023,0
30091,2022,0
30091,2023,0
30093,2018,185
30093,2019,65
30093,2020,141
30093,2021,72
30093,2022,147
30093,2023,104
30095,2022,0
30095,2023,0
30097,2022,0
30097,2023,3
30099,2022,0
30099,2023,2
30101,2022,2
30101,2023,0
30105,2022,2
30105,2023,1
30109,2022,0
30109,2023,1
30111,2022,1153
30111,2023,294
31001,2018,43
31001,2019,171
31001,2020,59
31001,2021,37
31001,2022,130
31001,2023,58
31003,2022,10
31003,2023,13
31011,2022,6
31011,2023,0
31013,2022,0
31013,2023,0
31015,2022,0
31015,2023,0
31017,2022,0
31017,2023,0
31019,2022,110
31019,2023,130
31021,2022,8
31021,2023,14
31023,2022,5
31023,2023,1
31025,2018,113
31025,2019,116
31025,2020,135
31025,2021,132
31025,2022,132
31025,2023,120
31027,2022,12
31027,2023,9
31029,2022,1
31029,2023,8
31031,2022,12
31031,2023,36
31033,2018,25
31033,2019,5
31033,2020,0
31033,2021,8
31033,2022,5
31033,2023,5
31035,2022,16
31035,2023,11
31037,2022,25
31037,2023,31
31039,2022,13
31039,2023,15
31041,2022,17
31041,2023,26
31043,2022,23
31043,2023,31
31045,2022,20
31045,2023,21
31047,2022,71
31047,2023,172
31049,2022,0
31049,2023,4
31051,2022,4
31051,2023,3
31053,2022,326
31053,2023,175
31055,2018,2998
31055,2019,2188
31055,2020,3240
31055,2021,3406
31055,2022,4024
31055,2023,3201
31057,2022,2
31057,2023,4
31059,2022,9
31059,2023,7
31061,2022,5
31061,2023,10
31063,2022,13
31063,2023,3
31065,2022,10
31065,2023,2
31067,2022,46
31067,2023,31
31069,2022,4
31069,2023,6
31071,2022,10
31071,2023,9
31073,2022,14
31073,2023,4
31075,2022,0
31077,2022,9
31077,2023,5
31079,2022,191
31079,2023,332
31081,2022,34
31081,2023,41
31083,2022,6
31083,2023,8
31085,2022,0
31085,2023,0
31087,2022,0
31087,2023,0
31089,2022,12
31089,2023,6
31091,2022,0
31091,2023,5
31093,2022,22
31093,2023,15
31095,2022,10
31095,2023,6
31097,2022,4
31097,2023,3
31099,2022,14
31099,2023,9
31101,2022,44
31101,2023,113
31103,2022,0
31103,2023,0
31105,2018,0
31105,2019,3
31105,2020,1
31105,2021,1
31105,2022,4
31105,2023,2
31107,2022,32
31107,2023,21
31109,2022,3494
31109,2023,2077
31111,2022,46
31111,2023,165
31115,2022,15
31115,2023,10
31117,2022,0
31117,2023,0
31119,2022,129
31119,2023,113
31121,2022,19
31121,2023,52
31123,2022,1
31123,2023,1
31125,2022,1
31125,2023,0
31127,2022,0
31127,2023,4
31129,2022,3
31129,2023,3
31131,2022,21
31131,2023,27
31133,2022,1
31133,2023,2
31135,2022,8
31135,2023,5
31137,2022,13
31137,2023,11
31139,2022,20
31139,2023,11
31141,2022,84
31141,2023,57
31143,2022,13
31143,2023,7
31145,2022,8
31145,2023,8
31147,2022,5
31147,2023,1
31149,2022,2
31149,2023,2
31151,2022,37
31151,2023,26
31153,2018,1255
31153,2019,1373
31153,2020,1746
31153,2021,2342
31153,2022,1548
31153,2023,982
31155,2022,142
31155,2023,106
31157,2022,9
31157,2023,36
31159,2022,79
31159,2023,63
31161,2022,1
31161,2023,6
31163,2022,2
31163,2023,11
31165,2018,0
31165,2019,2
31165,2020,0
31165,2021,9
31165,2022,8
31165,2023,7
31167,2022,12
31167,2023,9
31169,2022,7
31169,2023,7
31171,2022,5
31171,2023,2
31173,2022,8
31173,2023,3
31175,2022,4
31175,2023,6
31177,2018,87
31177,2019,54
31177,2020,71
31177,2021,92
31177,2022,71
31177,2023,61
31179,2022,44
31179,2023,117
31181,2022,6
31181,2023,4
31183,2022,2
31183,2023,0
31185,2022,26
31185,2023,20
32001,2018,73
32001,2019,99
32001,2020,99
32001,2021,104
32001,2022,148
32001,2023,39
32003,2018,11944
32003,2019,12714
32003,2020,14100
32003,2021,16307
32003,2022,13072
32003,2023,13073
32005,2018,235
32005,2019,160
32005,2020,200
32005,2021,281
32005,2022,246
32005,2023,312
32007,2018,170
32007,2019,147
32007,2020,180
32007,2021,197
32007,2022,107
32007,2023,86
32013,2018,13
32013,2019,17
32013,2020,15
32013,2021,31
32013,2022,38
32013,2023,28
32015,2018,2
32015,2019,3
32015,2020,6
32015,2021,5
32015,2022,4
32015,2023,3
32017,2018,9
32017,2019,9
32017,2020,12
32017,2021,13
32017,2022,25
32017,2023,18
32019,2018,331
32019,2019,313
32019,2020,323
32019,2021,815
32019,2022,295
32019,2023,395
32021,2018,0
32021,2019,0
32021,2020,0
32021,2021,0
32021,2022,0
32021,2023,0
32027,2018,3
32027,2019,2
32027,2020,0
32027,2021,0
32027,2022,0
32027,2023,0
32029,2018,8
32029,2019,12
32029,2020,15
32029,2021,19
32029,2022,20
32029,2023,12
32031,2018,4437
32031,2019,5177
32031,2020,4489
32031,2021,5312
32031,2022,5912
32031,2023,4259
32033,2018,8
32033,2019,3
32033,2020,8
32033,2021,9
32033,2022,7
32033,2023,6
32510,2018,310
32510,2019,248
32510,2020,263
32510,2021,307
32510,2022,272
32510,2023,242
33001,2022,359
33001,2023,320
33003,2022,373
33003,2023,405
33005,2022,161
33005,2023,141
33007,2022,126
33007,2023,90
33009,2022,589
33009,2023,410
33011,2022,867
33011,2023,1382
33013,2022,428
33013,2023,394
33015,2018,1167
33015,2019,1244
33015,2020,1172
33015,2021,1175
33015,2022,1238
33015,2023,807
33017,2018,536
33017,2019,580
33017,2020,327
33017,2021,438
33017,2022,472
33017,2023,466
33019,2022,76
33019,2023,97
34001,2018,1014
34001,2019,956
34001,2020,668
34001,2021,810
34001,2022,807
34001,2023,406
34003,2018,2536
34003,2019,3936
34003,2020,3733
34003,2021,4000
34003,2022,4419
34003,2023,3440
34005,2018,1295
34005,2019,2659
34005,2020,1501
34005,2021,2135
34005,2022,2185
34005,2023,1718
34007,2018,789
34007,2019,1223
34007,2020,933
34007,2021,942
34007,2022,1222
34007,2023,1007
34009,2018,641
34009,2019,870
34009,2020,680
34009,2021,932
34009,2022,844
34009,2023,805
34011,2018,82
34011,2019,136
34011,2020,140
34011,2021,192
34011,2022,149
34011,2023,112
34013,2018,2176
34013,2019,3241
34013,2020,2344
34013,2021,3302
34013,2022,3473
34013,2023,3786
34015,2018,632
34015,2019,699
34015,2020,780
34015,2021,779
34015,2022,843
34015,2023,971
34017,2018,4258
34017,2019,8215
34017,2020,6980
34017,2021,5662
34017,2022,6056
34017,2023,5312
34019,2018,623
34019,2019,684
34019,2020,321
34019,2021,693
34019,2022,577
34019,2023,378
34021,2018,515
34021,2019,538
34021,2020,830
34021,2021,609
34021,2022,646
34021,2023,978
34023,2018,2471
34023,2019,3112
34023,2020,2768
34023,2021,3270
34023,2022,2499
34023,2023,2331
34025,2018,1895
34025,2019,1566
34025,2020,1949
34025,2021,2596
34025,2022,2382
34025,2023,2556
34027,2018,1845
34027,2019,1542
34027,2020,1643
34027,2021,2157
34027,2022,2354
34027,2023,1497
34029,2018,2268
34029,2019,2258
34029,2020,3600
34029,2021,3812
34029,2022,3614
34029,2023,3744
34031,2018,630
34031,2019,1012
34031,2020,1437
34031,2021,1208
34031,2022,1258
34031,2023,850
34033,2018,56
34033,2019,68
34033,2020,35
34033,2021,88
34033,2022,114
34033,2023,104
34035,2018,1325
34035,2019,1555
34035,2020,1433
34035,2021,1275
34035,2022,950
34035,2023,618
34037,2018,157
34037,2019,181
34037,2020,225
34037,2021,172
34037,2022,265
34037,2023,124
34039,2018,2322
34039,2019,2442
34039,2020,2664
34039,2021,3426
34039,2022,3139
34039,2023,1963
34041,2018,109
34041,2019,189
34041,2020,304
34041,2021,188
34041,2022,321
34041,2023,443
35000,2018,423
35000,2019,365
35000,2020,396
35000,2021,548
35000,2022,3136
35000,2023,2752
35001,2018,1479
35001,2019,1308
35001,2020,1084
35001,2021,1924
35001,2022,1820
35001,2023,1437
35005,2018,57
35005,2019,54
35005,2020,69
35005,2021,92
35005,2022,90
35005,2023,72
35009,2018,110
35009,2019,100
35009,2020,111
35009,2021,156
35009,2022,160
35009,2023,205
35013,2018,981
35013,2019,975
35013,2020,1109
35013,2021,1338
35013,2022,1105
35013,2023,873
35015,2018,284
35015,2019,265
35015,2020,448
35015,2021,129
35015,2022,137
35015,2023,264
35017,2018,9
35017,2019,10
35017,2020,10
35017,2021,15
35025,2018,166
35025,2019,164
35025,2020,147
35025,2021,211
35025,2022,207
35025,2023,163
35027,2018,89
35027,2019,64
35027,2020,63
35027,2021,91
35027,2022,75
35027,2023,81
35028,2018,14
35028,2019,40
35028,2020,24
35028,2021,40
35028,2022,39
35028,2023,35
35029,2018,19
35029,2019,8
35029,2020,7
35029,2021,8
35029,2022,8
35029,2023,6
35031,2018,4
35031,2019,2
35031,2020,13
35031,2021,2
35031,2022,1
35031,2023,1
35035,2018,0
35035,2019,0
35035,2020,0
35035,2021,3
35035,2022,1
35035,2023,4
35041,2018,21
35041,2019,22
35041,2020,21
35041,2021,31
35041,2022,28
35041,2023,23
35043,2018,781
35043,2019,765
35043,2020,834
35043,2021,1789
35043,2022,988
35043,2023,1281
35045,2018,72
35045,2019,89
35045,2020,98
35045,2021,97
35045,2022,143
35045,2023,117
35047,2018,1
35047,2019,1
35047,2020,3
35047,2021,0
35047,2022,2
35047,2023,0
35049,2018,273
35049,2019,589
35049,2020,605
35049,2021,939
35049,2022,478
35049,2023,926
35051,2018,0
35051,2019,0
35055,2018,110
35055,2019,96
35055,2020,83
35055,2021,146
35055,2022,137
35055,2023,118
35061,2018,121
35061,2019,75
35061,2020,96
35061,2021,308
35061,2022,249
35061,2023,259
36001,2018,639
36001,2019,517
36001,2020,648
36001,2021,882
36001,2022,959
36001,2023,603
36003,2022,23
36003,2023,70
36005,2018,3698
36005,2019,5541
36005,2020,4632
36005,2021,5348
36005,2022,3930
36005,2023,1870
36007,2022,289
36007,2023,234
36009,2022,116
36009,2023,110
36011,2022,65
36011,2023,104
36013,2022,102
36013,2023,102
36015,2022,75
36015,2023,79
36017,2022,188
36017,2023,142
36019,2022,178
36019,2023,225
36021,2022,96
36021,2023,83
36023,2022,43
36023,2023,48
36025,2022,74
36025,2023,73
36027,2022,434
36027,2023,694
36029,2018,1247
36029,2019,1535
36029,2020,1273
36029,2021,1353
36029,2022,1349
36029,2023,1090
36031,2022,220
36031,2023,199
36033,2022,92
36033,2023,86
36035,2022,65
36035,2023,58
36037,2022,103
36037,2023,37
36039,2022,104
36039,2023,93
36041,2022,57
36041,2023,36
36043,2022,71
36043,2023,71
36045,2022,169
36045,2023,190
36047,2018,8445
36047,2019,9696
36047,2020,6802
36047,2021,7013
36047,2022,9423
36047,2023,4063
36049,2022,74
36049,2023,122
36051,2018,120
36051,2019,87
36051,2020,61
36051,2021,38
36051,2022,45
36051,2023,91
36053,2022,74
36053,2023,94
36055,2018,1422
36055,2019,1412
36055,2020,1317
36055,2021,924
36055,2022,1685
36055,2023,903
36057,2022,96
36057,2023,44
36059,2018,1026
36059,2019,1537
36059,2020,1346
36059,2021,1373
36059,2022,984
36059,2023,653
36061,2018,3584
36061,2019,5512
36061,2020,1896
36061,2021,3165
36061,2022,2584
36061,2023,1582
36063,2018,206
36063,2019,186
36063,2020,189
36063,2021,198
36063,2022,209
36063,2023,202
36065,2022,225
36065,2023,171
36067,2022,248
36067,2023,311
36069,2018,466
36069,2019,256
36069,2020,320
36069,2021,437
36069,2022,533
36069,2023,321
36071,2022,1175
36071,2023,1039
36073,2018,17
36073,2019,59
36073,2020,32
36073,2021,31
36073,2022,32
36073,2023,22
36075,2022,139
36075,2023,121
36077,2022,164
36077,2023,122
36079,2018,54
36079,2019,116
36079,2020,38
36079,2021,67
36079,2022,124
36079,2023,80
36081,2018,4577
36081,2019,5137
36081,2020,5840
36081,2021,4087
36081,2022,5161
36081,2023,1598
36083,2018,242
36083,2019,183
36083,2020,164
36083,2021,230
36083,2022,190
36083,2023,278
36085,2018,606
36085,2019,661
36085,2020,408
36085,2021,310
36085,2022,392
36085,2023,97
36087,2018,406
36087,2019,455
36087,2020,460
36087,2021,470
36087,2022,393
36087,2023,396
36089,2022,233
36089,2023,222
36091,2018,1064
36091,2019,1014
36091,2020,1010
36091,2021,1090
36091,2022,1181
36091,2023,938
36093,2018,187
36093,2019,182
36093,2020,129
36093,2021,437
36093,2022,146
36093,2023,85
36095,2018,31
36095,2019,28
36095,2020,37
36095,2021,54
36095,2022,45
36095,2023,48
36097,2022,60
36097,2023,60
36099,2018,50
36099,2019,48
36099,2020,56
36099,2021,40
36099,2022,67
36099,2023,46
36101,2022,109
36101,2023,141
36103,2018,1003
36103,2019,772
36103,2020,592
36103,2021,1461
36103,2022,1445
36103,2023,1155
36105,2022,558
36105,2023,427
36107,2022,142
36107,2023,102
36109,2022,294
36109,2023,221
36111,2022,424
36111,2023,347
36113,2022,201
36113,2023,138
36115,2022,94
36115,2023,94
36117,2018,120
36117,2019,108
36117,2020,131
36117,2021,136
36117,2022,128
36117,2023,161
36119,2018,1651
36119,2019,1456
36119,2020,2471
36119,2021,2788
36119,2022,3289
36119,2023,1706
36121,2022,40
36121,2023,47
36123,2022,72
36123,2023,62
37001,2022,1949
37001,2023,2730
37003,2022,115
37003,2023,109
37005,2022,68
37005,2023,83
37007,2018,45
37007,2019,47
37007,2020,55
37007,2021,64
37007,2022,55
37007,2023,52
37009,2022,171
37009,2023,166
37011,2018,118
37011,2019,131
37011,2020,152
37011,2021,204
37011,2022,210
37011,2023,155
37013,2022,245
37013,2023,244
37015,2018,13
37015,2019,19
37015,2020,23
37015,2021,14
37015,2022,31
37015,2023,28
37017,2022,55
37017,2023,70
37019,2022,4947
37019,2023,6552
37021,2022,2007
37021,2023,2594
37023,2022,543
37023,2023,432
37025,2018,2021
37025,2019,2714
37025,2020,3134
37025,2021,2152
37025,2022,1819
37025,2023,2270
37027,2022,281
37027,2023,246
37029,2022,62
37029,2023,65
37031,2022,693
37031,2023,524
37033,2018,57
37033,2019,21
37033,2020,30
37033,2021,62
37033,2022,42
37033,2023,43
37035,2022,1698
37035,2023,1592
37037,2018,710
37037,2019,902
37037,2020,700
37037,2021,1124
37037,2022,891
37037,2023,999
37039,2022,263
37039,2023,280
37041,2022,39
37041,2023,45
37043,2022,124
37043,2023,128
37045,2022,355
37045,2023,281
37047,2022,15
37047,2023,13
37049,2022,651
37049,2023,498
37051,2018,575
37051,2019,962
37051,2020,709
37051,2021,852
37051,2022,1175
37051,2023,974
37053,2018,425
37053,2019,448
37053,2020,560
37053,2021,547
37053,2022,363
37053,2023,437
37055,2022,577
37055,2023,430
37057,2022,904
37057,2023,1077
37059,2018,246
37059,2019,236
37059,2020,256
37059,2021,267
37059,2022,248
37059,2023,239
37061,2022,100
37061,2023,110
37063,2018,3360
37063,2019,3945
37063,2020,3739
37063,2021,3868
37063,2022,4780
37063,2023,4819
37065,2022,108
37065,2023,79
37067,2022,2394
37067,2023,3454
37069,2018,736
37069,2019,918
37069,2020,913
37069,2021,1141
37069,2022,951
37069,2023,843
37071,2018,1290
37071,2019,1396
37071,2020,1728
37071,2021,2253
37071,2022,1639
37071,2023,1520
37073,2022,16
37073,2023,13
37075,2022,7
37075,2023,31
37077,2018,253
37077,2019,341
37077,2020,315
37077,2021,217
37077,2022,220
37077,2023,219
37079,2022,20
37079,2023,23
37081,2018,1658
37081,2019,1956
37081,2020,2600
37081,2021,3148
37081,2022,2470
37081,2023,2768
37083,2022,70
37083,2023,55
37085,2022,1041
37085,2023,1086
37087,2022,301
37087,2023,274
37089,2018,837
37089,2019,619
37089,2020,572
37089,2021,790
37089,2022,1080
37089,2023,775
37091,2022,38
37091,2023,19
37093,2018,244
37093,2019,238
37093,2020,339
37093,2021,423
37093,2022,348
37093,2023,487
37095,2022,20
37095,2023,15
37097,2018,1991
37097,2019,1263
37097,2020,1905
37097,2021,2047
37097,2022,2595
37097,2023,4354
37099,2022,278
37099,2023,235
37101,2018,2553
37101,2019,2630
37101,2020,3447
37101,2021,3520
37101,2022,2662
37101,2023,2387
37103,2022,27
37103,2023,28
37105,2022,307
37105,2023,541
37107,2022,294
37107,2023,171
37109,2022,898
37109,2023,677
37111,2022,182
37111,2023,186
37113,2022,180
37113,2023,176
37115,2022,138
37115,2023,188
37117,2022,0
37117,2023,0
37119,2018,14049
37119,2019,12434
37119,2020,11067
37119,2021,14375
37119,2022,13107
37119,2023,14435
37121,2022,40
37121,2023,39
37123,2022,104
37123,2023,134
37125,2022,982
37125,2023,872
37127,2022,319
37127,2023,535
37129,2022,3327
37129,2023,2883
37131,2022,23
37131,2023,18
37133,2018,1034
37133,2019,1331
37133,2020,1435
37133,2021,1597
37133,2022,1322
37133,2023,1419
37135,2018,1242
37135,2019,495
37135,2020,465
37135,2021,900
37135,2022,485
37135,2023,1016
37137,2022,87
37137,2023,93
37139,2022,184
37139,2023,153
37141,2022,1096
37141,2023,946
37143,2022,46
37143,2023,45
37145,2018,105
37145,2019,112
37145,2020,168
37145,2021,129
37145,2022,152
37145,2023,190
37147,2022,928
37147,2023,1369
37149,2022,227
37149,2023,153
37151,2018,354
37151,2019,302
37151,2020,358
37151,2021,487
37151,2022,400
37151,2023,447
37153,2022,24
37153,2023,47
37155,2022,233
37155,2023,361
37157,2018,221
37157,2019,165
37157,2020,209
37157,2021,242
37157,2022,265
37157,2023,278
37159,2022,836
37159,2023,592
37161,2022,220
37161,2023,244
37163,2022,180
37163,2023,169
37165,2022,53
37165,2023,43
37167,2022,373
37167,2023,349
37169,2022,168
37169,2023,145
37171,2022,258
37171,2023,210
37173,2022,116
37173,2023,89
37175,2022,138
37175,2023,181
37177,2022,4
37177,2023,7
37179,2018,1634
37179,2019,1617
37179,2020,2354
37179,2021,2773
37179,2022,2355
37179,2023,2309
37181,2018,44
37181,2019,42
37181,2020,87
37181,2021,166
37181,2022,77
37181,2023,72
37183,2018,12664
37183,2019,11424
37183,2020,12598
37183,2021,16988
37183,2022,17938
37183,2023,17389
37185,2022,260
37185,2023,248
37187,2022,1
37187,2023,0
37189,2022,529
37189,2023,462
37191,2022,410
37191,2023,538
37193,2022,136
37193,2023,141
37195,2018,234
37195,2019,181
37195,2020,383
37195,2021,343
37195,2022,620
37195,2023,373
37197,2022,161
37197,2023,113
37199,2022,103
37199,2023,90
38001,2022,2
38001,2023,0
38003,2022,41
38003,2023,12
38005,2022,1
38005,2023,1
38007,2022,1
38007,2023,11
38009,2022,17
38009,2023,13
38011,2022,4
38011,2023,3
38013,2022,2
38013,2023,3
38015,2022,503
38015,2023,199
38017,2022,2052
38017,2023,1703
38019,2022,5
38019,2023,3
38021,2022,7
38021,2023,1
38023,2022,0
38023,2023,2
38025,2022,11
38025,2023,10
38027,2022,0
38027,2023,0
38029,2022,24
38029,2023,23
38031,2022,9
38031,2023,5
38033,2022,6
38033,2023,2
38035,2022,120
38035,2023,106
38037,2022,8
38037,2023,4
38039,2022,0
38039,2023,0
38041,2022,0
38041,2023,0
38043,2022,3
38043,2023,0
38045,2022,1
38045,2023,2
38047,2022,3
38047,2023,1
38049,2022,1
38049,2023,6
38051,2022,0
38051,2023,0
38053,2022,52
38053,2023,17
38055,2022,28
38055,2023,38
38057,2022,9
38057,2023,0
38059,2022,91
38059,2023,88
38061,2022,61
38061,2023,21
38063,2022,0
38063,2023,0
38065,2022,3
38065,2023,4
38067,2022,3
38067,2023,0
38069,2022,8
38069,2023,5
38071,2022,18
38071,2023,0
38073,2022,11
38073,2023,2
38075,2022,0
38075,2023,0
38077,2022,38
38077,2023,33
38079,2022,0
38079,2023,0
38081,2022,4
38081,2023,5
38083,2022,6
38083,2023,0
38085,2022,0
38085,2023,0
38087,2022,1
38087,2023,0
38089,2022,75
38089,2023,70
38091,2022,3
38091,2023,4
38093,2022,14
38093,2023,16
38095,2022,0
38095,2023,0
38097,2022,6
38097,2023,4
38099,2022,6
38099,2023,4
38101,2022,173
38101,2023,121
38103,2022,0
38103,2023,5
38105,2022,70
38105,2023,62
39001,2022,21
39001,2023,28
39003,2022,106
39003,2023,91
39005,2022,54
39005,2023,87
39007,2018,114
39007,2019,138
39007,2020,149
39007,2021,168
39007,2022,161
39007,2023,150
39009,2022,85
39009,2023,7
39011,2022,107
39011,2023,123
39013,2022,6
39013,2023,5
39015,2018,92
39015,2019,102
39015,2020,108
39015,2021,122
39015,2022,118
39015,2023,138
39017,2018,791
39017,2019,784
39017,2020,1125
39017,2021,941
39017,2022,887
39017,2023,705
39019,2022,3
39019,2023,0
39021,2022,50
39021,2023,27
39023,2022,183
39023,2023,215
39025,2018,579
39025,2019,634
39025,2020,958
39025,2021,1224
39025,2022,904
39025,2023,1448
39027,2022,105
39027,2023,101
39029,2022,55
39029,2023,53
39031,2022,6
39031,2023,6
39033,2022,9
39033,2023,7
39035,2022,861
39035,2023,1028
39037,2022,46
39037,2023,48
39039,2022,40
39039,2023,32
39041,2018,1647
39041,2019,1927
39041,2020,1902
39041,2021,2359
39041,2022,1883
39041,2023,2043
39043,2022,275
39043,2023,141
39045,2022,610
39045,2023,439
39047,2022,34
39047,2023,64
39049,2018,4976
39049,2019,4897
39049,2020,7985
39049,2021,6772
39049,2022,8117
39049,2023,7303
39051,2022,23
39051,2023,46
39053,2022,7
39053,2023,17
39055,2018,147
39055,2019,155
39055,2020,139
39055,2021,191
39055,2022,159
39055,2023,157
39057,2022,527
39057,2023,422
39059,2022,28
39059,2023,22
39061,2022,1681
39061,2023,1143
39063,2022,136
39063,2023,137
39065,2022,24
39065,2023,25
39067,2022,0
39067,2023,0
39069,2022,21
39069,2023,22
39071,2022,68
39071,2023,25
39073,2022,3
39073,2023,6
39075,2022,4
39075,2023,3
39077,2022,96
39077,2023,65
39079,2022,37
39079,2023,28
39081,2022,6
39081,2023,0
39083,2022,319
39083,2023,515
39085,2018,410
39085,2019,431
39085,2020,688
39085,2021,775
39085,2022,524
39085,2023,435
39087,2022,10
39087,2023,18
39089,2018,261
39089,2019,262
39089,2020,292
39089,2021,363
39089,2022,272
39089,2023,180
39091,2022,80
39091,2023,85
39093,2018,1121
39093,2019,1152
39093,2020,1270
39093,2021,1127
39093,2022,1054
39093,2023,987
39095,2022,669
39095,2023,621
39097,2018,137
39097,2019,135
39097,2020,170
39097,2021,96
39097,2022,205
39097,2023,274
39099,2022,156
39099,2023,127
39101,2022,42
39101,2023,33
39103,2018,629
39103,2019,508
39103,2020,499
39103,2021,463
39103,2022,717
39103,2023,669
39105,2022,6
39105,2023,10
39107,2022,91
39107,2023,70
39109,2022,396
39109,2023,223
39111,2022,3
39111,2023,0
39113,2022,1332
39113,2023,1115
39115,2022,42
39115,2023,39
39117,2018,73
39117,2019,85
39117,2020,105
39117,2021,149
39117,2022,130
39117,2023,85
39119,2022,22
39119,2023,20
39121,2022,15
39121,2023,13
39123,2022,196
39123,2023,155
39125,2022,24
39125,2023,19
39127,2022,36
39127,2023,30
39129,2022,217
39129,2023,231
39131,2022,31
39131,2023,28
39133,2022,328
39133,2023,300
39135,2022,46
39135,2023,30
39137,2022,37
39137,2023,31
39139,2022,253
39139,2023,132
39141,2022,11
39141,2023,21
39143,2022,55
39143,2023,35
39145,2022,5
39145,2023,4
39147,2022,48
39147,2023,45
39149,2022,67
39149,2023,96
39151,2022,809
39151,2023,509
39153,2022,2727
39153,2023,685
39155,2022,109
39155,2023,97
39157,2022,84
39157,2023,69
39159,2018,863
39159,2019,570
39159,2020,854
39159,2021,1253
39159,2022,816
39159,2023,848
39161,2022,39
39161,2023,44
39163,2022,2
39163,2023,3
39165,2018,1472
39165,2019,1380
39165,2020,1640
39165,2021,1402
39165,2022,888
39165,2023,722
39167,2022,10
39167,2023,18
39169,2022,212
39169,2023,205
39171,2022,33
39171,2023,31
39173,2022,201
39173,2023,530
39175,2022,25
39175,2023,18
40001,2018,4
40001,2019,1
40001,2020,12
40001,2021,7
40001,2022,11
40001,2023,16
40003,2022,0
40003,2023,0
40005,2022,1
40005,2023,1
40007,2022,0
40007,2023,1
40009,2022,5
40009,2023,11
40011,2022,0
40011,2023,2
40013,2022,305
40013,2023,92
40015,2022,4
40015,2023,4
40017,2018,483
40017,2019,509
40017,2020,475
40017,2021,543
40017,2022,351
40017,2023,307
40019,2022,43
40019,2023,25
40021,2018,103
40021,2019,107
40021,2020,133
40021,2021,160
40021,2022,171
40021,2023,87
40023,2022,16
40023,2023,1
40025,2022,1
40025,2023,0
40027,2018,680
40027,2019,980
40027,2020,1150
40027,2021,1183
40027,2022,724
40027,2023,578
40029,2018,11
40029,2019,20
40029,2020,1
40029,2021,11
40029,2022,2
40029,2023,7
40031,2022,78
40031,2023,152
40033,2022,1
40033,2023,1
40035,2022,7
40035,2023,7
40037,2018,227
40037,2019,175
40037,2020,197
40037,2021,215
40037,2022,239
40037,2023,222
40039,2022,21
40039,2023,30
40041,2022,39
40041,2023,39
40045,2022,3
40045,2023,0
40047,2022,44
40047,2023,10
40049,2022,4
40049,2023,3
40051,2018,127
40051,2019,40
40051,2020,202
40051,2021,237
40051,2022,213
40051,2023,133
40053,2022,7
40053,2023,3
40055,2018,1
40055,2019,0
40055,2020,1
40055,2021,1
40055,2022,1
40055,2023,1
40059,2022,0
40059,2023,0
40061,2022,18
40061,2023,23
40063,2022,2
40063,2023,6
40065,2022,28
40065,2023,35
40069,2022,0
40069,2023,2
40071,2022,9
40071,2023,9
40073,2022,42
40073,2023,40
40075,2022,0
40075,2023,2
40077,2022,7
40077,2023,3
40079,2022,60
40079,2023,58
40081,2018,8
40081,2019,8
40081,2020,17
40081,2021,23
40081,2022,18
40081,2023,10
40083,2018,9
40083,2019,14
40083,2020,14
40083,2021,36
40083,2022,27
40083,2023,79
40085,2022,2
40085,2023,1
40087,2018,381
40087,2019,550
40087,2020,615
40087,2021,633
40087,2022,546
40087,2023,482
40089,2022,18
40089,2023,6
40091,2022,5
40091,2023,14
40093,2022,0
40093,2023,0
40095,2022,13
40095,2023,24
40097,2022,31
40097,2023,29
40099,2022,17
40099,2023,15
40101,2022,43
40101,2023,52
40103,2022,9
40103,2023,8
40105,2022,7
40105,2023,7
40107,2022,5
40107,2023,3
40109,2018,4072
40109,2019,4427
40109,2020,4991
40109,2021,5610
40109,2022,4967
40109,2023,4869
40111,2018,7
40111,2019,9
40111,2020,77
40111,2021,11
40111,2022,7
40111,2023,11
40113,2018,126
40113,2019,143
40113,2020,132
40113,2021,137
40113,2022,170
40113,2023,122
40115,2022,3
40115,2023,5
40117,2018,3
40117,2019,1
40117,2020,3
40117,2021,1
40117,2022,1
40117,2023,2
40119,2022,206
40119,2023,205
40121,2022,134
40121,2023,83
40123,2022,19
40123,2023,21
40125,2022,124
40125,2023,157
40127,2022,0
40127,2023,0
40129,2022,0
40129,2023,0
40131,2018,522
40131,2019,750
40131,2020,685
40131,2021,650
40131,2022,644
40131,2023,554
40133,2022,57
40133,2023,70
40135,2022,105
40135,2023,97
40137,2022,17
40137,2023,17
40139,2022,5
40139,2023,4
40141,2022,0
40141,2023,1
40143,2018,2171
40143,2019,2722
40143,2020,3215
40143,2021,3214
40143,2022,3570
40143,2023,3687
40145,2018,356
40145,2019,500
40145,2020,615
40145,2021,692
40145,2022,500
40145,2023,513
40147,2022,61
40147,2023,41
40149,2022,1
40149,2023,0
40151,2022,12
40151,2023,0
40153,2022,1
40153,2023,1
41000,2018,176
41000,2019,255
41000,2020,368
41000,2021,423
41000,2022,279
41000,2023,154
41001,2022,66
41001,2023,42
41003,2022,289
41003,2023,404
41005,2018,1749
41005,2019,1788
41005,2020,1988
41005,2021,1803
41005,2022,2284
41005,2023,1153
41007,2022,138
41007,2023,145
41009,2022,96
41009,2023,57
41011,2022,28
41011,2023,29
41013,2022,258
41013,2023,184
41015,2022,92
41015,2023,64
41017,2018,1982
41017,2019,2028
41017,2020,2403
41017,2021,2737
41017,2022,2113
41017,2023,2397
41019,2018,284
41019,2019,270
41019,2020,243
41019,2021,437
41019,2022,234
41019,2023,246
41023,2020,7
41023,2021,20
41023,2022,11
41023,2023,20
41025,2018,7
41025,2019,4
41025,2020,14
41025,2021,11
41025,2022,15
41025,2023,9
41027,2022,74
41027,2023,39
41029,2022,1038
41029,2023,1384
41031,2022,127
41031,2023,131
41033,2022,338
41033,2023,209
41035,2018,138
41035,2019,137
41035,2020,152
41035,2021,224
41035,2022,166
41035,2023,145
41037,2020,8
41037,2021,23
41037,2022,21
41037,2023,17
41039,2022,1758
41039,2023,1239
41041,2022,317
41041,2023,187
41043,2022,331
41043,2023,324
41045,2022,32
41045,2023,34
41047,2022,2430
41047,2023,1768
41049,2022,198
41049,2023,67
41051,2018,6569
41051,2019,6098
41051,2020,2729
41051,2021,3562
41051,2022,2734
41051,2023,3522
41053,2022,262
41053,2023,219
41057,2022,141
41057,2023,92
41059,2022,474
41059,2023,191
41061,2022,43
41061,2023,39
41063,2022,3
41063,2023,3
41065,2019,0
41065,2020,83
41065,2021,96
41065,2022,74
41065,2023,66
41067,2018,1890
41067,2019,3388
41067,2020,3116
41067,2021,3025
41067,2022,3220
41067,2023,2648
41071,2018,503
41071,2019,565
41071,2020,351
41071,2021,609
41071,2022,544
41071,2023,349
42001,2018,224
42001,2019,220
42001,2020,237
42001,2021,438
42001,2022,394
42001,2023,338
42003,2022,1708
42003,2023,3070
42005,2022,40
42005,2023,45
42007,2022,172
42007,2023,212
42009,2022,63
42009,2023,58
42011,2022,352
42011,2023,393
42013,2022,135
42013,2023,63
42015,2022,68
42015,2023,65
42017,2018,843
42017,2019,728
42017,2020,711
42017,2021,966
42017,2022,1019
42017,2023,782
42019,2022,911
42019,2023,998
42021,2022,58
42021,2023,72
42023,2022,0
42023,2023,0
42025,2022,139
42025,2023,149
42027,2022,635
42027,2023,355
42029,2018,1963
42029,2019,1762
42029,2020,2257
42029,2021,2188
42029,2022,1817
42029,2023,1484
42031,2022,22
42031,2023,27
42033,2022,72
42033,2023,76
42035,2022,25
42035,2023,19
42037,2018,153
42037,2019,93
42037,2020,58
42037,2021,145
42037,2022,124
42037,2023,89
42039,2022,70
42039,2023,65
42041,2018,1179
42041,2019,1261
42041,2020,963
42041,2021,758
42041,2022,1659
42041,2023,1076
42043,2018,721
42043,2019,660
42043,2020,563
42043,2021,671
42043,2022,491
42043,2023,707
42045,2018,376
42045,2019,275
42045,2020,303
42045,2021,535
42045,2022,417
42045,2023,284
42047,2022,23
42047,2023,31
42049,2022,236
42049,2023,202
42051,2022,244
42051,2023,195
42053,2022,5
42053,2023,0
42055,2018,421
42055,2019,389
42055,2020,331
42055,2021,382
42055,2022,387
42055,2023,410
42057,2022,36
42057,2023,29
42059,2022,43
42059,2023,33
42061,2022,53
42061,2023,83
42063,2022,60
42063,2023,33
42065,2022,60
42065,2023,43
42067,2022,32
42067,2023,54
42069,2022,212
42069,2023,224
42071,2022,1284
42071,2023,1366
42073,2022,59
42073,2023,49
42075,2022,417
42075,2023,253
42077,2022,818
42077,2023,513
42079,2022,290
42079,2023,242
42081,2022,48
42081,2023,87
42083,2022,29
42083,2023,41
42085,2022,79
42085,2023,75
42087,2022,91
42087,2023,82
42089,2022,285
42089,2023,239
42091,2018,2579
42091,2019,1551
42091,2020,1866
42091,2021,1494
42091,2022,1637
42091,2023,1650
42093,2018,49
42093,2019,30
42093,2020,30
42093,2021,17
42093,2022,25
42093,2023,24
42095,2022,961
42095,2023,667
42097,2022,68
42097,2023,83
42099,2018,98
42099,2019,88
42099,2020,90
42099,2021,113
42099,2022,86
42099,2023,100
42101,2018,3239
42101,2019,4566
42101,2020,5665
42101,2021,26116
42101,2022,3223
42101,2023,3863
42103,2018,101
42103,2019,119
42103,2020,126
42103,2021,380
42103,2022,280
42103,2023,142
42105,2022,22
42105,2023,28
42107,2022,143
42107,2023,146
42109,2022,58
42109,2023,56
42111,2022,66
42111,2023,81
42113,2022,8
42113,2023,21
42115,2022,63
42115,2023,58
42117,2022,37
42117,2023,36
42119,2022,62
42119,2023,89
42121,2022,25
42121,2023,35
42123,2022,27
42123,2023,28
42125,2022,462
42125,2023,454
42127,2022,146
42127,2023,134
42129,2022,496
42129,2023,449
42131,2022,28
42131,2023,31
42133,2022,1386
42133,2023,1143
44001,2018,140
44001,2019,47
44001,2020,57
44001,2021,60
44001,2022,59
44001,2023,33
44003,2018,191
44003,2019,184
44003,2020,217
44003,2021,287
44003,2022,245
44003,2023,215
44005,2018,137
44005,2019,156
44005,2020,122
44005,2021,133
44005,2022,124
44005,2023,158
44007,2018,371
44007,2019,587
44007,2020,579
44007,2021,616
44007,2022,651
44007,2023,473
44009,2018,385
44009,2019,420
44009,2020,354
44009,2021,358
44009,2022,322
44009,2023,307
45001,2022,121
45001,2023,157
45003,2018,894
45003,2019,928
45003,2020,1145
45003,2021,1630
45003,2022,1695
45003,2023,1472
45005,2022,2
45005,2023,2
45007,2022,1531
45007,2023,1401
45009,2018,14
45009,2019,6
45009,2020,15
45009,2021,6
45009,2022,6
45009,2023,9
45011,2022,36
45011,2023,20
45013,2022,1904
45013,2023,1657
45015,2018,2342
45015,2019,2297
45015,2020,2967
45015,2021,3121
45015,2022,3238
45015,2023,2911
45017,2018,29
45017,2019,27
45017,2020,8
45017,2021,0
45017,2022,7
45017,2023,23
45019,2018,4018
45019,2019,3754
45019,2020,4291
45019,2021,3841
45019,2022,4399
45019,2023,4474
45021,2022,187
45021,2023,270
45023,2022,72
45023,2023,164
45025,2022,105
45025,2023,170
45027,2022,100
45027,2023,91
45029,2022,68
45029,2023,44
45031,2022,124
45031,2023,180
45033,2022,44
45033,2023,42
45035,2018,696
45035,2019,703
45035,2020,1364
45035,2021,1322
45035,2022,1533
45035,2023,1111
45037,2018,114
45037,2019,153
45037,2020,219
45037,2021,194
45037,2022,237
45037,2023,238
45039,2018,51
45039,2019,50
45039,2020,72
45039,2021,57
45039,2022,66
45039,2023,76
45041,2022,626
45041,2023,536
45043,2022,481
45043,2023,355
45045,2018,4711
45045,2019,4588
45045,2020,6122
45045,2021,7974
45045,2022,4738
45045,2023,4818
45047,2022,261
45047,2023,62
45049,2022,7
45049,2023,7
45051,2018,4563
45051,2019,4503
45051,2020,5419
45051,2021,6970
45051,2022,7046
45051,2023,6520
45053,2022,1060
45053,2023,1321
45055,2018,291
45055,2019,318
45055,2020,494
45055,2021,753
45055,2022,410
45055,2023,665
45057,2022,1072
45057,2023,699
45059,2018,169
45059,2019,160
45059,2020,189
45059,2021,177
45059,2022,319
45059,2023,422
45061,2022,17
45061,2023,17
45063,2018,1896
45063,2019,2322
45063,2020,2396
45063,2021,2688
45063,2022,1818
45063,2023,1826
45065,2022,152
45065,2023,115
45067,2022,77
45067,2023,73
45069,2022,9
45069,2023,7
45071,2022,193
45071,2023,180
45073,2022,833
45073,2023,612
45075,2022,91
45075,2023,83
45077,2018,707
45077,2019,751
45077,2020,846
45077,2021,1047
45077,2022,1632
45077,2023,1087
45079,2018,2635
45079,2019,1683
45079,2020,1843
45079,2021,3263
45079,2022,3439
45079,2023,2843
45081,2018,41
45081,2019,40
45081,2020,48
45081,2021,118
45081,2022,63
45081,2023,47
45083,2022,3035
45083,2023,2867
45085,2018,269
45085,2019,333
45085,2020,333
45085,2021,388
45085,2022,402
45085,2023,381
45087,2022,41
45087,2023,42
45089,2022,38
45089,2023,37
45091,2018,2740
45091,2019,2584
45091,2020,2564
45091,2021,3271
45091,2022,2720
45091,2023,2289
46003,2022,9
46003,2023,2
46005,2022,35
46005,2023,21
46007,2018,3
46007,2019,0
46007,2020,6
46007,2021,0
46007,2022,0
46007,2023,0
46009,2022,16
46009,2023,15
46011,2022,129
46011,2023,128
46013,2022,263
46013,2023,66
46015,2022,14
46015,2023,36
46017,2022,0
46019,2022,36
46019,2023,48
46021,2022,0
46021,2023,0
46023,2022,33
46023,2023,16
46025,2022,7
46025,2023,8
46027,2022,27
46027,2023,34
46029,2022,142
46029,2023,133
46031,2022,0
46031,2023,0
46033,2022,279
46033,2023,313
46035,2022,67
46035,2023,63
46037,2022,39
46037,2023,25
46039,2022,10
46039,2023,12
46041,2022,1
46041,2023,3
46043,2022,4
46043,2023,4
46045,2022,0
46045,2023,1
46047,2022,10
46047,2023,10
46049,2022,14
46049,2023,6
46051,2022,20
46051,2023,17
46053,2022,9
46053,2023,4
46055,2018,0
46055,2019,2
46055,2020,0
46055,2021,0
46055,2022,0
46055,2023,2
46057,2022,50
46057,2023,62
46059,2022,6
46059,2023,2
46061,2022,13
46061,2023,11
46063,2022,4
46063,2023,3
46065,2022,21
46065,2023,27
46067,2022,8
46067,2023,16
46069,2022,0
46069,2023,0
46071,2018,0
46071,2019,0
46071,2020,0
46071,2021,0
46071,2022,0
46071,2023,0
46073,2022,3
46073,2023,0
46075,2022,0
46075,2023,3
46077,2022,27
46077,2023,19
46079,2022,63
46079,2023,61
46081,2022,375
46081,2023,390
46083,2022,754
46083,2023,532
46085,2022,4
46085,2023,2
46087,2022,19
46087,2023,14
46089,2022,2
46089,2023,4
46091,2022,39
46091,2023,16
46093,2022,190
46093,2023,143
46095,2022,1
46095,2023,2
46097,2022,4
46097,2023,7
46099,2022,4744
46099,2023,2868
46101,2022,37
46101,2023,30
46103,2022,1454
46103,2023,1409
46105,2022,0
46105,2023,0
46107,2022,5
46107,2023,4
46109,2022,16
46109,2023,13
46111,2018,3
46111,2019,8
46111,2020,6
46111,2021,10
46111,2022,9
46111,2023,8
46115,2022,6
46115,2023,21
46117,2022,14
46117,2023,10
46119,2022,7
46119,2023,5
46121,2022,0
46121,2023,0
46123,2022,6
46123,2023,2
46125,2022,21
46125,2023,34
46127,2022,189
46127,2023,154
46129,2022,9
46129,2023,0
46135,2022,95
46135,2023,182
47001,2018,199
47001,2019,164
47001,2020,436
47001,2021,457
47001,2022,417
47001,2023,386
47003,2022,458
47003,2023,392
47005,2022,11
47005,2023,5
47007,2022,0
47007,2023,0
47009,2022,842
47009,2023,674
47011,2022,711
47011,2023,621
47013,2022,335
47013,2023,135
47015,2018,14
47015,2019,31
47015,2020,3
47015,2021,28
47015,2022,25
47015,2023,96
47017,2022,16
47017,2023,9
47019,2022,155
47019,2023,159
47021,2018,313
47021,2019,346
47021,2020,257
47021,2021,407
47021,2022,289
47021,2023,280
47023,2022,32
47023,2023,10
47025,2022,75
47025,2023,90
47027,2022,26
47027,2023,25
47029,2022,1
47029,2023,0
47031,2022,203
47031,2023,377
47033,2022,34
47033,2023,25
47035,2022,425
47035,2023,428
47037,2018,6932
47037,2019,10231
47037,2020,13222
47037,2021,16406
47037,2022,5779
47037,2023,11250
47039,2022,1
47039,2023,4
47041,2022,145
47041,2023,138
47043,2018,309
47043,2019,349
47043,2020,463
47043,2021,617
47043,2022,596
47043,2023,418
47045,2022,63
47045,2023,59
47047,2022,462
47047,2023,383
47049,2018,0
47049,2019,0
47049,2020,0
47049,2021,0
47049,2022,0
47049,2023,0
47051,2022,369
47051,2023,400
47053,2022,161
47053,2023,138
47055,2022,167
47055,2023,157
47057,2022,66
47057,2023,69
47059,2022,238
47059,2023,265
47061,2022,3
47061,2023,5
47063,2022,322
47063,2023,289
47065,2022,2340
47065,2023,2046
47067,2022,1
47067,2023,0
47069,2022,52
47069,2023,51
47071,2022,34
47071,2023,45
47073,2022,189
47073,2023,147
47075,2022,19
47075,2023,15
47077,2022,19
47077,2023,31
47079,2022,22
47079,2023,20
47081,2018,74
47081,2019,91
47081,2020,109
47081,2021,131
47081,2022,122
47081,2023,111
47083,2022,1
47083,2023,1
47085,2022,19
47085,2023,36
47087,2022,0
47087,2023,0
47089,2022,539
47089,2023,475
47091,2022,3
47091,2023,5
47093,2018,2609
47093,2019,2028
47093,2020,2978
47093,2021,2860
47093,2022,2503
47093,2023,4293
47095,2022,6
47095,2023,2
47097,2022,26
47097,2023,28
47099,2022,22
47099,2023,25
47101,2022,15
47101,2023,75
47103,2022,19
47103,2023,134
47105,2018,425
47105,2019,392
47105,2020,499
47105,2021,1117
47105,2022,704
47105,2023,662
47107,2022,110
47107,2023,99
47109,2022,4
47109,2023,4
47111,2022,136
47111,2023,193
47113,2022,248
47113,2023,235
47115,2022,248
47115,2023,192
47117,2020,189
47117,2021,236
47117,2022,239
47117,2023,339
47119,2022,1869
47119,2023,1578
47121,2022,100
47121,2023,101
47123,2022,183
47123,2023,137
47125,2018,1724
47125,2019,2093
47125,2020,3634
47125,2021,4008
47125,2022,4005
47125,2023,2784
47127,2022,32
47127,2023,30
47129,2022,0
47129,2023,0
47131,2022,34
47131,2023,37
47133,2022,31
47133,2023,11
47135,2022,12
47135,2023,12
47139,2018,193
47139,2019,198
47139,2020,213
47139,2021,247
47139,2022,213
47139,2023,200
47141,2022,595
47141,2023,623
47143,2022,160
47143,2023,130
47145,2022,132
47145,2023,126
47147,2022,816
47147,2023,939
47149,2018,4003
47149,2019,3888
47149,2020,3520
47149,2021,3963
47149,2022,2456
47149,2023,3540
47151,2022,3
47151,2023,11
47153,2018,10
47153,2019,8
47153,2020,13
47153,2021,11
47153,2022,12
47153,2023,11
47155,2022,1311
47155,2023,1021
47157,2018,2251
47157,2019,1255
47157,2020,1878
47157,2021,2059
47157,2022,1870
47157,2023,1964
47159,2018,76
47159,2019,78
47159,2020,101
47159,2021,124
47159,2022,125
47159,2023,125
47161,2018,6
47161,2019,5
47161,2020,2
47161,2021,3
47161,2022,2
47161,2023,6
47163,2022,600
47163,2023,520
47165,2018,1716
47165,2019,1416
47165,2020,1980
47165,2021,1839
47165,2022,1970
47165,2023,1749
47167,2018,182
47167,2019,172
47167,2020,233
47167,2021,263
47167,2022,189
47167,2023,192
47169,2018,125
47169,2019,98
47169,2020,83
47169,2021,105
47169,2022,124
47169,2023,122
47171,2022,10
47171,2023,25
47173,2018,102
47173,2019,97
47173,2020,97
47173,2021,123
47173,2022,117
47173,2023,104
47175,2018,3
47175,2019,0
47175,2020,5
47175,2021,2
47175,2022,5
47175,2023,2
47177,2022,260
47177,2023,328
47179,2022,847
47179,2023,849
47181,2022,1
47181,2023,0
47183,2022,72
47183,2023,62
47185,2022,195
47185,2023,198
47187,2022,2254
47187,2023,1739
47189,2018,1421
47189,2019,1912
47189,2020,2349
47189,2021,2371
47189,2022,2272
47189,2023,1874
48001,2022,187
48001,2023,30
48003,2022,24
48003,2023,37
48005,2022,132
48005,2023,106
48007,2022,176
48007,2023,183
48009,2022,40
48009,2023,46
48011,2022,1
48011,2023,0
48013,2018,40
48013,2019,45
48013,2020,57
48013,2021,87
48013,2022,53
48013,2023,147
48015,2018,29
48015,2019,24
48015,2020,29
48015,2021,26
48015,2022,39
48015,2023,367
48017,2022,0
48017,2023,0
48019,2018,0
48019,2019,1
48019,2020,1
48019,2021,1
48019,2022,3
48019,2023,3
48021,2018,156
48021,2019,176
48021,2020,478
48021,2021,836
48021,2022,619
48021,2023,1341
48023,2022,0
48025,2018,7
48025,2019,17
48025,2020,26
48025,2021,31
48025,2022,13
48025,2023,13
48027,2018,2177
48027,2019,2313
48027,2020,3116
48027,2021,3843
48027,2022,3369
48027,2023,3050
48029,2018,6459
48029,2019,11155
48029,2020,10391
48029,2021,15294
48029,2022,17386
48029,2023,10470
48031,2022,23
48031,2023,16
48035,2022,9
48035,2023,12
48037,2022,105
48037,2023,174
48039,2022,4197
48039,2023,3745
48041,2022,1691
48041,2023,1366
48043,2022,7
48043,2023,4
48047,2022,2
48047,2023,0
48049,2022,118
48049,2023,250
48051,2018,6
48051,2019,78
48051,2020,36
48051,2021,57
48051,2022,39
48051,2023,54
48053,2022,932
48053,2023,1543
48055,2018,427
48055,2019,375
48055,2020,420
48055,2021,419
48055,2022,337
48055,2023,902
48057,2022,136
48057,2023,111
48059,2022,4
48059,2023,13
48061,2022,2253
48061,2023,1958
48063,2022,6
48063,2023,5
48065,2022,3
48065,2023,34
48067,2022,5
48067,2023,14
48069,2022,0
48069,2023,0
48071,2022,747
48071,2023,582
48073,2022,22
48073,2023,34
48075,2022,0
48075,2023,0
48077,2022,8
48077,2023,7
48079,2022,33
48079,2023,11
48081,2022,4
48081,2023,0
48083,2022,3
48083,2023,7
48085,2018,15367
48085,2019,13885
48085,2020,14632
48085,2021,17055
48085,2022,18192
48085,2023,18226
48087,2022,0
48087,2023,0
48089,2022,29
48089,2023,31
48091,2018,2806
48091,2019,2945
48091,2020,4197
48091,2021,4431
48091,2022,4371
48091,2023,3249
48093,2022,1
48093,2023,0
48095,2022,0
48095,2023,0
48097,2022,52
48097,2023,106
48099,2018,247
48099,2019,190
48099,2020,472
48099,2021,257
48099,2022,408
48099,2023,446
48101,2022,0
48101,2023,0
48103,2022,5
48103,2023,1
48107,2018,3
48107,2019,1
48107,2020,0
48107,2021,0
48107,2022,1
48107,2023,2
48109,2022,18
48109,2023,21
48111,2022,9
48111,2023,7
48113,2018,18573
48113,2019,16492
48113,2020,10648
48113,2021,18439
48113,2022,17787
48113,2023,13215
48115,2022,75
48115,2023,25
48117,2022,59
48117,2023,55
48119,2018,3
48119,2019,7
48119,2020,9
48119,2021,14
48119,2022,6
48119,2023,11
48121,2022,11804
48121,2023,11087
48123,2022,21
48123,2023,12
48127,2022,0
48127,2023,0
48129,2022,3
48129,2023,2
48133,2022,25
48133,2023,6
48135,2018,692
48135,2019,1782
48135,2020,1188
48135,2021,1406
48135,2022,1053
48135,2023,829
48139,2018,2444
48139,2019,2084
48139,2020,2742
48139,2021,3892
48139,2022,3034
48139,2023,2833
48141,2018,2503
48141,2019,2884
48141,2020,3358
48141,2021,2989
48141,2022,2830
48141,2023,2265
48143,2022,213
48143,2023,70
48145,2022,10
48145,2023,5
48147,2022,88
48147,2023,88
48149,2022,16
48149,2023,14
48153,2022,0
48153,2023,0
48157,2018,9294
48157,2019,9537
48157,2020,12827
48157,2021,10937
48157,2022,12572
48157,2023,11290
48159,2022,0
48159,2023,0
48161,2022,4
48161,2023,3
48163,2022,13
48163,2023,10
48165,2022,3
48165,2023,8
48167,2018,2309
48167,2019,2526
48167,2020,3251
48167,2021,3103
48167,2022,2488
48167,2023,2541
48169,2022,2
48169,2023,0
48171,2022,88
48171,2023,67
48175,2022,26
48175,2023,8
48177,2022,15
48177,2023,10
48179,2022,0
48179,2023,0
48181,2022,2339
48181,2023,2449
48183,2022,449
48183,2023,286
48185,2018,47
48185,2019,102
48185,2020,87
48185,2021,92
48185,2022,119
48185,2023,150
48187,2018,969
48187,2019,1334
48187,2020,1549
48187,2021,1868
48187,2022,1736
48187,2023,2134
48189,2022,28
48189,2023,24
48191,2022,0
48191,2023,0
48193,2018,6
48193,2019,3
48193,2020,9
48193,2021,20
48193,2022,20
48193,2023,21
48195,2018,0
48195,2019,0
48195,2020,3
48195,2021,2
48195,2022,0
48195,2023,0
48197,2022,0
48197,2023,0
48199,2022,506
48199,2023,390
48201,2018,34100
48201,2019,37756
48201,2020,36874
48201,2021,35161
48201,2022,38819
48201,2023,34557
48203,2022,299
48203,2023,208
48207,2022,0
48207,2023,0
48209,2022,5518
48209,2023,5086
48211,2018,0
48211,2019,0
48211,2020,0
48211,2021,0
48211,2022,0
48211,2023,0
48213,2022,464
48213,2023,268
48215,2018,4645
48215,2019,5362
48215,2020,4914
48215,2021,5697
48215,2022,5836
48215,2023,6625
48217,2022,65
48217,2023,63
48219,2022,12
48219,2023,12
48221,2022,151
48221,2023,110
48223,2022,107
48223,2023,66
48225,2022,6
48225,2023,5
48227,2022,16
48227,2023,15
48231,2022,739
48231,2023,879
48233,2018,5
48233,2019,0
48233,2020,1
48233,2021,4
48233,2022,5
48233,2023,2
48235,2022,0
48237,2022,0
48237,2023,10
48239,2022,4
48239,2023,0
48241,2022,205
48241,2023,27
48245,2022,667
48245,2023,432
48249,2022,8
48249,2023,4
48251,2018,703
48251,2019,1072
48251,2020,2584
48251,2021,2218
48251,2022,2293
48251,2023,2528
48253,2022,1
48253,2023,0
48255,2022,88
48255,2023,82
48257,2018,1121
48257,2019,700
48257,2020,1068
48257,2021,1591
48257,2022,1350
48257,2023,1247
48259,2018,322
48259,2019,355
48259,2020,399
48259,2021,387
48259,2022,325
48259,2023,310
48265,2022,169
48265,2023,231
48267,2022,1
48267,2023,5
48271,2018,1
48271,2019,0
48271,2020,0
48271,2021,0
48271,2022,2
48271,2023,4
48273,2022,27
48273,2023,27
48275,2022,0
48277,2022,64
48277,2023,89
48279,2022,2
48279,2023,0
48281,2018,41
48281,2019,34
48281,2020,49
48281,2021,50
48281,2022,39
48281,2023,27
48283,2022,6
48283,2023,0
48285,2022,15
48285,2023,8
48287,2022,44
48287,2023,21
48289,2022,0
48289,2023,0
48291,2018,729
48291,2019,821
48291,2020,1013
48291,2021,1234
48291,2022,1556
48291,2023,1290
48293,2022,10
48293,2023,14
48295,2022,0
48295,2023,0
48297,2022,2
48297,2023,8
48299,2022,263
48299,2023,172
48303,2018,1724
48303,2019,2252
48303,2020,3851
48303,2021,3421
48303,2022,3275
48303,2023,2511
48305,2022,3
48305,2023,1
48307,2022,0
48307,2023,0
48309,2022,1383
48309,2023,1736
48313,2022,5
48313,2023,2
48315,2022,13
48315,2023,9
48317,2022,1
48317,2023,13
48319,2022,12
48319,2023,2
48321,2022,225
48321,2023,155
48323,2018,71
48323,2019,92
48323,2020,139
48323,2021,135
48323,2022,157
48323,2023,72
48325,2018,32
48325,2019,26
48325,2020,34
48325,2021,28
48325,2022,26
48325,2023,29
48329,2018,1222
48329,2019,1290
48329,2020,1289
48329,2021,858
48329,2022,593
48329,2023,805
48331,2022,23
48331,2023,33
48335,2022,0
48335,2023,0
48337,2022,61
48337,2023,10
48339,2018,6990
48339,2019,7671
48339,2020,10182
48339,2021,13574
48339,2022,15114
48339,2023,13743
48341,2022,38
48341,2023,169
48343,2022,3
48343,2023,1
48347,2022,30
48347,2023,32
48349,2022,500
48349,2023,546
48353,2022,1
48353,2023,5
48355,2022,1605
48355,2023,1454
48357,2022,1
48357,2023,0
48359,2022,0
48359,2023,2
48361,2022,196
48361,2023,232
48363,2022,53
48363,2023,54
48365,2022,11
48365,2023,10
48367,2018,706
48367,2019,812
48367,2020,556
48367,2021,1182
48367,2022,896
48367,2023,478
48369,2022,12
48369,2023,6
48371,2022,26
48371,2023,9
48373,2022,1003
48373,2023,841
48375,2018,656
48375,2019,472
48375,2020,845
48375,2021,574
48375,2022,758
48375,2023,564
48377,2022,8
48377,2023,18
48379,2022,18
48379,2023,10
48381,2022,173
48381,2023,81
48383,2018,1
48383,2019,0
48383,2020,2
48383,2021,2
48383,2022,1
48383,2023,2
48385,2018,0
48385,2019,0
48385,2020,0
48385,2021,0
48385,2022,0
48385,2023,0
48387,2022,16
48387,2023,12
48389,2022,28
48389,2023,34
48391,2022,56
48391,2023,16
48395,2018,84
48395,2019,74
48395,2020,130
48395,2021,4
48395,2022,49
48395,2023,23
48397,2018,1523
48397,2019,1580
48397,2020,2692
48397,2021,3392
48397,2022,2538
48397,2023,1938
48399,2022,6
48399,2023,6
48401,2022,58
48401,2023,24
48403,2022,1
48403,2023,0
48405,2022,3
48405,2023,2
48407,2018,374
48407,2019,394
48407,2020,457
48407,2021,575
48407,2022,578
48407,2023,549
48409,2022,387
48409,2023,336
48411,2018,2
48411,2019,3
48411,2020,1
48411,2021,0
48411,2022,0
48411,2023,0
48413,2022,0
48413,2023,2
48415,2022,2
48415,2023,4
48419,2022,2
48419,2023,2
48421,2022,17
48421,2023,15
48423,2022,820
48423,2023,757
48425,2022,14
48425,2023,58
48427,2022,8
48427,2023,0
48429,2022,3
48429,2023,6
48435,2022,0
48435,2023,0
48437,2022,0
48437,2023,0
48439,2022,18207
48439,2023,13897
48441,2022,790
48441,2023,443
48445,2022,3
48445,2023,1
48449,2022,16
48449,2023,23
48451,2018,262
48451,2019,283
48451,2020,686
48451,2021,333
48451,2022,322
48451,2023,252
48453,2018,19518
48453,2019,21413
48453,2020,26660
48453,2021,29099
48453,2022,25852
48453,2023,22414
48455,2022,5
48455,2023,2
48457,2022,12
48457,2023,6
48459,2022,6
48459,2023,28
48461,2022,0
48461,2023,0
48463,2022,30
48463,2023,19
48465,2022,143
48465,2023,73
48467,2022,89
48467,2023,43
48469,2022,202
48469,2023,82
48471,2022,914
48471,2023,503
48473,2018,147
48473,2019,96
48473,2020,168
48473,2021,270
48473,2022,254
48473,2023,221
48475,2022,0
48475,2023,1
48477,2022,181
48477,2023,127
48479,2022,1514
48479,2023,1221
48481,2022,162
48481,2023,147
48483,2022,0
48483,2023,0
48485,2022,330
48485,2023,210
48487,2022,4
48487,2023,49
48489,2022,67
48489,2023,53
48491,2018,6834
48491,2019,6762
48491,2020,8357
48491,2021,15004
48491,2022,10616
48491,2023,8856
48493,2018,60
48493,2019,58
48493,2020,120
48493,2021,133
48493,2022,106
48493,2023,177
48495,2022,2
48495,2023,0
48497,2018,86
48497,2019,247
48497,2020,95
48497,2021,132
48497,2022,441
48497,2023,229
48499,2022,17
48499,2023,67
48501,2022,2
48501,2023,6
48503,2022,9
48503,2023,5
48507,2022,1
48507,2023,1
49001,2022,64
49001,2023,37
49003,2022,456
49003,2023,259
49005,2022,1040
49005,2023,958
49007,2022,64
49007,2023,41
49009,2022,18
49009,2023,20
49011,2018,2166
49011,2019,1741
49011,2020,2417
49011,2021,3812
49011,2022,2175
49011,2023,1547
49013,2022,133
49013,2023,119
49015,2022,16
49015,2023,54
49017,2022,66
49017,2023,53
49019,2022,101
49019,2023,82
49021,2022,1032
49021,2023,460
49023,2018,74
49023,2019,70
49023,2020,108
49023,2021,135
49023,2022,115
49023,2023,138
49025,2022,287
49025,2023,159
49027,2022,60
49027,2023,99
49029,2018,62
49029,2019,60
49029,2020,97
49029,2021,147
49029,2022,63
49029,2023,75
49031,2022,36
49031,2023,25
49033,2022,71
49033,2023,57
49035,2018,8005
49035,2019,9785
49035,2020,10101
49035,2021,10496
49035,2022,9180
49035,2023,8317
49037,2022,94
49037,2023,65
49039,2018,64
49039,2019,52
49039,2020,73
49039,2021,227
49039,2022,202
49039,2023,238
49041,2022,163
49041,2023,140
49043,2018,385
49043,2019,387
49043,2020,315
49043,2021,439
49043,2022,536
49043,2023,334
49045,2022,733
49045,2023,882
49047,2022,89
49047,2023,86
49049,2022,8162
49049,2023,6037
49051,2022,1008
49051,2023,706
49053,2022,3191
49053,2023,2841
49055,2022,29
49055,2023,18
49057,2018,1147
49057,2019,1754
49057,2020,2393
49057,2021,2577
49057,2022,2314
49057,2023,1442
50001,2022,112
50001,2023,94
50003,2022,56
50003,2023,59
50005,2022,73
50005,2023,92
50007,2022,786
50007,2023,942
50009,2022,10
50009,2023,16
50011,2022,163
50011,2023,219
50013,2022,25
50013,2023,26
50015,2022,288
50015,2023,223
50017,2022,22
50017,2023,58
50019,2022,169
50019,2023,136
50021,2022,76
50021,2023,48
50023,2022,200
50023,2023,160
50025,2022,122
50025,2023,146
50027,2022,106
50027,2023,117
51001,2022,207
51001,2023,201
51003,2018,1097
51003,2019,948
51003,2020,982
51003,2021,948
51003,2022,927
51003,2023,820
51005,2022,8
51005,2023,65
51007,2018,51
51007,2019,54
51007,2020,54
51007,2021,58
51007,2022,73
51007,2023,52
51009,2018,64
51009,2019,47
51009,2020,69
51009,2021,70
51009,2022,92
51009,2023,108
51011,2022,107
51011,2023,97
51013,2018,2756
51013,2019,743
51013,2020,553
51013,2021,3323
51013,2022,2160
51013,2023,1274
51015,2018,222
51015,2019,390
51015,2020,322
51015,2021,248
51015,2022,255
51015,2023,190
51017,2022,13
51017,2023,18
51019,2018,82
51019,2019,53
51019,2020,144
51019,2021,141
51019,2022,168
51019,2023,285
51021,2022,6
51021,2023,14
51023,2022,83
51023,2023,64
51025,2022,40
51025,2023,37
51027,2022,11
51027,2023,11
51029,2022,100
51029,2023,84
51031,2022,227
51031,2023,331
51033,2018,104
51033,2019,109
51033,2020,188
51033,2021,348
51033,2022,270
51033,2023,255
51035,2022,82
51035,2023,77
51036,2018,18
51036,2019,18
51036,2020,20
51036,2021,23
51036,2022,21
51036,2023,22
51037,2018,23
51037,2019,16
51037,2020,11
51037,2021,20
51037,2022,16
51037,2023,25
51041,2018,2260
51041,2019,3202
51041,2020,3116
51041,2021,3791
51041,2022,3233
51041,2023,3194
51043,2018,35
51043,2019,174
51043,2020,78
51043,2021,115
51043,2022,93
51043,2023,34
51045,2022,14
51045,2023,20
51047,2022,306
51047,2023,294
51049,2018,25
51049,2019,35
51049,2020,37
51049,2021,56
51049,2022,54
51049,2023,69
51051,2018,2
51051,2019,1
51051,2020,7
51051,2021,8
51051,2022,9
51051,2023,6
51053,2018,76
51053,2019,78
51053,2020,99
51053,2021,113
51053,2022,84
51053,2023,78
51057,2022,41
51057,2023,33
51059,2018,1557
51059,2019,2138
51059,2020,1605
51059,2021,2105
51059,2022,1685
51059,2023,3248
51061,2018,379
51061,2019,202
51061,2020,197
51061,2021,248
51061,2022,203
51061,2023,247
51063,2022,19
51063,2023,68
51065,2022,289
51065,2023,102
51067,2022,152
51067,2023,175
51069,2018,716
51069,2019,771
51069,2020,678
51069,2021,687
51069,2022,657
51069,2023,798
51071,2022,30
51071,2023,35
51073,2018,158
51073,2019,100
51073,2020,139
51073,2021,168
51073,2022,171
51073,2023,85
51075,2018,190
51075,2019,218
51075,2020,301
51075,2021,353
51075,2022,325
51075,2023,268
51077,2022,44
51077,2023,39
51079,2022,113
51079,2023,263
51081,2022,15
51081,2023,12
51083,2022,118
51083,2023,100
51085,2018,491
51085,2019,992
51085,2020,690
51085,2021,818
51085,2022,564
51085,2023,481
51087,2018,1478
51087,2019,1775
51087,2020,1915
51087,2021,2191
51087,2022,2386
51087,2023,2743
51089,2022,25
51089,2023,26
51091,2022,10
51091,2023,8
51093,2018,184
51093,2019,203
51093,2020,293
51093,2021,350
51093,2022,514
51093,2023,206
51095,2018,458
51095,2019,296
51095,2020,374
51095,2021,349
51095,2022,243
51095,2023,597
51097,2018,15
51097,2019,26
51097,2020,20
51097,2021,23
51097,2022,37
51097,2023,36
51099,2018,132
51099,2019,155
51099,2020,165
51099,2021,232
51099,2022,161
51099,2023,170
51101,2022,127
51101,2023,138
51103,2022,68
51103,2023,95
51105,2022,18
51105,2023,22
51107,2018,3714
51107,2019,2875
51107,2020,2493
51107,2021,2099
51107,2022,2330
51107,2023,1781
51109,2018,287
51109,2019,285
51109,2020,435
51109,2021,513
51109,2022,417
51109,2023,336
51111,2022,25
51111,2023,14
51113,2022,61
51113,2023,53
51115,2018,19
51115,2019,9
51115,2020,31
51115,2021,43
51115,2022,23
51115,2023,14
51117,2022,225
51117,2023,126
51119,2022,45
51119,2023,45
51121,2022,370
51121,2023,374
51125,2022,70
51125,2023,65
51127,2018,253
51127,2019,185
51127,2020,321
51127,2021,451
51127,2022,356
51127,2023,345
51131,2022,121
51131,2023,99
51133,2022,63
51133,2023,59
51135,2022,86
51135,2023,89
51137,2022,260
51137,2023,422
51139,2018,59
51139,2019,71
51139,2020,80
51139,2021,139
51139,2022,169
51139,2023,213
51141,2022,32
51141,2023,45
51143,2022,74
51143,2023,69
51145,2018,179
51145,2019,238
51145,2020,209
51145,2021,214
51145,2022,216
51145,2023,145
51147,2022,87
51147,2023,81
51149,2018,89
51149,2019,75
51149,2020,64
51149,2021,78
51149,2022,161
51149,2023,94
51153,2018,1561
51153,2019,1474
51153,2020,1438
51153,2021,2189
51153,2022,1616
51153,2023,1492
51155,2022,63
51155,2023,46
51157,2022,40
51157,2023,43
51159,2022,26
51159,2023,25
51161,2022,114
51161,2023,139
51163,2022,66
51163,2023,71
51165,2018,395
51165,2019,288
51165,2020,536
51165,2021,619
51165,2022,655
51165,2023,515
51167,2022,11
51167,2023,20
51169,2022,25
51169,2023,21
51171,2022,175
51171,2023,187
51173,2022,14
51173,2023,24
51175,2018,47
51175,2019,59
51175,2020,60
51175,2021,72
51175,2022,64
51175,2023,59
51177,2018,1588
51177,2019,1308
51177,2020,1411
51177,2021,1615
51177,2022,1652
51177,2023,1089
51179,2018,1048
51179,2019,913
51179,2020,964
51179,2021,977
51179,2022,759
51179,2023,541
51181,2018,29
51181,2019,26
51181,2020,25
51181,2021,31
51181,2022,37
51181,2023,28
51183,2018,33
51183,2019,40
51183,2020,37
51183,2021,31
51183,2022,32
51183,2023,43
51185,2022,7
51185,2023,11
51187,2018,158
51187,2019,150
51187,2020,191
51187,2021,200
51187,2022,160
51187,2023,148
51191,2022,93
51191,2023,100
51193,2022,217
51193,2023,215
51195,2022,6
51195,2023,24
51197,2022,38
51197,2023,35
51199,2018,697
51199,2019,262
51199,2020,286
51199,2021,485
51199,2022,211
51199,2023,479
51510,2018,112
51510,2019,65
51510,2020,107
51510,2021,200
51510,2022,1490
51510,2023,121
51520,2022,1
51520,2023,15
51530,2022,3
51530,2023,20
51540,2018,210
51540,2019,80
51540,2020,190
51540,2021,191
51540,2022,214
51540,2023,65
51550,2018,1031
51550,2019,991
51550,2020,1128
51550,2021,1383
51550,2022,834
51550,2023,505
51570,2018,12
51570,2019,3
51570,2020,6
51570,2021,13
51570,2022,6
51570,2023,12
51580,2018,1
51580,2019,4
51580,2020,3
51580,2021,3
51580,2022,3
51580,2023,1
51590,2022,229
51590,2023,171
51595,2022,5
51595,2023,1
51600,2018,17
51600,2019,12
51600,2020,10
51600,2021,12
51600,2022,22
51600,2023,26
51610,2018,46
51610,2019,346
51610,2020,14
51610,2021,19
51610,2022,872
51610,2023,17
51630,2018,410
51630,2019,274
51630,2020,104
51630,2021,142
51630,2022,183
51630,2023,82
51640,2022,9
51640,2023,11
51650,2018,180
51650,2019,183
51650,2020,211
51650,2021,242
51650,2022,125
51650,2023,103
51660,2018,88
51660,2019,73
51660,2020,60
51660,2021,36
51660,2022,55
51660,2023,80
51670,2018,118
51670,2019,56
51670,2020,77
51670,2021,81
51670,2022,19
51670,2023,18
51678,2022,5
51678,2023,0
51680,2018,138
51680,2019,330
51680,2020,361
51680,2021,143
51680,2022,211
51680,2023,271
51683,2018,87
51683,2019,112
51683,2020,73
51683,2021,97
51683,2022,79
51683,2023,74
51685,2018,0
51685,2019,0
51685,2020,0
51685,2021,13
51685,2022,8
51685,2023,49
51690,2022,2
51690,2023,43
51700,2018,124
51700,2019,218
51700,2020,160
51700,2021,106
51700,2022,393
51700,2023,647
51710,2018,596
51710,2019,819
51710,2020,1194
51710,2021,1480
51710,2022,1208
51710,2023,1427
51720,2022,0
51720,2023,2
51730,2018,9
51730,2019,10
51730,2020,64
51730,2021,116
51730,2022,118
51730,2023,24
51735,2018,41
51735,2019,26
51735,2020,25
51735,2021,19
51735,2022,28
51735,2023,120
51740,2018,137
51740,2019,93
51740,2020,280
51740,2021,196
51740,2022,106
51740,2023,73
51750,2022,30
51750,2023,35
51760,2018,563
51760,2019,1240
51760,2020,892
51760,2021,1067
51760,2022,2649
51760,2023,2283
51770,2022,377
51770,2023,107
51775,2022,35
51775,2023,117
51790,2022,70
51790,2023,245
51800,2018,622
51800,2019,697
51800,2020,1108
51800,2021,1363
51800,2022,669
51800,2023,727
51810,2018,779
51810,2019,1350
51810,2020,938
51810,2021,463
51810,2022,1197
51810,2023,542
51820,2022,117
51820,2023,170
51830,2018,25
51830,2019,29
51830,2020,28
51830,2021,33
51830,2022,46
51830,2023,15
51840,2022,259
51840,2023,66
53001,2022,48
53001,2023,59
53003,2022,53
53003,2023,39
53005,2018,1285
53005,2019,1863
53005,2020,1350
53005,2021,1524
53005,2022,1242
53005,2023,1136
53007,2022,629
53007,2023,315
53009,2022,256
53009,2023,219
53011,2018,3613
53011,2019,4657
53011,2020,4723
53011,2021,5609
53011,2022,4138
53011,2023,3504
53013,2022,54
53013,2023,24
53015,2022,581
53015,2023,305
53017,2022,235
53017,2023,274
53019,2022,29
53019,2023,21
53021,2018,719
53021,2019,601
53021,2020,620
53021,2021,668
53021,2022,642
53021,2023,923
53023,2022,5
53023,2023,2
53025,2022,616
53025,2023,448
53027,2022,397
53027,2023,284
53029,2022,399
53029,2023,269
53031,2018,142
53031,2019,175
53031,2020,157
53031,2021,274
53031,2022,304
53031,2023,158
53033,2018,18528
53033,2019,17929
53033,2020,13153
53033,2021,19624
53033,2022,18695
53033,2023,10600
53035,2018,1149
53035,2019,1117
53035,2020,1285
53035,2021,2215
53035,2022,1701
53035,2023,2258
53037,2022,552
53037,2023,412
53039,2022,120
53039,2023,100
53041,2022,406
53041,2023,323
53043,2022,83
53043,2023,86
53045,2022,240
53045,2023,265
53047,2022,283
53047,2023,228
53049,2022,128
53049,2023,78
53051,2022,74
53051,2023,60
53053,2018,5457
53053,2019,4229
53053,2020,4768
53053,2021,6066
53053,2022,4747
53053,2023,3138
53055,2018,156
53055,2019,139
53055,2020,116
53055,2021,155
53055,2022,108
53055,2023,97
53057,2022,579
53057,2023,487
53059,2018,65
53059,2019,73
53059,2020,82
53059,2021,75
53059,2022,81
53059,2023,61
53061,2018,3965
53061,2019,4426
53061,2020,5535
53061,2021,5277
53061,2022,3378
53061,2023,3516
53063,2022,3805
53063,2023,3622
53065,2022,273
53065,2023,282
53067,2022,1538
53067,2023,1512
53069,2022,31
53069,2023,31
53071,2022,177
53071,2023,242
53073,2022,1620
53073,2023,905
53075,2022,301
53075,2023,246
53077,2022,708
53077,2023,648
54001,2022,5
54001,2023,6
54003,2022,1493
54003,2023,1378
54005,2022,9
54005,2023,13
54007,2022,0
54007,2023,3
54009,2022,11
54009,2023,3
54011,2018,103
54011,2019,134
54011,2020,101
54011,2021,56
54011,2022,61
54011,2023,71
54015,2018,18
54015,2019,41
54015,2020,34
54015,2021,20
54015,2022,17
54015,2023,9
54017,2022,0
54019,2018,28
54019,2019,33
54019,2020,33
54019,2021,37
54019,2022,40
54019,2023,27
54021,2022,8
54021,2023,9
54023,2022,35
54023,2023,46
54025,2022,74
54025,2023,60
54027,2022,124
54027,2023,138
54029,2022,23
54029,2023,12
54031,2022,68
54031,2023,71
54033,2022,129
54033,2023,127
54035,2022,0
54035,2023,2
54037,2018,217
54037,2019,197
54037,2020,288
54037,2021,689
54037,2022,555
54037,2023,676
54039,2022,133
54039,2023,146
54041,2022,0
54041,2023,0
54043,2022,11
54043,2023,18
54045,2022,2
54045,2023,2
54047,2022,4
54047,2023,5
54049,2022,20
54049,2023,10
54051,2022,1
54051,2023,0
54053,2022,2
54053,2023,5
54055,2022,5
54055,2023,2
54057,2022,41
54057,2023,54
54059,2022,0
54059,2023,0
54061,2022,8
54061,2023,14
54063,2022,0
54063,2023,0
54065,2022,112
54065,2023,108
54067,2022,3
54067,2023,3
54069,2022,8
54069,2023,8
54071,2022,17
54071,2023,29
54073,2022,10
54073,2023,8
54075,2022,5
54075,2023,2
54077,2022,3
54077,2023,2
54079,2022,101
54079,2023,90
54081,2018,64
54081,2019,39
54081,2020,43
54081,2021,71
54081,2022,68
54081,2023,67
54083,2022,24
54083,2023,1
54085,2022,26
54085,2023,20
54087,2022,0
54087,2023,3
54089,2022,14
54089,2023,13
54091,2022,0
54091,2023,0
54093,2022,7
54093,2023,3
54095,2022,0
54095,2023,0
54097,2022,43
54097,2023,52
54099,2022,65
54099,2023,62
54101,2022,0
54101,2023,0
54103,2022,1
54103,2023,0
54105,2022,11
54105,2023,12
54107,2022,55
54107,2023,84
54109,2022,1
54109,2023,0
55001,2022,148
55001,2023,147
55003,2022,12
55003,2023,21
55005,2022,132
55005,2023,162
55007,2022,99
55007,2023,95
55009,2022,950
55009,2023,882
55011,2022,36
55011,2023,32
55013,2022,119
55013,2023,124
55015,2022,208
55015,2023,206
55017,2022,292
55017,2023,358
55019,2022,36
55019,2023,97
55021,2022,187
55021,2023,113
55023,2022,54
55023,2023,45
55025,2018,3338
55025,2019,3409
55025,2020,4174
55025,2021,6865
55025,2022,5082
55025,2023,5023
55027,2022,153
55027,2023,183
55029,2022,183
55029,2023,295
55031,2018,98
55031,2019,74
55031,2020,96
55031,2021,112
55031,2022,120
55031,2023,109
55033,2022,121
55033,2023,136
55035,2022,720
55035,2023,1150
55037,2018,19
55037,2019,25
55037,2020,33
55037,2021,32
55037,2022,21
55037,2023,43
55039,2022,145
55039,2023,114
55041,2022,66
55041,2023,63
55043,2022,88
55043,2023,99
55045,2022,73
55045,2023,55
55047,2022,47
55047,2023,56
55049,2018,64
55049,2019,61
55049,2020,88
55049,2021,138
55049,2022,74
55049,2023,64
55051,2022,44
55051,2023,43
55053,2022,62
55053,2023,118
55055,2022,291
55055,2023,164
55057,2022,127
55057,2023,146
55059,2018,226
55059,2019,662
55059,2020,230
55059,2021,968
55059,2022,279
55059,2023,235
55061,2022,40
55061,2023,44
55063,2022,353
55063,2023,437
55065,2022,72
55065,2023,52
55067,2022,168
55067,2023,161
55069,2022,116
55069,2023,177
55071,2022,100
55071,2023,105
55073,2022,359
55073,2023,396
55075,2022,139
55075,2023,121
55077,2022,55
55077,2023,44
55078,2022,11
55078,2023,5
55079,2018,1026
55079,2019,550
55079,2020,749
55079,2021,410
55079,2022,882
55079,2023,875
55081,2022,114
55081,2023,114
55083,2022,149
55083,2023,124
55085,2022,238
55085,2023,283
55087,2022,724
55087,2023,573
55089,2018,352
55089,2019,357
55089,2020,425
55089,2021,302
55089,2022,345
55089,2023,277
55091,2022,29
55091,2023,28
55093,2018,137
55093,2019,298
55093,2020,369
55093,2021,269
55093,2022,280
55093,2023,362
55095,2022,210
55095,2023,252
55097,2022,353
55097,2023,155
55099,2022,60
55099,2023,41
55101,2022,149
55101,2023,208
55103,2022,90
55103,2023,58
55105,2022,477
55105,2023,321
55107,2022,98
55107,2023,83
55109,2018,566
55109,2019,553
55109,2020,742
55109,2021,583
55109,2022,556
55109,2023,420
55111,2022,387
55111,2023,343
55113,2022,183
55113,2023,238
55115,2022,71
55115,2023,79
55117,2022,144
55117,2023,539
55119,2022,39
55119,2023,71
55121,2022,112
55121,2023,117
55123,2022,99
55123,2023,83
55125,2022,207
55125,2023,330
55127,2022,325
55127,2023,405
55129,2022,121
55129,2023,110
55131,2018,423
55131,2019,464
55131,2020,403
55131,2021,503
55131,2022,461
55131,2023,267
55133,2022,1439
55133,2023,1130
55135,2022,107
55135,2023,126
55137,2022,80
55137,2023,76
55139,2022,459
55139,2023,423
55141,2022,144
55141,2023,101
56001,2022,128
56001,2023,97
56003,2022,28
56003,2023,14
56005,2022,91
56005,2023,36
56007,2022,34
56007,2023,39
56009,2022,7
56009,2023,10
56011,2022,9
56011,2023,3
56013,2022,27
56013,2023,19
56015,2022,1
56015,2023,6
56017,2022,2
56017,2023,1
56019,2022,16
56019,2023,20
56021,2022,1164
56021,2023,284
56023,2022,253
56023,2023,176
56025,2020,208
56025,2021,275
56025,2022,215
56025,2023,129
56027,2022,0
56027,2023,0
56029,2018,129
56029,2019,143
56029,2020,194
56029,2021,272
56029,2022,235
56029,2023,200
56031,2022,53
56031,2023,38
56033,2022,398
56033,2023,221
56035,2022,48
56035,2023,42
56037,2022,33
56037,2023,43
56039,2018,165
56039,2019,155
56039,2020,207
56039,2021,219
56039,2022,232
56039,2023,105
56041,2022,56
56041,2023,58
56043,2022,3
56043,2023,3
56045,2022,1
56045,2023,0
