fips,acs_population,median_income,median_gross_rent,housing_units,vacancy_rate,renter_share,unemployment_rate
01001,59947.0,72481.0,1263.0,25039.0,0.08474779344223012,0.2293930270105162,0.023950977095243433
01003,246989.0,78775.0,1277.0,132258.0,0.25468402667513496,0.22396372268549516,0.030273362675906457
01005,24643.0,46042.0,688.0,11762.0,0.2239415065465057,0.31759421560035056,0.07789541918755402
01007,22130.0,52541.0,733.0,9133.0,0.15646556443665827,0.2082035306334372,0.12080759046778464
01009,59518.0,64190.0,776.0,24918.0,0.1098804077373786,0.19017132551848512,0.049985395063531474
01011,10058.0,31310.0,556.0,4579.0,0.19458397029919197,0.3335140997830803,0.07218621096051857
01013,18630.0,44755.0,725.0,9885.0,0.23146181082448153,0.34158220350138213,0.06472032037204496
01015,116090.0,55029.0,826.0,53361.0,0.15640636419857198,0.2968121737198712,0.05974573855538453
01017,34192.0,49656.0,871.0,16435.0,0.18259811378156374,0.28219443203811223,0.051395687260219605
01019,25443.0,53863.0,762.0,14702.0,0.3067609849000136,0.1891679748822606,0.038816295157571096
01021,45992.0,65603.0,871.0,19839.0,0.0989969252482484,0.23144055944055944,0.05467278435160589
01023,12380.0,47813.0,543.0,7200.0,0.2701388888888889,0.17621313035204567,0.050347932869422844
01025,22543.0,49249.0,782.0,11749.0,0.2830879223763725,0.2921761842573905,0.09187202766969305
01027,14192.0,55250.0,619.0,7106.0,0.18097382493667324,0.2056701030927835,0.024034017378443333
01029,15426.0,55345.0,798.0,6874.0,0.13005528076811174,0.2145484949832776,0.025711960943856794
01031,54920.0,68353.0,1018.0,24656.0,0.14892926670992862,0.27740182996568813,0.05088639417450479
01033,58022.0,60628.0,887.0,28040.0,0.13334522111269614,0.28714867700917657,0.031361209964412814
01035,11275.0,41327.0,834.0,6444.0,0.31455617628801985,0.25673534072900156,0.08695652173913043
01037,10300.0,57355.0,665.0,6058.0,0.2707164080554639,0.1842462652784065,0.06203234371228578
01039,37628.0,52456.0,746.0,18714.0,0.21759110826119482,0.23726266903428495,0.051704400915797505
01041,13122.0,48560.0,661.0,6583.0,0.20507367461643627,0.26791515383145426,0.054163596168017684
01043,90566.0,62656.0,908.0,39871.0,0.11346592761656342,0.23365490706424874,0.037728233254980176
01045,49599.0,54963.0,889.0,22968.0,0.14110936955764541,0.3810513509403356,0.06596044460679434
01047,36858.0,35627.0,733.0,18936.0,0.1578474862695395,0.36176083275851256,0.10954688318491357
01049,72269.0,51204.0,693.0,30963.0,0.15444239899234571,0.21737137618883923,0.0413583760197306
01051,89526.0,78243.0,1071.0,37323.0,0.11968491278836106,0.23027757487216946,0.04645625175086376
01053,36629.0,48225.0,766.0,16816.0,0.23834443387250237,0.29052154903185506,0.10052719000505525
01055,103105.0,54563.0,847.0,47603.0,0.17208999432808855,0.2609170028672198,0.0590336775149218
01057,16053.0,49488.0,667.0,7810.0,0.19910371318822023,0.2158273381294964,0.0843585237258348
01059,31966.0,53338.0,676.0,14002.0,0.14626481931152693,0.27630918520997155,0.03632252137658116
01061,26887.0,52771.0,784.0,12584.0,0.15392561983471073,0.21893491124260356,0.05626381098079211
01063,7424.0,29200.0,432.0,4279.0,0.24631923346576304,0.3838759689922481,0.040366208905534745
01065,14829.0,39250.0,715.0,7594.0,0.257045035554385,0.25611485288904645,0.05998225377107365
01067,17647.0,59931.0,769.0,9215.0,0.23364080303852414,0.20504106485414897,0.03613699320070511
01069,108140.0,58626.0,945.0,50158.0,0.13668806571234898,0.36206179853124565,0.045035224772401544
01071,53053.0,51908.0,780.0,24914.0,0.12519065585614514,0.24872677219545766,0.04466211358734723
01073,667755.0,66388.0,1193.0,310789.0,0.13161984497520826,0.36113426929447207,0.04725463175623947
01075,13693.0,50000.0,549.0,7123.0,0.2859750105292714,0.24321667322060558,0.05465261653866762
01077,95830.0,62649.0,838.0,44936.0,0.12635748620259926,0.31104488257170515,0.04055443677963923
01079,33276.0,66071.0,753.0,15403.0,0.11530221385444393,0.18331254127834445,0.01958344249410532
01081,181134.0,65824.0,1058.0,79619.0,0.12789660759366484,0.3365977302840025,0.03545409294538215
01083,111233.0,83629.0,970.0,44354.0,0.07667854083059025,0.22406172929944082,0.03289913159652639
01085,9833.0,37052.0,710.0,4847.0,0.11615432226119249,0.22478991596638656,0.0683667932718394
01087,18691.0,43707.0,734.0,9653.0,0.2502848855278152,0.3845516097830593,0.08290092916616387
01089,405718.0,86499.0,1209.0,178607.0,0.07601045871662365,0.3168919778708243,0.03605736291256172
01091,18851.0,43825.0,716.0,9867.0,0.1995540691192865,0.29754368194479613,0.040903225806451615
01093,29184.0,50088.0,630.0,14220.0,0.25358649789029536,0.23233465234595818,0.05020013342228152
01095,99748.0,62571.0,795.0,41762.0,0.12698146640486566,0.24229956937930278,0.03912466843501326
01097,412590.0,58880.0,1052.0,186082.0,0.1312163454820993,0.339671543005598,0.05263489595916095
01099,19388.0,42292.0,666.0,10208.0,0.27870297805642635,0.282900991443705,0.10365168539325843
01101,226718.0,59386.0,1092.0,106121.0,0.13889805033876423,0.42238539740208575,0.058772771782864566
01103,124471.0,68845.0,864.0,53905.0,0.0902513681476672,0.2731647634584013,0.03667186213901683
01105,8031.0,37654.0,592.0,3962.0,0.13175164058556285,0.2247093023255814,0.16462480857580397
01107,18721.0,46274.0,648.0,8729.0,0.22511169664337266,0.24186871673565938,0.047195139183269744
01109,32987.0,48677.0,856.0,16238.0,0.23118610666338218,0.38665491829541815,0.036571056062581486
01111,22510.0,52338.0,708.0,12505.0,0.25861655337864853,0.22791500377521304,0.0377156327011679
01113,58811.0,51197.0,939.0,27711.0,0.1361553173829887,0.3869162001838082,0.06239683063717399
01115,94166.0,77463.0,1084.0,39247.0,0.10548576961296405,0.17392542797732646,0.045561191428507584
01117,230211.0,97961.0,1401.0,91995.0,0.055753030055981305,0.18642506849630466,0.028707466239789845
01119,11878.0,33310.0,775.0,6356.0,0.24118942731277532,0.33153638814016173,0.12112994350282486
01121,81021.0,57776.0,785.0,38547.0,0.12719537188367447,0.280436333372964,0.06827600197061466
01123,40938.0,59356.0,765.0,23161.0,0.26272613445015325,0.23934176622159756,0.049405255878284926
01125,237552.0,66231.0,1037.0,104290.0,0.1365231565826062,0.38594367698662996,0.058270068450528935
01127,64841.0,56509.0,756.0,30366.0,0.16393334650596061,0.23861666929257916,0.048809783795588556
01129,15143.0,61042.0,655.0,7797.0,0.23521867384891626,0.14204259600872043,0.048645119164218084
01131,10172.0,40640.0,745.0,5334.0,0.27634045744281965,0.22590673575129533,0.11757332664828278
01133,23682.0,57256.0,803.0,13160.0,0.28419452887537994,0.24203821656050956,0.035811599844297395
02013,3491.0,65365.0,979.0,1245.0,0.1606425702811245,0.35789473684210527,0.0835453774385072
02016,5235.0,135500.0,1982.0,1356.0,0.2949852507374631,0.6652719665271967,0.043092834277271605
02020,288976.0,103284.0,1489.0,120348.0,0.09764183866786319,0.36100444763667505,0.04582297414751481
02050,18394.0,73996.0,1474.0,6011.0,0.19680585593079356,0.3844241922120961,0.159403522303638
02060,918.0,95625.0,1317.0,798.0,0.6353383458646616,0.4639175257731959,0.04364326375711575
02063,6862.0,90509.0,1369.0,3922.0,0.27052524222335544,0.3624606780845858,0.09473974111814927
02066,2626.0,79250.0,1089.0,2442.0,0.5057330057330057,0.3148301574150787,0.04797047970479705
02068,1969.0,80781.0,825.0,1301.0,0.5657186779400462,0.3504424778761062,0.009056603773584906
02070,4724.0,78533.0,1105.0,2399.0,0.41517298874531056,0.3863150392017106,0.10539096648858669
02090,95460.0,88267.0,1459.0,42680.0,0.14810215557638237,0.38326136582414255,0.05309072198704306
02100,2086.0,86927.0,1087.0,1379.0,0.34662799129804206,0.2153163152053274,0.04665314401622718
02105,2311.0,61406.0,1014.0,1753.0,0.47290359383913294,0.2803030303030303,0.15849673202614378
02110,31794.0,101661.0,1444.0,14249.0,0.07593515334409433,0.3639401534138376,0.04005130297907072
02122,60413.0,80538.0,1184.0,32836.0,0.2577963211109758,0.22978129744368306,0.06991094852750988
02130,13768.0,92885.0,1505.0,6698.0,0.14422215586742312,0.3138520586182833,0.03123709921563231
02150,12771.0,86250.0,1765.0,5854.0,0.20737956952511102,0.3892241379310345,0.05013571770716909
02158,8176.0,51471.0,833.0,2346.0,0.18329070758738278,0.30167014613778703,0.19820441988950277
02164,1013.0,65625.0,936.0,1336.0,0.7574850299401198,0.345679012345679,0.08585055643879173
02170,112988.0,94031.0,1299.0,51170.0,0.22085206175493452,0.22767062128470741,0.0577255511313975
02180,9866.0,78681.0,1394.0,4102.0,0.31350560702096536,0.33167613636363635,0.1688191881918819
02185,10810.0,95694.0,1254.0,2642.0,0.13663890991672975,0.5085488820692678,0.07596573460481655
02188,7441.0,84018.0,1350.0,2744.0,0.33491253644314867,0.3561643835616438,0.16660964762230585
02195,3409.0,75125.0,950.0,1863.0,0.2640901771336554,0.3428154631655726,0.03768278965129359
02198,5715.0,61156.0,964.0,3250.0,0.2556923076923077,0.29433650268706074,0.07654666200629151
02220,8368.0,101727.0,1341.0,4161.0,0.17327565489065128,0.38284883720930235,0.06782231852654388
02230,1244.0,81136.0,1280.0,666.0,0.32432432432432434,0.2911111111111111,0.09137709137709138
02240,7068.0,73882.0,1351.0,3515.0,0.2896159317211949,0.25310372446936324,0.06469088591459528
02275,2088.0,63750.0,993.0,1303.0,0.2509593246354566,0.4088114754098361,0.043329532497149374
02282,527.0,85000.0,1330.0,398.0,0.4824120603015075,0.4368932038834951,0.009036144578313253
02290,5195.0,55741.0,1084.0,3724.0,0.38345864661654133,0.3009581881533101,0.05386064030131827
04001,65341.0,41438.0,647.0,28997.0,0.27233851777770113,0.20563981042654028,0.10685436251121924
04003,125566.0,59742.0,995.0,59666.0,0.14554352562598466,0.2896904789925856,0.07403946222628124
04005,144508.0,72966.0,1473.0,70645.0,0.2197890862764527,0.4029355201567546,0.05646762165352218
04007,53795.0,61986.0,1030.0,32742.0,0.2778388614012583,0.22482554451258194,0.07053843226788432
04009,39232.0,67325.0,935.0,14122.0,0.09743662370769013,0.26863329672053976,0.07700885942630568
04011,9409.0,71164.0,648.0,4433.0,0.18993909316489963,0.4697855750487329,0.023330058939096267
04012,16664.0,49478.0,802.0,13672.0,0.3447191339964892,0.2790490010045764,0.10038923126824521
04013,4559748.0,89300.0,1708.0,1884334.0,0.08153437766340786,0.34830380378760917,0.04542004853626377
04015,220517.0,57684.0,1091.0,121881.0,0.16333965097102912,0.25926470732448786,0.07251035862266038
04017,108415.0,54606.0,858.0,57230.0,0.2999650532937271,0.268127698874273,0.08849948078920042
04019,1060490.0,70315.0,1212.0,479939.0,0.08774448419486643,0.34759848067844146,0.05502118424307224
04021,469006.0,80266.0,1537.0,184651.0,0.12311874834146579,0.18280353514454936,0.05960806594601478
04023,48926.0,55217.0,829.0,19232.0,0.11782445923460899,0.30749734763644937,0.12176952083141727
04025,245480.0,69613.0,1351.0,126095.0,0.11846623577461438,0.2493410221578488,0.0427798098024872
04027,211741.0,62876.0,993.0,95200.0,0.1665861344537815,0.2902786705486445,0.06927103342297349
05001,16515.0,53164.0,843.0,8696.0,0.22895584176632935,0.3542132736763609,0.08138793213420079
05003,18429.0,44266.0,703.0,9392.0,0.2167802385008518,0.29173463839042957,0.05476326297775243
05005,42407.0,48452.0,846.0,22883.0,0.15448149281125725,0.24803597271035766,0.06335128286347799
05007,303632.0,93506.0,1277.0,122703.0,0.08788701172750463,0.3298724970737766,0.030786191778028434
05009,38138.0,55143.0,733.0,17459.0,0.12005269488515952,0.2919351689123218,0.02534067845752392
05011,10208.0,41476.0,689.0,5060.0,0.258498023715415,0.3403518123667377,0.06618004866180048
05013,4704.0,66809.0,769.0,2466.0,0.3146796431467964,0.12189349112426036,0.055891238670694864
05015,28626.0,54230.0,856.0,13957.0,0.18700293759403883,0.22516964836520667,0.047074808184143224
05017,9765.0,39045.0,574.0,5108.0,0.22376664056382145,0.3076923076923077,0.09063609063609064
05019,21125.0,52034.0,793.0,10029.0,0.1902482799880347,0.3500800394040143,0.03808080808080808
05021,14280.0,51481.0,707.0,7492.0,0.19634276561665776,0.25278192991197473,0.06299572910311166
05023,25226.0,55798.0,859.0,15667.0,0.328397268143231,0.19406956852309448,0.0643116883116883
05025,7453.0,54794.0,536.0,3587.0,0.18288263172567606,0.17366086659843058,0.021830985915492956
05027,22349.0,55334.0,649.0,11030.0,0.23762466001813237,0.2926626233797122,0.03211605802901451
05029,21054.0,54187.0,755.0,9703.0,0.14675873441203752,0.25921004952288923,0.06408573928258968
05031,113249.0,59548.0,958.0,48885.0,0.0909890559476322,0.3988793122848077,0.055730620329521925
05033,61139.0,64132.0,851.0,25621.0,0.08836501307521175,0.2453226013614762,0.040608754614631204
05035,47266.0,55358.0,911.0,21388.0,0.14891527959603515,0.4264681645882547,0.10229663786542507
05037,16543.0,50863.0,764.0,7586.0,0.14539941998418138,0.32469535708776803,0.10707850707850708
05039,6242.0,42500.0,627.0,3470.0,0.2628242074927954,0.2736512900703675,0.08248175182481751
05041,10786.0,37662.0,718.0,5799.0,0.20503535092257286,0.43188720173535794,0.07985074626865672
05043,17046.0,42824.0,725.0,8289.0,0.1318615031970081,0.36284046692607,0.05893882122357553
05045,127717.0,67289.0,1005.0,53650.0,0.08091332712022367,0.3770305623719808,0.03388517306263144
05047,17326.0,55886.0,719.0,7757.0,0.0914013149413433,0.22048808172531215,0.0487480021310602
05049,12302.0,42241.0,626.0,6225.0,0.23582329317269077,0.15303762875762034,0.045953360768175584
05051,100035.0,57181.0,966.0,52760.0,0.1723464746019712,0.30620376943687455,0.05689491045139581
05053,18242.0,71549.0,788.0,7957.0,0.12303632022118889,0.19260533104041272,0.04543845155198867
05055,46432.0,57839.0,904.0,19603.0,0.0820792735805744,0.33811270423474493,0.058771808042945066
05057,19508.0,46787.0,815.0,9642.0,0.22433105164903547,0.28252440165797565,0.055777405642148656
05059,33180.0,55405.0,768.0,14302.0,0.13928121940987276,0.23525588952071486,0.03722479721900348
05061,12583.0,45603.0,690.0,6173.0,0.17414547221772234,0.2746174970576697,0.05378120411160059
05063,38175.0,56609.0,845.0,16786.0,0.12796377933992614,0.3081021997540648,0.0387911069939787
05065,14009.0,49405.0,621.0,6739.0,0.22362368303902655,0.24579510703363913,0.07172131147540983
05067,16712.0,44218.0,668.0,7095.0,0.14362226920366455,0.34529295589203424,0.09776317847645863
05069,64802.0,51096.0,888.0,30679.0,0.21715179764659864,0.3821459799308823,0.08132463101683601
05071,26003.0,45995.0,728.0,11555.0,0.1072263089571614,0.25930593253198914,0.0461146737080347
05073,6136.0,41278.0,755.0,3940.0,0.33451776649746195,0.20747520976353928,0.052997393570807995
05075,16238.0,44882.0,697.0,7644.0,0.1348770277341706,0.3344926659609859,0.05785123966942149
05077,8359.0,34375.0,667.0,3694.0,0.2717920952896589,0.4104089219330855,0.191015625
05079,12950.0,51778.0,744.0,4390.0,0.18177676537585422,0.2391425389755011,0.026906936558874352
05081,11821.0,53344.0,697.0,6059.0,0.20448918963525334,0.19937759336099586,0.07315233785822021
05083,21277.0,58555.0,745.0,9759.0,0.12685725996516037,0.21605445370261706,0.05642317380352645
05085,75272.0,72828.0,1025.0,30884.0,0.07544359538919829,0.2504377670378931,0.04436002011285547
05087,17329.0,56798.0,729.0,7744.0,0.16541838842975207,0.20485842488008665,0.0530189620758483
05089,17228.0,48619.0,795.0,9749.0,0.2138680890347728,0.1865866388308977,0.04945308889231243
05091,42360.0,48836.0,892.0,19844.0,0.1756198347107438,0.3563176233266092,0.07099689353290031
05093,39126.0,52548.0,830.0,19133.0,0.1923901113259813,0.40046595909914573,0.06901771697690065
05095,6589.0,43214.0,614.0,3829.0,0.27135022199007575,0.3741935483870968,0.0982791586998088
05097,8553.0,48906.0,636.0,5485.0,0.3226982680036463,0.1943472409152086,0.05782312925170068
05099,8159.0,53886.0,869.0,4308.0,0.24535747446610956,0.23992617656105814,0.046176046176046176
05101,7112.0,48986.0,617.0,4099.0,0.2244449865820932,0.2346649889902485,0.04085541015001596
05103,22085.0,49268.0,764.0,11869.0,0.27340129749768305,0.2907003710575139,0.05159400698434156
05105,10101.0,55764.0,805.0,4972.0,0.17658889782783588,0.19614069369809478,0.041273584905660375
05107,15450.0,40134.0,737.0,8355.0,0.279114302812687,0.48812883944877966,0.14505798857538516
05109,10115.0,49269.0,686.0,5324.0,0.23328324567993988,0.25012248897599215,0.03875968992248062
05111,22543.0,46707.0,619.0,10449.0,0.15857976839888985,0.35555050045495906,0.06382758263392395
05113,19361.0,49191.0,711.0,9643.0,0.18096028206989526,0.2109394783489491,0.07262438104220703
05115,64131.0,57344.0,859.0,27156.0,0.1034025629695095,0.29616395597174305,0.051471345671805786
05117,8064.0,51646.0,625.0,4086.0,0.20313264806656878,0.24232186732186733,0.030404463040446306
05119,399818.0,62873.0,1080.0,193408.0,0.10857358537392456,0.4300413551496732,0.04745502469483328
05121,18838.0,50911.0,674.0,8656.0,0.1527264325323475,0.26452140714480504,0.05270546197039306
05123,22400.0,42574.0,779.0,9570.0,0.18672936259143155,0.4450725941153797,0.09226932668329177
05125,127479.0,79046.0,1033.0,52934.0,0.05159254921222654,0.2178156683863514,0.03902029435528588
05127,9816.0,43270.0,722.0,4862.0,0.18037844508432743,0.2190715181932246,0.06171003717472119
05129,7859.0,44426.0,606.0,4721.0,0.32281296335522136,0.20613074757585237,0.03670315518351577
05131,128900.0,57790.0,886.0,57470.0,0.09203062467374282,0.3860983883022556,0.054636085228383396
05133,15712.0,53527.0,751.0,6791.0,0.17213959652481226,0.32372821060120954,0.049033957845433254
05135,17773.0,44637.0,766.0,9525.0,0.2802099737532808,0.2116394399066511,0.08142726440988106
05137,12568.0,40943.0,626.0,6825.0,0.229010989010989,0.24059293044469784,0.03225047080979284
05139,37900.0,55259.0,847.0,18649.0,0.19556008365059788,0.2730969204106119,0.05475657196746434
05141,15998.0,50354.0,722.0,9725.0,0.2357840616966581,0.22120559741657697,0.03784693019343986
05143,256765.0,70639.0,1071.0,105461.0,0.07848398934203166,0.4438076226539348,0.03427820054560981
05145,77838.0,55249.0,850.0,33900.0,0.1259882005899705,0.3087178102534679,0.058131251246687374
05147,6026.0,48158.0,613.0,3256.0,0.1732186732186732,0.3525260029717682,0.049753133308013675
05149,20134.0,55934.0,735.0,9312.0,0.10620704467353952,0.3245224077856542,0.03379465722561957
06001,1649473.0,129367.0,2357.0,637212.0,0.06115076301136827,0.4558943979566934,0.053758271497643
06003,1616.0,105521.0,,1558.0,0.7207958921694481,0.21839080459770116,0.04420549581839905
06005,41428.0,88044.0,1421.0,19019.0,0.15395131184604868,0.19576160586663352,0.05400706959494698
06007,207929.0,67928.0,1414.0,92813.0,0.1023671252949479,0.4272493758402151,0.07459575355111521
06009,46248.0,78647.0,1625.0,27683.0,0.3339955929631904,0.16038401041384173,0.04515497888991865
06011,21984.0,75672.0,1157.0,8211.0,0.08512970405553526,0.3777955271565495,0.09776430466085638
06013,1165012.0,127229.0,2375.0,429260.0,0.034578111168056654,0.31996274284114795,0.06489599421642404
06015,27107.0,67058.0,1233.0,11230.0,0.15209260908281388,0.29920184835118674,0.0639963167587477
06017,192662.0,108845.0,1715.0,94653.0,0.19511267471712465,0.22761698497079477,0.0449267393343468
06019,1016725.0,74201.0,1392.0,344894.0,0.05854552413205217,0.4445029596368362,0.08693252234380486
06021,28494.0,67139.0,1120.0,11073.0,0.11406123001896505,0.38817533129459736,0.0801583744210369
06023,134541.0,61160.0,1287.0,62883.0,0.12660019401109998,0.43459815738683955,0.0901836346785215
06025,180202.0,57681.0,1056.0,58044.0,0.1447178002894356,0.4317540891144952,0.1252247443532981
06027,18739.0,73991.0,1189.0,9524.0,0.15581688366232677,0.3359452736318408,0.02480762604800735
06029,915075.0,70210.0,1300.0,306999.0,0.07188297030283486,0.39938792198813045,0.08626965073956477
06031,153298.0,70995.0,1331.0,46986.0,0.06244413229472609,0.4581403795514392,0.10803204156743884
06033,68152.0,60621.0,1368.0,34400.0,0.21686046511627907,0.2783593170007424,0.11058423864963375
06035,30356.0,67403.0,1000.0,12231.0,0.2439702395552285,0.3181572401860063,0.08319816811372961
06037,9808667.0,90112.0,1954.0,3650466.0,0.06410606207536243,0.5410489077987115,0.07270717386422021
06039,160940.0,76627.0,1390.0,51015.0,0.11047731059492306,0.3253928028383173,0.10118530110705384
06041,257969.0,149091.0,2668.0,112116.0,0.08114809661422098,0.3533557242423654,0.06093930008827446
06043,17082.0,68412.0,1305.0,9836.0,0.23668157787718586,0.2526638252530634,0.05964998767562238
06045,90244.0,68092.0,1317.0,41675.0,0.1639592081583683,0.38292864933126686,0.0902014652014652
06047,290201.0,65510.0,1343.0,90872.0,0.05300862752002817,0.459950031956307,0.10556961039971977
06049,8600.0,59455.0,836.0,4764.0,0.3142317380352645,0.2255892255892256,0.07600950118764846
06051,13148.0,99415.0,1629.0,13676.0,0.5799941503363557,0.34575208913649025,0.030664613805491403
06053,437613.0,97230.0,2055.0,145469.0,0.0892286329046051,0.4792548815373352,0.05199281247462032
06055,134869.0,111471.0,2237.0,55817.0,0.10846157980543562,0.3658943391676547,0.052010754050363865
06057,102481.0,89882.0,1677.0,54309.0,0.21072013846692078,0.24549165986235857,0.05437722725516294
06059,3165820.0,116289.0,2434.0,1146169.0,0.05514806280749174,0.4361204476619635,0.05404496566674014
06061,419156.0,115998.0,2069.0,179266.0,0.11888478573739583,0.25229497195385997,0.047961479527513236
06063,19423.0,66031.0,1194.0,14921.0,0.46022384558675694,0.25428358579587784,0.09152454107538081
06065,2478600.0,93074.0,1901.0,869414.0,0.10820966766120628,0.3087039795701213,0.06501091643492152
06067,1594006.0,92175.0,1790.0,598385.0,0.04566959399049107,0.40975069038642375,0.06712112225881138
06069,67290.0,114394.0,1992.0,21322.0,0.03569083575649564,0.32055833860220806,0.05381255531131348
06071,2197104.0,85478.0,1801.0,743886.0,0.0927171636514197,0.3794240756243379,0.07108856666768582
06073,3288774.0,106268.0,2246.0,1250641.0,0.06345785881000222,0.4543242509464021,0.0611003774156734
06075,830235.0,140970.0,2476.0,414602.0,0.12212193863030087,0.6179437865758167,0.060927094874049306
06077,797334.0,92179.0,1734.0,260151.0,0.057278273002986727,0.3801019367991845,0.07565146879952822
06079,281555.0,97446.0,1992.0,125669.0,0.1286395212820982,0.3791402975260952,0.054785488113266334
06081,742340.0,158855.0,2922.0,287184.0,0.07926973647556967,0.41529542128213176,0.04775296534999722
06083,443701.0,98161.0,2131.0,160592.0,0.06839693135399023,0.47633816373455967,0.06417506091130587
06085,1902047.0,164281.0,2857.0,698837.0,0.056499584309359696,0.4492373584407745,0.048665927948304946
06087,264926.0,111093.0,2264.0,106977.0,0.09421651383007562,0.40061714380069763,0.061186304590944283
06089,181436.0,72636.0,1317.0,80068.0,0.1103561972323525,0.34448000898472597,0.06320050570129586
06091,2746.0,63355.0,,2120.0,0.425,0.27891714520098443,0.1263073209975865
06093,43466.0,59095.0,1091.0,23088.0,0.17363998613998613,0.3079825986686933,0.07891708226009755
06095,451918.0,100401.0,2163.0,164693.0,0.04360233889722089,0.36980674488292953,0.06456333331823186
06097,485040.0,104674.0,2158.0,207699.0,0.08040963124521543,0.3738259039361669,0.05705099649435417
06099,553990.0,81468.0,1623.0,185149.0,0.03929267778924002,0.38817365101139006,0.07983494797273054
06101,98857.0,79704.0,1439.0,34798.0,0.04327834933042129,0.3867295446353478,0.07159619312502716
06103,65167.0,63784.0,1184.0,27527.0,0.09950230682602536,0.3287074390834275,0.05850947918936587
06105,15860.0,53002.0,1073.0,8112.0,0.3115138067061144,0.28272157564906,0.08385148338958963
06107,478693.0,71300.0,1280.0,154202.0,0.07138039714141191,0.41547540067739797,0.09311500366667595
06109,54498.0,77404.0,1302.0,31589.0,0.28171198835037514,0.2608638166593213,0.08220794545692933
06111,837469.0,109797.0,2317.0,295878.0,0.05244729246513766,0.35426237694392926,0.05729444199893427
06113,220564.0,91752.0,1857.0,82447.0,0.06979028951932757,0.4570951716584304,0.061249618032462746
06115,84507.0,76373.0,1311.0,30661.0,0.06607742735070611,0.36504277981491184,0.06831351851348043
08001,530225.0,94571.0,1781.0,195793.0,0.03607381264907326,0.3142849573464738,0.04627320122329908
08003,16581.0,55397.0,907.0,7241.0,0.0818947659163099,0.44058363417569196,0.03662783715623874
08005,659844.0,101087.0,1891.0,269345.0,0.04497206185375634,0.35259221247745226,0.049655208996392954
08007,13900.0,83065.0,1432.0,9858.0,0.39937106918238996,0.19929066036142543,0.013368983957219251
08009,3428.0,46215.0,592.0,1983.0,0.16439737771053958,0.2848521424260712,0.005787781350482315
08011,5549.0,50179.0,1162.0,2174.0,0.1375344986200552,0.34826666666666667,0.05773420479302832
08013,328961.0,103994.0,1966.0,144729.0,0.053347981399719475,0.3803281560200864,0.048309774565110146
08014,76304.0,123874.0,2126.0,33202.0,0.043431118607312816,0.3726385390428212,0.03785268751829584
08015,20178.0,84132.0,1611.0,11482.0,0.1410033095279568,0.25874480381222753,0.047933380725093934
08017,1741.0,70865.0,926.0,986.0,0.20385395537525355,0.27388535031847133,0.00411522633744856
08019,9262.0,94577.0,1467.0,5814.0,0.195562435500516,0.1838785546290357,0.047981169654173456
08021,7530.0,50978.0,748.0,4106.0,0.2294203604481247,0.2348293299620733,0.04765909728062798
08023,3607.0,36861.0,927.0,2433.0,0.3214138923140156,0.20956995760145367,0.03520599250936329
08025,5647.0,48826.0,984.0,1556.0,0.14074550128534705,0.3051608077786088,0.039077514413837285
08027,5247.0,72674.0,1069.0,4631.0,0.423018786439214,0.1467065868263473,0.03733459357277883
08029,31598.0,57774.0,1121.0,15025.0,0.13750415973377703,0.22061887491318774,0.03154088776059697
08031,718877.0,94718.0,1831.0,359581.0,0.06716984490281745,0.5123990841551689,0.04883611321454339
08033,2432.0,64907.0,986.0,1572.0,0.20229007633587787,0.18660287081339713,0.024817518248175182
08035,377150.0,149594.0,2193.0,144432.0,0.030962667552896866,0.22614318376679052,0.035826810017215056
08037,55135.0,104096.0,2019.0,33915.0,0.349609317411175,0.340602049143168,0.0473412134586898
08039,27874.0,132685.0,1311.0,10510.0,0.048144624167459564,0.04968012794882047,0.0339005851886729
08041,742999.0,90363.0,1696.0,303482.0,0.04379831423280458,0.3375650435921293,0.0541996401661188
08043,49634.0,62664.0,1070.0,20605.0,0.12759039068187333,0.2437138406764575,0.04258153911745896
08045,62479.0,91131.0,1637.0,24953.0,0.062076704203903335,0.30387967868740384,0.033743459199547444
08047,5901.0,95361.0,1658.0,3746.0,0.16657768286171917,0.12491992312620115,0.030989956958393114
08049,15895.0,88612.0,1493.0,17421.0,0.5709201538373228,0.265685618729097,0.04116549149730402
08051,17241.0,84527.0,1252.0,12506.0,0.32080601311370543,0.33211678832116787,0.046686195532771875
08053,1005.0,75972.0,1171.0,1343.0,0.6195085629188384,0.23874755381604695,0.0
08055,6972.0,52526.0,838.0,4783.0,0.3518712105373197,0.24903225806451612,0.07959022852639874
08057,1372.0,47667.0,1701.0,1107.0,0.4056007226738934,0.2887537993920973,0.09228650137741047
08059,579377.0,110656.0,1861.0,253574.0,0.046688540623250015,0.2927420522472956,0.039224899335645
08061,1376.0,58618.0,800.0,740.0,0.20945945945945946,0.3128205128205128,0.0014492753623188406
08063,7023.0,70259.0,973.0,3428.0,0.15519253208868145,0.2738259668508287,0.024223425477343973
08065,7380.0,96575.0,1397.0,3983.0,0.2417775546070801,0.24370860927152319,0.021994448003416614
08067,56331.0,86056.0,1504.0,28990.0,0.15908934115212142,0.29067191730248587,0.038212584195827175
08069,367368.0,93765.0,1716.0,164690.0,0.06350112332260612,0.35981508376990506,0.047547375013958816
08071,14413.0,52074.0,891.0,8170.0,0.20281517747858016,0.31429448794718257,0.05641592920353982
08073,5550.0,62861.0,868.0,2382.0,0.172544080604534,0.28259766615931,0.013966480446927373
08075,20892.0,51829.0,1013.0,8741.0,0.06154902185104679,0.3369498963793734,0.054379452192234376
08077,158601.0,73658.0,1182.0,69969.0,0.059154768540353585,0.27530001519064257,0.05419401988332094
08079,729.0,56250.0,928.0,1179.0,0.6726039016115352,0.30310880829015546,0.09090909090909091
08081,13207.0,73849.0,1039.0,6136.0,0.12157757496740547,0.3064935064935065,0.045407330464460605
08083,26412.0,65244.0,942.0,12375.0,0.08937373737373737,0.23764309166740616,0.038640399086835205
08085,43807.0,72120.0,1188.0,19758.0,0.08548436076525964,0.24605678233438485,0.043990116757909016
08087,29520.0,73278.0,1025.0,11804.0,0.062267028126058964,0.3266781100370404,0.05311417510018339
08089,18321.0,54037.0,839.0,8746.0,0.13286073633661102,0.31052215189873417,0.0672982283464567
08091,5087.0,91020.0,1786.0,3531.0,0.25715094873973376,0.17460922607701104,0.03519417475728155
08093,17907.0,103670.0,2161.0,14066.0,0.36101237025451444,0.13773920783266577,0.0331514897188418
08095,4496.0,64674.0,999.0,2164.0,0.09796672828096119,0.28125,0.0291906236178682
08097,16985.0,102645.0,2004.0,13412.0,0.3129287205487623,0.3716766142159523,0.025122669283611385
08099,11910.0,53508.0,808.0,5479.0,0.13615623288921336,0.3289668286499049,0.04136819484240688
08101,169356.0,64010.0,1111.0,73646.0,0.06956250169730875,0.3111947813143032,0.047815585518632554
08103,6544.0,65473.0,919.0,3296.0,0.14896844660194175,0.2570409982174688,0.024328593996840443
08105,11321.0,64411.0,945.0,6616.0,0.22415356711003628,0.32904734073641145,0.10147441457068516
08107,25084.0,106489.0,1917.0,17169.0,0.3429436775583901,0.240049640989274,0.024094772772906767
08109,6580.0,50082.0,828.0,3902.0,0.12942080984110713,0.23079187518398586,0.10328927144174609
08111,724.0,77824.0,992.0,738.0,0.45934959349593496,0.47117794486215536,0.09406952965235174
08113,7968.0,79024.0,1149.0,6656.0,0.3082932692307692,0.3703301476976542,0.026874647622627326
08115,2304.0,52386.0,774.0,1214.0,0.15815485996705106,0.28180039138943247,0.029411764705882353
08117,31017.0,109773.0,1928.0,32251.0,0.6110198133391213,0.2793941809485851,0.049667889362545854
08119,24825.0,85361.0,1880.0,13674.0,0.1326605236214714,0.19013490725126475,0.03718974856496079
08121,4831.0,67167.0,947.0,2287.0,0.09488412767818102,0.263768115942029,0.030977312390924956
08123,350396.0,97097.0,1539.0,129637.0,0.04126908212933036,0.23974349690635385,0.04776018291133881
08125,9979.0,60545.0,942.0,4336.0,0.059501845018450183,0.3106915154487494,0.04464646464646465
09110,977290.0,93394.0,1411.0,416559.0,0.06108618467011876,0.34276283324768037,0.052369011382433134
09120,329259.0,89667.0,1546.0,126039.0,0.05082553812708765,0.34727876087701554,0.0733222093384994
09130,175822.0,104428.0,1454.0,82963.0,0.10721646999264732,0.24210185235189285,0.038399361545387575
09140,454969.0,86191.0,1330.0,192551.0,0.0645802930132796,0.3144640120811033,0.05977505734557802
09150,96312.0,90589.0,1155.0,41736.0,0.05568334291738547,0.22731655333400994,0.060004134328077725
09160,113216.0,93551.0,1193.0,55752.0,0.1418245085378103,0.23705716375796845,0.05408642175109241
09170,570598.0,88197.0,1525.0,248267.0,0.07086725178940415,0.39472760140978785,0.06035298286449918
09180,279971.0,86586.0,1365.0,126425.0,0.08429503658295433,0.34920703475917353,0.05009724223811056
09190,627071.0,128188.0,2110.0,251530.0,0.06421102850554605,0.3358838299083606,0.05301869533727496
10001,187604.0,74477.0,1354.0,76325.0,0.06421225024566,0.2746415770609319,0.05772187745439662
10003,577961.0,91166.0,1448.0,236079.0,0.050432270553501156,0.30980091268796867,0.04839484844745507
10005,255626.0,81497.0,1238.0,151799.0,0.2988030224178025,0.18404562151802406,0.05330297306388594
11001,681294.0,109870.0,1954.0,361014.0,0.10116782174652507,0.5849407225470044,0.06347557229412147
12001,285492.0,61949.0,1339.0,127731.0,0.08568789095834214,0.4589676844827291,0.043719803400119744
12003,28430.0,79836.0,1302.0,10148.0,0.09686637761135199,0.14904528096017458,0.045036547983966044
12005,186393.0,73533.0,1484.0,108362.0,0.27301083405621895,0.331539262230572,0.03885003885003885
12007,27885.0,63050.0,863.0,10887.0,0.14779094332690365,0.26697564130200474,0.047200287150035894
12009,632780.0,78476.0,1556.0,299305.0,0.13902206779038104,0.23316711616445798,0.04842573008893841
12011,1977129.0,77633.0,1907.0,866019.0,0.12940016327586346,0.36422947758224616,0.05430218343227391
12013,13492.0,50517.0,779.0,5683.0,0.1842336793946859,0.21225194132873165,0.08014796547472257
12015,201064.0,69952.0,1464.0,118679.0,0.2370849097144398,0.16196903094696383,0.05374523910283538
12017,162472.0,56546.0,1107.0,84929.0,0.1605811913480672,0.14774655987431792,0.06354239663629993
12019,227584.0,87820.0,1551.0,88969.0,0.05914419629309085,0.24113873391711566,0.037816618707591745
12021,398291.0,90045.0,1862.0,239406.0,0.307139336524565,0.23401356443104748,0.039206927358944405
12023,71789.0,59205.0,976.0,30300.0,0.09471947194719472,0.2750273423259205,0.053273962070732955
12027,35386.0,54417.0,932.0,15872.0,0.19203629032258066,0.27479725514660014,0.09502598366740905
12029,17058.0,50110.0,695.0,9432.0,0.3388464800678541,0.15266196279666452,0.032670454545454544
12031,1023153.0,71277.0,1475.0,454740.0,0.08710911729779654,0.4177241718217032,0.044752764647707076
12033,325923.0,67500.0,1321.0,149217.0,0.1353062988801544,0.3521821014206329,0.058730179634409733
12035,126528.0,77363.0,1722.0,60934.0,0.1370663340663669,0.17045757103191206,0.043553450252824304
12037,12553.0,64105.0,1049.0,8562.0,0.4219808455968232,0.19114972721761972,0.08471923302680492
12039,43710.0,48801.0,851.0,19144.0,0.11867948182198078,0.2931484115694642,0.050289673296302934
12041,19040.0,63523.0,926.0,7863.0,0.09055068040188223,0.14277723395329325,0.034733750478866045
12043,12563.0,45870.0,886.0,6690.0,0.3273542600896861,0.1491111111111111,0.07129840546697039
12045,15131.0,61179.0,1187.0,9362.0,0.3650929288613544,0.1921265141318977,0.026263358087303026
12047,13616.0,50144.0,724.0,5653.0,0.24270298956306385,0.20205559448726934,0.0671061926065458
12049,25675.0,60489.0,962.0,9942.0,0.17330516998591833,0.28604453096483756,0.0591463991672187
12051,42382.0,56393.0,1003.0,16149.0,0.12502322125208992,0.2643312101910828,0.0438529004462225
12053,207018.0,66058.0,1298.0,92535.0,0.10871562111633436,0.17459836314034555,0.053159556780521554
12055,105702.0,54897.0,1035.0,58635.0,0.20049458514539098,0.21404040188570575,0.0636254807569853
12057,1522748.0,79540.0,1667.0,630692.0,0.07531409943363797,0.385173321993443,0.045111601887871215
12059,19513.0,49343.0,844.0,8659.0,0.19032220810717174,0.23605762373413208,0.0448494248416699
12061,166936.0,73491.0,1357.0,86440.0,0.1807496529384544,0.19883924536827835,0.04494656050498529
12063,48250.0,49149.0,865.0,20145.0,0.1424174733184413,0.24073859689742996,0.045175808720112516
12065,15091.0,61212.0,898.0,6886.0,0.16482718559395876,0.2413493305512085,0.07423644600321497
12067,8161.0,62757.0,896.0,3347.0,0.21362414102181057,0.2283434650455927,0.10874549623321324
12069,412924.0,73161.0,1586.0,187580.0,0.12305682908625654,0.22402840173377023,0.049991336928508004
12071,817666.0,76107.0,1712.0,441194.0,0.25700938816031044,0.2567060094019884,0.04012792775844229
12073,297542.0,66287.0,1291.0,137793.0,0.11028136407509816,0.47432645170762744,0.056884599700965065
12075,45391.0,56750.0,850.0,21472.0,0.1355253353204173,0.18554035125525267,0.040784855897054134
12077,7687.0,58671.0,943.0,3238.0,0.20846201358863495,0.19937573156457278,0.06575637800934243
12079,18089.0,48485.0,874.0,8418.0,0.17129959610358755,0.2659116972477064,0.05808673868795992
12081,429792.0,78457.0,1671.0,221234.0,0.20108572823345416,0.256717228580966,0.045663521381248746
12083,400078.0,61010.0,1277.0,188277.0,0.1242637178200205,0.22527762446855612,0.04844349784268374
12085,162176.0,82943.0,1569.0,83121.0,0.1843096209140891,0.20358106812583884,0.04886511293577728
12086,2738356.0,71753.0,1829.0,1094983.0,0.10919986885641148,0.4777175980176561,0.04602747711161575
12087,81860.0,87738.0,1999.0,54834.0,0.372560819929241,0.3420723732015695,0.029347749771817734
12089,97859.0,89804.0,1526.0,45058.0,0.12763549203249144,0.17276820922482,0.04476295005057353
12091,216599.0,81998.0,1612.0,103864.0,0.1776650234922591,0.31604828417885283,0.03809648293752137
12093,40816.0,57984.0,1082.0,18572.0,0.18624811544260175,0.2614967246741216,0.0442567972212241
12095,1471937.0,79719.0,1775.0,586805.0,0.10059389405339082,0.43198250773055236,0.05506049202251734
12097,427415.0,72637.0,1746.0,171410.0,0.16694475234817105,0.3467022423911369,0.05360403190886243
12099,1533806.0,83581.0,1916.0,719463.0,0.15849737929539115,0.29923525428208053,0.054579341120882
12101,611444.0,70492.0,1505.0,271844.0,0.13125542590603434,0.24280687491266625,0.04899037763127858
12103,963481.0,72646.0,1642.0,520107.0,0.17618297773342792,0.30471231559514833,0.04430009291435916
12105,790694.0,65978.0,1363.0,340748.0,0.15061863899421274,0.29534421698194696,0.04828042866485931
12107,75164.0,47934.0,906.0,37065.0,0.153918791312559,0.2464923469387755,0.07380787836903939
12109,306934.0,109839.0,1922.0,133504.0,0.13265520134228187,0.1776603278235487,0.033102602061910666
12111,360500.0,71457.0,1585.0,160146.0,0.14170194697338678,0.21439328352236764,0.060586280204808815
12113,198472.0,91922.0,1544.0,80002.0,0.09246018849528762,0.1938433992149301,0.044762125373661164
12115,459547.0,83416.0,1818.0,266492.0,0.20371343229815528,0.23292680628074872,0.03738208684091682
12117,481470.0,85761.0,1783.0,199565.0,0.06171923934557663,0.3380116209518927,0.041502641420959684
12119,143408.0,76508.0,1269.0,84068.0,0.1635580720369225,0.1239227509314827,0.054488842760768035
12121,45342.0,56658.0,884.0,19181.0,0.16000208539700744,0.25074478649453824,0.06284138516200881
12123,21503.0,49073.0,988.0,11259.0,0.2915889510613731,0.23996990972918755,0.053890641430073605
12125,15701.0,64146.0,894.0,4832.0,0.10678807947019868,0.252548656163114,0.047568932856240795
12127,579622.0,70044.0,1467.0,282109.0,0.14259736484833876,0.2629474824397121,0.04131154640175908
12129,35387.0,81895.0,1108.0,14599.0,0.1269949996575108,0.1811690859160455,0.0327435188995356
12131,82948.0,81986.0,1741.0,61272.0,0.4391891891891892,0.214131889878354,0.048538085079683775
12133,25529.0,58210.0,888.0,11044.0,0.1590909090909091,0.20049531603316464,0.03573988735279058
13001,18493.0,46651.0,739.0,8565.0,0.1619381202568593,0.27486765115631095,0.031424227065382664
13003,8337.0,42347.0,657.0,3530.0,0.08725212464589235,0.38112973308504033,0.04783180026281209
13005,11109.0,44694.0,743.0,4831.0,0.12978679362450837,0.31351094196003804,0.026387625113739762
13007,2790.0,46012.0,631.0,1380.0,0.19710144927536233,0.2328519855595668,0.06723484848484848
13009,43642.0,54403.0,923.0,20302.0,0.18323317899714314,0.3893981425642263,0.06157873769278926
13011,19264.0,77063.0,827.0,7479.0,0.08329990640459954,0.21280630105017503,0.02906180899231336
13013,89886.0,80653.0,1318.0,32248.0,0.04524311585214587,0.21497937575107992,0.03748198999915247
13015,113113.0,82243.0,1268.0,45210.0,0.0971245299712453,0.2715402141159754,0.04725536992840095
13017,17089.0,41758.0,688.0,8141.0,0.13008229947180935,0.3672691330132731,0.03108948364422817
13019,18352.0,52876.0,782.0,8099.0,0.13013952339795037,0.29041873669268986,0.036744759556103575
13021,156578.0,51234.0,1066.0,71962.0,0.16732442122231178,0.48595650940404866,0.08128880976160494
13023,12430.0,62008.0,799.0,5288.0,0.15563540090771558,0.27054871220604704,0.05889657619301047
13025,18315.0,58239.0,755.0,8298.0,0.20474813208001927,0.2010910744052129,0.02801807617817947
13027,16293.0,46807.0,809.0,7357.0,0.17738208508903086,0.28288169200264374,0.050138463780789976
13029,48263.0,103408.0,1618.0,17957.0,0.07540235005847302,0.22279106185629102,0.05342336951876229
13031,82683.0,58810.0,995.0,34182.0,0.09730267392194722,0.4688553279751102,0.082365988909427
13033,24470.0,53014.0,758.0,11300.0,0.1872566371681416,0.29997822299651566,0.04970214279363386
13035,26496.0,69241.0,941.0,9723.0,0.08042785148616682,0.2571300749356895,0.03236521591005877
13037,5498.0,46940.0,546.0,2030.0,0.21527093596059113,0.40552416823603266,0.05988771054273238
13039,56970.0,74378.0,1235.0,23671.0,0.08356216467407376,0.3220854653574886,0.053792384839143836
13043,11043.0,49581.0,715.0,4664.0,0.1097770154373928,0.37957610789980734,0.024637994380808298
13045,124569.0,73714.0,1153.0,47840.0,0.07805183946488295,0.28721715866322045,0.05897695986088972
13047,68634.0,74639.0,993.0,28567.0,0.06700038505968425,0.25753198514238546,0.04263520955306939
13049,12818.0,61276.0,540.0,4755.0,0.11356466876971609,0.19857651245551602,0.13955464898861125
13051,300879.0,71097.0,1471.0,137532.0,0.12469098100805631,0.4324863145128465,0.05943103628023353
13053,8887.0,61042.0,1348.0,2815.0,0.3371225577264654,0.6071811361200429,0.09051412020275162
13055,25036.0,50285.0,790.0,10882.0,0.15879433927586842,0.33209525890321173,0.05393483709273183
13057,281032.0,108115.0,1799.0,106407.0,0.045983816854154334,0.22706227712433752,0.03247483314161679
13059,129609.0,53625.0,1219.0,57918.0,0.05980869505162471,0.5856502736254453,0.0524685042822484
13061,2850.0,49147.0,536.0,1981.0,0.37859666834931854,0.21689683184402925,0.045037531276063386
13063,298924.0,59806.0,1433.0,115476.0,0.08257127022065192,0.4545832114101245,0.07197630409741648
13065,6759.0,45847.0,509.0,3037.0,0.20052683569311822,0.2915980230642504,0.021384136858475893
13067,775208.0,102738.0,1730.0,314104.0,0.05854748745638387,0.3297916229870754,0.045337480844445464
13069,43347.0,50683.0,710.0,17495.0,0.12266361817662189,0.35337807023258844,0.04374341631091645
13071,46224.0,49341.0,818.0,19401.0,0.13391062316375443,0.36273284532523953,0.04274465691788527
13073,162434.0,95592.0,1409.0,61668.0,0.10571122786534345,0.21860777167310377,0.048007846334131556
13075,17532.0,53651.0,956.0,7486.0,0.15789473684210525,0.3397842639593909,0.03643461288223813
13077,152852.0,95548.0,1488.0,59197.0,0.04936060949034579,0.21592181252776543,0.030866650430056528
13079,12225.0,67116.0,914.0,5246.0,0.1534502478078536,0.18621931997297905,0.02396780965710287
13081,19790.0,45105.0,778.0,9909.0,0.20193763245534363,0.44499241274658574,0.0746031746031746
13083,16165.0,64568.0,829.0,7431.0,0.18140223388507604,0.20039454216669406,0.03187516671112297
13085,30242.0,92991.0,1626.0,12992.0,0.10922105911330049,0.21342780610040613,0.03522215067611075
13087,29195.0,53317.0,838.0,13215.0,0.1962920923193341,0.3787778928537803,0.06344021318662425
13089,765351.0,80644.0,1692.0,330830.0,0.13176253665024332,0.41209933191523435,0.06388376383763837
13091,19805.0,51587.0,723.0,8587.0,0.1986724117852568,0.29443394855398924,0.06076842655514898
13093,10984.0,60987.0,758.0,4778.0,0.156341565508581,0.3530141404118085,0.035688622754491015
13095,83091.0,49044.0,935.0,40653.0,0.15676579834206578,0.546732788798133,0.10200016831710944
13097,147888.0,82984.0,1570.0,56187.0,0.07311299766849984,0.3308435261813783,0.062232860318003076
13099,10603.0,54083.0,791.0,4956.0,0.1698950766747377,0.3337384540593097,0.06738063364569388
13101,3709.0,59489.0,1017.0,1355.0,0.15498154981549817,0.2410480349344978,0.01707455890722823
13103,69143.0,88438.0,1147.0,25943.0,0.06383224761978183,0.21645324659282744,0.05521279634390174
13105,19849.0,58450.0,844.0,9426.0,0.11139401654996817,0.2907115568290353,0.045930786326595405
13107,23026.0,52772.0,783.0,10036.0,0.1717815862893583,0.39220404234841194,0.0885174562357828
13109,10757.0,53259.0,719.0,4700.0,0.1325531914893617,0.3460878096639686,0.04291204099060632
13111,25742.0,57073.0,900.0,18490.0,0.35694970254191455,0.2142977291841884,0.03688888888888889
13113,122244.0,111978.0,1898.0,46453.0,0.040298796633156095,0.19889639083914673,0.03800047142809038
13115,99693.0,65565.0,1014.0,40918.0,0.09927171416002738,0.36417408291729975,0.042488748586907835
13117,267287.0,143784.0,2090.0,92575.0,0.038293275722387256,0.15571155790183083,0.035100461627638996
13119,24234.0,53046.0,844.0,10905.0,0.17524071526822557,0.22848565710473648,0.058981233243967826
13121,1076561.0,95292.0,1732.0,507119.0,0.08802273233698599,0.4568576871266063,0.05356949569495695
13123,32426.0,74499.0,998.0,18507.0,0.2967525801048252,0.19277756434882828,0.02731741573033708
13125,2932.0,54934.0,642.0,1410.0,0.2652482269503546,0.32432432432432434,0.015676567656765675
13127,85447.0,69799.0,1135.0,43500.0,0.18291954022988505,0.33334271164504964,0.037255149753570076
13129,59100.0,63650.0,937.0,23562.0,0.09396485867074103,0.2610080569608394,0.03658621895767751
13131,26108.0,58980.0,779.0,11645.0,0.13198797767282094,0.33893945389790264,0.037123169681309215
13133,20109.0,86272.0,924.0,10830.0,0.2430286241920591,0.22054159551110028,0.03430232558139535
13135,979864.0,87890.0,1810.0,340962.0,0.04082273097881876,0.3373073265595044,0.0421286458594452
13137,47793.0,67309.0,974.0,19071.0,0.12154580252739762,0.2719512923058557,0.027028280018544276
13139,212705.0,80901.0,1341.0,80926.0,0.0911326396955243,0.31447566994330467,0.034795466669162306
13141,8650.0,40082.0,938.0,4971.0,0.412190706095353,0.20739219712525667,0.0631938514090521
13143,31285.0,72127.0,923.0,12821.0,0.08376881678496217,0.2839022729207457,0.04448575791780094
13145,36086.0,97302.0,1048.0,14699.0,0.11374923464181237,0.11176786673831274,0.059043391928984404
13147,26939.0,59385.0,844.0,13200.0,0.1640909090909091,0.22231285118723945,0.03414594106541902
13149,11773.0,65868.0,917.0,4818.0,0.10564549605645496,0.27709445346948247,0.04275203817856433
13151,249960.0,83146.0,1674.0,91424.0,0.051627581379068956,0.25143015316479056,0.062020562236807165
13153,169649.0,80698.0,1208.0,69823.0,0.0855305558340375,0.33066044384582854,0.05098073643021973
13155,9285.0,51384.0,865.0,4223.0,0.15013023916646934,0.2956255224296461,0.040295660467334286
13157,84757.0,89544.0,1126.0,30745.0,0.07620751341681574,0.2066755862263221,0.03396899691822879
13159,15929.0,60134.0,970.0,6572.0,0.09236153377967134,0.14400670578373848,0.0720305504345536
13161,14924.0,40283.0,650.0,6399.0,0.14299109235818097,0.28683442742523707,0.06702954898911354
13163,15341.0,53014.0,731.0,7172.0,0.19813162297824874,0.31855329507911667,0.058193398957730166
13165,8711.0,44389.0,535.0,4387.0,0.2669250056986551,0.17754975124378108,0.0385942893002824
13167,9190.0,51028.0,647.0,3560.0,0.09634831460674158,0.24059682934410942,0.07439498057962354
13169,28673.0,75500.0,964.0,11872.0,0.09147574123989219,0.1643797515297608,0.038185986531021635
13171,19571.0,67062.0,878.0,7866.0,0.0931858632087465,0.2433758586849853,0.04050081654872074
13173,10221.0,47186.0,913.0,4172.0,0.16514860977948226,0.2678725236864772,0.0398923152227117
13175,49798.0,55010.0,863.0,22065.0,0.15739859506004986,0.3573042168674699,0.051652706475727284
13177,33626.0,89168.0,1184.0,13012.0,0.055717798954810945,0.25840319036379916,0.03260115606936416
13179,67397.0,60456.0,1246.0,27675.0,0.13286359530261968,0.4913742811900992,0.07936507936507936
13181,7854.0,56907.0,786.0,4529.0,0.3382645175535438,0.23423423423423423,0.028397565922920892
13183,18374.0,68808.0,976.0,6861.0,0.10188019239177962,0.34810126582278483,0.06800740936755756
13185,119965.0,58541.0,1052.0,51450.0,0.10386783284742468,0.4312670802064807,0.05087007178562033
13187,34505.0,77448.0,1142.0,13539.0,0.13811950661053254,0.23660982089296426,0.05710814094775213
13189,21718.0,56733.0,792.0,9510.0,0.14311251314405887,0.3497361639464965,0.01948190965532006
13191,11312.0,50273.0,800.0,6850.0,0.2602919708029197,0.1997237023880008,0.0317426949758251
13193,11864.0,41031.0,655.0,5135.0,0.19337877312560856,0.3462095605987446,0.07163461538461538
13195,31528.0,61963.0,972.0,12533.0,0.10300805872496609,0.23065290873510053,0.039171605695210845
13197,7509.0,51667.0,710.0,3544.0,0.1630925507900677,0.21139581928523263,0.04846083511124657
13199,20929.0,57340.0,920.0,9820.0,0.1455193482688391,0.269812894768204,0.06594856012310397
13201,5850.0,51425.0,810.0,2856.0,0.09908963585434173,0.29537504858142244,0.03914590747330961
13205,21058.0,57613.0,797.0,9028.0,0.1345813026140895,0.3482657109944963,0.05948668745502519
13207,29664.0,83183.0,943.0,11577.0,0.08836486136304743,0.16230812961910177,0.02686441863719043
13209,8640.0,51941.0,760.0,3794.0,0.17158671586715868,0.237989182309895,0.07523267838676319
13211,21078.0,78111.0,1108.0,8927.0,0.09039991038422762,0.21773399014778325,0.02448377581120944
13213,40562.0,69253.0,857.0,16241.0,0.06126470044947971,0.26170798898071623,0.045393726150949006
13215,203711.0,58073.0,1106.0,92031.0,0.11535243559235475,0.49161702388994655,0.06264374232443899
13217,118152.0,77179.0,1439.0,43619.0,0.05538870675623008,0.2623109967720797,0.06639767700982543
13219,43551.0,121217.0,1462.0,15680.0,0.04375,0.1872749099639856,0.03000090637179371
13221,15509.0,75034.0,913.0,6511.0,0.16894486254031638,0.16170763260025872,0.030583873957367932
13223,178909.0,98031.0,1772.0,63118.0,0.04927279064609145,0.19227436341821091,0.04508712436282978
13225,28560.0,71293.0,940.0,12247.0,0.13464521923736425,0.304397056048311,0.06621860629642731
13227,34951.0,78930.0,1136.0,15561.0,0.13694492641861064,0.18793745346239762,0.030176470588235294
13229,20202.0,60517.0,799.0,8543.0,0.10979749502516681,0.2353714661406969,0.025815217391304348
13231,19903.0,86719.0,993.0,7377.0,0.0889250372780263,0.15354857908049396,0.03390185204562101
13233,43785.0,58515.0,918.0,17368.0,0.08446568401658222,0.33966417206465005,0.05901292951652664
13235,9939.0,50406.0,883.0,4583.0,0.21994326860135283,0.2923076923076923,0.031724873367102106
13237,22855.0,72096.0,1002.0,13505.0,0.2273232136245835,0.1908001916626737,0.037202092617709744
13239,2264.0,40179.0,918.0,1767.0,0.39615166949632147,0.15745079662605435,0.2862547288776797
13241,17312.0,67493.0,1047.0,12263.0,0.37902633939492786,0.2287590282337492,0.01332988223113757
13243,6196.0,28380.0,606.0,3512.0,0.23462414578587698,0.48474702380952384,0.10942956926658906
13245,206069.0,55637.0,1141.0,93145.0,0.17661710236727682,0.4877695778026964,0.08529721940879807
13247,95281.0,77247.0,1525.0,36221.0,0.049253195659976254,0.30412056799372766,0.05894960298830398
13249,4513.0,56875.0,816.0,1886.0,0.13096500530222693,0.19951189749847467,0.07614725163893091
13251,14130.0,52792.0,679.0,6567.0,0.24897213339424396,0.30150040551500407,0.046136830462948336
13253,9156.0,49495.0,879.0,5081.0,0.25861050974217675,0.19803557207326786,0.059680582796301486
13255,68892.0,62071.0,1113.0,28714.0,0.07811520512641917,0.37252087189754823,0.07297881260279274
13257,27012.0,54754.0,820.0,12354.0,0.14813016027197667,0.2637780311668567,0.053598530234044255
13259,4869.0,33250.0,607.0,2105.0,0.15866983372921614,0.4105025409373235,0.054924242424242424
13261,29061.0,42653.0,857.0,13514.0,0.18706526565043657,0.4338248680138358,0.04710226844524832
13263,5742.0,41597.0,816.0,3058.0,0.17298888162197515,0.2044286279161724,0.03300624442462088
13265,1558.0,52500.0,638.0,927.0,0.3656957928802589,0.17857142857142858,0.04953560371517028
13267,24208.0,50747.0,699.0,9405.0,0.18872939925571505,0.2897771952817824,0.06678875363567813
13269,7786.0,41788.0,630.0,3938.0,0.19273743016759776,0.37118590751808744,0.025538971807628524
13271,11831.0,50929.0,712.0,4705.0,0.287778958554729,0.3506415995225306,0.052469997209042704
13273,8850.0,46171.0,745.0,4252.0,0.20437441204139228,0.3839787171149867,0.04104903078677309
13275,45777.0,60736.0,1018.0,21130.0,0.11575958353052532,0.36228858916720186,0.05626416603706502
13277,41438.0,53255.0,777.0,17751.0,0.11892287758436144,0.3895780051150895,0.028160442600276624
13279,27102.0,52621.0,768.0,12103.0,0.1399652978600347,0.3948506100489961,0.04390658174097665
13281,12913.0,59135.0,808.0,8808.0,0.3274296094459582,0.17707629979743417,0.046375600584917485
13283,6376.0,55518.0,733.0,2717.0,0.16783216783216784,0.34674922600619196,0.07725476104922745
13285,70330.0,56776.0,1087.0,29790.0,0.09687814702920443,0.39421647338685695,0.052974470844879426
13287,8939.0,36799.0,679.0,3927.0,0.1609371021135727,0.3620637329286798,0.12208067940552017
13289,7803.0,56324.0,808.0,4055.0,0.28779284833538843,0.11842105263157894,0.03755868544600939
13291,26304.0,66176.0,808.0,15164.0,0.24228435768926404,0.15604873803307223,0.026432997676219986
13293,28029.0,55429.0,849.0,12434.0,0.14790091684092005,0.3900896649362907,0.038923869490555235
13295,68762.0,59469.0,940.0,29669.0,0.11169907984765243,0.22834376778599885,0.03861807276844457
13297,103313.0,84945.0,1175.0,37468.0,0.04571901355823636,0.207299678366662,0.05328776168097254
13299,35976.0,47448.0,789.0,15943.0,0.18729222856426017,0.3692984487149803,0.05866743168615075
13301,5170.0,44289.0,690.0,2599.0,0.19315121200461716,0.27801621363853124,0.10017497812773403
13303,19849.0,46023.0,858.0,8769.0,0.16410080967042992,0.3549795361527967,0.07997143877186719
13305,30949.0,53427.0,846.0,12704.0,0.1293293450881612,0.32673356839345447,0.07192464277161331
13307,2381.0,46792.0,658.0,1143.0,0.26246719160104987,0.23013048635824437,0.041560644614079725
13309,7335.0,40539.0,581.0,2435.0,0.33675564681724846,0.3442724458204334,0.050362610797743755
13311,28810.0,70666.0,1032.0,13952.0,0.23100630733944955,0.21176251281573305,0.03776160145586897
13313,103598.0,67070.0,971.0,39806.0,0.07466211123951164,0.3299668784275398,0.051889475025983955
13315,8798.0,54138.0,610.0,3462.0,0.24494511842865396,0.25325172149961744,0.05541740674955595
13317,9549.0,52043.0,786.0,5254.0,0.21336124857251618,0.33922090491168644,0.015483182060864922
13319,8747.0,45465.0,825.0,4304.0,0.19307620817843865,0.19493233515692485,0.04809510942988381
13321,20451.0,58694.0,864.0,9326.0,0.17016941882908,0.2629538700090451,0.06895403064623584
15001,205769.0,78639.0,1510.0,90735.0,0.18364467956136,0.2602467869100335,0.06001122298806764
15003,1001146.0,106195.0,2083.0,374304.0,0.09467171069505001,0.40211527792532786,0.046929633431297024
15005,67.0,73750.0,1271.0,107.0,0.6261682242990654,1.0,0.0
15007,73731.0,97668.0,1870.0,30471.0,0.22444291293360902,0.31406567366283006,0.038479648425238044
15009,164522.0,97161.0,1916.0,72279.0,0.22742428644557894,0.34388710803889616,0.05489826010026541
16001,518935.0,91502.0,1577.0,211440.0,0.0420781309118426,0.2920071293503108,0.031394355703356414
16003,4744.0,61808.0,830.0,2674.0,0.33582647718773373,0.15259009009009009,0.07448494453248812
16005,89454.0,66499.0,960.0,36168.0,0.07127847821278478,0.30476332241738613,0.04326157207227709
16007,6650.0,75260.0,632.0,4020.0,0.43333333333333335,0.10491659350307288,0.026224982746721876
16009,10142.0,59794.0,875.0,4757.0,0.14399831826781584,0.2681728880157171,0.0370038125140166
16011,49664.0,77878.0,874.0,17528.0,0.07964399817434961,0.19495412844036697,0.054420030659172204
16013,24951.0,92566.0,1338.0,15989.0,0.3487397585840265,0.2645731297416691,0.02056484782012613
16015,8273.0,78774.0,850.0,5689.0,0.3684303040956231,0.09713331477873643,0.03403693931398417
16017,51049.0,66979.0,1122.0,26867.0,0.24505899430528158,0.21722624858255682,0.048174189158539354
16019,129523.0,79068.0,1133.0,47489.0,0.06959506412011203,0.28261361578852073,0.04565869477097689
16021,13172.0,67237.0,877.0,5615.0,0.10133570792520036,0.2471264367816092,0.02590775269872424
16023,2684.0,53015.0,608.0,1336.0,0.1968562874251497,0.22460391425908668,0.04366438356164384
16025,1124.0,57955.0,1000.0,703.0,0.47368421052631576,0.2,0.0
16027,250790.0,76488.0,1347.0,89135.0,0.03439726257923375,0.24460607187256736,0.03662514467943893
16029,7162.0,68782.0,847.0,3157.0,0.21634463097877732,0.18350848827809216,0.019050410316529893
16031,25483.0,70830.0,1000.0,9096.0,0.06607299912049253,0.31371394938198943,0.024103468547912992
16033,849.0,55208.0,773.0,456.0,0.3881578947368421,0.3870967741935484,0.02077922077922078
16035,9012.0,60000.0,875.0,4626.0,0.2140077821011673,0.17134213421342134,0.045100671140939595
16037,4470.0,67574.0,691.0,3137.0,0.3806184252470513,0.2321152856407617,0.020365535248041775
16039,29321.0,65359.0,1243.0,12271.0,0.09811751283513977,0.34408602150537637,0.060470029046738843
16041,15056.0,71950.0,894.0,5212.0,0.05372217958557176,0.21857258718572586,0.023964538024657155
16043,13943.0,72683.0,864.0,8810.0,0.4717366628830874,0.1736140954018049,0.038610637308109784
16045,20614.0,64605.0,1038.0,7954.0,0.039099823987930604,0.23969645427188277,0.029497568881685577
16047,15931.0,63559.0,880.0,6141.0,0.07148672854583944,0.29165205191161,0.038381472807702315
16049,17432.0,66325.0,789.0,8903.0,0.238908233179827,0.19067296340023612,0.03690036900369004
16051,33154.0,86679.0,1138.0,10779.0,0.05380833101400872,0.1697225218158643,0.02685373285931945
16053,25173.0,71724.0,966.0,8810.0,0.060499432463110105,0.24755346139905762,0.03619236489836391
16055,181996.0,81861.0,1492.0,80260.0,0.11323199601295789,0.2871634912606081,0.03270135715747119
16057,41049.0,65424.0,929.0,17591.0,0.07509521914615429,0.41309157959434545,0.06771127423301336
16059,8249.0,53202.0,754.0,4676.0,0.26047904191616766,0.20734528629265472,0.020318506315211423
16061,3682.0,51615.0,737.0,1826.0,0.1380065717415115,0.23570520965692504,0.024216524216524215
16063,5358.0,71453.0,1021.0,1989.0,0.07088989441930618,0.21103896103896103,0.049215406562054205
16065,54618.0,60160.0,1014.0,15145.0,0.12010564542753384,0.5975536545099804,0.08271748995202904
16067,22208.0,70377.0,900.0,8644.0,0.06212401665895419,0.3082521277907981,0.034270488790885706
16069,42697.0,72599.0,1015.0,18578.0,0.07040585638927764,0.2956572090330052,0.025892506865437426
16071,4768.0,74954.0,859.0,2101.0,0.08567348881485007,0.11712649661634565,0.014499121265377855
16073,12503.0,64406.0,821.0,4869.0,0.10885192031217909,0.2737958054851348,0.020455768885698906
16075,26771.0,67673.0,860.0,10141.0,0.04427571245439306,0.2549525381758151,0.03203319502074689
16077,8133.0,61146.0,767.0,2966.0,0.050910316925151716,0.26323268206039074,0.056246759979263865
16079,13785.0,55527.0,943.0,7049.0,0.1824372251383175,0.2601075828561513,0.05274093015822279
16081,12425.0,99805.0,1319.0,6481.0,0.27835210615645734,0.19178960872354073,0.012092391304347826
16083,93734.0,67409.0,1089.0,36429.0,0.045979851217436654,0.29539045865224145,0.030440875282957854
16085,12389.0,76078.0,1117.0,12878.0,0.6646994874980587,0.18110236220472442,0.04771943273284784
16087,11142.0,54000.0,938.0,4629.0,0.0922445452581551,0.2541646834840552,0.052374301675977654
17001,64754.0,66220.0,828.0,30302.0,0.07877367830506238,0.2786315600931399,0.03878394332939788
17003,4875.0,47043.0,656.0,2938.0,0.35194009530292714,0.22426470588235295,0.06480041472265423
17005,16716.0,65959.0,785.0,6899.0,0.1090013045368894,0.23393525296892792,0.045448487271757966
17007,53230.0,84571.0,1041.0,20291.0,0.0409541175890789,0.18216855087358685,0.07355416293643688
17009,6322.0,67917.0,698.0,2321.0,0.12063765618267988,0.2822146006859383,0.030598669623059866
17011,32866.0,69257.0,832.0,15630.0,0.10249520153550863,0.23944967208440263,0.042550669669313736
17013,4330.0,93203.0,583.0,2300.0,0.461304347826087,0.11299435028248588,0.03240506329113924
17015,15576.0,60758.0,818.0,8204.0,0.19819600195026815,0.22818485861964122,0.030697813716681642
17017,12784.0,68125.0,723.0,5676.0,0.09654686398872446,0.24063962558502341,0.04208553416254899
17019,208741.0,63683.0,1051.0,95115.0,0.10138253692898071,0.45978800074878323,0.043041305923185474
17021,33538.0,62611.0,785.0,15184.0,0.10524236037934669,0.24797585750036802,0.0457450173995571
17023,15266.0,72927.0,861.0,7307.0,0.1029150130012317,0.19710144927536233,0.037165775401069516
17025,13052.0,60417.0,735.0,6165.0,0.13852392538523925,0.2071173037092826,0.048389844948032036
17027,36954.0,86588.0,912.0,15765.0,0.07580082461148113,0.19711736444749486,0.034176676942702246
17029,46777.0,56478.0,780.0,22681.0,0.0818746968828535,0.39617748751440646,0.061157580597705014
17031,5182090.0,83498.0,1435.0,2276493.0,0.07742742894443339,0.4226489479723649,0.0700801464290727
17033,18511.0,71674.0,811.0,8457.0,0.11410665720704742,0.18059263214095034,0.030091221419263122
17035,10334.0,73327.0,772.0,4726.0,0.11616589081675836,0.15848695235815177,0.013548150860490663
17037,100703.0,70724.0,1049.0,41678.0,0.05105811219348337,0.38609355246523386,0.06802953275728887
17039,15373.0,71678.0,903.0,7320.0,0.09904371584699453,0.21470811220621683,0.03969386431443767
17041,19751.0,77320.0,848.0,8507.0,0.08722228752791819,0.23103670315518351,0.02528006344800238
17043,930024.0,112096.0,1688.0,367152.0,0.04465180633634026,0.26880071160173113,0.04934584867011466
17045,16535.0,59941.0,775.0,8214.0,0.07876795714633553,0.2732919254658385,0.043680180745575496
17047,6075.0,60519.0,811.0,3045.0,0.12446633825944171,0.20667666916729183,0.05566801619433198
17049,34522.0,80404.0,733.0,15413.0,0.09485499253876598,0.21754712923804745,0.020840336134453782
17051,21315.0,60944.0,798.0,8808.0,0.1128519527702089,0.1938827745072946,0.03769028871391076
17053,13406.0,62439.0,923.0,6263.0,0.06945553249241578,0.2771105010295127,0.054635761589403975
17055,37323.0,56740.0,803.0,18462.0,0.12593435164120897,0.25872219123752865,0.07657230842117731
17057,33020.0,60599.0,785.0,15848.0,0.1295431600201918,0.2341428053642624,0.06685293716777975
17059,4819.0,59219.0,541.0,2505.0,0.1624750499001996,0.2259294566253575,0.09160997732426304
17061,11683.0,62192.0,754.0,5785.0,0.23042350907519446,0.21765498652291104,0.0486327766562672
17063,53219.0,92235.0,1177.0,21384.0,0.03689674523007856,0.2561786841466375,0.045762772038200734
17065,7916.0,65746.0,568.0,3803.0,0.10938732579542466,0.23619722468260998,0.051316496507254165
17067,17281.0,65865.0,782.0,8938.0,0.14824345491161334,0.18678576119795087,0.04231841881896447
17069,3605.0,54271.0,379.0,2337.0,0.33889602053915274,0.2045307443365696,0.027586206896551724
17071,6193.0,62227.0,764.0,3366.0,0.19667260843731432,0.1889792899408284,0.07800917755030004
17073,48643.0,71911.0,842.0,22210.0,0.08725799189554255,0.20052288871349644,0.048258360279972164
17075,26449.0,66255.0,799.0,12789.0,0.1052466963797013,0.20003495586821637,0.04471858134155744
17077,53064.0,48763.0,782.0,27727.0,0.17210661088469723,0.5001524722282727,0.07469744329566402
17079,9180.0,74755.0,793.0,4226.0,0.11239943208707998,0.147960543854972,0.04181043231175157
17081,36550.0,63118.0,885.0,16629.0,0.10878585603463828,0.28319838056680163,0.057778802906239185
17083,21274.0,80361.0,846.0,9958.0,0.20014059048001606,0.194601381042059,0.033996450919958905
17085,21851.0,73993.0,825.0,13440.0,0.22686011904761905,0.1962275045712636,0.03589790672052883
17087,13376.0,62528.0,781.0,5541.0,0.2598808879263671,0.18019995123140697,0.03479931682322801
17089,517255.0,103163.0,1453.0,190921.0,0.0325527312343849,0.24040908254198565,0.04791446256155384
17091,106635.0,71281.0,1097.0,45415.0,0.09730265330837828,0.30137086545028785,0.049361185881639305
17093,137675.0,111601.0,1781.0,46589.0,0.02612204597651806,0.15972405889094596,0.04344572238853001
17095,49046.0,57030.0,788.0,23758.0,0.11726576311137302,0.2918176616440969,0.05097915918074021
17097,714223.0,110416.0,1477.0,270618.0,0.044945273411229114,0.2516956530150316,0.05185409221512086
17099,108714.0,73045.0,928.0,49843.0,0.08968160022470557,0.25554845392634384,0.053513980550398
17101,15031.0,55324.0,836.0,6407.0,0.14593413454034648,0.2816154970760234,0.08097228673169221
17103,33869.0,70292.0,894.0,14995.0,0.11057019006335445,0.26362750243682986,0.05207138304652645
17105,35565.0,73790.0,880.0,15930.0,0.08254865034526052,0.2569278138898392,0.0345982787500722
17107,27713.0,66358.0,829.0,11967.0,0.05857775549427593,0.3151074028048997,0.03983592332570798
17109,26920.0,52795.0,761.0,13587.0,0.12740119231618457,0.3654689608636977,0.07873232430896042
17111,312591.0,104802.0,1401.0,121329.0,0.03078406646391217,0.17292548939571747,0.04692698401791185
17113,171556.0,79905.0,1009.0,75305.0,0.0675253967200053,0.3491313016234691,0.03072665891858985
17115,101849.0,62666.0,847.0,49630.0,0.12415877493451541,0.2984954449250023,0.06774637451042659
17117,44350.0,70805.0,801.0,21139.0,0.16855101944273618,0.21506599908966773,0.03665223665223665
17119,264238.0,75793.0,1024.0,119168.0,0.07580894199785178,0.258031125719578,0.04590246841044482
17121,37000.0,61240.0,794.0,17334.0,0.10511134187146648,0.25348117586384733,0.05866621144873108
17123,11647.0,71585.0,782.0,5815.0,0.1239896818572657,0.20769532783667058,0.03822487413760955
17125,12745.0,62845.0,802.0,6622.0,0.12700090607067352,0.18180245632243555,0.048642932675361295
17127,13865.0,65116.0,756.0,6822.0,0.20008795074758134,0.23639362286970864,0.03847413228552718
17129,12095.0,82176.0,885.0,5600.0,0.06642857142857143,0.20543228768171384,0.03516028955532575
17131,15495.0,74182.0,786.0,7285.0,0.09883321894303362,0.16237623762376238,0.031511506276150625
17133,35036.0,102880.0,1042.0,14759.0,0.061521783318653024,0.15341852573821385,0.019246774864752392
17135,27942.0,63620.0,723.0,12495.0,0.09411764705882353,0.2262567364608181,0.04733874979273752
17137,33021.0,66306.0,722.0,15016.0,0.12919552477357485,0.27248394004282656,0.05378357438016529
17139,14424.0,71784.0,804.0,6240.0,0.06778846153846153,0.24015815712566616,0.021912940479715724
17141,51495.0,82132.0,936.0,22682.0,0.082047438497487,0.24628980356370972,0.05044522025654101
17143,179645.0,65108.0,993.0,84930.0,0.08448133757211822,0.3299594881358112,0.061723044638580325
17145,20639.0,62118.0,728.0,9152.0,0.13953234265734266,0.1906031746031746,0.045611940298507465
17147,16695.0,94811.0,1046.0,7412.0,0.06583917970858068,0.15150202195262855,0.027787307032590053
17149,14469.0,59777.0,676.0,7273.0,0.1798432558779046,0.2234702430846605,0.039386041123660585
17151,3739.0,60050.0,449.0,2225.0,0.3775280898876405,0.1371841155234657,0.027877055039313797
17153,5015.0,42463.0,634.0,2851.0,0.31953700455980355,0.31752577319587627,0.04281524926686217
17155,5601.0,75590.0,851.0,3090.0,0.2022653721682848,0.18539553752535498,0.04174099179450589
17157,30058.0,68131.0,780.0,13422.0,0.11004321263597079,0.2341565508580996,0.05039142661700996
17159,15598.0,62455.0,805.0,7363.0,0.12494906967268776,0.26245537792953594,0.03124591449862727
17161,142757.0,67159.0,889.0,66759.0,0.07528572926496802,0.3034195649004584,0.055979279653134525
17163,253694.0,73854.0,1090.0,115630.0,0.12785609270950446,0.31556035935981597,0.05958557571460797
17165,23213.0,53117.0,726.0,11547.0,0.13189573049276868,0.2745411013567438,0.07728676186800464
17167,194947.0,75357.0,983.0,93382.0,0.09230901030177122,0.2869092281918784,0.05428476019535
17169,6787.0,65948.0,853.0,3306.0,0.17301875378100423,0.2055596196049744,0.04954804151322397
17171,4937.0,66705.0,689.0,2384.0,0.1417785234899329,0.2101661779081134,0.02715939447907391
17173,20720.0,72095.0,814.0,10060.0,0.11351888667992048,0.21563130746804215,0.03017449146823484
17175,5308.0,62878.0,735.0,2573.0,0.11193159735717062,0.1986870897155361,0.02332937920126532
17177,43768.0,64043.0,798.0,21330.0,0.09245194561650258,0.29093914660605436,0.043470166620124734
17179,130290.0,77982.0,909.0,58731.0,0.07968534504776012,0.21649923220661968,0.03578044859526908
17181,16997.0,55728.0,648.0,7851.0,0.12520698000254746,0.2255387303436226,0.03937119388188642
17183,72386.0,56877.0,838.0,34327.0,0.1236053252541731,0.29766653370562424,0.061427952195182364
17185,11119.0,57086.0,794.0,5410.0,0.12384473197781885,0.23670886075949368,0.043668122270742356
17187,16447.0,67385.0,788.0,7587.0,0.10544352181362858,0.24841608958302638,0.03590574741304077
17189,13627.0,78224.0,818.0,6415.0,0.09664848012470771,0.15893011216566005,0.04349668125970908
17191,15973.0,55521.0,657.0,7680.0,0.10598958333333333,0.21613748907660937,0.034162743779421655
17193,13619.0,54813.0,719.0,6730.0,0.15720653789004457,0.22919605077574048,0.039584032203958404
17195,54947.0,67500.0,856.0,25837.0,0.10515926771684019,0.23070934256055364,0.04350846404153413
17197,701462.0,109984.0,1462.0,254278.0,0.039346699281888324,0.1724423084008466,0.04927546898039968
17199,66876.0,65604.0,930.0,32084.0,0.0966525370901384,0.2934823862264086,0.05008646439239113
17201,283292.0,65837.0,1021.0,125002.0,0.07190284955440714,0.3413898322616236,0.07256268617867369
17203,38312.0,91483.0,912.0,15758.0,0.06809239751237467,0.14341164453524005,0.035127211810281646
18001,36227.0,65289.0,833.0,13308.0,0.06815449353772167,0.16547052657043787,0.027991733984595153
18003,392378.0,70737.0,1021.0,166285.0,0.058423790480199654,0.31133039535032253,0.0468730634806534
18005,83536.0,79901.0,1127.0,35668.0,0.06473589772344959,0.3068437303276477,0.04124137931034483
18007,8735.0,65875.0,774.0,3762.0,0.08187134502923976,0.20237405906195716,0.03907380607814761
18009,11950.0,51326.0,699.0,5853.0,0.11617973688706647,0.2613570462014305,0.03708393632416787
18011,74718.0,111250.0,1359.0,29737.0,0.0335945118875475,0.2121581181710627,0.02781440477671352
18013,15606.0,78528.0,895.0,8577.0,0.2093972251369943,0.1339035540480755,0.021502656210473058
18015,20535.0,65645.0,890.0,9559.0,0.15420023014959724,0.17810760667903525,0.03070798976400341
18017,37680.0,56403.0,783.0,16388.0,0.08243836953868684,0.257365165924054,0.04582490293651228
18019,124354.0,74214.0,1129.0,55049.0,0.06915656960162764,0.252566254244565,0.04007376838540958
18021,26409.0,70010.0,873.0,11645.0,0.09411764705882353,0.19139254905678263,0.032316401949992135
18023,32944.0,65019.0,920.0,13517.0,0.07553451209587926,0.25808258642765686,0.02610966057441253
18025,10499.0,49640.0,686.0,5914.0,0.2252282718971931,0.18659973810563074,0.03493351363533919
18027,33658.0,68503.0,847.0,12887.0,0.08326220221929076,0.2761130861689521,0.015451093361267513
18029,51094.0,84735.0,845.0,21098.0,0.03867665181533795,0.14766788285178978,0.019283427822129662
18031,26422.0,69783.0,861.0,11685.0,0.0832691484809585,0.23907766990291263,0.026507959690375348
18033,43807.0,74331.0,861.0,18384.0,0.07006092254134029,0.17939868975198878,0.045188357661043614
18035,112280.0,58127.0,906.0,51635.0,0.1041735257093057,0.3351997578692494,0.0577311192153808
18037,43614.0,75979.0,834.0,18836.0,0.06699936292206413,0.25281666097644245,0.022799877467069275
18039,207132.0,68561.0,1047.0,80493.0,0.10167343744176512,0.284335283298068,0.03604891373520399
18041,23334.0,59321.0,791.0,10905.0,0.13599266391563503,0.2791339418382509,0.03414996288047513
18043,80918.0,79704.0,1036.0,34833.0,0.08374242815720724,0.2681413710991352,0.04133307610687759
18045,16617.0,62542.0,843.0,7875.0,0.1186031746031746,0.25356576862123614,0.04742987841579391
18047,23020.0,78074.0,870.0,9796.0,0.0597182523478971,0.1847790685050483,0.03930695629687096
18049,20312.0,61360.0,839.0,9584.0,0.15995409015025042,0.19922990932803378,0.0681386013099514
18051,33000.0,67573.0,935.0,14890.0,0.09751511081262593,0.23299598154487275,0.023290203327171903
18053,66295.0,53522.0,853.0,29907.0,0.10479152037984418,0.2727748104433571,0.06268694711385477
18055,31021.0,62094.0,797.0,14356.0,0.08700195040401226,0.22995345998321506,0.06038271688417067
18057,365056.0,121530.0,1574.0,144746.0,0.051773451425255274,0.2392387724769038,0.02778054316661357
18059,84037.0,93186.0,1203.0,34370.0,0.026069246435845215,0.2047858039075103,0.02732587418712093
18061,39859.0,74475.0,836.0,16953.0,0.08588450421754262,0.16358004775117765,0.03510846098488743
18063,183344.0,101144.0,1436.0,69675.0,0.03681377825618945,0.2176724780211593,0.025599050522826333
18065,48970.0,63150.0,820.0,20996.0,0.11211659363688321,0.2381182276579766,0.03721058434399118
18067,83752.0,64027.0,937.0,39876.0,0.10740796469054067,0.2942713454892816,0.05830248883216337
18069,36798.0,66301.0,879.0,16340.0,0.05734394124847001,0.22612478088684024,0.035016763344154114
18071,46660.0,70262.0,1004.0,19351.0,0.06268409901297091,0.2682765464770096,0.026422675459667207
18073,33234.0,77314.0,962.0,13787.0,0.07485312250670922,0.16432771462171697,0.04892095436997659
18075,20229.0,54969.0,770.0,8904.0,0.12320305480682839,0.20084539515819136,0.04412872672478743
18077,32998.0,64577.0,890.0,14517.0,0.11896397327271475,0.28162627052384676,0.043912933434573524
18079,27562.0,69322.0,988.0,11731.0,0.06708720484187196,0.2122624269005848,0.04602073543671217
18081,166315.0,90454.0,1271.0,65915.0,0.050989911249336266,0.2727403523355821,0.029973596601997474
18083,36007.0,61237.0,796.0,16974.0,0.10633910686932957,0.32197244379985496,0.03119007332205302
18085,80442.0,75317.0,1043.0,38864.0,0.17831412103746397,0.23019352414354607,0.027714071892426913
18087,40805.0,84487.0,839.0,15151.0,0.14876905814797703,0.16980693184461504,0.0423728813559322
18089,500379.0,71493.0,1131.0,217436.0,0.10258650821391121,0.28326756521293495,0.06082742064111945
18091,111917.0,71055.0,976.0,50038.0,0.12800271793436988,0.2525382164875209,0.04799247176913425
18093,45102.0,66468.0,845.0,20545.0,0.0686298369432952,0.19320616671021687,0.035266738274257074
18095,131900.0,63037.0,939.0,59301.0,0.09902025260956814,0.2983585693162889,0.0592974340665311
18097,975809.0,66346.0,1153.0,441040.0,0.0920732813350263,0.43450823111040077,0.05031883701773621
18099,46284.0,71808.0,938.0,20111.0,0.11700064641241112,0.2363441829034801,0.025712786426447438
18101,9830.0,68594.0,697.0,4583.0,0.14815622954396684,0.2149077868852459,0.023932329275840727
18103,35712.0,61139.0,838.0,14952.0,0.10928303905831996,0.23839915903288783,0.06559939966231004
18105,140965.0,65868.0,1193.0,65657.0,0.09779612227180651,0.4603450604362212,0.0551135158073414
18107,38312.0,71479.0,858.0,16585.0,0.05927042508290624,0.19728239969234712,0.03310752304792951
18109,72659.0,79429.0,1042.0,30046.0,0.058809824935099515,0.17871919091905655,0.041803142175095766
18111,13922.0,75481.0,918.0,6093.0,0.06023305432463483,0.18896262661543836,0.06516952884191986
18113,47495.0,71723.0,832.0,20297.0,0.1043503966103365,0.22850541833984267,0.031589254544680485
18115,5999.0,70392.0,898.0,2769.0,0.05417118093174431,0.18671248568155785,0.013471502590673576
18117,19767.0,65873.0,855.0,9101.0,0.12427205801560268,0.21304893350062734,0.03115007735946364
18119,21604.0,62464.0,911.0,9918.0,0.13107481347045774,0.18635414249245766,0.029871977240398292
18121,16406.0,68485.0,704.0,7657.0,0.1972051717382787,0.17569546120058566,0.04358636829018575
18123,19270.0,61151.0,682.0,8597.0,0.0975921833197627,0.24503738076823925,0.04494765589440146
18125,12154.0,71334.0,739.0,5589.0,0.10162819824655574,0.13343955387373033,0.03171896316507503
18127,174818.0,87972.0,1219.0,72662.0,0.055365940931986456,0.2227159486589257,0.04693480158463708
18129,25116.0,78129.0,782.0,11105.0,0.0515083295812697,0.17706256527105288,0.01831008243500317
18131,12441.0,62792.0,772.0,5850.0,0.15384615384615385,0.25414141414141417,0.018345563709139426
18133,37280.0,78378.0,884.0,15268.0,0.07374901755305213,0.24600480837222458,0.03088336783988958
18135,24387.0,60791.0,723.0,11412.0,0.09183315807921485,0.22722886916248553,0.04529892020015802
18137,29095.0,70573.0,839.0,12461.0,0.0746328545060589,0.2315497354956205,0.030251759610178668
18139,16739.0,66473.0,873.0,7387.0,0.08677406254230405,0.2514082419211385,0.0430250878681372
18141,273040.0,66868.0,1062.0,118580.0,0.09553044358239163,0.3098310521015925,0.05205656930321933
18143,24526.0,56352.0,822.0,10840.0,0.09151291512915129,0.2908204711616572,0.03297372542195928
18145,45265.0,72190.0,987.0,19674.0,0.06221408966148216,0.2754471544715447,0.035588273729145796
18147,19955.0,74506.0,751.0,8727.0,0.07436690729918644,0.18655607823718742,0.03334316907642372
18149,23365.0,63960.0,712.0,11273.0,0.20314024660693694,0.1703217188021819,0.0336925915137392
18151,34726.0,74911.0,933.0,19181.0,0.26708722172983684,0.2052923602219377,0.07241595085044655
18153,20780.0,56204.0,829.0,8791.0,0.10908884085997042,0.23608273748723188,0.044451450189155105
18155,9909.0,65343.0,758.0,4456.0,0.13038599640933574,0.21470967741935484,0.041840087623220154
18157,189071.0,60636.0,1124.0,80647.0,0.06000223194911156,0.46615132967496836,0.03252790028366151
18159,15346.0,76156.0,842.0,6845.0,0.0845872899926954,0.18624321736354932,0.022857906696965646
18161,6985.0,76424.0,760.0,3255.0,0.0967741935483871,0.20170068027210886,0.042524377031419286
18163,180117.0,61648.0,985.0,85319.0,0.0826193462183101,0.34964865210169926,0.04162068592448339
18165,15421.0,60200.0,750.0,7337.0,0.10126754804415974,0.2478010312405217,0.04588744588744589
18167,106109.0,52976.0,924.0,46891.0,0.09579663474867245,0.3829571452156891,0.05720470625964603
18169,30844.0,66806.0,762.0,14097.0,0.10094346314818756,0.19520277733943506,0.03444862403484458
18171,8464.0,82425.0,830.0,3706.0,0.09363194819212088,0.1762429294432867,0.04385171790235081
18173,65261.0,89844.0,1061.0,26890.0,0.06422461881740424,0.17589317648928984,0.03120686551041229
18175,28212.0,64641.0,780.0,12222.0,0.08124693176239568,0.17944607712173835,0.031764366156511695
18177,66397.0,55692.0,815.0,30736.0,0.12236465382613222,0.3077664504170528,0.05420620878237092
18179,28420.0,71957.0,813.0,12074.0,0.043730329633924134,0.24380737917893644,0.02613051719469266
18181,24717.0,67303.0,901.0,12961.0,0.20885734125453284,0.18997464404134973,0.03489241505358478
18183,34618.0,78083.0,934.0,15030.0,0.06660013306719893,0.18162377931427756,0.03279955825510768
19001,7460.0,68092.0,799.0,3568.0,0.0930493273542601,0.2605067985166873,0.03955818135114308
19003,3622.0,71875.0,893.0,1889.0,0.18475383800952885,0.22857142857142856,0.03929384965831435
19005,14092.0,70694.0,796.0,7761.0,0.2333462182708414,0.20436974789915965,0.024639507209855804
19007,12184.0,54934.0,784.0,6312.0,0.17633079847908745,0.31217541834968265,0.03850998740327515
19009,5599.0,58229.0,759.0,2790.0,0.06953405017921147,0.2384437596302003,0.012972972972972972
19011,25724.0,86962.0,826.0,11114.0,0.08205866474716574,0.15006861399725543,0.020117725951866477
19013,131049.0,66417.0,989.0,58991.0,0.07506229763862284,0.33766471784909186,0.045604928412526384
19015,26668.0,83531.0,845.0,12041.0,0.09176978656257787,0.19998171177761523,0.015064611982585862
19017,25204.0,86784.0,921.0,10585.0,0.08209730751062824,0.20337587484561548,0.03304856115107914
19019,20694.0,78236.0,848.0,8945.0,0.07747344885410844,0.17874454677653903,0.02841063810474721
19021,20753.0,71719.0,894.0,8293.0,0.09007596768358857,0.2678240127219719,0.05547926393847844
19023,14268.0,73715.0,812.0,6570.0,0.1076103500761035,0.1589629882312809,0.031335149863760216
19025,9803.0,64964.0,723.0,4798.0,0.16777824093372237,0.19484097170047585,0.02572202166064982
19027,20594.0,72930.0,731.0,9560.0,0.07939330543933054,0.22917850244290422,0.018012192869019027
19029,13096.0,63013.0,777.0,6393.0,0.08587517597372125,0.28439425051334705,0.014029850746268656
19031,18349.0,80602.0,879.0,8300.0,0.08168674698795181,0.18525321437942796,0.022520661157024793
19033,42632.0,68189.0,850.0,22786.0,0.1425436671640481,0.2964991299007063,0.026148538224078446
19035,11600.0,71269.0,758.0,5557.0,0.09213604462839661,0.244796828543112,0.024878048780487806
19037,11807.0,75675.0,738.0,5542.0,0.0983399494767232,0.19071442865719432,0.015832400447785062
19039,9662.0,71641.0,931.0,4522.0,0.09973463069438301,0.2768361581920904,0.04235880398671096
19041,16461.0,65428.0,811.0,8157.0,0.10726982959421356,0.26668497665476515,0.0351288056206089
19043,17013.0,67242.0,790.0,8796.0,0.14631650750341063,0.22013583699560527,0.025190392501464556
19045,46268.0,66981.0,850.0,21581.0,0.09614939066771698,0.2545370655183021,0.03372434017595308
19047,16277.0,67027.0,743.0,6869.0,0.07832289998544184,0.2402464065708419,0.03816430864344311
19049,107968.0,102379.0,1311.0,44804.0,0.052071243638960804,0.3095053095053095,0.022929539606313408
19051,9157.0,77194.0,868.0,3612.0,0.11378737541528239,0.16744767260231178,0.027177869449162825
19053,7759.0,59044.0,611.0,3659.0,0.16507242415960646,0.3027823240589198,0.019359834796076406
19055,17558.0,74989.0,764.0,8169.0,0.09793120332966092,0.2040982494232596,0.02049011532125206
19057,38487.0,62928.0,904.0,18802.0,0.08637379002233805,0.2535219466759809,0.03109348914858097
19059,17990.0,75432.0,922.0,14206.0,0.3773757567225116,0.22543810062182024,0.029643449419568823
19061,99030.0,77630.0,959.0,43288.0,0.05310940676399926,0.2665837175827661,0.0366076301970601
19063,9262.0,63730.0,733.0,4520.0,0.10110619469026548,0.20600541471818853,0.016722408026755852
19065,19288.0,60165.0,881.0,9320.0,0.10493562231759657,0.2345960201390554,0.03202621287390339
19067,15328.0,68557.0,745.0,7306.0,0.10990966329044621,0.23389204982315853,0.03269683494637719
19069,9956.0,59894.0,696.0,4657.0,0.09856130556152029,0.27584564078132445,0.03791369920402179
19071,6514.0,71621.0,746.0,3125.0,0.09664,0.21679064824654623,0.008033419023136246
19073,8688.0,63409.0,781.0,4319.0,0.09191942579300764,0.2358490566037736,0.023018509729473186
19075,12384.0,87205.0,774.0,5498.0,0.06929792651873408,0.15516904436193082,0.019559143123253648
19077,10688.0,77711.0,845.0,5808.0,0.20798898071625344,0.16,0.032210834553440704
19079,14886.0,72432.0,877.0,7040.0,0.08607954545454545,0.266241840223811,0.04848956307532737
19081,10671.0,70601.0,736.0,5116.0,0.08659108678655199,0.17547613952493046,0.018781911013858496
19083,16639.0,65069.0,795.0,8011.0,0.12145799525652229,0.2644217107132708,0.04288385136714185
19085,14632.0,79535.0,849.0,6698.0,0.09092266348163631,0.22860896698965347,0.02292792199235736
19087,20004.0,67436.0,820.0,8445.0,0.09484902309058614,0.2586342229199372,0.014785506039150353
19089,9445.0,67446.0,713.0,4320.0,0.12662037037037038,0.2258150013252054,0.018541930046354824
19091,9591.0,71946.0,744.0,4603.0,0.08342385400825549,0.22849016354586396,0.05037159372419488
19093,6911.0,63073.0,696.0,3369.0,0.09468685069753636,0.27081967213114755,0.023982152816508645
19095,16507.0,71223.0,686.0,7369.0,0.06242366671190121,0.23404255319148937,0.01905522592423551
19097,19390.0,74186.0,807.0,9282.0,0.11204481792717087,0.1927930114049988,0.05097037793667007
19099,37954.0,71311.0,836.0,16249.0,0.07625084620592036,0.2765489673550966,0.056847545219638244
19101,15705.0,61620.0,883.0,7706.0,0.09784583441474176,0.32307249712313,0.07950215900431801
19103,156639.0,74935.0,1122.0,68217.0,0.07147778413005555,0.40630870999826335,0.0377010574957789
19105,20896.0,73531.0,784.0,8889.0,0.07773652829339633,0.194193705781898,0.03555856990601686
19107,9924.0,62329.0,828.0,4647.0,0.12459651387992253,0.1873156342182891,0.045078577336641855
19109,14516.0,67697.0,859.0,7205.0,0.09188063844552394,0.21381629222069387,0.019175846593227255
19111,32893.0,62382.0,835.0,15794.0,0.09313663416487274,0.23661244152761293,0.04452388690282743
19113,230004.0,77649.0,945.0,103104.0,0.07278088144009932,0.2649163179916318,0.03451280042841272
19115,10678.0,77354.0,775.0,4739.0,0.10592952099599072,0.19730941704035873,0.029708417384925728
19117,8716.0,61793.0,709.0,4074.0,0.0898379970544919,0.21224379719525352,0.05162064825930372
19119,12162.0,76746.0,843.0,4870.0,0.08028747433264886,0.19089082384460818,0.023356262997920332
19121,16926.0,90855.0,1036.0,7100.0,0.056901408450704224,0.19862604540023895,0.03455372616984402
19123,22021.0,70940.0,793.0,9728.0,0.10125411184210527,0.32037058218002973,0.03508153371529308
19125,33642.0,78680.0,884.0,14386.0,0.07437786737105519,0.22303995193751877,0.02176886254843857
19127,40114.0,73315.0,885.0,16937.0,0.08508000236169333,0.25,0.04278434765887895
19129,14568.0,90753.0,959.0,6134.0,0.12063906097163352,0.1646273637374861,0.019804781440090537
19131,10575.0,71365.0,738.0,4950.0,0.07131313131313131,0.2001305199042854,0.012043861225957218
19133,8557.0,68377.0,855.0,4372.0,0.11299176578225069,0.24316658071170708,0.016209773539928488
19135,7513.0,70996.0,798.0,3656.0,0.15508752735229758,0.18711557138232437,0.03131007964844823
19137,10214.0,63666.0,814.0,5005.0,0.08391608391608392,0.30861504907306436,0.026288117770767613
19139,42559.0,69396.0,971.0,18454.0,0.060095372277013115,0.2608820985874892,0.03195990067138784
19141,14126.0,68356.0,868.0,6564.0,0.11502132845825716,0.23893957651919434,0.009970918155380142
19143,6100.0,69239.0,797.0,2868.0,0.08158995815899582,0.22133637053910402,0.033860759493670886
19145,15131.0,57953.0,705.0,7004.0,0.10693889206167904,0.29464428457234215,0.050080775444264945
19147,8863.0,72781.0,638.0,4535.0,0.16604189636163175,0.22924378635642517,0.022044929666176778
19149,25747.0,83251.0,910.0,10891.0,0.053071343310990726,0.2639387181227577,0.021992331621211024
19151,7046.0,61875.0,832.0,3651.0,0.17830731306491374,0.22733333333333333,0.054038349796629866
19153,503175.0,83576.0,1149.0,218486.0,0.06008622978131322,0.32649811548612667,0.0435214527327755
19155,93424.0,73602.0,1018.0,40083.0,0.06089863533168675,0.30102013708092024,0.03814216238027481
19157,18545.0,67391.0,883.0,8975.0,0.13047353760445682,0.2879292670425423,0.036429683445770626
19159,4645.0,73346.0,710.0,2678.0,0.29088872292755785,0.215376513954713,0.03257608229747107
19161,9689.0,73838.0,722.0,5118.0,0.15943728018757328,0.2198977219897722,0.04433028919330289
19163,174608.0,78277.0,1005.0,78537.0,0.06882106523040096,0.3002242520374118,0.03654021511046659
19165,11778.0,72738.0,783.0,5441.0,0.1027384671935306,0.22204014748054077,0.031869808442108835
19167,36212.0,86098.0,908.0,13285.0,0.044787354158825746,0.23869188337273445,0.01521481252256434
19169,100466.0,69685.0,1018.0,41887.0,0.07121541289660277,0.4448128727123175,0.047592502264650546
19171,16868.0,70781.0,872.0,7595.0,0.1152073732718894,0.24047619047619048,0.03842900302114804
19173,5868.0,67740.0,765.0,2889.0,0.13880235375562477,0.22106109324758844,0.029481531684174857
19175,11993.0,57772.0,721.0,5785.0,0.11564390665514261,0.27873338545738857,0.040318302387267906
19177,7241.0,61161.0,622.0,3490.0,0.17020057306590258,0.18370165745856354,0.04100568692008381
19179,35362.0,64766.0,920.0,15730.0,0.1101716465352829,0.3159248410373651,0.04289606399629007
19181,54409.0,94588.0,973.0,21921.0,0.05665799917886958,0.17660428453987137,0.034001297238248046
19183,22561.0,75647.0,879.0,9657.0,0.07093300196748473,0.25980829246544807,0.022120200333889815
19185,6532.0,61964.0,659.0,3019.0,0.1503809208347135,0.19103313840155944,0.029239766081871343
19187,36886.0,68975.0,785.0,17082.0,0.09992975061468212,0.2965853658536585,0.048207532093964736
19189,10583.0,67642.0,717.0,5077.0,0.0858774867047469,0.29390217625511744,0.030098504195549068
19191,19873.0,79066.0,861.0,9029.0,0.09857127035109092,0.2580169553999263,0.02316076294277929
19193,106247.0,73658.0,981.0,43388.0,0.0619756614732184,0.31806678296764046,0.04105481244547834
19195,7350.0,78008.0,758.0,3474.0,0.08520437535981577,0.16803020767778476,0.03545051698670606
19197,12791.0,67190.0,790.0,6278.0,0.1473399171710736,0.22996450588455072,0.018446437637502117
20001,12483.0,60689.0,720.0,6077.0,0.1754155010696067,0.24565954899221712,0.07911947679055671
20003,7834.0,70614.0,853.0,3586.0,0.10540992749581707,0.2110349127182045,0.04097035040431267
20005,16208.0,61112.0,765.0,6817.0,0.15872084494645738,0.28090671316477767,0.04589963280293757
20007,4069.0,61926.0,830.0,2480.0,0.2629032258064516,0.19037199124726478,0.012455516014234875
20009,25097.0,58851.0,761.0,12383.0,0.16175401760478075,0.34836223506743735,0.038917089678511
20011,14394.0,59238.0,752.0,6756.0,0.13558318531675548,0.2595890410958904,0.052806712962962965
20013,9343.0,62233.0,646.0,4478.0,0.1527467619472979,0.23668950975224037,0.051769331585845346
20015,68287.0,81610.0,956.0,27485.0,0.07811533563762052,0.22436656405399005,0.03397812285773896
20017,2561.0,56484.0,825.0,1388.0,0.17363112391930835,0.2667829119442023,0.009369676320272573
20019,3370.0,56438.0,708.0,1975.0,0.31341772151898734,0.17994100294985252,0.0361687876758205
20021,19151.0,57668.0,799.0,9129.0,0.1360499507065396,0.24470647901610246,0.03258281013206322
20023,2628.0,55429.0,656.0,1455.0,0.16838487972508592,0.22148760330578512,0.024539877300613498
20025,1974.0,63043.0,789.0,1039.0,0.24157844080846969,0.2639593908629442,0.02786377708978328
20027,8048.0,66176.0,937.0,3944.0,0.10699797160243407,0.22004542873367405,0.010264721772015126
20029,8898.0,58770.0,769.0,4467.0,0.145063801208865,0.2602775595705682,0.02489347387306571
20031,8308.0,70346.0,836.0,3998.0,0.11330665332666333,0.24090267983074753,0.06398996235884567
20033,1729.0,54545.0,692.0,1016.0,0.1889763779527559,0.2657766990291262,0.016891891891891893
20035,34411.0,57878.0,809.0,15682.0,0.14634612932023977,0.31896616120116533,0.038510260957689384
20037,39008.0,52844.0,849.0,18126.0,0.12622751848173894,0.392094961485036,0.04068145102070789
20039,2726.0,53870.0,676.0,1634.0,0.18788249694002448,0.22305953278070836,0.04110612855007474
20041,18445.0,68417.0,901.0,8789.0,0.08795084765047217,0.21432135728542914,0.02764209591474245
20043,7503.0,74028.0,776.0,3373.0,0.19241031722502225,0.1894273127753304,0.0164021164021164
20045,120302.0,69746.0,1099.0,53675.0,0.06090358639962739,0.4991469269531405,0.042161418000344175
20047,2779.0,52692.0,740.0,1549.0,0.24983860555196902,0.2082616179001721,0.06790123456790123
20049,2453.0,64609.0,552.0,1491.0,0.3299798792756539,0.2122122122122122,0.02027027027027027
20051,28920.0,63084.0,943.0,13287.0,0.07797094904794159,0.36805158762549994,0.03245913207103375
20053,6360.0,65560.0,708.0,3127.0,0.21554205308602495,0.19771708112515288,0.02562225475841874
20055,38084.0,73009.0,1048.0,14355.0,0.07843956809474051,0.3507445763096228,0.04056410256410256
20057,34074.0,70781.0,1010.0,12743.0,0.0743153103664757,0.3751271617497457,0.05056433408577878
20059,26106.0,77207.0,1042.0,11310.0,0.07966401414677277,0.2777404169468729,0.029846400232947514
20061,35815.0,59317.0,1104.0,15939.0,0.11173850304285086,0.5648396666195791,0.06927803379416282
20063,2799.0,66029.0,705.0,1331.0,0.12246431254695718,0.20633561643835616,0.02611683848797251
20065,2389.0,50650.0,734.0,1415.0,0.15830388692579506,0.21158690176322417,0.05016722408026756
20067,7229.0,66476.0,718.0,2933.0,0.18888510057961133,0.23329129886506936,0.006876790830945559
20069,5701.0,79122.0,808.0,2354.0,0.09260832625318606,0.22940074906367042,0.02652159129547773
20071,1304.0,80565.0,794.0,659.0,0.17905918057663125,0.24953789279112754,0.0014792899408284023
20073,5919.0,60042.0,715.0,3666.0,0.27277686852154936,0.195423855963991,0.03380281690140845
20075,2471.0,70250.0,909.0,1014.0,0.2534516765285996,0.2285336856010568,0.03056768558951965
20077,5400.0,53488.0,690.0,3020.0,0.2695364238410596,0.24886672710788757,0.01970865467009426
20079,33756.0,74368.0,900.0,14656.0,0.0652292576419214,0.3015328467153285,0.04805269186712486
20081,3641.0,66162.0,830.0,1546.0,0.09249676584734799,0.23734853884533144,0.036427732079905996
20083,1652.0,59955.0,941.0,823.0,0.15309842041312272,0.20946915351506457,0.006321112515802781
20085,13341.0,75215.0,814.0,5638.0,0.11085491308974814,0.22900458807101537,0.01789505611161662
20087,18349.0,81278.0,835.0,8038.0,0.0778800696690719,0.1430113329735564,0.02402900051786639
20089,2916.0,52634.0,608.0,1761.0,0.252129471890971,0.2589217919514047,0.01347517730496454
20091,620631.0,109208.0,1434.0,259655.0,0.03899019853266835,0.31465028393265765,0.03204033826974233
20093,3864.0,89135.0,1056.0,1578.0,0.09569074778200254,0.2831114225648213,0.022123893805309734
20095,7186.0,59842.0,846.0,3685.0,0.14084124830393488,0.33733417561591916,0.022240756185710316
20097,2422.0,75539.0,762.0,1153.0,0.1717259323503903,0.27015706806282724,0.022029897718332022
20099,19869.0,56325.0,746.0,9510.0,0.1505783385909569,0.25996533795493937,0.031036759850319173
20101,1461.0,54526.0,590.0,878.0,0.19248291571753987,0.11142454160789844,0.004464285714285714
20103,83123.0,89218.0,1219.0,31865.0,0.05338145300486427,0.306789550457499,0.04077505397502118
20105,2923.0,57500.0,634.0,1668.0,0.23381294964028776,0.19561815336463223,0.024096385542168676
20107,9767.0,59069.0,691.0,5222.0,0.16736882420528534,0.18859245630174792,0.04384410983170948
20109,2707.0,75662.0,840.0,1369.0,0.09349890430971512,0.35132957292506045,0.01828029790115098
20111,32186.0,59912.0,817.0,15027.0,0.10288148000266188,0.42133372895185817,0.01993038401077925
20113,30205.0,78851.0,916.0,13176.0,0.07695810564663023,0.24527215918434467,0.018466877362582883
20115,11754.0,64695.0,727.0,5693.0,0.16564201651150537,0.18694736842105264,0.03430531732418525
20117,9993.0,68419.0,690.0,4751.0,0.12102715217848874,0.20019157088122605,0.02035416242621616
20119,3903.0,71852.0,790.0,1898.0,0.20864067439409906,0.2603195739014647,0.01533406352683461
20121,34938.0,89000.0,1107.0,14262.0,0.036740990043472165,0.21786286213422623,0.03692341404623644
20123,5779.0,64246.0,604.0,3116.0,0.1399229781771502,0.30970149253731344,0.001417434443656981
20125,30940.0,55697.0,761.0,15538.0,0.1710644870639722,0.2708074534161491,0.043540226608708044
20127,5340.0,58686.0,724.0,2995.0,0.14858096828046743,0.1988235294117647,0.02490842490842491
20129,2611.0,66447.0,632.0,1310.0,0.2580152671755725,0.14609053497942387,0.01637852593266606
20131,10160.0,77348.0,774.0,4512.0,0.10660460992907801,0.2200446539320268,0.015117466802860061
20133,15656.0,56618.0,681.0,7219.0,0.10458512259315694,0.2281868811881188,0.03237550383565206
20135,2653.0,68616.0,538.0,1440.0,0.19375,0.1843238587424634,0.008059100067159167
20137,5359.0,54050.0,609.0,2450.0,0.1836734693877551,0.238,0.016790123456790124
20139,15744.0,74467.0,785.0,7337.0,0.12334741720049067,0.17646144278606965,0.019285163281049112
20141,3452.0,63011.0,595.0,2031.0,0.2225504677498769,0.2279924002533249,0.016449234259784458
20143,5819.0,74018.0,809.0,2693.0,0.1058299294467137,0.22840531561461794,0.028708133971291867
20145,6144.0,63517.0,795.0,3057.0,0.21786064769381747,0.3383521539104977,0.012203626220362623
20147,4813.0,62123.0,672.0,2790.0,0.18530465949820787,0.21997360316761988,0.03216123499142367
20149,26204.0,92325.0,924.0,10214.0,0.0815547288036029,0.17780620402942118,0.021420164770498233
20151,9127.0,66022.0,802.0,4364.0,0.20531622364802934,0.2675893886966551,0.03596956421489509
20153,2516.0,67742.0,817.0,1370.0,0.145985401459854,0.2931623931623932,0.013264554163596167
20155,61553.0,60645.0,863.0,28274.0,0.09485746622338544,0.30806502031884964,0.038922647396945315
20157,4646.0,56833.0,664.0,2661.0,0.24990605035700864,0.218436873747495,0.017977528089887642
20159,9350.0,63925.0,753.0,4384.0,0.15282846715328466,0.22590199246095855,0.04382807537582045
20161,71946.0,61098.0,1046.0,30755.0,0.09949601690781987,0.5391586929048565,0.03794132673640055
20163,4813.0,62500.0,676.0,2635.0,0.18937381404174572,0.25702247191011235,0.019975031210986267
20165,2947.0,59970.0,711.0,1679.0,0.17391304347826086,0.22422494592645997,0.03599476439790576
20167,6679.0,62392.0,805.0,3674.0,0.1562329885683179,0.24935483870967742,0.018448182311448725
20169,53668.0,65422.0,961.0,24157.0,0.06764084944322557,0.3286418327931448,0.04817426516791175
20171,5027.0,68839.0,685.0,2334.0,0.019280205655526992,0.32809086937527304,0.02729620066396164
20173,528226.0,69365.0,998.0,227638.0,0.09168065085794112,0.3693656658670587,0.049994194560865346
20175,21486.0,63827.0,905.0,8308.0,0.1265045739046702,0.381976023150062,0.04939907258446106
20177,178025.0,67104.0,1000.0,81075.0,0.06928152944804193,0.3321715391343529,0.041484791201237325
20179,2426.0,73750.0,689.0,1155.0,0.14545454545454545,0.232016210739615,0.0069498069498069494
20181,5858.0,61750.0,913.0,2936.0,0.16587193460490463,0.34463046141282155,0.006001263423878711
20183,3552.0,59135.0,635.0,2024.0,0.22035573122529645,0.1520912547528517,0.006204173716864072
20185,3978.0,64226.0,710.0,2093.0,0.24558050645007168,0.17669411019632678,0.024875621890547265
20187,2038.0,71700.0,705.0,1029.0,0.16812439261418854,0.23481308411214954,0.017509727626459144
20189,5162.0,64178.0,927.0,2265.0,0.1664459161147903,0.2552966101694915,0.031092436974789917
20191,22353.0,63951.0,825.0,10414.0,0.13865949683118878,0.24938684503901895,0.059378574151734656
20193,7885.0,71325.0,752.0,3575.0,0.12195804195804195,0.24753106084740364,0.005659950192438306
20195,2777.0,81528.0,720.0,1709.0,0.20011702750146285,0.17776152158010242,0.009953550099535502
20197,7009.0,76908.0,780.0,3136.0,0.1441326530612245,0.18926974664679583,0.043540532798625034
20199,1417.0,63207.0,601.0,717.0,0.16457461645746166,0.25208681135225375,0.013313609467455622
20201,5533.0,65482.0,562.0,2714.0,0.12564480471628592,0.2153392330383481,0.010897203051216855
20203,2091.0,79063.0,942.0,920.0,0.10434782608695652,0.2196601941747573,0.0077951002227171495
20205,8505.0,60677.0,736.0,4493.0,0.21722679724015134,0.22263292578902474,0.029550533896200645
20207,3109.0,50326.0,618.0,1845.0,0.3203252032520325,0.15390749601275916,0.01601164483260553
20209,167654.0,63631.0,1122.0,68803.0,0.10524250396058311,0.3802995354276989,0.05749342473252645
21001,19089.0,53553.0,771.0,8648.0,0.17483811285846437,0.22785874439461884,0.06816340701307719
21003,21293.0,61403.0,844.0,9275.0,0.13369272237196766,0.2553827006845053,0.06869695456814778
21005,24353.0,74488.0,927.0,10326.0,0.0651752856866163,0.2238682274940433,0.02226962457337884
21007,7654.0,66164.0,817.0,3702.0,0.13317125877903835,0.24026176378934247,0.01621778163915436
21009,44938.0,50628.0,796.0,20283.0,0.11171917369225459,0.3482266748071266,0.041469438155999176
21011,12851.0,56541.0,659.0,5499.0,0.14566284779050737,0.25287356321839083,0.025453864869923265
21013,23509.0,31354.0,592.0,11631.0,0.14547330410110912,0.4117114397826743,0.10112637702685975
21015,139841.0,99414.0,1373.0,53195.0,0.041958830717172664,0.23732904263877716,0.0313971957498083
21017,20240.0,61354.0,822.0,9181.0,0.11403986493845986,0.3630440127858372,0.04183393196703993
21019,47911.0,61118.0,849.0,21742.0,0.11190322877380186,0.29830648920192654,0.06402720427495749
21021,30941.0,61159.0,778.0,13010.0,0.07417371252882399,0.32046492320464925,0.058020231213872835
21023,8444.0,66319.0,756.0,3860.0,0.12849740932642487,0.2146254458977408,0.04764305520544492
21025,13276.0,34808.0,548.0,6575.0,0.16897338403041826,0.23407759882869691,0.09316904453091224
21027,20881.0,55843.0,733.0,10799.0,0.2528011852949347,0.18589664146734416,0.044965454751387475
21029,84027.0,80558.0,987.0,33608.0,0.05537372054272792,0.15072290295145999,0.042562329061278
21031,12393.0,56092.0,679.0,5455.0,0.16278643446379468,0.26275454346398075,0.0436046511627907
21033,12618.0,59583.0,767.0,6064.0,0.17133905013192613,0.297910447761194,0.043826830571886695
21035,38224.0,52706.0,870.0,18106.0,0.15834529990058543,0.3609816917120546,0.044489927825056556
21037,93426.0,77567.0,1145.0,42065.0,0.06734815167003447,0.289202691680261,0.03981817820917446
21039,4762.0,62439.0,792.0,2307.0,0.1915908105765063,0.19624664879356568,0.03696771174543753
21041,10954.0,56466.0,910.0,4693.0,0.10973790752184104,0.342508377213978,0.06072874493927125
21043,26341.0,51235.0,740.0,12316.0,0.1235790841182202,0.19964795256624052,0.0530826921203857
21045,15914.0,45510.0,670.0,7420.0,0.12641509433962264,0.20286948472693614,0.0889487870619946
21047,72069.0,55494.0,1040.0,29362.0,0.12386758395204686,0.49955296404275995,0.06316438145124018
21049,37192.0,64348.0,938.0,16418.0,0.08301863808015593,0.29325805380272335,0.044070512820512824
21051,19921.0,40900.0,724.0,8664.0,0.15881809787626963,0.23641602634467618,0.09298977976104793
21053,9202.0,44844.0,617.0,4850.0,0.20536082474226805,0.2885313959522574,0.0498960498960499
21055,8979.0,46656.0,714.0,4346.0,0.18476760239300508,0.21789443974033304,0.03404255319148936
21057,5948.0,40000.0,523.0,3404.0,0.22737955346650998,0.24486692015209124,0.04008810572687225
21059,103648.0,68214.0,918.0,44431.0,0.06283900880016205,0.31936405773433557,0.044505954040383926
21061,12355.0,54937.0,778.0,6449.0,0.2093347805861374,0.1986664051774858,0.07659409020217729
21063,7307.0,45776.0,432.0,3052.0,0.20052424639580602,0.1831967213114754,0.0653061224489796
21065,14035.0,46051.0,711.0,6864.0,0.12951631701631702,0.29589958158995816,0.0702486839716827
21067,323725.0,69479.0,1164.0,148959.0,0.062057344638457565,0.4623268797194288,0.04851722150804557
21069,15323.0,49307.0,715.0,6793.0,0.13749447961136463,0.2517494452978324,0.07475057559478128
21071,35224.0,41279.0,672.0,17505.0,0.16023993144815768,0.27816326530612245,0.07672364903183991
21073,51842.0,65298.0,967.0,24163.0,0.059802176882009686,0.3553129676908178,0.059085205885707766
21075,6409.0,38217.0,570.0,3158.0,0.19252691576947434,0.3819607843137255,0.03342128408091469
21077,8769.0,63346.0,832.0,3816.0,0.14439203354297694,0.24931087289433385,0.04613583138173302
21079,17568.0,63087.0,794.0,7280.0,0.08035714285714286,0.2010455563853622,0.051489470980996405
21081,25418.0,69178.0,862.0,10245.0,0.09965836993655441,0.2486990459670425,0.049061126648022375
21083,36630.0,50772.0,775.0,16425.0,0.13917808219178082,0.23933800127307447,0.03420336467095497
21085,26707.0,50757.0,658.0,13369.0,0.242351709177949,0.2543192812715964,0.06641267642220106
21087,11369.0,46798.0,610.0,5289.0,0.1641141992815277,0.22393123727663425,0.07180314643001211
21089,35501.0,60751.0,860.0,16271.0,0.09415524552885501,0.19689259786959767,0.06768423233648732
21091,9034.0,65464.0,740.0,3928.0,0.07382892057026477,0.22842221000549753,0.04378326076439284
21093,111942.0,67647.0,971.0,48108.0,0.07246196058867548,0.37427726233696385,0.06590507961752555
21095,25772.0,41693.0,678.0,13036.0,0.1768180423442774,0.2843164663125524,0.09532798489853704
21097,19140.0,66442.0,765.0,8186.0,0.10908868800390911,0.28575346222405046,0.03230872784384115
21099,19603.0,52285.0,693.0,8929.0,0.17392765147272932,0.2756236442516269,0.03751696902381834
21101,44280.0,58851.0,777.0,20151.0,0.08083966056275123,0.35131195335276966,0.02476520019772615
21103,15856.0,63347.0,895.0,6705.0,0.08322147651006712,0.23735155360338375,0.049648324369052546
21105,4439.0,60867.0,718.0,2156.0,0.1971243042671614,0.29173887926054304,0.030612244897959183
21107,45119.0,56815.0,837.0,21001.0,0.123994095519261,0.2928738381257814,0.062132314996387654
21109,13086.0,40000.0,665.0,6006.0,0.1471861471861472,0.22608356110894182,0.03969082932943389
21111,783022.0,69866.0,1149.0,359710.0,0.07827416529982485,0.3787407179524301,0.05173704866370552
21113,54588.0,74576.0,1124.0,21198.0,0.06061892631380319,0.33254657761261486,0.03128887548535454
21115,22334.0,44904.0,708.0,10583.0,0.14579986771236889,0.31714601769911505,0.04231678486997636
21117,171288.0,80548.0,1069.0,73221.0,0.07994974119446607,0.29256163997209317,0.04331356871522808
21119,13830.0,41761.0,756.0,6680.0,0.17350299401197605,0.2725955442854555,0.09272614877395426
21121,29865.0,32527.0,681.0,13866.0,0.15541612577527766,0.34676799590128937,0.08138466251404064
21123,15107.0,67067.0,860.0,6573.0,0.08778335615396318,0.20613742494996665,0.015165031222123104
21125,62983.0,57771.0,813.0,26818.0,0.10522783205309867,0.2838389731621937,0.0349918581508956
21127,16077.0,46772.0,760.0,7604.0,0.16596528143082587,0.22201198360138757,0.07730839873100685
21129,7339.0,37568.0,603.0,3229.0,0.19634561783834004,0.22273603082851637,0.04716607213634562
21131,10079.0,35934.0,585.0,4925.0,0.14091370558375635,0.14464665563696524,0.03784403669724771
21133,20808.0,41793.0,669.0,10603.0,0.20182967084787323,0.2586553231714522,0.06154910096818811
21135,12965.0,46838.0,751.0,6066.0,0.17260138476755688,0.20820880653516638,0.06041750301083902
21137,24504.0,52440.0,698.0,10938.0,0.11272627537026879,0.23575476558475014,0.06531376219091715
21139,8903.0,58984.0,926.0,4640.0,0.22349137931034482,0.18817651956702747,0.04208365409289197
21141,27986.0,60382.0,751.0,12473.0,0.11769421951415057,0.2571558382553385,0.05681357032708384
21143,8900.0,65066.0,747.0,4847.0,0.2946152259129358,0.1959637320854051,0.028622540250447227
21145,67564.0,64373.0,898.0,32280.0,0.14495043370508054,0.3107496105213579,0.03244865422488981
21147,16867.0,33750.0,577.0,6920.0,0.15303468208092486,0.25763521583347554,0.04167534903104814
21149,9114.0,65596.0,641.0,4173.0,0.12748622094416487,0.17248008788794286,0.056185312962050274
21151,95769.0,63351.0,889.0,40456.0,0.08416551315008898,0.38017867264041455,0.050615706084028156
21153,11348.0,33080.0,730.0,5489.0,0.1375478229185644,0.2458808618504436,0.09020541827924977
21155,19749.0,59627.0,726.0,8477.0,0.08882859502182376,0.2233298808907302,0.041997984096763356
21157,31743.0,65831.0,798.0,16572.0,0.20293265749456915,0.18426830191536073,0.04505923440388961
21159,11027.0,37042.0,450.0,4862.0,0.20732208967503085,0.1510119356512714,0.05458807769591427
21161,16956.0,52178.0,727.0,8190.0,0.12930402930402932,0.3393633431496284,0.049189045466631214
21163,30158.0,74355.0,1026.0,12237.0,0.100514832066683,0.25910784046515856,0.04829297739620363
21165,6230.0,45096.0,675.0,3367.0,0.26403326403326405,0.2453591606133979,0.07895897662108513
21167,23028.0,64824.0,831.0,10472.0,0.12328113063407181,0.24071451911556474,0.04363001745200698
21169,10425.0,51473.0,582.0,4735.0,0.1341077085533263,0.22317073170731708,0.04914337240757439
21171,11269.0,51280.0,657.0,5279.0,0.1200985035044516,0.29106566200215284,0.040339702760084924
21173,28395.0,56396.0,830.0,12231.0,0.10023710244460797,0.3168559745570195,0.039987859473404656
21175,14053.0,47913.0,663.0,5685.0,0.14124890061565523,0.2107742728390004,0.030691612360731552
21177,30591.0,51927.0,718.0,13557.0,0.10577561407391016,0.21207621875773325,0.05659937888198758
21179,47606.0,69562.0,1008.0,20330.0,0.05804230201672405,0.2166579634464752,0.033288725326196054
21181,7708.0,59531.0,728.0,3333.0,0.16711671167116712,0.25504322766570603,0.060903149138443254
21183,23735.0,57798.0,739.0,10241.0,0.11073137388926863,0.22839573954101242,0.050381974663958995
21185,69257.0,122497.0,1219.0,23837.0,0.03406468934849184,0.1288599348534202,0.034869347744847214
21187,11330.0,61134.0,830.0,5388.0,0.21083890126206384,0.12041392285983067,0.06983767459418648
21189,3971.0,22188.0,448.0,2052.0,0.23635477582846004,0.2986598596043395,0.1257716049382716
21191,14723.0,64669.0,793.0,6299.0,0.13605334180028575,0.25339948548327823,0.04520268299795859
21193,27499.0,42181.0,798.0,13295.0,0.16675441895449417,0.2959017873262322,0.0578129524177203
21195,56727.0,44312.0,858.0,29044.0,0.16388927145021348,0.24695272607478175,0.05182266009852217
21197,13038.0,40309.0,747.0,5647.0,0.15176199752080752,0.3175365344467641,0.057718916781972725
21199,65897.0,51898.0,803.0,31722.0,0.17375953596872834,0.2752384586035864,0.049374280782508634
21201,2283.0,51830.0,548.0,1003.0,0.19242273180458624,0.20493827160493827,0.03841387856257745
21203,16163.0,48862.0,676.0,7391.0,0.11595183331078339,0.2566574839302112,0.04573218480814409
21205,24578.0,54321.0,825.0,10623.0,0.09705356302362798,0.3847998331943286,0.04142011834319527
21207,18221.0,44738.0,681.0,10169.0,0.2563673910905694,0.2919862470245967,0.06447906026557712
21209,59536.0,85158.0,1247.0,23725.0,0.04564805057955743,0.28266054235491567,0.04302270201619305
21211,49096.0,82604.0,1033.0,19531.0,0.053607086170702985,0.2614693789223112,0.04167507161011821
21213,19972.0,59858.0,1012.0,8627.0,0.06978092036629187,0.33320872274143304,0.03556528994576554
21215,20193.0,102618.0,987.0,7712.0,0.052385892116182574,0.1205528188286809,0.04963645176926806
21217,26397.0,60456.0,718.0,11210.0,0.0847457627118644,0.311598440545809,0.0514326533851893
21219,12469.0,61103.0,851.0,5187.0,0.12107191054559475,0.23974555823645535,0.03231166912850812
21221,14315.0,59857.0,803.0,7652.0,0.20805018295870362,0.23052805280528052,0.041652499149949
21223,8550.0,66027.0,863.0,3880.0,0.1283505154639175,0.20283855706682435,0.06183527083848627
21225,13260.0,60327.0,790.0,5846.0,0.1108450222374273,0.2976144671027318,0.026919758412424503
21227,140918.0,65794.0,1002.0,59868.0,0.07057192490144985,0.4435238933918013,0.04442382732556553
21229,12140.0,61616.0,744.0,5244.0,0.07475209763539283,0.22361912613355317,0.0338385618611209
21231,19602.0,45739.0,727.0,10134.0,0.20327610025656206,0.3086450334406738,0.05750962772785623
21233,12842.0,59628.0,783.0,5723.0,0.1397868250917351,0.26223847247613247,0.041110908094281015
21235,36920.0,44615.0,798.0,15629.0,0.13359779896346535,0.3321763532973931,0.053549446040213375
21237,6443.0,30417.0,501.0,3053.0,0.12446773665247297,0.2644968200523756,0.131286394917946
21239,27279.0,83788.0,1138.0,11686.0,0.07461920246448742,0.2825041612724246,0.02530658538314312
22001,56955.0,45562.0,681.0,25107.0,0.11980722507667184,0.3296529254717408,0.07718590482463362
22003,22477.0,46469.0,775.0,9587.0,0.1807656201105664,0.26012223071046603,0.09789473684210526
22005,130314.0,91549.0,1318.0,51940.0,0.08247978436657682,0.1900914890045325,0.04424388523047977
22007,20484.0,51423.0,810.0,10066.0,0.12278958871448441,0.1518686296715742,0.04772702731886405
22009,38905.0,39325.0,757.0,18381.0,0.21435177629073499,0.2993560002769891,0.06925262670983942
22011,36676.0,65944.0,898.0,16126.0,0.14752573483814957,0.1518149414417691,0.06821536289546301
22013,12638.0,35011.0,606.0,6886.0,0.19314551263433052,0.2978761699064075,0.06267203048909592
22015,129789.0,69617.0,1174.0,56743.0,0.10427717956399908,0.3490733089363712,0.05922090391605514
22017,230004.0,50705.0,974.0,112612.0,0.1495488935459809,0.3979492748326738,0.08712601205273798
22019,207088.0,67564.0,1109.0,95523.0,0.18389288443620908,0.2722141693497697,0.05435171279410713
22021,9500.0,47028.0,830.0,4667.0,0.20377115920291408,0.31081808396124866,0.10063897763578275
22023,5015.0,75278.0,1688.0,3463.0,0.41726826451054,0.046085232903865216,0.02058165548098434
22025,8583.0,50275.0,821.0,4470.0,0.28389261744966443,0.22024367385192128,0.08916990920881972
22027,13833.0,32831.0,674.0,6810.0,0.24302496328928047,0.3117361784675073,0.05112818050888142
22029,18174.0,39943.0,771.0,9040.0,0.2502212389380531,0.2577456476836825,0.11696255408026257
22031,27026.0,48578.0,687.0,12697.0,0.1727179648735922,0.2284843869002285,0.059833598867056116
22033,452938.0,63071.0,1147.0,206591.0,0.14180675828085443,0.4071970444738994,0.07676537085409486
22035,7072.0,33341.0,652.0,3434.0,0.23791496796738498,0.4157432174245319,0.13903061224489796
22037,19271.0,73085.0,911.0,8224.0,0.22166828793774318,0.14372754257147322,0.05879105713497102
22039,32060.0,41915.0,681.0,14577.0,0.138300061741099,0.33755274261603374,0.09812398672122288
22041,19408.0,47020.0,721.0,8926.0,0.1569572036746583,0.26830564784053157,0.0815009874917709
22043,22095.0,64016.0,904.0,9111.0,0.18340467566677643,0.20577956989247312,0.037041420118343195
22045,68599.0,56961.0,897.0,31344.0,0.14446145992853496,0.32745375894988066,0.07259003092474978
22047,29815.0,54000.0,827.0,13544.0,0.16597755463673952,0.24893767705382436,0.06126513702995538
22049,14884.0,44925.0,736.0,7230.0,0.22876901798063623,0.2998565279770445,0.07411347517730496
22051,430920.0,65252.0,1190.0,194418.0,0.0895750393482085,0.3736998807929809,0.061593286584664904
22053,31924.0,57341.0,848.0,14229.0,0.15187293555414996,0.2292011932383162,0.047140024965122256
22055,247997.0,67451.0,1057.0,112184.0,0.10055801183769522,0.3451929080403952,0.05108543721521586
22057,96252.0,63135.0,928.0,41447.0,0.08890872680773035,0.201207563158731,0.041505460039834255
22059,14789.0,68497.0,657.0,6202.0,0.18590777168655273,0.19449395919984155,0.04875776397515528
22061,48174.0,39172.0,825.0,20827.0,0.11235415566332164,0.46243306106994103,0.03783357174567158
22063,148115.0,80122.0,1151.0,59981.0,0.10645037595238492,0.1927755802671841,0.04189072843008567
22065,9513.0,35456.0,649.0,4379.0,0.30280886047042704,0.46871929249918115,0.054682589566310495
22067,24551.0,39454.0,839.0,11898.0,0.17893763657757605,0.314361756576927,0.09417926672596107
22069,36693.0,46292.0,786.0,18746.0,0.2260748959778086,0.39054314860766476,0.05611261087543386
22071,371853.0,56631.0,1251.0,195552.0,0.20317358042873507,0.4882332933301673,0.07532442189481901
22073,158480.0,54688.0,959.0,71172.0,0.1360506940931827,0.39031371464814846,0.06500202456471858
22075,22803.0,86315.0,1573.0,9736.0,0.15591618734593263,0.24202969092236554,0.04218662693238964
22077,20217.0,65961.0,817.0,11096.0,0.24882840663302092,0.19964007198560288,0.06983638959042494
22079,127527.0,54967.0,950.0,58573.0,0.16422242330083828,0.35173836662989744,0.051473784888270584
22081,7443.0,49167.0,729.0,3615.0,0.14246196403872752,0.2267741935483871,0.036426116838487975
22083,19822.0,53544.0,903.0,8734.0,0.1710556446072819,0.3320441988950276,0.08893034825870647
22085,21977.0,50329.0,701.0,13711.0,0.3592735759609073,0.19749573136027318,0.06588773789448325
22087,44419.0,58651.0,1082.0,18248.0,0.11119026742656729,0.29853875084777115,0.0756870621662666
22089,51396.0,80897.0,1210.0,20694.0,0.1008021648787088,0.1794926913155632,0.06749247510997916
22091,10858.0,41934.0,870.0,5355.0,0.22016806722689075,0.21048850574712644,0.17586733580624045
22093,19528.0,65531.0,903.0,8678.0,0.13079050472459092,0.15564099164788545,0.04116599910992434
22095,40743.0,66630.0,1334.0,17822.0,0.1498148355964538,0.22538278775079199,0.10857377976649694
22097,81670.0,44462.0,748.0,37229.0,0.13553949877783447,0.29928844420967593,0.0633860788438672
22099,51353.0,55960.0,870.0,23828.0,0.17831962397179787,0.22273864855202002,0.04001883239171375
22101,47828.0,52576.0,848.0,22507.0,0.17967743368729727,0.3136001733196122,0.05370654270313041
22103,272421.0,81202.0,1332.0,113911.0,0.07750787895813398,0.21132068289526273,0.04763074815344293
22105,136738.0,56760.0,1003.0,60006.0,0.13343665633436658,0.29729417873420644,0.059613293622653996
22107,3935.0,36615.0,601.0,2792.0,0.4348137535816619,0.2579214195183777,0.11438784629133154
22109,106186.0,64836.0,1065.0,47392.0,0.1110946995273464,0.24670638782728416,0.04681778911424692
22111,20821.0,42885.0,778.0,10431.0,0.18435432844406097,0.22155618241654912,0.05076326629512964
22113,57123.0,55707.0,848.0,26142.0,0.16620763522301277,0.26636693122906824,0.05173303688410688
22115,47117.0,57270.0,1068.0,22156.0,0.17403863513269544,0.44,0.056830341219831174
22117,45120.0,45380.0,774.0,21439.0,0.17365548766267083,0.30701061187627005,0.0988627406823556
22119,35820.0,41182.0,795.0,18377.0,0.22000326495075365,0.33158922840798105,0.05148878987198529
22121,27974.0,87299.0,973.0,12057.0,0.08982333913908933,0.23191179150719884,0.06992454186130076
22123,9464.0,49134.0,740.0,4715.0,0.18345705196182396,0.23896103896103896,0.05736040609137056
22125,15327.0,77452.0,1049.0,5162.0,0.22006974041069352,0.24316939890710382,0.04136972014601078
22127,13467.0,48871.0,774.0,6362.0,0.2470921093995599,0.28830897703549063,0.051542366263178443
23001,113423.0,67873.0,1010.0,50471.0,0.06970339402825385,0.32134261921495966,0.043299877932998776
23003,67058.0,56700.0,784.0,38450.0,0.22153446033810142,0.25481090471735934,0.05258865363912178
23005,308827.0,95677.0,1589.0,153286.0,0.1377686155291416,0.3019112039222807,0.03115358953449249
23007,30413.0,58675.0,802.0,21234.0,0.40307996609211644,0.237396449704142,0.04600747536527353
23009,56460.0,72744.0,1061.0,40765.0,0.37269716668710906,0.21464883466291257,0.04597780381884607
23011,126808.0,69077.0,992.0,63521.0,0.14497567733505454,0.263404035940492,0.03927082016934159
23013,41003.0,74096.0,1165.0,24564.0,0.24751669109265592,0.2127786193464618,0.03879923480649433
23015,36099.0,76875.0,1055.0,23922.0,0.30641250731544184,0.1750241080038573,0.029199173932996786
23017,59255.0,60173.0,836.0,36855.0,0.34500067833401166,0.19382767191383596,0.042884303922259
23019,154710.0,66356.0,1041.0,75683.0,0.13823447802016306,0.29455236810229835,0.03612823989970064
23021,17263.0,61345.0,837.0,14680.0,0.42881471389645776,0.21216457960644008,0.03591918184085807
23023,37285.0,87806.0,1098.0,19239.0,0.1451738655855294,0.22163443998540677,0.04604765983172956
23025,50959.0,58179.0,910.0,30137.0,0.22988353187112187,0.22581757076995992,0.03501553446972878
23027,40192.0,72782.0,1021.0,22252.0,0.21490203127808735,0.1807670291929021,0.03725759657963048
23029,31331.0,56024.0,783.0,21726.0,0.3470035901684618,0.20342567138930007,0.06291988730766453
23031,216731.0,88333.0,1339.0,115091.0,0.20573285487136267,0.22675111854987803,0.034083018612291904
24001,67452.0,59603.0,805.0,32720.0,0.16314180929095354,0.29285662113797384,0.049936115843270866
24003,598166.0,124911.0,2071.0,236262.0,0.048734032557076465,0.24870521650915692,0.03720858712809457
24005,850796.0,91768.0,1627.0,350821.0,0.051365226140966475,0.3362159368511513,0.04886924588302605
24009,94313.0,133922.0,1759.0,36119.0,0.07347933220742546,0.12795457941132526,0.026880293907541587
24011,33669.0,68457.0,1105.0,13531.0,0.07656492498706674,0.28147258903561423,0.05685243188936824
24013,175321.0,118211.0,1427.0,66768.0,0.03718847352024922,0.1565217391304348,0.03466921453545142
24015,104960.0,92007.0,1377.0,44355.0,0.08477060083417878,0.24727183150634316,0.05464657201427378
24017,170527.0,122816.0,1920.0,63813.0,0.046040775390594396,0.17933470225872689,0.04846551200243087
24019,32754.0,61839.0,1032.0,16433.0,0.1756830767358364,0.3443082828879374,0.05713555314117722
24021,287048.0,122002.0,1774.0,108924.0,0.03937607873379604,0.22975103932718496,0.033111152059677594
24023,28615.0,67688.0,765.0,18642.0,0.3252869863748525,0.20281443790745746,0.04351541912969162
24025,263757.0,112265.0,1586.0,105468.0,0.03482572913111086,0.20337934083206444,0.03825128893283424
24027,336328.0,149763.0,2099.0,125286.0,0.033690915186054306,0.2852352042291331,0.034934257880537806
24029,19346.0,80147.0,1209.0,10363.0,0.18044967673453632,0.27457906511244556,0.029508523576911576
24031,1065949.0,132450.0,2068.0,406531.0,0.04260683687098893,0.34703887361578584,0.04929110187279104
24033,959754.0,101798.0,1799.0,365506.0,0.048595645488719745,0.37686343977178616,0.06377235491159541
24035,51825.0,112826.0,1619.0,22038.0,0.09669661493783464,0.17089466016978952,0.03834528328412765
24037,115126.0,119446.0,1747.0,46385.0,0.0851352808019834,0.26833349043265153,0.03561496064319304
24039,24822.0,64943.0,1013.0,10928.0,0.23609077598828698,0.268806899856253,0.0746007212776919
24041,37917.0,84811.0,1256.0,19720.0,0.16668356997971603,0.2492545487738088,0.04332311123501533
24043,155709.0,77747.0,1147.0,64145.0,0.06745654376802557,0.3323748704403357,0.042168108942107735
24045,104914.0,76210.0,1327.0,44127.0,0.08287443062070841,0.3772424017790956,0.05885207887688519
24047,53700.0,81745.0,1159.0,56867.0,0.5755710693372255,0.2203762015246934,0.06708344251862389
24510,573243.0,62177.0,1331.0,295032.0,0.13342281515225468,0.5248877450443544,0.06536816552999654
25001,231668.0,95241.0,1678.0,166215.0,0.36361339229311435,0.18930391294893975,0.050185653006900525
25003,129430.0,76013.0,1097.0,70004.0,0.1774041483343809,0.30080750195363376,0.05360397066449367
25005,582270.0,85625.0,1245.0,245025.0,0.045709621467197224,0.37710253394632737,0.05462370018236847
25007,20933.0,125786.0,1277.0,17822.0,0.5744585343956907,0.17919303797468356,0.06562681490085456
25009,813054.0,101883.0,1756.0,329776.0,0.050425137062733494,0.36503303560308736,0.05107706171941745
25011,70944.0,74907.0,1177.0,34528.0,0.08566960148285449,0.2986062717770035,0.05382421297274456
25013,462815.0,71306.0,1136.0,197591.0,0.06639978541532762,0.37778837866114456,0.06013996498670465
25015,162028.0,87001.0,1388.0,66786.0,0.06995478094211362,0.32195640274334286,0.049958834560673286
25017,1638365.0,130847.0,2201.0,664267.0,0.04524084441948795,0.3868120432345498,0.043510537081212136
25019,14483.0,139688.0,2213.0,12594.0,0.5829760203271399,0.28217821782178215,0.04315372055050152
25021,730082.0,130739.0,2149.0,295227.0,0.04016909022548751,0.3125123514299427,0.04944911820321846
25023,535075.0,114201.0,1747.0,218096.0,0.06857072115031912,0.22386421254202746,0.05093316990163283
25025,785121.0,95631.0,2129.0,357290.0,0.08430966441825968,0.6352474424376542,0.06299558719347212
25027,867788.0,95939.0,1426.0,355185.0,0.05450399087799316,0.34217124344154415,0.05270465341560663
26001,10397.0,54993.0,867.0,10320.0,0.48594961240310075,0.10367577756833177,0.0448814926878467
26003,8762.0,61286.0,714.0,6217.0,0.4320411774167605,0.13707165109034267,0.06803149606299212
26005,121456.0,83283.0,1100.0,52636.0,0.13515464700965119,0.1263125521725759,0.02961922909771671
26007,28880.0,53950.0,673.0,15707.0,0.17113388934869803,0.20001536216299254,0.06177962194559705
26009,24127.0,72054.0,902.0,17723.0,0.3736951983298539,0.1363063063063063,0.039026998128842555
26011,15077.0,58811.0,761.0,9554.0,0.3142139418044798,0.13751526251526253,0.06004828002414001
26013,8191.0,55327.0,616.0,5051.0,0.32033260740447433,0.2149723274104282,0.05144167758846658
26015,63409.0,77500.0,972.0,27780.0,0.11879049676025918,0.12687908496732025,0.043041890157622824
26017,103008.0,61763.0,860.0,48659.0,0.07308000575433116,0.22965212957009512,0.04338900075012831
26019,18310.0,74834.0,1026.0,12326.0,0.37465520038942074,0.12247016087182148,0.030930287889602663
26021,153288.0,65425.0,942.0,77276.0,0.17181272322583985,0.2716917451835185,0.061699993312378784
26023,45300.0,63724.0,959.0,20971.0,0.1938391111534977,0.22329350526440317,0.05661192739844425
26025,133778.0,63177.0,968.0,59602.0,0.10518103419348344,0.27348920930755816,0.06415058705026913
26027,51520.0,70443.0,916.0,25679.0,0.1741500837260018,0.18357146225302967,0.05024460662442858
26029,26108.0,76531.0,949.0,17640.0,0.30459183673469387,0.16507703595011006,0.0335423197492163
26031,25865.0,62875.0,773.0,17788.0,0.3726669664942658,0.1436508647728291,0.06099895579533589
26033,36295.0,62217.0,797.0,20348.0,0.30804010222134853,0.2497159090909091,0.052238341323703384
26035,31218.0,49384.0,765.0,22008.0,0.4310705198109778,0.13121955115406117,0.09473065950662862
26037,79626.0,88210.0,1092.0,33315.0,0.050307669218069936,0.17807136761591708,0.03827832596121129
26039,13369.0,60392.0,862.0,10330.0,0.3968054211035818,0.2036591237361579,0.0815343443354148
26041,36813.0,57809.0,692.0,19845.0,0.19521289997480473,0.17988854799323775,0.0423045162929556
26043,25954.0,65156.0,797.0,13951.0,0.14665615368073973,0.17639647207055859,0.03597823438642086
26045,109130.0,79597.0,1092.0,47753.0,0.04868804054195548,0.2582988465263714,0.04526996009746107
26047,34125.0,78112.0,1112.0,21979.0,0.30888575458392104,0.22962475312705727,0.032187355791416704
26049,403305.0,62281.0,989.0,183903.0,0.09009640952023622,0.2926542125330178,0.08069636942809527
26051,25693.0,55349.0,690.0,17037.0,0.3379116041556612,0.13918439716312056,0.06780828658596595
26053,14319.0,52732.0,623.0,10394.0,0.32759284202424477,0.190155959364716,0.06493705864292293
26055,96166.0,81647.0,1288.0,47003.0,0.142884496734251,0.22828704048452356,0.03813968141453521
26057,41385.0,63556.0,834.0,16081.0,0.08121385485977241,0.21143824027072758,0.04178626628394789
26059,45654.0,64242.0,832.0,21515.0,0.16988147803857773,0.17989921612541993,0.043811869464311086
26061,37693.0,58899.0,840.0,18870.0,0.24191838897721252,0.281999300943726,0.05712045696365571
26063,31113.0,58870.0,788.0,20349.0,0.3046341343554966,0.18183745583038868,0.041376427974366116
26065,283913.0,65526.0,1084.0,126232.0,0.0723746752012168,0.40538532486165196,0.06235209110856264
26067,66574.0,75611.0,884.0,24861.0,0.06057680704718233,0.22706058659815886,0.039343650941637144
26069,25347.0,50066.0,719.0,20061.0,0.41613080105677686,0.17928797063092292,0.06486591151127892
26071,11667.0,55940.0,716.0,9156.0,0.39416775884665795,0.15503875968992248,0.0535181236673774
26073,64565.0,55237.0,913.0,28660.0,0.13070481507327286,0.381632816890102,0.06390379060307728
26075,160060.0,66073.0,985.0,69292.0,0.09744270622871327,0.249648225135913,0.05533997647408769
26077,262375.0,72532.0,1093.0,114908.0,0.06786298604100671,0.3548128092615069,0.05511076006175277
26079,18239.0,68578.0,853.0,11690.0,0.33370402053036785,0.11824367698035691,0.03845688716894425
26081,663150.0,82631.0,1243.0,269136.0,0.04640033291718685,0.29677223278576104,0.041567242267042406
26083,2133.0,52583.0,688.0,2305.0,0.5075921908893709,0.0933920704845815,0.0215311004784689
26085,12563.0,50805.0,875.0,13461.0,0.6144417205259639,0.18015414258188825,0.0738694495600573
26087,88837.0,77306.0,988.0,37147.0,0.062212291705925106,0.1395682627167298,0.05064306838762925
26089,22734.0,99422.0,1228.0,15759.0,0.3879687797449077,0.08377397615344738,0.034306349684020465
26091,98415.0,70518.0,987.0,43761.0,0.11174333310481936,0.20444547348923361,0.04723688692098093
26093,195833.0,103039.0,1287.0,80367.0,0.04880112483979743,0.13134933612401073,0.034229923955112124
26095,6271.0,54893.0,675.0,4067.0,0.3963609540201623,0.17433808553971486,0.09919210053859964
26097,10957.0,63909.0,760.0,10597.0,0.5093894498442956,0.2211963839199846,0.07971163748712667
26099,879853.0,77837.0,1211.0,373413.0,0.039487109447180466,0.24984665484514929,0.05729950290786921
26101,25350.0,63516.0,842.0,15713.0,0.32788137211226376,0.14241075655714422,0.06358059118795314
26103,67112.0,65429.0,949.0,33607.0,0.1592525366739072,0.3035215006193594,0.04616159521199372
26105,29207.0,64748.0,896.0,17596.0,0.2725051147988179,0.21685805796422156,0.045440752541344255
26107,41242.0,60951.0,934.0,21139.0,0.20961256445432613,0.23084749820445297,0.0397642015005359
26109,23247.0,56435.0,692.0,13262.0,0.21874528728698536,0.1932245922208281,0.041647299432927394
26111,83757.0,77705.0,1016.0,37160.0,0.058315392895586654,0.21921527162575372,0.04368070953436807
26113,15207.0,66194.0,891.0,8680.0,0.31923963133640554,0.15129463530208156,0.06744909502262443
26115,155505.0,77335.0,1059.0,66594.0,0.05353335135297474,0.18288406923796982,0.051258635750019856
26117,67816.0,67344.0,869.0,28147.0,0.12917895335204463,0.16853657541511974,0.050276439587442205
26119,9516.0,49756.0,686.0,8925.0,0.44862745098039214,0.12091038406827881,0.05307182001730603
26121,175961.0,65024.0,1028.0,75266.0,0.10009831796561529,0.21940884663083918,0.06442850675498582
26123,50792.0,63304.0,904.0,24931.0,0.21178452528979985,0.1345478601597883,0.04355431170194158
26125,1279825.0,97760.0,1376.0,561348.0,0.05502469056627974,0.273272254269879,0.047865000932314
26127,26915.0,62417.0,759.0,15723.0,0.3373402022514787,0.15548517132162396,0.0648193558934118
26129,20885.0,54666.0,823.0,15325.0,0.38858075040783036,0.16286019210245464,0.062485122589859554
26131,5850.0,54398.0,540.0,5238.0,0.3988163421153112,0.12924738012067322,0.05328049317481286
26133,23227.0,58267.0,807.0,12638.0,0.2596929893970565,0.16299700726806327,0.06386622343104664
26135,8425.0,49515.0,681.0,7719.0,0.5092628578831455,0.1275079197465681,0.08047834518422754
26137,25584.0,68183.0,1008.0,14882.0,0.24532992877301438,0.22776244323746772,0.04021508633747349
26139,301203.0,90502.0,1211.0,117604.0,0.05341655045746743,0.2072725966116311,0.035236108006061057
26141,13209.0,59321.0,683.0,9802.0,0.32105692715772294,0.11269722013523667,0.06533333333333333
26143,23737.0,55246.0,816.0,23213.0,0.5011846809977168,0.14560842905259522,0.04738580703952614
26145,188665.0,60622.0,947.0,86208.0,0.09569877505567928,0.2589599527950948,0.06401972647777346
26147,160221.0,71270.0,1029.0,72799.0,0.0684487424277806,0.19219653179190752,0.057232179555843414
26149,60969.0,66425.0,849.0,27302.0,0.13486191487803093,0.23878069432684165,0.059025534663901265
26151,40462.0,58863.0,807.0,21756.0,0.19488876631733776,0.17418360356245718,0.05961177897871402
26153,8128.0,56782.0,705.0,5956.0,0.3468770987239758,0.13367609254498714,0.06195715112912565
26155,67991.0,67404.0,899.0,30354.0,0.07340054029123015,0.19874848894261538,0.03995218885402659
26157,52980.0,63811.0,819.0,24011.0,0.1046603639998334,0.13587310447483486,0.05980470223377059
26159,75795.0,68114.0,870.0,37405.0,0.18133939312926078,0.1943374044804389,0.04167845622771773
26161,369822.0,89180.0,1463.0,159782.0,0.05777872351078344,0.3838060445034872,0.04590953870969389
26163,1772259.0,60539.0,1132.0,801083.0,0.12544517858948448,0.3524724125773811,0.08658507452602318
26165,34077.0,61085.0,897.0,16585.0,0.17419354838709677,0.19107768691588786,0.05291355248362987
27001,16056.0,60833.0,869.0,14253.0,0.49329965621272714,0.14705067848241485,0.057755775577557754
27003,370349.0,101869.0,1464.0,141863.0,0.03123435991061799,0.19793788928342745,0.04262474849587068
27005,35343.0,71388.0,920.0,20005.0,0.279680079980005,0.22810548230395558,0.04340732972091126
27007,46512.0,68975.0,1053.0,21729.0,0.16369828340006443,0.29881135813339205,0.04680214656461687
27009,41593.0,74410.0,982.0,17608.0,0.050488414357110406,0.3326753992463664,0.03943238013330467
27011,5127.0,70400.0,745.0,3001.0,0.2882372542485838,0.20271535580524344,0.017948717948717947
27013,69871.0,74477.0,1123.0,29864.0,0.07560942941334048,0.3864015069187858,0.04893792689334234
27015,25800.0,69378.0,890.0,11827.0,0.06764183647586032,0.21102747800852453,0.028911939969101744
27017,36518.0,80573.0,1009.0,15896.0,0.11361348766985405,0.19992902767920512,0.04766264232991932
27019,110041.0,125946.0,1514.0,42270.0,0.025904897090134847,0.18523375834851244,0.030613709201651865
27021,30992.0,68874.0,863.0,24470.0,0.47388639149979567,0.1381078141991611,0.06555634301913536
27023,12377.0,71458.0,869.0,5661.0,0.09450627097685921,0.27701911822083497,0.043506599315626525
27025,57991.0,99400.0,1186.0,22998.0,0.07104965649186885,0.14079760344504774,0.04088304793966271
27027,66059.0,81172.0,1019.0,27559.0,0.04053122391959069,0.3410483321987747,0.041183648566198904
27029,8616.0,64475.0,742.0,4468.0,0.2526857654431513,0.1985624438454627,0.07672436063032809
27031,5635.0,72638.0,886.0,6079.0,0.5542029939134726,0.22324723247232472,0.022192779065915866
27033,11458.0,72941.0,817.0,5168.0,0.10410216718266253,0.2557235421166307,0.028446005267778754
27035,67686.0,72589.0,971.0,42683.0,0.31115432373544505,0.2297462757635535,0.05461575640405993
27037,445771.0,106318.0,1548.0,178879.0,0.02525170646079193,0.25055344627843223,0.03595576035385289
27039,21045.0,95739.0,1020.0,8484.0,0.047265440829797264,0.13435605591983174,0.03289019337016574
27041,39575.0,79043.0,927.0,22332.0,0.21552032957191475,0.23545864489982304,0.029214820693417985
27043,13914.0,66815.0,799.0,6897.0,0.11860229085109468,0.20809343642046388,0.033557989328840215
27045,21414.0,77512.0,797.0,9692.0,0.09997936442426744,0.17436661698956782,0.027154558404558403
27047,30623.0,71023.0,849.0,14116.0,0.08996882969679795,0.2049665265452281,0.046062602965403626
27049,47943.0,84171.0,966.0,21167.0,0.06803042471772099,0.21184163836366401,0.03567849268390459
27051,6127.0,73917.0,797.0,3137.0,0.20624800765062162,0.20843373493975903,0.027526015441423298
27053,1269496.0,97653.0,1487.0,571527.0,0.056049845414127414,0.3729983521565618,0.045254567207002
27055,18653.0,79825.0,879.0,8774.0,0.07294278550262139,0.16621588394393902,0.015727124183006536
27057,21831.0,71995.0,905.0,14765.0,0.39288858787673553,0.16945560017849173,0.0435840062262866
27059,42596.0,87440.0,1273.0,17268.0,0.056462821403752604,0.16295341557724177,0.041060886421711164
27061,45275.0,68603.0,988.0,25679.0,0.2779703259472721,0.16962407637128527,0.05925782008937245
27063,9933.0,75743.0,787.0,4905.0,0.1056065239551478,0.19854114428994757,0.024205748865355523
27065,16390.0,71460.0,962.0,7839.0,0.1626482969766552,0.15463132236441193,0.04594123505976096
27067,44079.0,76592.0,909.0,20337.0,0.13443477405713725,0.27489632449014373,0.03625576796308504
27069,4084.0,76100.0,757.0,2228.0,0.20377019748653502,0.1713641488162345,0.050445103857566766
27071,11833.0,66940.0,671.0,7426.0,0.20926474548882307,0.19567438692098094,0.048186437708077796
27073,6682.0,74432.0,728.0,3469.0,0.15710579417699624,0.17476060191518467,0.02
27075,10879.0,75541.0,1093.0,7449.0,0.33655524231440465,0.16531768514771347,0.02625250501002004
27077,3821.0,77546.0,955.0,3497.0,0.4804117815270232,0.182168409466153,0.01468498342018001
27079,29113.0,94968.0,942.0,13054.0,0.10755324038608856,0.18987124463519314,0.04184468459411912
27081,5603.0,69694.0,674.0,3045.0,0.19704433497536947,0.18568507157464212,0.02657091561938959
27083,25503.0,75303.0,781.0,11269.0,0.10302600053243412,0.27502967946181245,0.032044954058774396
27085,36798.0,80084.0,941.0,15972.0,0.0473954420235412,0.22569832402234638,0.03325853901770132
27087,5358.0,59441.0,696.0,2547.0,0.259913623871221,0.2673740053050398,0.09841129744042365
27089,8909.0,72543.0,690.0,4396.0,0.13989990900818927,0.1697963501719122,0.034708136128014426
27091,19780.0,59507.0,761.0,9729.0,0.09147908315345873,0.31100803258287135,0.04156133077156436
27093,23468.0,75446.0,904.0,10735.0,0.12929669306008384,0.20744623943511287,0.031772298527221576
27095,27125.0,72729.0,903.0,13069.0,0.1834111255643125,0.22142053973013492,0.03972553268327916
27097,34249.0,69446.0,788.0,16256.0,0.13361220472440946,0.19397898324339677,0.03985357501328453
27099,40343.0,73074.0,927.0,17014.0,0.07611378864464559,0.22418728926776513,0.0392842862854858
27101,8097.0,74033.0,810.0,4401.0,0.17995910020449898,0.17761152673870878,0.026928675400291122
27103,34411.0,79756.0,970.0,13596.0,0.043689320388349516,0.27788032610367636,0.0217094196804037
27105,22041.0,66101.0,896.0,8396.0,0.08599333015721772,0.2582746937711754,0.032411913568230484
27107,6367.0,72260.0,774.0,3223.0,0.16227117592305307,0.20555555555555555,0.0525164113785558
27109,164498.0,95406.0,1370.0,71151.0,0.05949319053843235,0.29431543082578676,0.03557901478594066
27111,60475.0,72255.0,868.0,36698.0,0.3144858030410377,0.2051516476527408,0.047821251642907694
27113,13791.0,77325.0,862.0,6799.0,0.0870716281806148,0.27839536007733207,0.0287834207496482
27115,29640.0,71146.0,877.0,17284.0,0.2870284656329553,0.18388379453055262,0.05599088189200741
27117,9284.0,69628.0,754.0,4325.0,0.08184971098265896,0.191891211281793,0.0320186598812553
27119,30705.0,73107.0,855.0,14697.0,0.15901204327413757,0.2872977346278317,0.03587079003380493
27121,11418.0,76220.0,902.0,6424.0,0.22820672478206724,0.1645824929407019,0.012597066436583261
27123,542945.0,81568.0,1329.0,233870.0,0.05363235985804079,0.39391940432030437,0.04867271619150809
27125,3915.0,77188.0,583.0,1878.0,0.11022364217252396,0.16576900059844404,0.010848126232741617
27127,15350.0,67866.0,757.0,7110.0,0.11490857946554149,0.2161131415858891,0.02562345848177583
27129,14558.0,70625.0,790.0,6916.0,0.12434933487565067,0.19831571994715985,0.02547156822249759
27131,67917.0,83181.0,1083.0,25295.0,0.0712393753706266,0.23730472906823308,0.04550339366515837
27133,9621.0,71295.0,698.0,4256.0,0.05192669172932331,0.23444857496902108,0.02608862459236524
27135,15302.0,74474.0,880.0,7224.0,0.12846068660022147,0.2079097839898348,0.03741114852225964
27137,200123.0,70069.0,1013.0,104263.0,0.16446869934684405,0.28806749698674167,0.046157606570199454
27139,154557.0,119314.0,1568.0,56671.0,0.029997706057772053,0.16190354914409416,0.03456707419192765
27141,100560.0,105466.0,1127.0,37099.0,0.04161837246286962,0.16754324286316974,0.029897035107306787
27143,15005.0,77634.0,855.0,6523.0,0.09106239460370995,0.19227525721032215,0.03779468629163028
27145,160865.0,77066.0,1068.0,66625.0,0.07837898686679175,0.3214826637134993,0.04111910869049368
27147,37439.0,84196.0,1061.0,15995.0,0.053579243513597996,0.20597172678028802,0.03405477484870243
27149,9739.0,75733.0,951.0,4182.0,0.0700621712099474,0.36616096682951915,0.019542700801250732
27151,9748.0,60412.0,920.0,4706.0,0.12430939226519337,0.27614656636738655,0.04434876210979548
27153,25575.0,67662.0,908.0,13008.0,0.21517527675276754,0.17024194338328927,0.04097884695147242
27155,3243.0,62989.0,615.0,1896.0,0.30854430379746833,0.18154080854309687,0.045454545454545456
27157,21565.0,82007.0,830.0,10291.0,0.11029054513652706,0.16688510266491918,0.02209750964573834
27159,14256.0,61467.0,746.0,7021.0,0.13388406209941603,0.2642657457654991,0.054906023383158205
27161,18885.0,76261.0,883.0,7922.0,0.05617268366574098,0.19259061120770363,0.024971267370180756
27163,276238.0,115345.0,1710.0,109307.0,0.03412407256625834,0.18708620248728416,0.03372446820657832
27165,11205.0,71699.0,834.0,4881.0,0.13398893669330056,0.22167021528270642,0.05251520176893311
27167,6371.0,71410.0,564.0,2983.0,0.10995641971169963,0.2033898305084746,0.04802527646129542
27169,49779.0,70744.0,907.0,21855.0,0.07330130404941661,0.3051399792623315,0.022864734468412404
27171,148269.0,107209.0,1288.0,57416.0,0.05932144350006967,0.15904462136641362,0.027319618908914375
27173,9451.0,74000.0,678.0,4488.0,0.09313725490196079,0.15995085995085995,0.03542009884678748
28001,28803.0,43644.0,734.0,14928.0,0.2320471596998928,0.3186496859734822,0.06396283723423263
28003,34289.0,51260.0,751.0,16283.0,0.11220291101148437,0.32214997232982845,0.046214419415219775
28005,12565.0,37222.0,670.0,7346.0,0.2036482439422815,0.17623931623931624,0.0580922782691848
28007,17526.0,51639.0,825.0,8342.0,0.2055861903620235,0.24717066545948393,0.05419580419580419
28009,7589.0,46016.0,731.0,4091.0,0.24859447567831827,0.1402081977878985,0.031315240083507306
28011,29534.0,39585.0,685.0,13673.0,0.12857456300738682,0.3735627360469996,0.0710517059444249
28013,12922.0,43125.0,662.0,6750.0,0.16874074074074075,0.2801639636428444,0.046875
28015,9686.0,59327.0,662.0,4964.0,0.14222401289282838,0.16322217003287928,0.016184404119666502
28017,16915.0,43586.0,670.0,7851.0,0.14991720799898103,0.2969733293377285,0.048563218390804595
28019,8118.0,50919.0,638.0,4375.0,0.20822857142857143,0.20554272517321015,0.09826419535157399
28021,8582.0,31897.0,660.0,3959.0,0.24021217479161405,0.23470744680851063,0.0691348696637703
28023,15314.0,46108.0,801.0,7645.0,0.2223675604970569,0.17712363330529857,0.07017268445839875
28025,18383.0,43125.0,817.0,9052.0,0.13775961113566063,0.28673926969891095,0.07233674854956178
28027,20540.0,37461.0,749.0,10189.0,0.1751889292374129,0.4790575916230366,0.09892729439809297
28029,27855.0,49089.0,766.0,12475.0,0.1935871743486974,0.25596421471172964,0.05761606906880451
28031,18148.0,45051.0,662.0,8397.0,0.1279028224365845,0.22477126860576266,0.034505640345056404
28033,191301.0,85297.0,1451.0,75437.0,0.059002876572504206,0.22128306990110727,0.03227644959054504
28035,78272.0,53640.0,972.0,33753.0,0.10742748792699908,0.428286918710791,0.06687055074400555
28037,7622.0,52939.0,725.0,4329.0,0.2899052899052899,0.18314899154196487,0.03967168262653899
28039,25170.0,59758.0,844.0,10373.0,0.10324881904945532,0.17888626101913566,0.0746086602968083
28041,13615.0,54276.0,802.0,5190.0,0.20828516377649325,0.17838890240934535,0.11890547263681592
28043,21217.0,48804.0,807.0,10444.0,0.18958253542703946,0.3341209829867675,0.04917861253531443
28045,46167.0,67708.0,977.0,23715.0,0.14665823318574742,0.20763947225379256,0.0501627768352515
28047,210891.0,59479.0,1115.0,94898.0,0.12160424877236611,0.3782720314786823,0.07147735989827979
28049,218533.0,49402.0,1061.0,106340.0,0.15762648109836375,0.416564334992967,0.07525187692068308
28051,16191.0,32538.0,590.0,7595.0,0.18933508887425937,0.389800227383466,0.09536307961504811
28053,7395.0,33731.0,641.0,3509.0,0.17355371900826447,0.38310344827586207,0.1251696065128901
28055,928.0,31429.0,339.0,421.0,0.16864608076009502,0.34,0.05102040816326531
28057,24036.0,55546.0,811.0,10539.0,0.08729480975424614,0.21041688325189728,0.05096212986556541
28059,145249.0,66201.0,1101.0,63558.0,0.0930016677680229,0.27335334015646956,0.06705008736167735
28061,16059.0,48660.0,724.0,8133.0,0.18271240624615762,0.1785768015646156,0.06221956326652707
28063,7068.0,38305.0,448.0,3390.0,0.26430678466076696,0.17080994386527668,0.01840736294517807
28065,11117.0,38548.0,757.0,5702.0,0.21904594878989828,0.15540085335728723,0.09565217391304348
28067,66472.0,52216.0,869.0,28826.0,0.13421910774994797,0.2489882598068678,0.04000277556118378
28069,8729.0,46431.0,677.0,3948.0,0.18363728470111448,0.21005274588892336,0.10821382007822686
28071,58327.0,67185.0,1085.0,28714.0,0.3367695200947273,0.36226633060281455,0.021099244594946602
28073,65713.0,70909.0,1126.0,27685.0,0.08322196135091205,0.3047161262361609,0.04825402624288367
28075,71504.0,50817.0,953.0,33551.0,0.14437721677446275,0.34897411781098686,0.05803744351194319
28077,11786.0,43531.0,753.0,5783.0,0.2379387860971814,0.16496482868164283,0.09172059808078555
28079,21319.0,50728.0,765.0,9078.0,0.18330028640669752,0.23253304558942542,0.06215659340659341
28081,83034.0,67863.0,957.0,37654.0,0.13446114622616456,0.29222791568224354,0.050592649653355866
28083,27141.0,35277.0,689.0,12619.0,0.19145732625406134,0.47554640791923947,0.11607864260705629
28085,34877.0,51119.0,760.0,15966.0,0.17587373167981962,0.25072199422404623,0.03182568050591147
28087,57838.0,53812.0,930.0,27168.0,0.15319493521790342,0.3872033382595845,0.06326063381130256
28089,111647.0,83441.0,1186.0,47440.0,0.07426222596964586,0.28683653255003755,0.03734812466983624
28091,24193.0,45110.0,818.0,11163.0,0.18283615515542417,0.22780092085069065,0.07468719923002888
28093,33979.0,53458.0,868.0,15519.0,0.15026741413750885,0.20876620914537045,0.043793694763223846
28095,33747.0,51866.0,768.0,16843.0,0.1750282016267886,0.2367758186397985,0.06311797372341867
28097,9602.0,41748.0,734.0,5454.0,0.24147414741474146,0.2422044960116026,0.047248052274440816
28099,28932.0,57013.0,839.0,12116.0,0.15128755364806867,0.21919673247106874,0.07471218737594283
28101,21093.0,50540.0,638.0,9160.0,0.1579694323144105,0.2093867496434591,0.04737091425864519
28103,10025.0,33833.0,677.0,4728.0,0.16539763113367173,0.26989356310187534,0.08615630834889304
28105,51771.0,46695.0,915.0,25618.0,0.1474744320399719,0.5202380952380953,0.05775564302353603
28107,32808.0,45945.0,874.0,14717.0,0.16341645715838826,0.28898635477582846,0.066029279952196
28109,57458.0,58135.0,906.0,25442.0,0.14000471661032937,0.19611517367458867,0.06106455617628802
28111,11449.0,49634.0,755.0,5498.0,0.15478355765732993,0.18463524854744998,0.01993656547349343
28113,39602.0,43814.0,919.0,19200.0,0.21838541666666667,0.3321116812154328,0.05810690139048348
28115,31550.0,51484.0,864.0,14221.0,0.16890514028549328,0.3024790591420594,0.031122949670545352
28117,25184.0,49724.0,637.0,11050.0,0.13167420814479638,0.2249088066701407,0.034504734158776404
28119,5774.0,32412.0,672.0,3026.0,0.12656972901520158,0.35338630344305716,0.1235632183908046
28121,158854.0,79357.0,1270.0,64415.0,0.06647519987580533,0.23176957743668203,0.04352629253203712
28123,27718.0,48786.0,888.0,11483.0,0.1564922058695463,0.2867024571546562,0.05488126649076517
28125,3872.0,40000.0,623.0,1650.0,0.13818181818181818,0.33473980309423346,0.0905373831775701
28127,25691.0,56381.0,852.0,11694.0,0.18394048229861468,0.1858954207272346,0.04354136429608128
28129,14132.0,60916.0,664.0,6714.0,0.1671134941912422,0.12571530758226038,0.04448336252189142
28131,18894.0,61413.0,936.0,7670.0,0.1258148631029987,0.19328859060402684,0.09322576514278397
28133,24333.0,39956.0,694.0,9423.0,0.14740528494110156,0.4505850136918098,0.11233125125931896
28135,11764.0,37466.0,732.0,5505.0,0.21780199818346957,0.3548536925220622,0.10184609002281685
28137,28321.0,69704.0,963.0,11694.0,0.05780742260988541,0.24042475948447994,0.04662862291635381
28139,21523.0,52542.0,790.0,9959.0,0.1949994979415604,0.25208931021579145,0.05545563549160672
28141,18660.0,53040.0,682.0,10577.0,0.16479152878888154,0.20455059995472039,0.031540785498489425
28143,9475.0,39364.0,977.0,4812.0,0.21030756442227763,0.6047368421052631,0.13268156424581007
28145,28122.0,55505.0,865.0,12250.0,0.196,0.2534267438318611,0.04449360865290069
28147,13839.0,48905.0,790.0,6917.0,0.23521757987566863,0.19716446124763706,0.06632837984777093
28149,43020.0,59401.0,888.0,21566.0,0.22229435222108876,0.30139518244693536,0.04808129834673138
28151,42765.0,42165.0,833.0,20867.0,0.17990127953227583,0.3980599544206159,0.06275477981282655
28153,19718.0,37619.0,784.0,9143.0,0.15990375150388275,0.14685587814086706,0.06984465789161627
28155,9972.0,58789.0,632.0,5114.0,0.20355885803676182,0.23938129143137737,0.06630211893369788
28157,8162.0,35311.0,686.0,4608.0,0.3088107638888889,0.21601255886970172,0.1336858006042296
28159,17536.0,53031.0,721.0,8231.0,0.13242619365812172,0.26999019745133734,0.0672046751078336
28161,12419.0,49151.0,667.0,6504.0,0.23185731857318573,0.3068454763811049,0.058567919894199884
28163,24835.0,39295.0,790.0,10485.0,0.16385312350977588,0.44690315957568155,0.09698759598346131
29001,25301.0,61536.0,772.0,11389.0,0.19870050048292212,0.38976550515012054,0.041414937396024865
29003,18065.0,75625.0,961.0,7558.0,0.07541677692511246,0.23282770463651975,0.03571428571428571
29005,5187.0,58750.0,631.0,2726.0,0.16104181951577404,0.23174464363795366,0.022605363984674328
29007,24548.0,59448.0,693.0,10561.0,0.1270713000662816,0.2820262501355895,0.042777777777777776
29009,35033.0,58346.0,766.0,17063.0,0.21842583367520366,0.22705458908218357,0.04552400356551636
29011,11690.0,51635.0,805.0,5285.0,0.15723746452223272,0.31881454872025144,0.03261296660117878
29013,16186.0,60733.0,786.0,7192.0,0.14377085650723026,0.25073075673920103,0.059413783997887507
29015,20151.0,52567.0,773.0,13594.0,0.36935412682065616,0.16167036043392044,0.03777991482346476
29017,10559.0,63814.0,694.0,5046.0,0.21898533491874753,0.17711240801826947,0.03456356180433509
29019,188043.0,72758.0,1088.0,81675.0,0.06260177532904805,0.42297745617930566,0.03778823391881229
29021,83568.0,62158.0,902.0,38472.0,0.13082241630276564,0.33658303178922816,0.04159861420440485
29023,42020.0,49089.0,780.0,19303.0,0.14034087965601202,0.35362179100879837,0.048266038459431324
29025,8927.0,64806.0,640.0,4275.0,0.11836257309941521,0.21836030777394536,0.028761587829807464
29027,44741.0,74176.0,887.0,18645.0,0.11584875301689461,0.24476797088262056,0.05078980476212665
29029,43667.0,66387.0,876.0,40072.0,0.5526801756837693,0.17511854951185496,0.043205944798301484
29031,82735.0,68464.0,881.0,36086.0,0.10064845092279555,0.33240894804954707,0.023163620439302094
29033,8411.0,62154.0,822.0,4381.0,0.19607395571787264,0.28080636002271436,0.04307538191835712
29035,5297.0,50000.0,656.0,2676.0,0.2384155455904335,0.3930323846908734,0.03841229193341869
29037,110773.0,87535.0,1205.0,45834.0,0.05733734782039534,0.24366986066749988,0.04153851353635042
29039,14615.0,48181.0,767.0,6946.0,0.16887417218543047,0.25913736358912176,0.025823539149147492
29041,7390.0,71520.0,567.0,3788.0,0.29223864836325236,0.16523685192092502,0.03481460515142938
29043,92915.0,83437.0,1058.0,36643.0,0.040962803263924895,0.24090831483694725,0.033616320595342475
29045,6675.0,51781.0,612.0,3233.0,0.25054129291679555,0.21749896822121337,0.05028735632183908
29047,258122.0,88468.0,1243.0,107719.0,0.05150437712938293,0.3050963580663789,0.03765073060008512
29049,21414.0,70627.0,1008.0,9077.0,0.08240608130439572,0.24252611357906112,0.029748062015503875
29051,77032.0,74876.0,834.0,33533.0,0.07297289237467569,0.3213021939136589,0.029341164453524003
29053,16824.0,70625.0,782.0,7300.0,0.14438356164383562,0.2430355427473583,0.043168215968419715
29055,22797.0,57629.0,795.0,11416.0,0.16082690960056062,0.30762004175365343,0.04866008462623413
29057,7641.0,53750.0,683.0,3774.0,0.18998410174880764,0.2296368989205103,0.03238151309979394
29059,17551.0,53464.0,642.0,7613.0,0.11099435176671484,0.24054373522458627,0.03898405197873597
29061,8477.0,63984.0,696.0,4122.0,0.267345948568656,0.20860927152317882,0.013846153846153847
29063,10876.0,69826.0,817.0,4270.0,0.12599531615925058,0.28858520900321544,0.02323943661971831
29065,14539.0,56312.0,660.0,6822.0,0.17648783347991792,0.24065503737985047,0.04436915133914166
29067,11965.0,45985.0,700.0,5391.0,0.13670933036542385,0.19402664374731413,0.06081946222791293
29069,27493.0,47849.0,648.0,13447.0,0.16286160481891873,0.37718752776050457,0.04759377211606511
29071,105950.0,73165.0,893.0,46312.0,0.07073760580411124,0.2348266567524863,0.04317198919756001
29073,14746.0,64232.0,743.0,7574.0,0.19976234486400846,0.19138755980861244,0.03284368070953437
29075,6245.0,55848.0,636.0,2923.0,0.17003079028395485,0.2559769167353669,0.021897810218978103
29077,303375.0,61479.0,989.0,138982.0,0.05778446129714639,0.4251972111705905,0.03400856389986825
29079,9787.0,51975.0,696.0,4834.0,0.19176665287546546,0.3025339134886102,0.03178068898592916
29081,8190.0,54367.0,703.0,4008.0,0.2028443113772455,0.2863849765258216,0.02491506228765572
29083,22328.0,57926.0,768.0,10714.0,0.13972372596602575,0.2502983617229033,0.04384738314023172
29085,8585.0,39390.0,648.0,5480.0,0.3428832116788321,0.17550680366564844,0.1380697050938338
29087,4240.0,61187.0,650.0,2405.0,0.27484407484407486,0.2276376146788991,0.01828966880869995
29089,10147.0,65938.0,832.0,4374.0,0.1803840877914952,0.21311018131101814,0.037395228884590584
29091,40383.0,50993.0,733.0,18149.0,0.12033720866163425,0.2970247416222988,0.049759954815024
29093,9446.0,48850.0,664.0,4682.0,0.17535241349850492,0.2488992488992489,0.029979674796747968
29095,719976.0,68577.0,1197.0,336288.0,0.08769269197830432,0.40859132067353765,0.046556013769128525
29097,124357.0,60694.0,973.0,54480.0,0.09161160058737151,0.3720018589989695,0.03634091314862606
29099,229458.0,82851.0,979.0,93955.0,0.06009259752008941,0.17769423275090873,0.03196524296062576
29101,54732.0,67272.0,932.0,22731.0,0.07232413884123004,0.3649641959501114,0.04728223264396095
29103,3756.0,57788.0,666.0,1937.0,0.33505420753742904,0.14906832298136646,0.010801591813530414
29105,36390.0,53282.0,809.0,16012.0,0.09080689482887834,0.31790081055089986,0.05338078291814947
29107,33115.0,80612.0,928.0,14221.0,0.11567400323465298,0.24252544529262088,0.030460801915020947
29109,38593.0,61215.0,800.0,16303.0,0.10433662516101332,0.26140254759621967,0.04260039937874418
29111,9924.0,59934.0,644.0,4320.0,0.26273148148148145,0.2370486656200942,0.05112560488112771
29113,63057.0,89278.0,961.0,23790.0,0.040899537620849094,0.2097997107419906,0.036633507026685615
29115,11852.0,61635.0,620.0,5988.0,0.19822979291917167,0.21474692772339096,0.03150424095551324
29117,14364.0,63627.0,768.0,6399.0,0.12361306454133458,0.27692582025677603,0.02736318407960199
29119,23701.0,52375.0,767.0,9828.0,0.12922262922262923,0.32659499883150267,0.06823869104908566
29121,15163.0,62357.0,672.0,7419.0,0.18223480253403423,0.23174550848854458,0.02078454332552693
29123,12729.0,54434.0,808.0,5866.0,0.2016706443914081,0.26329276105060856,0.047660614525139665
29125,8450.0,59455.0,590.0,4261.0,0.19549401548932174,0.21674445740956827,0.047858276044420944
29127,28457.0,62903.0,808.0,12917.0,0.1234032670124642,0.3069857811534046,0.037885731744576844
29129,3482.0,62679.0,590.0,1902.0,0.31545741324921134,0.18970814132104455,0.034640522875816995
29131,25269.0,56736.0,763.0,12541.0,0.21401802089147595,0.2614385715735011,0.052980132450331126
29133,11902.0,48160.0,762.0,5272.0,0.14984825493171472,0.3705934850513164,0.027426612384829654
29135,15262.0,65715.0,735.0,6175.0,0.07222672064777327,0.20841333566067377,0.025364990414393156
29137,8734.0,54516.0,689.0,4467.0,0.22364002686366688,0.2569204152249135,0.017787659811006114
29139,11426.0,65500.0,788.0,5832.0,0.20438957475994513,0.2655172413793103,0.029873321989033842
29141,21717.0,53412.0,721.0,15176.0,0.42679230363732207,0.20324175192550867,0.028945801072066707
29143,15731.0,51881.0,729.0,7876.0,0.1499492127983748,0.3577296489917849,0.033672076444714094
29145,60118.0,66301.0,817.0,24866.0,0.11006997506635567,0.23376564688869808,0.059182171764953224
29147,20774.0,59315.0,786.0,9536.0,0.11283557046979865,0.37706855791962174,0.023952095808383235
29149,8673.0,43069.0,639.0,4321.0,0.21777366350381855,0.25059171597633134,0.05240174672489083
29151,13402.0,76681.0,639.0,6501.0,0.18674050146131366,0.2057877813504823,0.016909278047345978
29153,8873.0,44163.0,631.0,5030.0,0.262624254473161,0.17902399568616878,0.05001515610791149
29155,14958.0,40089.0,695.0,7501.0,0.1557125716571124,0.44418127269856306,0.09685779073534176
29157,18976.0,62981.0,923.0,8552.0,0.120088868101029,0.2348172757475083,0.04908039936941671
29159,43397.0,60430.0,885.0,18673.0,0.08980881486638462,0.3086020240056484,0.038452341097135204
29161,45194.0,58396.0,798.0,20295.0,0.14614437053461443,0.3831727162559871,0.038898774219058914
29163,17711.0,54989.0,778.0,7620.0,0.15695538057742783,0.2669676214196762,0.03939350999008077
29165,110371.0,96227.0,1334.0,46606.0,0.058018280908037595,0.3263860416381942,0.027024338483984348
29167,32444.0,59647.0,814.0,13482.0,0.10554813825841863,0.2838543826187909,0.040135363790186125
29169,53894.0,64466.0,1112.0,19431.0,0.1327775204570017,0.3884042490059937,0.047185095180234914
29171,4642.0,63510.0,521.0,2834.0,0.36803105151729004,0.16973757677275264,0.03986710963455149
29173,10428.0,65388.0,749.0,5056.0,0.21479430379746836,0.14483627204030228,0.048349307774227905
29175,24365.0,53033.0,760.0,10862.0,0.14868348370465845,0.2861468584405753,0.04388828436706565
29177,23145.0,74573.0,782.0,9931.0,0.08206625717450408,0.2274023694602896,0.034286223172143554
29179,6010.0,45028.0,655.0,3461.0,0.32533949725512856,0.20171306209850107,0.10911179173047474
29181,10708.0,42037.0,654.0,5168.0,0.22561919504643962,0.20889555222388806,0.03698435277382646
29183,414535.0,104692.0,1370.0,167163.0,0.03500774692964352,0.1947356348916069,0.029252611376111813
29185,9587.0,53043.0,622.0,5290.0,0.23043478260869565,0.24023581429624172,0.03330902017991733
29186,18571.0,66339.0,780.0,8326.0,0.14280566898871005,0.17037971136331792,0.042163256127726555
29187,66999.0,57477.0,794.0,28945.0,0.1426498531698048,0.3179803352675693,0.04534447057171937
29189,995569.0,82936.0,1209.0,446192.0,0.07248673216911106,0.30764602548272435,0.043338249707031436
29195,23231.0,57931.0,739.0,9813.0,0.17935391827168043,0.30187507761082827,0.031896473161396155
29197,4038.0,61205.0,382.0,1899.0,0.31174302264349657,0.20122417750573834,0.03746223564954683
29199,4686.0,68913.0,511.0,2201.0,0.29577464788732394,0.1761290322580645,0.0023741690408357074
29201,37933.0,62782.0,873.0,16861.0,0.09097918272937548,0.2890324264370066,0.028525033829499325
29203,7177.0,55222.0,574.0,3517.0,0.18055160648279783,0.20055517002081888,0.013022888713496448
29205,5986.0,51594.0,625.0,2950.0,0.18949152542372882,0.22501045587620241,0.01768550557477893
29207,28470.0,57957.0,760.0,13400.0,0.13544776119402985,0.2818299525248166,0.03723117243505743
29209,32048.0,63520.0,896.0,20464.0,0.3388389366692729,0.16711012564671102,0.07055192180495333
29211,5857.0,56964.0,673.0,3010.0,0.3222591362126246,0.2485294117647059,0.024593265228906546
29213,56529.0,56497.0,926.0,30175.0,0.2448053024026512,0.329691065473056,0.03897306709146816
29215,25161.0,50036.0,665.0,11006.0,0.13656187534072325,0.22782279280227297,0.0510320506171559
29217,19687.0,52230.0,734.0,8928.0,0.13149641577060933,0.2870776373484653,0.042231255645889795
29219,37177.0,81209.0,995.0,16161.0,0.14330796361611287,0.19754423979776092,0.03703107390114313
29221,23470.0,56043.0,684.0,10734.0,0.1689957145518912,0.21591928251121076,0.03637490957941511
29223,10862.0,47226.0,665.0,6119.0,0.24448439287465273,0.2491888384166126,0.07340753019180678
29225,40500.0,71155.0,789.0,15493.0,0.0986897308461886,0.2255084503007734,0.038467980570599074
29227,1934.0,47847.0,381.0,1116.0,0.2410394265232975,0.179456906729634,0.01560758082497213
29229,18965.0,47909.0,625.0,8367.0,0.1410302378391299,0.22874634757200502,0.03533204384268214
29510,288512.0,56160.0,997.0,174111.0,0.16782397436118338,0.5471630398023342,0.050450901803607215
30001,9713.0,61268.0,837.0,4981.0,0.1565950612326842,0.3415853368245656,0.012823252831801668
30003,12891.0,58750.0,697.0,4527.0,0.15462778882261985,0.3328978311993729,0.13236108547166328
30005,6949.0,64813.0,660.0,2823.0,0.19234856535600425,0.3429824561403509,0.1362085013962147
30007,7668.0,70374.0,955.0,3178.0,0.11202013845185652,0.1215450035435861,0.0351010101010101
30009,11116.0,80261.0,844.0,6455.0,0.2774593338497289,0.2199828473413379,0.044559770937723696
30011,1308.0,54167.0,824.0,829.0,0.2762364294330519,0.37833333333333335,0.02843601895734597
30013,84606.0,67690.0,939.0,39497.0,0.09828594576803301,0.3146707847816931,0.03300396248181772
30015,5906.0,58218.0,536.0,2885.0,0.25164644714038126,0.31820287169986106,0.03183673469387755
30017,11961.0,70605.0,893.0,5784.0,0.1289764868603043,0.30131004366812225,0.03439275295562721
30019,1494.0,55625.0,581.0,1131.0,0.3510167992926614,0.16893732970027248,0.004895960832313341
30021,8827.0,71334.0,815.0,4381.0,0.17484592558776535,0.2810511756569848,0.026621923937360178
30023,9597.0,57527.0,696.0,5540.0,0.19259927797833934,0.26961770623742454,0.03422619047619048
30025,2760.0,76250.0,779.0,1483.0,0.20566419420094403,0.30560271646859083,0.0
30027,11687.0,63706.0,954.0,6012.0,0.11793080505655355,0.36639637940788233,0.042075965946299934
30029,110695.0,73925.0,1142.0,51680.0,0.1440982972136223,0.27637736531548845,0.029297608613997748
30031,124074.0,93528.0,1694.0,57568.0,0.11035644802668149,0.38943668847017476,0.02306720462974284
30033,1094.0,69583.0,725.0,730.0,0.40821917808219177,0.2777777777777778,0.0
30035,13637.0,46875.0,548.0,5350.0,0.19794392523364485,0.362852481938942,0.10021786492374728
30037,899.0,58333.0,783.0,482.0,0.21991701244813278,0.18882978723404256,0.015424164524421594
30039,3462.0,59265.0,675.0,2602.0,0.4181398923904689,0.2212681638044914,0.03722084367245657
30041,16155.0,52798.0,776.0,7234.0,0.1421067182748134,0.33918788269416694,0.0423866090712743
30043,12774.0,95490.0,925.0,5407.0,0.07601257628999446,0.15812650120096078,0.04189294026377036
30045,2071.0,59000.0,495.0,1261.0,0.2720063441712926,0.27342047930283225,0.000925925925925926
30047,32561.0,63360.0,901.0,16468.0,0.23633713869322323,0.24952290076335878,0.057370846804705236
30049,73464.0,78237.0,1102.0,34082.0,0.08412065019658471,0.29915104917507607,0.03238009576466231
30051,1952.0,57857.0,710.0,837.0,0.13500597371565112,0.3660220994475138,0.006009615384615385
30053,21175.0,47143.0,762.0,11006.0,0.17481373796111213,0.2237392644791896,0.050577663671373556
30055,1670.0,69375.0,556.0,1082.0,0.26247689463955637,0.10150375939849623,0.021251475796930343
30057,9223.0,75250.0,1000.0,6396.0,0.4152595372107567,0.19037433155080213,0.031091662828189773
30059,2007.0,71932.0,1263.0,1450.0,0.3606896551724138,0.2459546925566343,0.0027272727272727275
30061,4959.0,63450.0,801.0,2572.0,0.1640746500777605,0.1888372093023256,0.03104726598702502
30063,120672.0,75598.0,1190.0,56930.0,0.07467064816441243,0.4119478350006644,0.03744533914495563
30065,5152.0,58920.0,1138.0,2663.0,0.19339091250469395,0.1494413407821229,0.09222886421861656
30067,17710.0,70047.0,976.0,9635.0,0.13170731707317074,0.3055223523786756,0.027111458217114807
30069,447.0,60208.0,800.0,311.0,0.28938906752411575,0.27149321266968324,0.0
30071,4221.0,53417.0,536.0,2233.0,0.2095835199283475,0.26458923512747873,0.01790416008425487
30073,6035.0,52338.0,784.0,2754.0,0.17647058823529413,0.32275132275132273,0.05825242718446602
30075,1815.0,67045.0,533.0,972.0,0.2716049382716049,0.211864406779661,0.007134363852556481
30077,7053.0,66923.0,820.0,3006.0,0.19095143047238855,0.2746710526315789,0.023479599692070825
30079,1250.0,51250.0,627.0,687.0,0.2066957787481805,0.1614678899082569,0.009208103130755065
30081,46727.0,71283.0,1054.0,21179.0,0.11889135464375089,0.2062590429237447,0.0319825465348373
30083,11235.0,73084.0,917.0,5610.0,0.21176470588235294,0.32881049298959747,0.032667876588021776
30085,10526.0,57063.0,705.0,4066.0,0.2397934087555337,0.3338725331607894,0.10797034291010195
30087,8165.0,49914.0,672.0,3779.0,0.1876157713680868,0.36351791530944627,0.10594170403587444
30089,13285.0,57476.0,820.0,6808.0,0.19932432432432431,0.18712162905888827,0.05950378469301935
30091,3669.0,70147.0,746.0,2041.0,0.2768250857422832,0.28184281842818426,0.020562770562770564
30093,35785.0,61754.0,863.0,17499.0,0.11886393508200468,0.2917828652960633,0.040669313669880885
30095,9182.0,84732.0,961.0,4657.0,0.1818767446854198,0.17086614173228346,0.030938987451319774
30097,3720.0,77000.0,1149.0,1900.0,0.1831578947368421,0.2029639175257732,0.017623363544813697
30099,6353.0,70430.0,730.0,2945.0,0.16162988115449914,0.2446334548400162,0.010462369220384746
30101,5061.0,57731.0,826.0,2322.0,0.20241171403962102,0.36879049676025916,0.04884318766066838
30103,732.0,67917.0,850.0,460.0,0.21739130434782608,0.31666666666666665,0.010101010101010102
30105,7519.0,71695.0,767.0,4254.0,0.3062999529854255,0.21518129447644865,0.029826897470039946
30107,2056.0,49489.0,730.0,1161.0,0.23944875107665806,0.24462061155152887,0.00819672131147541
30109,1193.0,67462.0,963.0,595.0,0.22521008403361345,0.2754880694143167,0.017142857142857144
30111,168957.0,76570.0,1131.0,74239.0,0.058486779186142056,0.30384708928852455,0.033768977491094206
31001,31052.0,68365.0,857.0,13934.0,0.061576001148270415,0.3025390027531355,0.024409496630032182
31003,6305.0,66105.0,692.0,3149.0,0.16290885995554144,0.2097875569044006,0.017324350336862367
31005,484.0,76250.0,750.0,232.0,0.2025862068965517,0.1945945945945946,0.004166666666666667
31007,742.0,78839.0,975.0,383.0,0.20365535248041775,0.32131147540983607,0.037037037037037035
31009,422.0,69583.0,873.0,301.0,0.34551495016611294,0.2639593908629442,0.013043478260869565
31011,5356.0,74947.0,850.0,2555.0,0.14246575342465753,0.1811958010041077,0.012139605462822459
31013,10714.0,68892.0,752.0,5212.0,0.1356485034535687,0.23174250832408436,0.016042780748663103
31015,1688.0,67045.0,713.0,1203.0,0.38154613466334164,0.14381720430107528,0.022813688212927757
31017,2869.0,54676.0,876.0,1656.0,0.23007246376811594,0.2580392156862745,0.017325017325017324
31019,50579.0,75911.0,936.0,21286.0,0.06116696420182279,0.3360188150520416,0.02556828132114462
31021,6740.0,63685.0,708.0,3333.0,0.12121212121212122,0.24957323318538752,0.011211460604173155
31023,8424.0,79268.0,776.0,4039.0,0.12750680861599406,0.20119182746878547,0.012015416005440944
31025,27161.0,91836.0,996.0,11875.0,0.08783157894736843,0.1456794682422452,0.017151838185048517
31027,8315.0,73578.0,716.0,3899.0,0.11669658886894076,0.20441347270615565,0.017335766423357664
31029,3671.0,68173.0,800.0,1870.0,0.2106951871657754,0.20934959349593496,0.018909899888765295
31031,5498.0,66270.0,916.0,3009.0,0.257892987703556,0.3864755933721451,0.004435346298191744
31033,9533.0,60348.0,821.0,4888.0,0.0867430441898527,0.3326612903225806,0.03386736970188603
31035,6095.0,78986.0,645.0,2817.0,0.11608093716719915,0.18072289156626506,0.019086357947434292
31037,10641.0,82530.0,980.0,3997.0,0.0725544158118589,0.23657944429457783,0.013374862587028215
31039,8975.0,71104.0,789.0,4153.0,0.08331326751745725,0.31074336748095616,0.022254575707154743
31041,10518.0,67906.0,853.0,5334.0,0.15598050243719536,0.31052865393158596,0.02610966057441253
31043,21354.0,70329.0,1069.0,7808.0,0.044697745901639344,0.3609062877061268,0.04810903511147215
31045,8140.0,56280.0,900.0,4037.0,0.14466187763190488,0.3822762814943527,0.01637831603229527
31047,24202.0,69880.0,925.0,9958.0,0.08164290018075919,0.33646801530891196,0.014005163915186605
31049,1847.0,70096.0,872.0,1013.0,0.17374136229022705,0.18399044205495818,0.013761467889908258
31051,5545.0,72454.0,689.0,2515.0,0.13001988071570578,0.23491773308957953,0.02365217391304348
31053,37351.0,74329.0,1060.0,16725.0,0.09309417040358745,0.33082805907172996,0.034344172451589335
31055,590736.0,80391.0,1201.0,251553.0,0.05216793280143747,0.38473765885165456,0.03843461740369472
31057,1736.0,58922.0,656.0,995.0,0.21708542713567838,0.2644415917843389,0.0031512605042016808
31059,5541.0,76295.0,716.0,2724.0,0.13472834067547723,0.19601187950784896,0.003955174686882004
31061,2846.0,60195.0,691.0,1531.0,0.15545395166557804,0.16782675947409126,0.026607538802660754
31063,2569.0,70132.0,666.0,1350.0,0.20444444444444446,0.25977653631284914,0.026066350710900472
31065,4568.0,61048.0,763.0,2516.0,0.20111287758346583,0.23681592039800994,0.010411736867013724
31067,21629.0,67247.0,774.0,10399.0,0.10308683527262237,0.26471534255387585,0.015365033184834984
31069,1761.0,41882.0,700.0,1173.0,0.26854219948849106,0.21328671328671328,0.05419354838709677
31071,1718.0,62804.0,490.0,990.0,0.2919191919191919,0.2396576319543509,0.0273224043715847
31073,2040.0,77500.0,664.0,1212.0,0.3102310231023102,0.1901913875598086,0.023809523809523808
31075,626.0,70147.0,867.0,407.0,0.3022113022113022,0.29225352112676056,0.003048780487804878
31077,2202.0,63929.0,613.0,1215.0,0.21152263374485597,0.1826722338204593,0.035204567078972404
31079,62536.0,69251.0,943.0,25569.0,0.03840588212288318,0.38020091918493515,0.0401476839067978
31081,9464.0,83994.0,794.0,4133.0,0.1221872731671909,0.1703417861080485,0.02288659793814433
31083,2847.0,70625.0,657.0,1884.0,0.3646496815286624,0.14202172096908938,0.012884753042233358
31085,843.0,69250.0,508.0,487.0,0.22587268993839835,0.3209549071618037,0.0
31087,2569.0,51567.0,714.0,1561.0,0.2882767456758488,0.21332133213321333,0.017055655296229804
31089,10102.0,68513.0,714.0,4900.0,0.17346938775510204,0.27728395061728395,0.00854361215974568
31091,647.0,49464.0,592.0,428.0,0.23598130841121495,0.44648318042813456,0.0392156862745098
31093,6534.0,76767.0,777.0,2894.0,0.13476157567380787,0.2176517571884984,0.03750756200846945
31095,7161.0,59044.0,662.0,3679.0,0.14759445501494972,0.2512755102040816,0.01169248757673195
31097,5261.0,57632.0,779.0,2098.0,0.18589132507149667,0.32786885245901637,0.033707865168539325
31099,6713.0,78631.0,857.0,2988.0,0.05823293172690763,0.22530206112295664,0.016712328767123287
31101,8219.0,60645.0,771.0,5435.0,0.2546458141674333,0.28881757590718343,0.020273571079628724
31103,822.0,64000.0,875.0,489.0,0.3824130879345603,0.19205298013245034,0.010230179028132993
31105,3248.0,56712.0,846.0,1782.0,0.1644219977553311,0.2478173270651444,0.007222586999343401
31107,8363.0,64636.0,647.0,4521.0,0.24308781243087813,0.21566335476329632,0.03598531211750306
31109,326696.0,74793.0,1085.0,140324.0,0.04416920840340925,0.410516976574266,0.03154603600237378
31111,33802.0,65148.0,900.0,16624.0,0.10430702598652551,0.3437206178643385,0.03633870414809736
31113,773.0,74271.0,761.0,330.0,0.09393939393939393,0.21070234113712374,0.002457002457002457
31115,578.0,71667.0,688.0,435.0,0.43908045977011495,0.26639344262295084,0.0
31117,475.0,58684.0,588.0,268.0,0.208955223880597,0.3490566037735849,0.0
31119,35532.0,63128.0,881.0,15510.0,0.06756931012250161,0.3455262066104273,0.029765126095897824
31121,7724.0,68354.0,750.0,3598.0,0.10922734852695942,0.1781591263650546,0.0036665851869958446
31123,4534.0,58500.0,768.0,2271.0,0.1554381329810656,0.2273201251303441,0.036419482229047825
31125,3324.0,65179.0,807.0,1606.0,0.1643835616438356,0.27123695976154993,0.036151603498542274
31127,7046.0,60924.0,772.0,3316.0,0.14143546441495777,0.34141201264488935,0.06005434782608696
31129,4087.0,73976.0,585.0,2220.0,0.1355855855855856,0.1651902032308494,0.006001846722068329
31131,16241.0,82188.0,914.0,6999.0,0.0880125732247464,0.17718940936863545,0.027144535840188014
31133,2530.0,62188.0,706.0,1409.0,0.2264017033356991,0.1981651376146789,0.022325581395348838
31135,2821.0,72778.0,922.0,1359.0,0.12288447387785136,0.21308724832214765,0.015191545574636724
31137,9009.0,68919.0,815.0,4170.0,0.06091127098321343,0.3169050051072523,0.011999142918362973
31139,7325.0,72357.0,884.0,3136.0,0.09375,0.21850809289232934,0.0208
31141,34716.0,71552.0,897.0,14325.0,0.04656195462478185,0.28415580612095476,0.019969445656918376
31143,5225.0,69768.0,681.0,2531.0,0.16475701303832477,0.21050141911069065,0.013258897418004187
31145,10557.0,63697.0,819.0,5150.0,0.1254368932038835,0.2697602131438721,0.013795674869500374
31147,7751.0,60108.0,691.0,4073.0,0.12742450282347165,0.22678671918964546,0.03715170278637771
31149,1319.0,58125.0,644.0,809.0,0.2583436341161928,0.30666666666666664,0.011695906432748537
31151,14650.0,79910.0,914.0,5799.0,0.11312295223314364,0.24110441376628428,0.029148853478429847
31153,197389.0,103321.0,1334.0,76780.0,0.034943995832247984,0.296489736426576,0.026072959365115018
31155,23048.0,94066.0,960.0,10276.0,0.1340015570260802,0.17878413304865715,0.02492633590825834
31157,35843.0,63614.0,909.0,16480.0,0.08507281553398058,0.30687093779015784,0.026812479182857778
31159,17641.0,82444.0,980.0,7206.0,0.05800721620871496,0.2799057159693577,0.02129688493324857
31161,5014.0,60121.0,738.0,2704.0,0.22041420118343194,0.25853889943074004,0.019583333333333335
31163,2967.0,63578.0,818.0,1796.0,0.26224944320712695,0.2460377358490566,0.030446549391069014
31165,1171.0,53929.0,745.0,687.0,0.2867540029112082,0.40408163265306124,0.017543859649122806
31167,5796.0,80687.0,902.0,2483.0,0.0684655658477648,0.21746649373108518,0.007397444519166106
31169,4901.0,66213.0,766.0,2497.0,0.16419703644373249,0.22472448490656444,0.01992825827022718
31171,564.0,65000.0,638.0,357.0,0.1484593837535014,0.3190789473684211,0.021021021021021023
31173,6627.0,69177.0,699.0,2290.0,0.13100436681222707,0.38994974874371857,0.09973666886109282
31175,4066.0,61852.0,626.0,2108.0,0.14800759013282733,0.26224944320712695,0.0023584905660377358
31177,21106.0,94396.0,965.0,8711.0,0.03237286189874871,0.1683473721675169,0.0180609219157157
31179,9844.0,66215.0,800.0,3991.0,0.059634176898020544,0.38742339461763925,0.04343025395656975
31181,3360.0,64347.0,647.0,1764.0,0.1536281179138322,0.1942397856664434,0.0068143100511073255
31183,847.0,70250.0,509.0,588.0,0.38945578231292516,0.22284122562674094,0.023109243697478993
31185,14286.0,77757.0,877.0,6370.0,0.10329670329670329,0.24474789915966386,0.015166138149731145
32001,25805.0,79163.0,1319.0,11008.0,0.1355377906976744,0.30117696511139136,0.053183920313055855
32003,2329548.0,76472.0,1626.0,948995.0,0.09112482152171508,0.42217553720618006,0.07590459589159622
32005,49623.0,90754.0,1593.0,24825.0,0.14098690835850958,0.21167643610785464,0.030333623973199945
32007,54047.0,86487.0,1164.0,22177.0,0.11498399242458403,0.28649309624496866,0.04502105301040055
32009,1028.0,41715.0,1320.0,690.0,0.2710144927536232,0.39165009940357853,0.0056657223796034
32011,1585.0,70473.0,969.0,976.0,0.36270491803278687,0.17041800643086816,0.0
32013,17289.0,81073.0,994.0,7768.0,0.1103244078269825,0.2603096512805672,0.057816614795307635
32015,5770.0,89014.0,902.0,2739.0,0.2227090178897408,0.22592766557069047,0.09396709323583181
32017,4405.0,72307.0,919.0,2471.0,0.30513961958721164,0.250436808386721,0.018765133171912834
32019,61680.0,80812.0,1326.0,25436.0,0.06648057870734392,0.23343861865655927,0.06468416876530858
32021,4542.0,54855.0,905.0,2281.0,0.19772029811486191,0.2748633879781421,0.09802876931273309
32023,54344.0,60714.0,1181.0,25289.0,0.1231365415793428,0.22209695603156707,0.08074470798265748
32027,6487.0,66902.0,715.0,2297.0,0.24423160644318676,0.2695852534562212,0.038855678906917164
32029,4140.0,93409.0,1153.0,2038.0,0.07163886162904809,0.039112050739957716,0.06474050294275013
32031,497200.0,88096.0,1608.0,218165.0,0.08648958357206701,0.40133269107257546,0.05131746865850912
32033,8735.0,72865.0,937.0,4160.0,0.19254807692307693,0.2459065197975588,0.04024594745667971
32510,58384.0,72355.0,1248.0,25156.0,0.05819685164573064,0.3766250211041702,0.055119772063737735
33001,64659.0,92783.0,1167.0,39003.0,0.3247442504422737,0.19895963853134374,0.030994679149827
33003,51804.0,86463.0,1195.0,40421.0,0.45951361915835826,0.1664759463541905,0.050630992534202446
33005,77297.0,83329.0,1276.0,35899.0,0.14705144990111146,0.272893533638145,0.03310053118237261
33007,31271.0,57677.0,876.0,20637.0,0.32150990938605417,0.25753463790887016,0.04284412032816773
33009,92120.0,88261.0,1301.0,51920.0,0.2853043143297381,0.2867653003476433,0.03176152887411716
33011,426378.0,103545.0,1623.0,177734.0,0.050603711163874104,0.32612302951286004,0.03076929273725465
33013,155967.0,97004.0,1360.0,66497.0,0.08415417236867828,0.26513521945452456,0.031174007425771935
33015,319082.0,118331.0,1687.0,137794.0,0.07419771543027999,0.21552872932507644,0.03554066120622182
33017,132575.0,88570.0,1488.0,56609.0,0.08000494620996661,0.3289170506912442,0.035414798797531774
33019,43715.0,80858.0,1211.0,21958.0,0.2431915474997723,0.2459381393669515,0.030754640292643274
34001,276270.0,78050.0,1376.0,132199.0,0.17127209736836133,0.3128599724344405,0.08783396078541139
34003,962316.0,124884.0,1914.0,369613.0,0.03919234442511492,0.34664218716121276,0.0583210536882498
34005,467805.0,108111.0,1745.0,186315.0,0.048804444086627485,0.2386723995892158,0.052748950675788685
34007,527257.0,88755.0,1402.0,213774.0,0.05255082470272344,0.3530561864323097,0.06894424335360091
34009,94941.0,91128.0,1360.0,99599.0,0.5493529051496501,0.19675162641475805,0.052663902963304164
34011,153305.0,67436.0,1282.0,57282.0,0.061118676023881845,0.3346720960934159,0.06760065485417904
34013,863002.0,80789.0,1531.0,336962.0,0.05096717137243962,0.5510181745406332,0.08716630700967437
34015,306954.0,105115.0,1531.0,117915.0,0.04554127973540262,0.19876493846905682,0.05272036860117788
34017,718323.0,91795.0,1894.0,320959.0,0.06629195629348297,0.6927609933195854,0.060073253007400046
34019,130160.0,141715.0,1687.0,52115.0,0.024081358534011322,0.14860401101061738,0.04596886254714573
34021,385864.0,100645.0,1623.0,151138.0,0.04647408328812079,0.37848508819406856,0.06305471184568656
34023,871290.0,111549.0,1871.0,317979.0,0.03206815544422745,0.36354952531337115,0.06686865454177948
34025,645353.0,124845.0,1827.0,270415.0,0.06916406264445389,0.2444817887109077,0.054022721337913186
34027,514528.0,137326.0,1904.0,199506.0,0.03138251481158461,0.25709850190173095,0.051964301187072175
34029,654362.0,89863.0,1755.0,296357.0,0.1771984464682798,0.19261984145536268,0.05446108542418953
34031,521012.0,87522.0,1621.0,185816.0,0.03702587505919835,0.4692515759824742,0.08004222007212596
34033,65275.0,79960.0,1253.0,27732.0,0.10406750324534833,0.2902278032681317,0.0741533425657812
34035,349846.0,140374.0,2033.0,133639.0,0.02122883290057543,0.25699148331065275,0.047416702077136504
34037,145807.0,116186.0,1585.0,62865.0,0.08109440865346378,0.1627399726487441,0.05116560702391765
34039,579290.0,103202.0,1730.0,212385.0,0.04288438449043012,0.42637386423451745,0.06511040651891221
34041,110849.0,100869.0,1409.0,46789.0,0.029878817670820065,0.2493666145271089,0.050988670974811856
35001,673930.0,69473.0,1144.0,302746.0,0.05698176028750174,0.3546156675248253,0.05333551570135853
35003,3743.0,49864.0,736.0,3409.0,0.475212672337929,0.06204583566238122,0.04207699194270367
35005,64217.0,52938.0,867.0,26864.0,0.11733174508636093,0.28711201079622134,0.05027673629708981
35006,26845.0,50759.0,759.0,11236.0,0.24323602705589178,0.23909208514641891,0.10500215610176801
35007,12322.0,53554.0,729.0,9607.0,0.4412407619444155,0.28222801788375557,0.037559618441971386
35009,47638.0,57309.0,1024.0,21426.0,0.13212918883599364,0.37332616294702875,0.08159606617835374
35011,1576.0,,387.0,1260.0,0.3492063492063492,0.28536585365853656,0.08436724565756824
35013,224266.0,56848.0,934.0,92436.0,0.08164567917261673,0.3453333176265476,0.06757862738220508
35015,61105.0,78426.0,1245.0,26839.0,0.11993740452326838,0.26651143099068586,0.05500565126554098
35017,27775.0,44958.0,825.0,14755.0,0.23449678075228736,0.2420540061974325,0.08369544681655017
35019,4381.0,42750.0,590.0,2029.0,0.2656481025135535,0.2536912751677852,0.02600216684723727
35021,741.0,48553.0,1038.0,496.0,0.42338709677419356,0.23076923076923078,0.15306122448979592
35023,4041.0,48882.0,814.0,2232.0,0.3378136200716846,0.19215155615696888,0.035046728971962614
35025,73733.0,68015.0,1101.0,28403.0,0.13142977854451995,0.2882448317794893,0.06873408239700375
35027,20224.0,53303.0,956.0,17871.0,0.4404342230429187,0.2319,0.050703596158141614
35028,19435.0,147139.0,1375.0,8713.0,0.053483300814874325,0.25172790105492904,0.00622524052065648
35029,25611.0,36419.0,650.0,11621.0,0.20635057223991052,0.29122845061259894,0.054120817426454075
35031,70431.0,47668.0,859.0,25304.0,0.15614132153019286,0.3022057790474406,0.09039461020211742
35033,4149.0,53663.0,887.0,2923.0,0.3267191241874786,0.1326219512195122,0.03766707168894289
35035,68816.0,55876.0,962.0,32645.0,0.2501148721090519,0.3300653594771242,0.08564631245043616
35037,8564.0,41946.0,712.0,5536.0,0.2071893063583815,0.28411938938254727,0.07425488180883864
35039,40070.0,57155.0,740.0,19862.0,0.21221427852180041,0.2000383460088196,0.049273828423590287
35041,18928.0,52685.0,898.0,8577.0,0.13244724262562668,0.39349549791694666,0.05429661207089971
35043,153604.0,86636.0,1427.0,60925.0,0.06614690192860073,0.164601458827665,0.05175330877336608
35045,120942.0,55872.0,956.0,48255.0,0.13517770179256036,0.2880044090865523,0.07260548963488561
35047,26850.0,49431.0,823.0,14867.0,0.19748436133718975,0.2692984661805381,0.04794343364663275
35049,156105.0,79071.0,1389.0,78834.0,0.10232894436410686,0.28493506860542345,0.05257456111727468
35051,11500.0,41600.0,729.0,8200.0,0.33658536585365856,0.28198529411764706,0.041609635915685735
35053,16200.0,36570.0,691.0,7693.0,0.3150916417522423,0.24900360599734295,0.012553942722636328
35055,34543.0,58950.0,1034.0,21250.0,0.26828235294117647,0.22393723069007654,0.07612793384409583
35057,15490.0,57842.0,872.0,7293.0,0.17016317016317017,0.18258426966292135,0.09032634032634032
35059,4013.0,46694.0,683.0,2101.0,0.3155640171346978,0.2760778859527121,0.06184118060435699
35061,78458.0,58933.0,1015.0,30756.0,0.10316686175055274,0.16818330130877715,0.06954260364081383
36001,317018.0,85333.0,1313.0,147662.0,0.08776123850415138,0.4342145312279608,0.050408028491238
36003,47159.0,62869.0,763.0,23540.0,0.24766355140186916,0.20734048560135518,0.07110179184140297
36005,1404779.0,48676.0,1458.0,559415.0,0.04525262997953219,0.7993353304624602,0.11399017293688846
36007,197378.0,62616.0,941.0,93164.0,0.11977802584689365,0.3546734955185659,0.07094088437994948
36009,76145.0,59540.0,770.0,40356.0,0.20965903459213003,0.2476563724721743,0.04977468854004064
36011,75102.0,67904.0,942.0,36829.0,0.14404409568546525,0.2856870955462505,0.0379687413707406
36013,125544.0,58351.0,812.0,66476.0,0.19680787050965762,0.31148277864139495,0.059210871046058725
36015,82147.0,63716.0,1059.0,39252.0,0.10165087129318251,0.3156372298791901,0.06149523958170751
36017,46321.0,62948.0,875.0,24586.0,0.1910030098430001,0.24620412267471092,0.06410663281497937
36019,78493.0,71224.0,1003.0,37658.0,0.10892771788199054,0.3064429610203838,0.04061778896580659
36021,61100.0,81528.0,1260.0,33393.0,0.202617315006139,0.23705261576595185,0.05440184301464539
36023,46246.0,70418.0,984.0,20841.0,0.0883834748812437,0.3369651034264961,0.04584397396820166
36025,44487.0,63337.0,880.0,30057.0,0.36111388362111985,0.2274644586783315,0.06447522434646898
36027,298220.0,99478.0,1582.0,123169.0,0.0559718760402374,0.3081315846054612,0.052398364693633986
36029,950622.0,72839.0,1090.0,441214.0,0.07150498397602978,0.3417743766248032,0.04871573937305104
36031,36973.0,71661.0,934.0,25484.0,0.35873489248155704,0.2274507404234488,0.03968432919954904
36033,46696.0,65151.0,843.0,25494.0,0.23456499568525926,0.2748283283796249,0.039281650422995106
36035,52487.0,66533.0,912.0,28199.0,0.18912018156672222,0.2862765678299659,0.03460625170306357
36037,57787.0,73314.0,929.0,26176.0,0.04977842298288509,0.2622120371487155,0.045848485878394456
36039,47409.0,77945.0,1004.0,29080.0,0.3578404401650619,0.22769626218271394,0.03936661535078073
36041,5089.0,68835.0,912.0,7911.0,0.6937176083933763,0.17581510524143623,0.044464206313917294
36043,59757.0,68515.0,823.0,32459.0,0.20696879139837948,0.23379045103142845,0.043285546090449475
36045,115040.0,66301.0,1213.0,61862.0,0.23044841744528144,0.45347225139688274,0.05876983715382222
36047,2631580.0,80263.0,1833.0,1100772.0,0.08252844367407601,0.7050123424762383,0.0791547857519169
36049,26607.0,68182.0,837.0,15637.0,0.2895056596533862,0.19783978397839783,0.0517950786607503
36051,61498.0,74001.0,931.0,27328.0,0.10447160421545668,0.23654639807134392,0.051607215516072155
36053,67328.0,75499.0,928.0,30730.0,0.14572079401236576,0.21739296053634008,0.0424859876753476
36055,753753.0,76382.0,1173.0,339430.0,0.061874318710779835,0.3634102528672102,0.049438006937681016
36057,49528.0,64943.0,940.0,22981.0,0.14699099255907053,0.29612814365148193,0.047326469611424775
36059,1389591.0,146202.0,2252.0,479044.0,0.04358263541553594,0.180502263371791,0.04822926055498785
36061,1629477.0,103931.0,2197.0,923472.0,0.15722295857373045,0.7494709494385704,0.07583145569133568
36063,210721.0,69633.0,899.0,100446.0,0.08523983035660952,0.28841800531104433,0.05923354807066525
36065,229124.0,70154.0,944.0,105443.0,0.09695285604544636,0.3233039277462718,0.04645691345345906
36067,471129.0,76945.0,1108.0,212002.0,0.06717861152253281,0.34067050970873786,0.051902041910249753
36069,112625.0,82324.0,1150.0,53379.0,0.09494370445306206,0.2631491792759413,0.037129320933497106
36071,406616.0,97178.0,1680.0,149699.0,0.07408867126700913,0.3218140367078379,0.05474136827826265
36073,39608.0,65969.0,874.0,18326.0,0.11491869475062752,0.2284217016029593,0.05092863604917248
36075,117953.0,69183.0,967.0,54844.0,0.13866603457078258,0.2658608353267427,0.07007200250443493
36077,60108.0,68885.0,987.0,30057.0,0.22849918488205742,0.26133080339816295,0.06370998574953947
36079,98107.0,126257.0,1775.0,38450.0,0.07555266579973992,0.16224504149669433,0.04434950861127608
36081,2323052.0,86136.0,1956.0,910206.0,0.0760300415510335,0.5513749653687323,0.07249020915749223
36083,160332.0,87915.0,1217.0,74543.0,0.10540225104972968,0.35233782203161085,0.05295585435366185
36085,494956.0,98333.0,1733.0,184621.0,0.07498605250756957,0.32257856737148444,0.055710294792144434
36087,341883.0,109959.0,1901.0,108945.0,0.046500527789251456,0.320709671829725,0.05596816303769233
36089,107226.0,62850.0,818.0,51970.0,0.19826823167211852,0.28130850093601495,0.0526082084029349
36091,238284.0,100787.0,1394.0,112109.0,0.09096504294927259,0.2769965950682458,0.03274780231727394
36093,160369.0,79623.0,1194.0,71244.0,0.060945483128403796,0.35960060984723924,0.05768971724568644
36095,30049.0,70133.0,909.0,16562.0,0.22346334983697622,0.236140269030402,0.04987584249733948
36097,17562.0,67663.0,899.0,9752.0,0.2457957342083675,0.20829367777022434,0.06528189910979229
36099,32920.0,68089.0,957.0,16194.0,0.1598122761516611,0.2904600911362634,0.04523542230733672
36101,92588.0,65887.0,894.0,47665.0,0.17719500681842024,0.26724291797343125,0.059742982136347066
36103,1530146.0,130686.0,2255.0,580772.0,0.11744195656815411,0.17835591583506483,0.0473455350244107
36105,79721.0,72382.0,1106.0,49994.0,0.3712445493459215,0.32627091684163645,0.05847183080043195
36107,47864.0,72739.0,928.0,22104.0,0.07948787549764748,0.20917088514277288,0.05482172148838815
36109,104537.0,74024.0,1411.0,47804.0,0.09499205087440382,0.4586135959133671,0.05544850809091759
36111,182601.0,86271.0,1425.0,86503.0,0.14132457833832351,0.30095048331942165,0.05410195626647761
36113,65517.0,78442.0,1105.0,40342.0,0.25306132566555944,0.27883051803670394,0.04337596525096525
36115,60522.0,73495.0,1033.0,29192.0,0.16179090161688134,0.23351996403612735,0.05018952213347773
36117,90929.0,74506.0,938.0,42570.0,0.09786234437397229,0.20122903864180813,0.03317345231455661
36119,999677.0,118976.0,1951.0,394358.0,0.05445559618417783,0.3815700903500562,0.06054098769349319
36121,39753.0,69110.0,802.0,18263.0,0.09910748507912172,0.24062481006503372,0.03645293315143247
36123,24526.0,69701.0,834.0,13211.0,0.2816592233744607,0.2280295047418335,0.03142191142191142
37001,176893.0,65651.0,1064.0,77073.0,0.09096570783542875,0.34996146270446177,0.05063686104951135
37003,36412.0,65354.0,764.0,16218.0,0.1289924774941423,0.19318986266459012,0.05032000469731666
37005,11174.0,47172.0,675.0,7804.0,0.33662224500256277,0.25574657137338225,0.03713469567128104
37007,22289.0,47302.0,814.0,9954.0,0.14124974884468555,0.31481048198408984,0.05500734830988872
37009,26950.0,56866.0,859.0,17218.0,0.2913811127889418,0.20621260552413737,0.04795475038937618
37011,17680.0,61428.0,773.0,14201.0,0.5217942398422646,0.1699307907524665,0.048484848484848485
37013,44499.0,58357.0,871.0,24526.0,0.2096142868792302,0.3047201444415785,0.03936274509803921
37015,17170.0,48750.0,839.0,8984.0,0.204919857524488,0.2728545429091418,0.05078240330676115
37017,29566.0,42422.0,773.0,15286.0,0.2264817480047102,0.3079330175913397,0.05444005712845501
37019,152568.0,77024.0,1351.0,99077.0,0.302320417453092,0.15409987847925466,0.046529727749969475
37021,274360.0,74436.0,1362.0,134483.0,0.24261802607020963,0.33816700211084383,0.042859131097225986
37023,87795.0,58592.0,884.0,40358.0,0.10040140740373656,0.25483391175012393,0.04383902966480184
37025,236133.0,89005.0,1414.0,93691.0,0.10081010982911913,0.2882985542340289,0.046350321267510076
37027,80536.0,56425.0,744.0,37387.0,0.11950678043170086,0.2645888392721529,0.050357491898564886
37029,10927.0,91078.0,1232.0,4301.0,0.06742617995814927,0.17900772874594864,0.054870637263413784
37031,69148.0,72322.0,1108.0,52181.0,0.3871907399244936,0.253056884635832,0.040278562017692456
37033,22404.0,59755.0,727.0,10521.0,0.16072616671419065,0.24835787089467723,0.05162503918904797
37035,163573.0,67864.0,965.0,73133.0,0.09443069476159874,0.2783305902426503,0.03662610950433828
37037,80151.0,94317.0,1180.0,35914.0,0.08102689758868407,0.19430978063265059,0.02930666598113062
37039,29562.0,53628.0,813.0,18404.0,0.280536839817431,0.16297862699191903,0.04065040650406504
37041,13836.0,53864.0,681.0,7190.0,0.14687065368567453,0.29475057059015325,0.04114518147684606
37043,11610.0,56971.0,804.0,7497.0,0.32226223822862476,0.1881519385947648,0.026494416465951392
37045,100991.0,58534.0,914.0,44304.0,0.12310400866738895,0.2911196911196911,0.051887587427319457
37047,50140.0,49442.0,824.0,23563.0,0.14917455332512838,0.28910614525139666,0.04386685347118218
37049,102612.0,65873.0,1110.0,48533.0,0.11666288916819484,0.31555130507802476,0.04213203838594057
37051,338545.0,61291.0,1222.0,143798.0,0.09763696296193271,0.45029978883768246,0.07641960021227667
37053,30601.0,93511.0,1162.0,17079.0,0.3064582235493881,0.12731110173068805,0.02983467409894217
37055,37875.0,88994.0,1345.0,35278.0,0.5227620613413458,0.21584699453551912,0.05940400586223742
37057,172954.0,64172.0,901.0,76396.0,0.08573747316613435,0.25630673195315407,0.04080755500901396
37059,44122.0,75057.0,867.0,19311.0,0.10569105691056911,0.17753329473074697,0.047328457632645454
37061,49335.0,55148.0,865.0,23861.0,0.12882947068438036,0.2966277000048107,0.05319379912284511
37063,332353.0,82316.0,1508.0,153022.0,0.07302871482531924,0.445007649086692,0.039148959266194466
37065,48736.0,51265.0,858.0,23281.0,0.15587818392680727,0.39191939751679217,0.08738850128057934
37067,389977.0,67165.0,1098.0,175631.0,0.08942612636721307,0.3644208222604346,0.05045044113770629
37069,74386.0,74240.0,1083.0,31767.0,0.1019296754493657,0.21413298748641732,0.04610747549352377
37071,234881.0,67478.0,1153.0,101671.0,0.07961955719920134,0.33151662819526373,0.047558758051085094
37073,10376.0,66333.0,1143.0,4827.0,0.13155168841930806,0.19131679389312978,0.05851399705325195
37075,8072.0,49684.0,676.0,5240.0,0.32748091603053436,0.19296254256526674,0.07018054746651135
37077,60877.0,71111.0,1008.0,24787.0,0.09331504417638278,0.2291091928450654,0.045669232771765406
37079,20486.0,53244.0,853.0,7939.0,0.12936138052651466,0.33492476851851855,0.056532663316582916
37081,547940.0,68642.0,1163.0,238032.0,0.07693923506083215,0.4005270392047989,0.04570374200494401
37083,47675.0,45590.0,813.0,24872.0,0.18048407848182696,0.37055389295000735,0.09268509817498392
37085,139150.0,71287.0,1112.0,54902.0,0.0921095770645878,0.2897181261911927,0.046912711182622684
37087,62662.0,61912.0,1067.0,35560.0,0.23726096737907762,0.2510415514507982,0.030906941395034623
37089,118484.0,68187.0,1187.0,58044.0,0.12020191578802288,0.24978949223569036,0.03462408140192199
37091,19908.0,45537.0,844.0,9816.0,0.15596984515077425,0.32637296318648157,0.059683747473546545
37093,53835.0,64912.0,1089.0,20921.0,0.07948950814970604,0.2702772873610967,0.06605538922155689
37095,4592.0,53713.0,1263.0,2952.0,0.34315718157181574,0.28055698813821556,0.024889380530973452
37097,196544.0,81419.0,1252.0,84199.0,0.0932908941911424,0.2814628523525097,0.04164754810555398
37099,43771.0,55815.0,904.0,27803.0,0.3371218933208647,0.3922409115572436,0.04907740234843039
37101,234263.0,83384.0,1146.0,91218.0,0.06168738626148348,0.23949948008552302,0.03808041590436849
37103,9302.0,59641.0,747.0,4698.0,0.12196679438058748,0.20557575757575758,0.043519619500594534
37105,65816.0,65387.0,1017.0,27166.0,0.07439446366782007,0.32682441837343407,0.038412577175227544
37107,54919.0,45143.0,861.0,26879.0,0.13125488299415902,0.4079054430217121,0.09030614308246047
37109,92716.0,80016.0,1015.0,39504.0,0.0681703118671527,0.2107793865963978,0.033370820537220465
37111,44817.0,57168.0,806.0,21575.0,0.13612977983777522,0.24412490610580534,0.0407264449722882
37113,37941.0,59061.0,803.0,27216.0,0.3237066431510876,0.22389438226665218,0.02802091288257064
37115,21867.0,58531.0,780.0,11356.0,0.26541035575907007,0.22548549508511148,0.031337114293953666
37117,21644.0,48578.0,758.0,11058.0,0.14071260625791282,0.33214060197853085,0.061289361279427836
37119,1154681.0,87005.0,1627.0,503071.0,0.07264183385645366,0.4487628797475816,0.04335014733056985
37121,14992.0,57602.0,813.0,8697.0,0.24261239507876278,0.2374373766509792,0.06487695749440715
37123,26007.0,57766.0,766.0,14998.0,0.2903720496066142,0.2501174480879451,0.028453499604812506
37125,104876.0,86080.0,1254.0,50280.0,0.12464200477326969,0.23611205780110422,0.048420437693794095
37127,96216.0,62426.0,953.0,43797.0,0.11416307052994497,0.36443539448926465,0.049469657450878106
37129,235229.0,75166.0,1417.0,120050.0,0.12656393169512703,0.38598649576562144,0.04486501100768607
37131,16931.0,50086.0,758.0,10641.0,0.2616295460952918,0.2541682576046837,0.08109193095142513
37133,207906.0,68148.0,1265.0,87354.0,0.1383909151269547,0.3626386766757457,0.05368301458057186
37135,149678.0,90089.0,1496.0,62858.0,0.08775334881797066,0.36161975515329076,0.03636035199091636
37137,12390.0,59717.0,752.0,7322.0,0.2548484020759355,0.17118768328445746,0.051072961373390555
37139,40834.0,66589.0,1170.0,17721.0,0.10924891371818746,0.325118783655369,0.05851007702859555
37141,65550.0,80396.0,1106.0,31844.0,0.20578444918980027,0.17298643786327153,0.04822722073961113
37143,13244.0,67917.0,1008.0,6967.0,0.194201234390699,0.23459209120057,0.035602639805488015
37145,39542.0,63300.0,864.0,18584.0,0.13565432630219543,0.2271680258980265,0.05582747017436525
37147,177193.0,58188.0,993.0,82638.0,0.09807836588494397,0.48554331638334697,0.07798052987197725
37149,19891.0,67758.0,1178.0,11042.0,0.18710378554609672,0.23106060606060605,0.05069422021310946
37151,146348.0,61022.0,887.0,62901.0,0.08235163192954006,0.2746487413592973,0.03482782301579515
37153,42344.0,44883.0,724.0,19893.0,0.14412104760468505,0.34053800070480444,0.09790681971640783
37155,116902.0,41978.0,805.0,49111.0,0.12170389525768158,0.3416098669263226,0.05963322829131653
37157,92131.0,57053.0,810.0,43868.0,0.09715510166864229,0.27927586729283443,0.057869938421347265
37159,149875.0,65725.0,1013.0,64975.0,0.09351288957291266,0.2768468055484813,0.05319282049856104
37161,64930.0,51410.0,783.0,32775.0,0.18712433257055683,0.2611665790856542,0.06349044065024026
37163,59470.0,52432.0,834.0,25852.0,0.16420393006343803,0.2619058638404221,0.05272421181512091
37165,33590.0,45730.0,778.0,14441.0,0.12886919188421855,0.38211446740858507,0.10941620928077554
37167,64651.0,60704.0,861.0,28632.0,0.11846884604638167,0.2554675118858954,0.04054497701904137
37169,45139.0,62969.0,775.0,21497.0,0.09075684979299437,0.20812442443466694,0.031286099345398534
37171,71425.0,55656.0,761.0,33747.0,0.11491391827421697,0.2657939669891861,0.043837184779006354
37173,14013.0,52349.0,742.0,8629.0,0.30316375014486036,0.2734076168302012,0.0760670731707317
37175,33691.0,66184.0,967.0,19266.0,0.24301878957749404,0.2533598464070214,0.027805152752358158
37177,3423.0,41685.0,644.0,2229.0,0.3059668012561687,0.22171945701357465,0.028203062046736505
37179,250958.0,102900.0,1496.0,88851.0,0.0519296350069217,0.18351793155026888,0.041865270906238684
37181,42322.0,50465.0,883.0,19489.0,0.17148134845297347,0.398526041989224,0.08217699660807894
37183,1178653.0,105768.0,1623.0,496047.0,0.07231572814672803,0.35878959091649915,0.04078853976661299
37185,18795.0,50638.0,790.0,11723.0,0.3050413716625437,0.30637044310789247,0.07202320887991927
37187,10812.0,41813.0,743.0,6040.0,0.21456953642384105,0.31977234401349075,0.13015873015873017
37189,55123.0,51693.0,1127.0,33355.0,0.3644730924898816,0.3793282385130673,0.0786493649537053
37191,118652.0,59733.0,965.0,53505.0,0.11210167274086534,0.38545898499168546,0.052104580011125536
37193,65935.0,51721.0,723.0,31836.0,0.14854253046865185,0.2648393403917807,0.05023860021208908
37195,79290.0,56423.0,953.0,37053.0,0.10754864653334413,0.3995403411152776,0.056346936530634696
37197,37574.0,62932.0,766.0,17253.0,0.1300643366371066,0.23072822972882936,0.05306076854334227
37199,18797.0,58709.0,882.0,11376.0,0.285337552742616,0.2057810578105781,0.0729543597525388
38001,2145.0,62500.0,594.0,1326.0,0.22322775263951736,0.2815533980582524,0.02231237322515213
38003,10773.0,68038.0,779.0,5700.0,0.13894736842105262,0.2921760391198044,0.03781058696435002
38005,5808.0,64033.0,588.0,2536.0,0.20149842271293375,0.2691358024691358,0.034402603440260346
38007,1024.0,86806.0,621.0,546.0,0.25457875457875456,0.22113022113022113,0.020905923344947737
38009,6378.0,85000.0,796.0,3956.0,0.32406471183013147,0.20830216903515333,0.016483516483516484
38011,2906.0,72109.0,765.0,1635.0,0.21039755351681957,0.16731216111541442,0.03099730458221024
38013,2156.0,91591.0,684.0,1362.0,0.33627019089574156,0.2488938053097345,0.03732809430255403
38015,100600.0,86851.0,998.0,43779.0,0.05733342470134083,0.2884247255809445,0.022675178540983918
38017,193400.0,75555.0,958.0,89038.0,0.05720029650261686,0.48033831675501815,0.02980874955628858
38019,3633.0,69531.0,786.0,2109.0,0.2603129445234708,0.18653846153846154,0.010338885697874785
38021,4935.0,68654.0,840.0,2394.0,0.18045112781954886,0.20285423037716616,0.041194255479969764
38023,2167.0,91852.0,1105.0,1413.0,0.28096249115357397,0.22736220472440946,0.02312673450508788
38025,4040.0,97689.0,922.0,2088.0,0.24760536398467434,0.256524506683641,0.03420523138832998
38027,2307.0,50850.0,590.0,1358.0,0.13622974963181148,0.2796248934356351,0.0253592561284869
38029,3254.0,66538.0,568.0,2051.0,0.2549975621647977,0.20222513089005237,0.022651565622918056
38031,3358.0,87831.0,780.0,1775.0,0.13746478873239437,0.20313520574787722,0.009713977334052886
38033,1653.0,68021.0,638.0,902.0,0.22505543237250555,0.20457796852646637,0.03431372549019608
38035,72923.0,68075.0,992.0,33891.0,0.07659850697825381,0.4821856526601694,0.023302067475322888
38037,2269.0,57875.0,675.0,1635.0,0.3522935779816514,0.16619452313503305,0.03568075117370892
38039,2245.0,61711.0,573.0,1360.0,0.27058823529411763,0.23387096774193547,0.014184397163120567
38041,2432.0,73026.0,785.0,1444.0,0.21745152354570638,0.23185840707964603,0.053877551020408164
38043,2377.0,65610.0,853.0,1660.0,0.29518072289156627,0.23931623931623933,0.014746543778801843
38045,4118.0,80664.0,766.0,2066.0,0.1553727008712488,0.1644699140401146,0.024525682554372975
38047,1819.0,62750.0,838.0,1070.0,0.2738317757009346,0.16988416988416988,0.01744186046511628
38049,5207.0,80733.0,713.0,2833.0,0.20790681256618426,0.18627450980392157,0.04132869833912708
38051,2497.0,64419.0,608.0,1677.0,0.2868217054263566,0.20819397993311037,0.030694668820678513
38053,14321.0,93404.0,1284.0,7752.0,0.22639318885448917,0.4660663665165916,0.01270594805920134
38055,9823.0,83583.0,784.0,5807.0,0.24625452040640605,0.15832762165867031,0.013522215067611075
38057,8337.0,80946.0,1031.0,4667.0,0.22991214913220484,0.18948247078464106,0.025302826379542395
38059,33777.0,79382.0,1076.0,15465.0,0.09822179114128678,0.2584970600889144,0.015285599356395816
38061,9507.0,80717.0,950.0,5099.0,0.23494802902529907,0.3845167905665214,0.010759919300605245
38063,3016.0,67193.0,582.0,1783.0,0.2495793606281548,0.24887892376681614,0.011088011088011088
38065,1839.0,77240.0,756.0,893.0,0.1881298992161254,0.04827586206896552,0.009950248756218905
38067,6727.0,68393.0,684.0,3503.0,0.1512988866685698,0.2542885973763875,0.03356516480193529
38069,3928.0,59365.0,850.0,2042.0,0.0920666013712047,0.18446601941747573,0.010802469135802469
38071,11556.0,61006.0,714.0,5872.0,0.07867847411444141,0.45471349353049906,0.012448812448812449
38073,5643.0,75736.0,691.0,2546.0,0.08208955223880597,0.25331621737270005,0.028805120910384067
38075,2304.0,74301.0,828.0,1339.0,0.27632561613144135,0.21259029927760578,0.009657594381035996
38077,16584.0,75432.0,740.0,7530.0,0.09043824701195219,0.31887866841874724,0.016734509271822705
38079,11924.0,59517.0,505.0,4588.0,0.17850915431560593,0.37171663571239055,0.04011589034989971
38081,3804.0,77946.0,816.0,1996.0,0.12274549098196393,0.2752712735579669,0.007736943907156673
38083,1303.0,62639.0,373.0,838.0,0.19451073985680192,0.16,0.010558069381598794
38085,3740.0,42083.0,444.0,1280.0,0.13125,0.5341726618705036,0.17015140591204037
38087,766.0,71250.0,525.0,456.0,0.17982456140350878,0.1925133689839572,0.0267639902676399
38089,33302.0,84449.0,960.0,15514.0,0.12743328606420007,0.33212676368471594,0.02993736712061139
38091,1804.0,77500.0,738.0,1119.0,0.2797140303842717,0.22208436724565755,0.03268765133171913
38093,21549.0,61856.0,774.0,10413.0,0.0937289926053971,0.36939705414856416,0.03988551380297295
38095,2079.0,67350.0,757.0,1255.0,0.21195219123505976,0.2123356926188069,0.0066100094428706326
38097,7970.0,87004.0,717.0,3664.0,0.09033842794759825,0.2565256525652565,0.022339658899831853
38099,10396.0,71944.0,748.0,5184.0,0.15123456790123457,0.23954545454545453,0.019711902956785442
38101,68973.0,78238.0,1048.0,32487.0,0.12063286853202819,0.3921520582469896,0.03568245290866956
38103,3890.0,66114.0,648.0,2209.0,0.19103666817564507,0.22943480693900392,0.01990049751243781
38105,39555.0,85595.0,1123.0,20376.0,0.25628190027483316,0.4701728916457701,0.043603258265452804
39001,27540.0,50264.0,732.0,12733.0,0.18157543391188252,0.2834660781115056,0.06445540116539668
39003,101348.0,64038.0,922.0,44791.0,0.07805139425330981,0.32311417847197,0.05740398439104539
39005,52256.0,69860.0,888.0,22568.0,0.08188585607940446,0.221476833976834,0.03630933668657655
39007,97167.0,57728.0,828.0,46477.0,0.15560384706413924,0.24349598674990444,0.06607142857142857
39009,61737.0,56001.0,939.0,26471.0,0.13059574628839107,0.39606326583818546,0.06516649323621228
39011,46125.0,78660.0,868.0,20056.0,0.0556441962504986,0.21890179514255545,0.027206645898234683
39013,65473.0,57017.0,793.0,31522.0,0.1372692088065478,0.2638720353006067,0.05427371956339211
39015,43845.0,71270.0,817.0,19565.0,0.12404804497827754,0.22820632512545222,0.04934637261750324
39017,392876.0,81590.0,1135.0,155372.0,0.05502922019411477,0.30068382122570186,0.05070573718688242
39019,26659.0,64835.0,863.0,13390.0,0.16310679611650486,0.21283241120828128,0.05628424373235929
39021,38804.0,75556.0,905.0,16944.0,0.0766052880075543,0.2319442669052793,0.04775848142164782
39023,135158.0,63132.0,872.0,61126.0,0.0842685600235579,0.30604734256364446,0.06710784004043212
39025,211181.0,85510.0,1107.0,88470.0,0.039730982253871366,0.26352774998528633,0.04158759124087591
39027,42012.0,70407.0,910.0,18039.0,0.07084649925162148,0.28202374559990456,0.04546543381401811
39029,100704.0,58180.0,756.0,46121.0,0.1010819366449123,0.2725584312212065,0.044616774898598235
39031,36744.0,55577.0,765.0,16308.0,0.09332842776551385,0.27093196266738806,0.05386940749697702
39033,41711.0,58044.0,794.0,19812.0,0.08848172824550778,0.26884102109751373,0.04717808753289794
39035,1245873.0,64468.0,1060.0,615331.0,0.09877610586822377,0.40641528010949396,0.06627501433343017
39037,51594.0,64486.0,779.0,22651.0,0.059776610304180834,0.2762830445602667,0.02805220148798634
39039,38343.0,73064.0,846.0,16565.0,0.0747358889224268,0.20715077966986364,0.05160792384872653
39041,226834.0,133540.0,1492.0,86269.0,0.04615794781439451,0.21485775395870552,0.029700892640958175
39043,74581.0,71993.0,933.0,38534.0,0.15705610629573882,0.281078751308417,0.05334208798424163
39045,163453.0,90966.0,1172.0,64036.0,0.05745205821725279,0.2508242623059463,0.03839029528202521
39047,28876.0,63275.0,822.0,12725.0,0.08982318271119843,0.353134173717838,0.03720204945422143
39049,1333048.0,75176.0,1302.0,595469.0,0.07115399794111868,0.47184319624515686,0.04557198367106281
39051,42240.0,72864.0,863.0,17739.0,0.042448841535599524,0.1983986812669257,0.038576499159349895
39053,29068.0,56830.0,813.0,13464.0,0.13740344622697565,0.25331496469777853,0.03512668641000329
39055,95481.0,107860.0,1083.0,37716.0,0.05061512355498993,0.1281872259614042,0.02969954636994243
39057,169688.0,87309.0,1135.0,72391.0,0.05836360873589258,0.3200715899421999,0.04298927031060864
39059,38223.0,58478.0,864.0,19037.0,0.14282712612281348,0.2789557543816644,0.052502704857354365
39061,830774.0,72470.0,1075.0,381356.0,0.06979567648076862,0.4068681481314431,0.05020830521232032
39063,74866.0,73141.0,979.0,33920.0,0.06795400943396226,0.2921081764984976,0.03139684998709011
39065,30475.0,62484.0,793.0,12917.0,0.09235890686691957,0.25315591948140564,0.04600694444444445
39067,14306.0,54414.0,785.0,7383.0,0.1943654341053772,0.23655010087424344,0.045530913978494625
39069,27567.0,80099.0,849.0,12096.0,0.053323412698412696,0.17474456379355516,0.038688571225375154
39071,43517.0,65785.0,780.0,19036.0,0.11021222945997058,0.25681898689337584,0.030940294899685764
39073,27799.0,62960.0,808.0,13013.0,0.11104280335049566,0.21222337482710926,0.05422993492407809
39075,44418.0,76140.0,816.0,14561.0,0.08007691779410754,0.21022769690182905,0.022375545014613578
39077,58319.0,67878.0,848.0,25597.0,0.08231433371098175,0.2599829714772244,0.0453632937695911
39079,32650.0,57106.0,769.0,14548.0,0.11101182293098708,0.26072836928786824,0.038042360682706146
39081,64518.0,59055.0,835.0,31025.0,0.1251248992747784,0.2945510813100984,0.049963064938553486
39083,63142.0,73878.0,950.0,26078.0,0.0992023928215354,0.24485973351496318,0.02479119713641787
39085,232216.0,80925.0,1113.0,106331.0,0.0487816347067177,0.24240686545914736,0.0388011774150388
39087,56819.0,58325.0,848.0,26536.0,0.14644256858607174,0.27708609271523177,0.027084180561203743
39089,181837.0,84426.0,1078.0,73273.0,0.06350224502886466,0.2625619352958321,0.03236994219653179
39091,46089.0,71551.0,845.0,23866.0,0.1804240341908992,0.22413087934560327,0.040719314767478365
39093,317129.0,73347.0,966.0,136548.0,0.06594018220698948,0.2598240607163018,0.04298320159996933
39095,428018.0,62224.0,934.0,200998.0,0.08833421228071921,0.3803364930720409,0.062985055182297
39097,44423.0,87045.0,943.0,16519.0,0.05042678128215994,0.2246589315313018,0.03486170753105232
39099,226491.0,56942.0,791.0,107990.0,0.0919066580238911,0.2973843879059807,0.06378564450853608
39101,65020.0,59371.0,864.0,27358.0,0.09777761532275751,0.3254061499817688,0.06323435163426619
39103,183660.0,94968.0,1143.0,76202.0,0.04089131518857773,0.1974796814711436,0.02904106289888813
39105,21896.0,46873.0,722.0,10675.0,0.1473536299765808,0.24588002636783124,0.05388733705772812
39107,42484.0,76782.0,804.0,18103.0,0.09363088990775009,0.2044734275962945,0.01600616668178108
39109,110296.0,76817.0,966.0,47226.0,0.04912548172616779,0.26566605798779674,0.03130159970172043
39111,13227.0,60134.0,672.0,7132.0,0.20765563656758274,0.20067244735445053,0.054169514695830485
39113,536096.0,66139.0,1026.0,252843.0,0.08512792523423626,0.37539934030494687,0.05717727289574145
39115,13651.0,59351.0,742.0,7320.0,0.21953551912568306,0.2110974969368108,0.03479177648919346
39117,35404.0,75283.0,937.0,14704.0,0.08439880304678998,0.18784817648369606,0.029218365829950254
39119,86411.0,60780.0,833.0,38357.0,0.1042834423964335,0.3182466455161976,0.042652058010711924
39121,14282.0,56098.0,707.0,5798.0,0.2033459813728872,0.164537778739987,0.014256619144602852
39123,39994.0,76101.0,930.0,28911.0,0.35996679464563663,0.16439688715953307,0.031047599465405574
39125,18791.0,67731.0,812.0,8551.0,0.10840837328967372,0.19884575026232948,0.036179295624332974
39127,35535.0,67460.0,777.0,15044.0,0.10582291943632013,0.23632173654475172,0.03701636904761905
39129,60131.0,74040.0,1020.0,22981.0,0.04708237239458683,0.25960089501803735,0.03546670401232407
39131,27044.0,52736.0,907.0,12107.0,0.10250268439745602,0.3152954168967421,0.05354215989801493
39133,161956.0,75766.0,1064.0,71325.0,0.0851875219067648,0.2985639626660945,0.05343789896042313
39135,40765.0,69223.0,794.0,18140.0,0.07800441014332966,0.20340807174887893,0.031557699881843246
39137,34314.0,84928.0,855.0,13884.0,0.05265053298761164,0.12924808028586635,0.017967889642381035
39139,125099.0,59509.0,824.0,54668.0,0.08335772298236628,0.3207878509708447,0.05400565338764331
39141,76492.0,61303.0,906.0,32092.0,0.07117038514271469,0.3039117015566291,0.038186228997574054
39143,58778.0,62295.0,783.0,26501.0,0.06848798158560054,0.26589970023495096,0.043194696888698814
39145,72627.0,50609.0,742.0,33070.0,0.1271847596008467,0.31579129711751663,0.05852347142758668
39147,54770.0,66025.0,856.0,23982.0,0.07101159202735385,0.2663045917680327,0.03584398605461941
39149,47929.0,73978.0,922.0,20149.0,0.0616904064717852,0.2631968687189252,0.04069603132948443
39151,373713.0,67934.0,909.0,167949.0,0.07141453655574014,0.30772338174473407,0.03880286857369331
39153,537864.0,71622.0,1026.0,247924.0,0.06718591181168422,0.3248626046950062,0.05064150623116857
39155,200929.0,56435.0,797.0,94464.0,0.08377794715447154,0.2870595031773541,0.04703825088533533
39157,92385.0,65044.0,908.0,40913.0,0.05917434556253513,0.31136340018705183,0.04497036145652271
39159,67324.0,112322.0,1247.0,25158.0,0.03680737737499006,0.20823704192802905,0.025837796058079832
39161,28826.0,67917.0,782.0,12573.0,0.08144436490893184,0.1793228850982769,0.034177043854899836
39163,12630.0,55336.0,728.0,5935.0,0.10227464195450717,0.24474474474474475,0.055339626133629465
39165,250008.0,110132.0,1361.0,96061.0,0.04173389825215228,0.20605744579150914,0.030624560760228556
39167,58978.0,63603.0,852.0,27949.0,0.11342087373430176,0.2461358408329634,0.047546983881185334
39169,116588.0,73574.0,881.0,46954.0,0.055139072283511524,0.23441902400540968,0.03296015451749052
39171,36719.0,61048.0,791.0,16564.0,0.06568461724221203,0.2374644611010597,0.04045155221072436
39173,132064.0,74216.0,972.0,57649.0,0.0588388350188208,0.3560462244503013,0.044864027053684655
39175,21598.0,69768.0,827.0,9892.0,0.0902749696724626,0.2585842871430159,0.0191549812116213
40001,19575.0,48041.0,667.0,8148.0,0.12457044673539519,0.3148745268470489,0.06862275449101797
40003,5696.0,64615.0,705.0,2466.0,0.2141119221411192,0.22497420020639836,0.04291845493562232
40005,14379.0,54785.0,708.0,6004.0,0.17138574283810792,0.2562814070351759,0.04588466345295483
40007,5028.0,64276.0,790.0,2471.0,0.32294617563739375,0.19127316198445907,0.026189436927106065
40009,22148.0,53328.0,904.0,10137.0,0.19226595639735622,0.32169027845627746,0.07864154349543044
40011,8570.0,61642.0,852.0,4581.0,0.26195153896529144,0.2656018929310855,0.08403835307388607
40013,48253.0,57225.0,960.0,20780.0,0.11467757459095283,0.36179811925857475,0.04599520600606033
40015,26447.0,55353.0,734.0,11545.0,0.2158510177566046,0.2729481939688501,0.05830388692579505
40017,168985.0,87751.0,1289.0,61956.0,0.06018787526631803,0.2519277998179539,0.04452222133839388
40019,48555.0,60723.0,980.0,21624.0,0.11921938586755457,0.33156568308306206,0.038151721696025494
40021,47942.0,53218.0,831.0,22363.0,0.16388677726601977,0.3426569686597497,0.05143948696957293
40023,14297.0,44081.0,690.0,7117.0,0.16776731769003794,0.34239405706567616,0.04782092589452264
40025,2218.0,62188.0,718.0,1366.0,0.48243045387994143,0.2164073550212164,0.0036496350364963502
40027,300047.0,77068.0,1167.0,124442.0,0.0614181707140676,0.3609363093862105,0.04821341009100114
40029,5320.0,50423.0,722.0,2585.0,0.20657640232108318,0.30619210141394443,0.07520510483135825
40031,121825.0,60761.0,970.0,52666.0,0.1474955379182015,0.4439841418325983,0.07068937082543085
40033,5485.0,58425.0,772.0,2697.0,0.2436040044493882,0.1965686274509804,0.03477905073649754
40035,14302.0,51922.0,810.0,6381.0,0.1866478608368594,0.2628131021194605,0.05127756387819391
40037,72830.0,62338.0,936.0,31629.0,0.10695880362958045,0.25596544643489344,0.03255530129672006
40039,28259.0,59738.0,824.0,12971.0,0.14856217716444375,0.39786309308221657,0.042116558245590505
40041,41279.0,56676.0,913.0,24396.0,0.2965650106574848,0.22941553522521999,0.051588939331407346
40043,4360.0,62569.0,912.0,2184.0,0.2532051282051282,0.23605150214592274,0.034718569174118884
40045,3683.0,61016.0,815.0,2127.0,0.305124588622473,0.17929634641407308,0.052984165651644335
40047,62146.0,66182.0,919.0,27804.0,0.1406632139260538,0.34030887707696816,0.048683723901422185
40049,25860.0,58556.0,825.0,12081.0,0.16314874596473802,0.3229475766567755,0.033655536028119507
40051,56606.0,75419.0,883.0,23528.0,0.12070724243454607,0.25,0.054676678574032224
40053,4131.0,60758.0,853.0,2163.0,0.2547387887193712,0.2369727047146402,0.04297520661157025
40055,5489.0,59406.0,681.0,2613.0,0.25449674703406044,0.2202258726899384,0.07258064516129033
40057,2406.0,43333.0,694.0,1354.0,0.2880354505169867,0.3029045643153527,0.07213438735177866
40059,3203.0,64053.0,828.0,1714.0,0.22228704784130687,0.16429107276819205,0.026143790849673203
40061,11683.0,49806.0,770.0,5704.0,0.19635343618513323,0.21662303664921467,0.0656891495601173
40063,13389.0,51581.0,660.0,5782.0,0.30231753718436527,0.259048091224591,0.049442457395329265
40065,24678.0,62799.0,842.0,12072.0,0.1902750165672631,0.4078772378516624,0.055931161647203444
40067,5380.0,48668.0,647.0,2734.0,0.20885149963423555,0.2912621359223301,0.052395879982086876
40069,10278.0,52688.0,762.0,4708.0,0.1735344095157179,0.2778206116679517,0.0446668293873566
40071,43625.0,58423.0,842.0,20913.0,0.19781953808635777,0.3079995231282785,0.05799498746867168
40073,15430.0,71975.0,891.0,6460.0,0.12012383900928793,0.25492610837438423,0.021069265209375822
40075,8383.0,44962.0,780.0,4665.0,0.26302250803858523,0.3030831878999418,0.05181200453001133
40077,9518.0,41405.0,646.0,4705.0,0.17088204038257174,0.2763394001538067,0.05691744153282615
40079,49053.0,51565.0,798.0,21249.0,0.15304249611746434,0.2724898594210146,0.05209283470153035
40081,34219.0,62216.0,794.0,14561.0,0.09752077467206922,0.19701696978920935,0.03863141934207924
40083,51938.0,83899.0,891.0,19479.0,0.08444992042712665,0.14836828529774587,0.036013914466953144
40085,10261.0,66580.0,939.0,4732.0,0.1760355029585799,0.2700692485252629,0.05238193441946793
40087,45273.0,84552.0,954.0,17630.0,0.06857629041406693,0.20705194567931307,0.04703322082074969
40089,30863.0,51929.0,700.0,14013.0,0.20480981945336474,0.2694068024768913,0.04750294927251278
40091,19400.0,46281.0,780.0,11895.0,0.34560739806641444,0.2343268242548818,0.05293941211757648
40093,7628.0,71266.0,696.0,3716.0,0.14370290635091496,0.17536140791954746,0.026420454545454546
40095,15792.0,57245.0,824.0,8832.0,0.3226902173913043,0.2243396857238382,0.047069541451563925
40097,39604.0,60305.0,858.0,18391.0,0.1672557229079441,0.2559582109043421,0.06266391384409352
40099,13753.0,66322.0,881.0,6555.0,0.24393592677345538,0.27905569007263925,0.024824952259707194
40101,66444.0,53619.0,849.0,29349.0,0.12300248730791509,0.3348226426823109,0.05655341556661617
40103,10897.0,66365.0,826.0,5078.0,0.18333989759747932,0.22281167108753316,0.026256869529818847
40105,9435.0,54333.0,811.0,4362.0,0.15497478220999542,0.26451437873033096,0.0451837140019861
40107,11278.0,48363.0,716.0,4798.0,0.16444351813255523,0.3117984534796707,0.035448686167575606
40109,806199.0,66679.0,1116.0,360591.0,0.09010208241470254,0.41807857946181204,0.04833940029844024
40111,36899.0,54029.0,834.0,16738.0,0.14888278169434818,0.2989611118910571,0.07259575017761416
40113,45997.0,62847.0,777.0,19886.0,0.12632002413758422,0.2170484632209048,0.05335939408746641
40115,30341.0,49947.0,788.0,13701.0,0.12991752426830158,0.3246371948662025,0.030141287284144426
40117,15795.0,58738.0,864.0,7326.0,0.16625716625716624,0.20497707924034053,0.04406729194580914
40119,82972.0,49809.0,917.0,37069.0,0.1203161671477515,0.48968076297954555,0.05734854792105392
40121,43561.0,55310.0,860.0,22252.0,0.1977799748337228,0.28564226093776257,0.05737749496927177
40123,38235.0,63017.0,889.0,17531.0,0.13672922252010725,0.3398969208404916,0.036568675754092075
40125,73463.0,61398.0,894.0,30317.0,0.11181845169376917,0.2960968544583504,0.0528594284280202
40127,10790.0,47940.0,667.0,5708.0,0.22372109320252279,0.2514105168133604,0.04413825315273237
40129,3359.0,66094.0,795.0,1847.0,0.2333513806172171,0.1687853107344633,0.031901041666666664
40131,98610.0,80067.0,1047.0,39369.0,0.06850567705555133,0.22245855148342059,0.04737780659803842
40133,23494.0,48062.0,752.0,10838.0,0.18970289721350803,0.29036665907538145,0.06266652456570393
40135,39860.0,51093.0,811.0,18367.0,0.15859966243806828,0.291833829429274,0.04708178325303409
40137,43551.0,61620.0,895.0,20323.0,0.13560990011317225,0.25610519724483405,0.052264440099349996
40139,20774.0,60069.0,873.0,8461.0,0.19347594846944804,0.335873388042204,0.03425357873210634
40141,6910.0,48939.0,733.0,3748.0,0.288153681963714,0.2724887556221889,0.05870307167235495
40143,680794.0,69009.0,1110.0,297882.0,0.08547008547008547,0.40330076131883624,0.05368404683603357
40145,86609.0,81207.0,1068.0,34178.0,0.08189478611972614,0.18738646865738232,0.042206590151795634
40147,53326.0,60162.0,907.0,23741.0,0.11726549008045153,0.28133797776399294,0.04357226010310993
40149,10815.0,63501.0,815.0,5140.0,0.1963035019455253,0.2401355603969983,0.05680918448139351
40151,8596.0,53275.0,850.0,4447.0,0.1940634135372161,0.34737723214285715,0.046451914098972924
40153,20158.0,61417.0,838.0,9391.0,0.1561069108721116,0.2676340694006309,0.0618413203420163
41001,16840.0,60936.0,865.0,8725.0,0.15702005730659027,0.28511216859279404,0.05625276834489886
41003,96303.0,77702.0,1410.0,40951.0,0.05894849942614344,0.43054726626359086,0.0698196866686373
41005,423975.0,103517.0,1758.0,174323.0,0.060106813214550005,0.29339924929048794,0.04430353855594191
41007,41363.0,71822.0,1180.0,23395.0,0.23128873690959606,0.36754893238434166,0.04711009650306112
41009,53493.0,87458.0,1373.0,22167.0,0.05589389633238598,0.23853211009174313,0.04108401937999764
41011,64827.0,62143.0,1042.0,31905.0,0.09948283968030089,0.2883992899655424,0.05998783063101758
41013,26277.0,81965.0,1283.0,11800.0,0.08627118644067797,0.25922834353552215,0.05946766845176245
41015,23381.0,62244.0,1241.0,13215.0,0.15558077941732879,0.2583564835558742,0.0576036866359447
41017,206334.0,92758.0,1787.0,99297.0,0.14465693827608084,0.30018956118352114,0.04397889452760017
41019,112072.0,61310.0,1055.0,50562.0,0.0601835370436296,0.27256465834718746,0.05378042184964846
41021,1971.0,66917.0,1125.0,1138.0,0.23110720562390158,0.25942857142857145,0.027946537059538274
41023,7209.0,59450.0,789.0,4157.0,0.1715179215780611,0.23257839721254356,0.05206638464041653
41025,7499.0,55208.0,684.0,3732.0,0.16157556270096463,0.3259827420901246,0.037158145065398336
41027,23905.0,88947.0,1417.0,10290.0,0.13129251700680272,0.3060745049781855,0.03837936822829238
41029,222645.0,73999.0,1358.0,97991.0,0.060781092141115,0.3405443581246265,0.053614770741842566
41031,25203.0,76260.0,941.0,10602.0,0.16864742501414828,0.2798956206035852,0.08063646170442287
41033,88179.0,60098.0,1194.0,39503.0,0.07057691820874364,0.2827727087021653,0.06400505230786128
41035,70247.0,58830.0,991.0,33162.0,0.12553525119112238,0.30583813234939133,0.07175556265303949
41037,8267.0,62787.0,878.0,4234.0,0.1780821917808219,0.3267241379310345,0.04136110296274567
41039,384207.0,71544.0,1355.0,169788.0,0.05502744599147172,0.4030727040418835,0.06432258394235192
41041,50964.0,63165.0,1201.0,32628.0,0.29155939683707244,0.28470690028120266,0.07998695611664959
41043,130706.0,76329.0,1320.0,53315.0,0.04850417330957517,0.33138835774409114,0.060025441246621083
41045,31954.0,54519.0,821.0,11716.0,0.12154318880163878,0.3677613680528566,0.05237904838064774
41047,349244.0,77351.0,1414.0,132295.0,0.04100684077251597,0.376889729644518,0.0534102833158447
41049,12300.0,75448.0,995.0,4912.0,0.11929967426710097,0.2838650023116043,0.02403759262606181
41051,801477.0,88766.0,1646.0,371179.0,0.05758946492123746,0.4662738741520227,0.057134006488257276
41053,89662.0,85118.0,1299.0,34867.0,0.05394785900708406,0.3529679257866974,0.05654604430743748
41055,1938.0,60161.0,1032.0,969.0,0.17027863777089783,0.3407960199004975,0.010139416983523447
41057,27496.0,69105.0,1246.0,19213.0,0.37875396866704836,0.25712131367292224,0.044816461766501
41059,79940.0,67728.0,997.0,32199.0,0.10845057299916147,0.3206534991465496,0.0503954436256647
41061,26144.0,65661.0,982.0,11829.0,0.0785358018429284,0.3448623853211009,0.05732586068855084
41063,7553.0,67112.0,981.0,4349.0,0.22120027592550012,0.2754650132860939,0.03825136612021858
41065,26552.0,64175.0,1008.0,12198.0,0.1340383669454009,0.32490769667708036,0.07663667390629848
41067,603947.0,107772.0,1849.0,243278.0,0.03235804306184694,0.3915618123582237,0.04501203841552374
41069,1485.0,55284.0,870.0,908.0,0.22577092511013216,0.28165007112375534,0.026402640264026403
41071,108734.0,90063.0,1480.0,41200.0,0.047402912621359226,0.30570489464162864,0.04797749391727494
42001,106115.0,84092.0,1115.0,43672.0,0.0648241436160469,0.21123380916236134,0.03364389233954451
42003,1238177.0,78548.0,1153.0,606827.0,0.10056408169049828,0.3483461035320501,0.05037282518641259
42005,64622.0,65008.0,785.0,32128.0,0.12739666334661354,0.21180667023363653,0.043341341471333034
42007,166324.0,71089.0,890.0,79328.0,0.08913624445340863,0.249595194929211,0.052599574338704776
42009,47513.0,59992.0,784.0,23567.0,0.16196376288878517,0.22455696202531644,0.03911602209944751
42011,433015.0,79777.0,1181.0,171580.0,0.04863037650075767,0.28732632507535105,0.054273051696672514
42013,121277.0,62382.0,885.0,55901.0,0.09557968551546484,0.2764943233513984,0.04390619650804519
42015,59858.0,63675.0,901.0,29486.0,0.16536661466458658,0.2783827712312068,0.06343918868902214
42017,647461.0,114764.0,1605.0,257260.0,0.031380704345798024,0.22195379373723348,0.04398583569405099
42019,197254.0,89843.0,1041.0,87382.0,0.07504978141951432,0.2306245669603088,0.044064150205358886
42021,131538.0,58418.0,739.0,64456.0,0.13160915973687476,0.23632822968216818,0.04651280153416546
42023,4427.0,50573.0,689.0,3920.0,0.4346938775510204,0.2757220216606498,0.0779816513761468
42025,65382.0,67554.0,994.0,34417.0,0.20809483685388036,0.23595670519170794,0.07460265000150226
42027,158576.0,74291.0,1207.0,66475.0,0.11225272658894321,0.3820514124006575,0.04250247486062627
42029,547840.0,127208.0,1763.0,212491.0,0.03631683224230673,0.24945061384746112,0.03773213158659289
42031,37179.0,62649.0,798.0,18856.0,0.20189859991514636,0.2751013356369194,0.05065138656143575
42033,78635.0,62152.0,791.0,38198.0,0.14869888475836432,0.2147733562949751,0.05905122714544556
42035,37798.0,60816.0,820.0,18617.0,0.17150991029704035,0.2769709543568465,0.05644407804341852
42037,65362.0,64644.0,943.0,29824.0,0.11648336909871244,0.30500948766603414,0.05981754729688361
42039,82716.0,60476.0,802.0,42157.0,0.19733377612258937,0.2530291388379928,0.05012647210814045
42041,268323.0,87494.0,1249.0,111278.0,0.0435935225291612,0.2866283931709059,0.03677098508062491
42043,289593.0,76242.0,1217.0,127828.0,0.0506148887567669,0.36917220125578865,0.045092092313254464
42045,579222.0,89546.0,1372.0,229715.0,0.05558626994319048,0.30390050980428307,0.06857358416296272
42047,30506.0,66380.0,719.0,16880.0,0.2106042654028436,0.2045028142589118,0.05653046687819724
42049,269052.0,63354.0,904.0,120111.0,0.07929332034534722,0.3193051624512827,0.054002114703362684
42051,125997.0,58236.0,793.0,62158.0,0.1122301232343383,0.2760864049871335,0.06255645489807124
42053,6715.0,52191.0,817.0,6937.0,0.7232232953726395,0.21666666666666667,0.024568740198640877
42055,157379.0,77003.0,1093.0,67157.0,0.054305582441145375,0.26482443709652026,0.0398634273119896
42057,14531.0,65836.0,809.0,7157.0,0.11429369847701551,0.22385234264079507,0.02909193616720802
42059,34835.0,68041.0,789.0,16201.0,0.11585704586136658,0.22856743926277576,0.05631410909584947
42061,43653.0,65557.0,810.0,20984.0,0.221263820053374,0.2080044060950982,0.04644736142849551
42063,83042.0,60208.0,800.0,37626.0,0.13658108754584597,0.2786345307353711,0.06738859655812299
42065,43864.0,58686.0,750.0,22085.0,0.16939098935929364,0.25087221979938945,0.041642399534071055
42067,23379.0,66318.0,756.0,10506.0,0.14096706643822576,0.2619390581717452,0.021106323102629495
42069,216146.0,66223.0,1007.0,100177.0,0.11892949479421425,0.3457734271438768,0.04906081951071726
42071,557931.0,86959.0,1357.0,219224.0,0.029540561252417618,0.3017560682121571,0.03370767211221916
42073,85024.0,61931.0,831.0,39591.0,0.08764618221312925,0.2420198776335096,0.05674684261060095
42075,144186.0,78425.0,1110.0,59921.0,0.05355384589709784,0.28729369445619973,0.04316666435631212
42077,378792.0,80079.0,1383.0,151220.0,0.04519243486311335,0.34429238291801145,0.058840532673407914
42079,327675.0,63691.0,1004.0,151287.0,0.10729276144017662,0.3220169560549406,0.058010080682384654
42081,113489.0,63917.0,913.0,52715.0,0.11104998577255051,0.3091269925951217,0.05139101467542991
42083,39904.0,62905.0,809.0,19465.0,0.15905471358849216,0.2204777322988576,0.04877914347131125
42085,109257.0,59976.0,843.0,50930.0,0.08651089731003338,0.27609405898031125,0.0533905302801442
42087,46041.0,63953.0,822.0,21468.0,0.1377864728898826,0.28870880605078336,0.02656485757395638
42089,167515.0,83565.0,1393.0,79607.0,0.23107264436544525,0.1976899954257335,0.06900724955802613
42091,867573.0,113915.0,1683.0,350351.0,0.042374647139582874,0.28616563091459146,0.044593475186799764
42093,18103.0,76976.0,1142.0,8144.0,0.03462671905697446,0.3150597812261511,0.02918956043956044
42095,318580.0,89184.0,1395.0,129448.0,0.05271614856930969,0.2888749347599165,0.04573143446950939
42097,90560.0,60583.0,806.0,43395.0,0.12695010945961516,0.24526210209576096,0.036875029396547666
42099,46239.0,79444.0,874.0,20049.0,0.08728614893510898,0.18170391824689874,0.03134470516927872
42101,1579706.0,61953.0,1397.0,748270.0,0.0920015502425595,0.4820569655651519,0.0814852623746241
42103,60621.0,81323.0,1378.0,40177.0,0.3961221594444583,0.12966779325694502,0.07469929633609484
42105,16188.0,59020.0,809.0,12397.0,0.4359925788497217,0.20323226544622425,0.03822441430332922
42107,143558.0,68313.0,876.0,67295.0,0.13830150828441934,0.23906670345588743,0.05628123082317875
42109,39668.0,66876.0,929.0,16053.0,0.09051267675823833,0.24417808219178083,0.02432103769760843
42111,72799.0,61446.0,753.0,37863.0,0.22499537807358108,0.1959514721919302,0.04919622652599406
42113,5888.0,69764.0,775.0,5584.0,0.5431590257879656,0.15052920423363386,0.05833956619296934
42115,38219.0,68487.0,933.0,21348.0,0.2731403410155518,0.2152477927434427,0.0587129840546697
42117,40945.0,64899.0,863.0,21571.0,0.22641509433962265,0.22628393360100676,0.04550176605028049
42119,42456.0,76404.0,974.0,16205.0,0.10237580993520519,0.27677712085796785,0.02172692566808893
42121,49801.0,61522.0,795.0,26244.0,0.1846898338667886,0.24709071365144647,0.05601714185761763
42123,37920.0,60480.0,755.0,21629.0,0.2545656294789403,0.20529678099609253,0.04398296680860993
42125,210042.0,78958.0,949.0,97923.0,0.09617760893763468,0.2389921473363087,0.04780651889992389
42127,51262.0,62381.0,1038.0,32171.0,0.35106151502906346,0.194759783493797,0.06009044911118076
42129,352500.0,74109.0,879.0,168812.0,0.08194322678482573,0.21584214635531265,0.0477920188056193
42131,25967.0,72460.0,943.0,12896.0,0.15384615384615385,0.22085777126099707,0.04986544245686243
42133,462924.0,84829.0,1193.0,189857.0,0.04358016823187978,0.23658051689860835,0.04487714342695966
44001,50490.0,114490.0,1528.0,21615.0,0.06990515845477678,0.28178471945881417,0.0304506246281975
44003,171456.0,94345.0,1327.0,76529.0,0.048217015771798925,0.2691964469583602,0.047086558320989715
44005,84657.0,103514.0,1713.0,43663.0,0.15562375466642236,0.32130845177389605,0.05799636528850523
44007,664854.0,78787.0,1312.0,277740.0,0.06671707352199899,0.43070097604259094,0.06556424905479138
44009,130344.0,106638.0,1327.0,66385.0,0.2084205769375612,0.22468553159907895,0.044182324186361734
45001,24420.0,52935.0,799.0,11806.0,0.17313230560731832,0.21860274533906987,0.040229326596054805
45003,174160.0,70609.0,1062.0,80008.0,0.12613738626137386,0.23461010355283482,0.06075702075702076
45005,7661.0,32328.0,662.0,4050.0,0.20049382716049383,0.38295243977764054,0.08493248045486851
45007,210478.0,66651.0,989.0,92319.0,0.09115133396158971,0.251537471395881,0.052550462364522224
45009,13042.0,44370.0,815.0,6581.0,0.2943321683634706,0.29608096468561584,0.14976174268209666
45011,20521.0,46626.0,740.0,9927.0,0.1824317517880528,0.29066042385411534,0.07048269970098249
45013,195289.0,86573.0,1653.0,103177.0,0.20202176841737984,0.2405596783792647,0.02623543780533634
45015,246802.0,84358.0,1654.0,100600.0,0.06847912524850895,0.2545058744437686,0.031866327284670336
45017,14182.0,58682.0,1052.0,7068.0,0.12577815506508205,0.1497005988023952,0.058476881233000905
45019,420264.0,88494.0,1620.0,209803.0,0.14693784168958499,0.36108395027238444,0.03453053960608623
45021,56647.0,50288.0,869.0,25150.0,0.12274353876739563,0.26165979241263654,0.06262038602146311
45023,32182.0,52458.0,853.0,14807.0,0.1112987100695617,0.2156698837297667,0.05562940316363153
45025,43784.0,49235.0,762.0,20843.0,0.15875833613203474,0.2722710163111669,0.0749800319488818
45027,30986.0,52401.0,763.0,16089.0,0.23202187830194543,0.27055681450307545,0.06845946374742186
45029,38783.0,51114.0,949.0,20083.0,0.18299058905542,0.26706484641638223,0.09873093491675398
45031,62558.0,48581.0,896.0,29763.0,0.1411820045022343,0.29087281405265836,0.06653945369094315
45033,27862.0,46605.0,679.0,12914.0,0.1614526870063497,0.35331055499122727,0.08953393295175797
45035,167201.0,78198.0,1463.0,67865.0,0.06904884697561335,0.24466990613969833,0.04944675788221297
45037,27476.0,73029.0,720.0,11513.0,0.1515677929297316,0.19901719901719903,0.04778348859620944
45039,20550.0,47885.0,938.0,11003.0,0.18840316277378896,0.25352743561030233,0.05457181319250285
45041,137117.0,58305.0,954.0,62090.0,0.14871960057980352,0.35500227031935827,0.05601758158360739
45043,64811.0,68713.0,1204.0,37173.0,0.2701961100798967,0.1604556010173615,0.04381470999176011
45045,548166.0,76932.0,1262.0,238260.0,0.07426760681608327,0.31074739872599916,0.04358348422707962
45047,69489.0,52830.0,898.0,31702.0,0.12043404201627658,0.3299024530196529,0.05469479787405379
45049,18254.0,44711.0,843.0,8645.0,0.1642567958357432,0.2656055363321799,0.09486314210723659
45051,383016.0,66880.0,1255.0,217419.0,0.2697096389919924,0.22735374325320098,0.04880265526940975
45053,32166.0,65613.0,1328.0,14758.0,0.11112616885756878,0.22838847385272146,0.045695220134909696
45055,68314.0,68231.0,971.0,30134.0,0.10742018981880933,0.17961110904561847,0.04745051365572538
45057,104475.0,78869.0,959.0,43832.0,0.08450447161890856,0.16743919457735248,0.04291044776119403
45059,68666.0,57623.0,880.0,32027.0,0.15824148374808755,0.2852479691383212,0.044856873230575654
45061,16166.0,44760.0,823.0,7602.0,0.16456195737963694,0.29507164226106125,0.06657088122605365
45063,304887.0,77408.0,1178.0,132916.0,0.08239790544403984,0.22599291594240922,0.044646007197244264
45065,9760.0,55798.0,696.0,5675.0,0.26008810572687224,0.12098118599666587,0.043590571520826606
45067,28664.0,36301.0,669.0,14505.0,0.16049638055842813,0.37373737373737376,0.0723953695458593
45069,25975.0,34301.0,689.0,12077.0,0.18945102260495156,0.37010930636428646,0.0991559035899522
45071,38435.0,61780.0,872.0,18558.0,0.17421058303696518,0.2690375203915171,0.044492489758761945
45073,80469.0,62388.0,881.0,42100.0,0.18016627078384798,0.23792553962045487,0.058798776895671444
45075,83253.0,45675.0,841.0,41527.0,0.20348207190502565,0.3303806270217976,0.08308266488413547
45077,134629.0,61064.0,972.0,58677.0,0.10673688157199585,0.2910481932308162,0.036349466136700176
45079,422117.0,63784.0,1228.0,187611.0,0.10473799510689671,0.39734224016289493,0.06449945490771024
45081,19131.0,51009.0,851.0,9543.0,0.19626951692339936,0.21316818774445892,0.03221016561964592
45083,347852.0,66234.0,1084.0,144170.0,0.08668932510230977,0.27020171334832005,0.0433112466797046
45085,104725.0,56693.0,1057.0,47582.0,0.13658526333487453,0.31869629773872404,0.06867883607446232
45087,26885.0,41621.0,804.0,13527.0,0.14164264064463666,0.2872276289725261,0.07935153583617748
45089,30282.0,46213.0,765.0,14907.0,0.1754880257597102,0.23627044178667317,0.03958967783298606
45091,293673.0,89095.0,1387.0,120653.0,0.05692357421696932,0.254682075844795,0.041495852339434536
46003,2642.0,72885.0,747.0,1261.0,0.15622521808088818,0.2725563909774436,0.012435991221653255
46005,19309.0,67681.0,879.0,8474.0,0.11069152702383762,0.27096602972399153,0.01905748316934231
46007,3345.0,53750.0,617.0,1151.0,0.20069504778453517,0.38804347826086955,0.1
46009,7044.0,64435.0,646.0,2842.0,0.14919071076706544,0.19520264681555005,0.02198581560283688
46011,35353.0,70064.0,901.0,15179.0,0.09098096053758482,0.4277431511813306,0.037469070342877345
46013,37877.0,70898.0,777.0,18090.0,0.09977888336097292,0.323672090881179,0.032860416361952124
46015,5283.0,73720.0,835.0,2367.0,0.17405999155048585,0.23631713554987213,0.014806378132118452
46017,1808.0,47045.0,540.0,578.0,0.12110726643598616,0.4744094488188976,0.10802469135802469
46019,10676.0,75652.0,972.0,4783.0,0.09972820405603178,0.23850441244774734,0.01795890174408565
46021,1593.0,68929.0,760.0,920.0,0.18043478260869567,0.23740053050397877,0.03132530120481928
46023,9281.0,64038.0,704.0,3668.0,0.173391494002181,0.2767150395778364,0.05846968238691049
46025,3917.0,70726.0,782.0,1609.0,0.16967060285891858,0.2245508982035928,0.03955135773317592
46027,15219.0,56850.0,770.0,6262.0,0.11418077291600127,0.4917973679466378,0.06993494423791821
46029,28767.0,72727.0,938.0,13533.0,0.07441069977093032,0.3016924796423439,0.019159770846594527
46031,3806.0,46406.0,496.0,1359.0,0.16997792494481237,0.40868794326241137,0.2354515050167224
46033,8892.0,84112.0,1112.0,5291.0,0.15876015876015875,0.14423725005616717,0.022563386834147475
46035,19952.0,66208.0,847.0,9579.0,0.07098862094164318,0.38532419372963256,0.008639910813823858
46037,5437.0,66033.0,660.0,3440.0,0.3107558139534884,0.2543230704344159,0.020923805763916305
46039,4328.0,83112.0,642.0,2155.0,0.18607888631090488,0.17217787913340935,0.02128644146228598
46041,5205.0,54104.0,692.0,1931.0,0.12377006732263077,0.3877068557919622,0.13910133843212238
46043,2828.0,86442.0,877.0,1338.0,0.14947683109118087,0.23286467486818982,0.004679144385026738
46045,4048.0,81630.0,992.0,1898.0,0.14120126448893572,0.18895705521472392,0.010954616588419406
46047,7258.0,67917.0,931.0,4093.0,0.1126313217688737,0.2756057268722467,0.024793388429752067
46049,2126.0,57750.0,771.0,1085.0,0.2055299539170507,0.20417633410672853,0.0527363184079602
46051,7563.0,75028.0,763.0,3456.0,0.12355324074074074,0.24364476724991746,0.027442630707357463
46053,4016.0,62917.0,614.0,2188.0,0.2646252285191956,0.23306401491609696,0.022896963663514187
46055,1722.0,65625.0,584.0,895.0,0.2324022346368715,0.2081513828238719,0.0
46057,6373.0,87101.0,800.0,2860.0,0.23286713286713287,0.18003646308113036,0.00502828409805154
46059,3140.0,74635.0,587.0,1719.0,0.18266433973240256,0.34519572953736655,0.007756563245823389
46061,3472.0,81071.0,782.0,1291.0,0.12316034082106894,0.10600706713780919,0.018032786885245903
46063,1148.0,80441.0,521.0,688.0,0.2761627906976744,0.23493975903614459,0.008658008658008658
46065,17664.0,81395.0,990.0,7997.0,0.09303488808303113,0.2801599338204881,0.009551310528653932
46067,7404.0,73977.0,727.0,3236.0,0.10135970333745364,0.22730398899587345,0.016495402920497566
46069,1191.0,73472.0,836.0,617.0,0.1847649918962723,0.16500994035785288,0.037209302325581395
46071,2802.0,35417.0,442.0,1086.0,0.23572744014732966,0.3265060240963855,0.07176470588235294
46073,1772.0,73750.0,632.0,963.0,0.18483904465212878,0.1592356687898089,0.017418032786885244
46075,1004.0,65119.0,543.0,479.0,0.2860125260960334,0.23684210526315788,0.02127659574468085
46077,5244.0,74000.0,685.0,2663.0,0.2069095005632745,0.17945075757575757,0.010011551790527531
46079,10972.0,76808.0,947.0,5797.0,0.1864757633258582,0.26166242578456317,0.029541595925297114
46081,27233.0,73384.0,938.0,14840.0,0.1877358490566038,0.3490957358553177,0.01747455811462239
46083,70638.0,99166.0,1260.0,28710.0,0.028944618599791014,0.28759998565228306,0.016806104173311416
46085,3724.0,67143.0,651.0,1553.0,0.23502897617514487,0.3005050505050505,0.040100250626566414
46087,5751.0,83852.0,945.0,2473.0,0.101900525677315,0.20531292210715893,0.018425460636515914
46089,2145.0,66906.0,594.0,1205.0,0.24066390041493776,0.18688524590163935,0.010773751224289911
46091,4344.0,78156.0,752.0,2436.0,0.3222495894909688,0.1968503937007874,0.003239241092086997
46093,30546.0,74790.0,1264.0,12871.0,0.07015771890296015,0.27080548128342247,0.03199948698217263
46095,1943.0,54076.0,708.0,779.0,0.17715019255455713,0.3962558502340094,0.12471131639722864
46097,2300.0,76140.0,644.0,1180.0,0.21016949152542372,0.15236051502145923,0.002544529262086514
46099,203289.0,76880.0,978.0,89418.0,0.051488514616743836,0.3691253802438277,0.02459616627180702
46101,6397.0,78427.0,758.0,2759.0,0.07249003262051468,0.26533802266510353,0.027950310559006212
46102,13491.0,41417.0,584.0,3470.0,0.15763688760806915,0.4854601436879918,0.163818123186069
46103,113512.0,74517.0,1120.0,51681.0,0.10276503937617307,0.3072029329307742,0.03151527828618243
46105,3001.0,66908.0,738.0,1744.0,0.24942660550458715,0.21619556913674562,0.04858044164037855
46107,2388.0,72045.0,1008.0,1567.0,0.31971920867900444,0.1848030018761726,0.02607232968881413
46109,10221.0,65130.0,658.0,4848.0,0.2522689768976898,0.2882758620689655,0.05991285403050109
46111,2384.0,78750.0,725.0,1168.0,0.19006849315068494,0.2135306553911205,0.005654281098546042
46115,6219.0,70139.0,734.0,3010.0,0.17408637873754154,0.2727272727272727,0.013350700097688049
46117,3015.0,87712.0,952.0,1542.0,0.16342412451361868,0.16899224806201552,0.0048484848484848485
46119,1526.0,72578.0,842.0,934.0,0.31798715203426126,0.271585557299843,0.0
46121,9244.0,42075.0,532.0,2879.0,0.11635984716915596,0.5365566037735849,0.18663981201745553
46123,5611.0,58987.0,820.0,2762.0,0.18247646632874728,0.3157661647475642,0.01818870784388026
46125,8882.0,75771.0,742.0,3913.0,0.08816764630718119,0.21048206278026907,0.02160559203558568
46127,17081.0,89636.0,1069.0,7588.0,0.036636794939377965,0.26908344733242134,0.029609544468546637
46129,5271.0,65026.0,926.0,2932.0,0.17633015006821282,0.23768115942028986,0.034792806880375296
46135,23414.0,72821.0,781.0,10616.0,0.08675584024114544,0.273233625580196,0.01377503591650469
46137,2377.0,53958.0,734.0,885.0,0.1694915254237288,0.42857142857142855,0.23494486853265478
47001,79153.0,66183.0,1031.0,35880.0,0.08709587513935341,0.28304075713631505,0.03742668029919819
47003,52237.0,67225.0,1051.0,20488.0,0.04797930495900039,0.28136375288387594,0.0421691403834261
47005,16006.0,51746.0,768.0,8569.0,0.16898121134321392,0.2485605954219913,0.05286940804338003
47007,15032.0,54720.0,830.0,5912.0,0.17828146143437076,0.17496912309592424,0.01823168764117457
47009,139333.0,77365.0,1090.0,61850.0,0.10231204527081648,0.230143006375851,0.03538485664998645
47011,111065.0,66552.0,1030.0,45949.0,0.07297220831791769,0.32740163395624,0.06571387272792975
47013,39761.0,51557.0,716.0,20559.0,0.16406440001945619,0.30798324217386247,0.04955088929867349
47015,14818.0,59443.0,908.0,6453.0,0.10491244382457772,0.21623961218836565,0.028000605418495535
47017,28641.0,51787.0,755.0,13100.0,0.11900763358778627,0.25457066112122,0.04519543973941368
47019,56712.0,50135.0,739.0,28118.0,0.1313393555729426,0.24806550665301944,0.062350787840203724
47021,41829.0,89852.0,1345.0,17449.0,0.06705255315490859,0.18465507709318754,0.0434395980614468
47023,17611.0,59341.0,756.0,7279.0,0.1166369006731694,0.24572317262830481,0.0412777704745629
47025,32466.0,49379.0,745.0,15512.0,0.11526560082516761,0.27819877586709413,0.04495960660344222
47027,7670.0,39972.0,557.0,4005.0,0.1295880149812734,0.2561675272518646,0.10047846889952153
47029,36813.0,48016.0,798.0,17957.0,0.13632566687085815,0.25475530337223545,0.042325091404846006
47031,59710.0,61505.0,913.0,25467.0,0.0930616091412416,0.3099969693033727,0.03561223031861695
47033,13944.0,62165.0,857.0,6134.0,0.10205412455167917,0.2837690631808279,0.028905911258852435
47035,63553.0,60375.0,839.0,31455.0,0.10364012080750278,0.19794289767689308,0.050562024092502315
47037,715388.0,77853.0,1582.0,357113.0,0.09018433941077474,0.47207662500346254,0.04487473311467934
47039,11579.0,45375.0,757.0,6591.0,0.30693369746624183,0.2565674255691769,0.07161857990587273
47041,20959.0,53153.0,839.0,10155.0,0.1480059084194978,0.2739251040221914,0.05642600042345967
47043,55983.0,75003.0,1015.0,23657.0,0.08031449465274548,0.1972698441880774,0.03370747106278499
47045,36508.0,58154.0,782.0,16311.0,0.09453742872907854,0.38140700115105963,0.04680066603235014
47047,43267.0,88456.0,902.0,18494.0,0.06942792256948199,0.18570598489250437,0.047570616245203645
47049,19309.0,51149.0,709.0,9260.0,0.15431965442764578,0.1743072404546035,0.046539862403885066
47051,43990.0,63494.0,894.0,20110.0,0.13252113376429636,0.22596732588134136,0.02846474638735331
47053,50869.0,62755.0,819.0,22617.0,0.09979219171419729,0.31173870333988213,0.04979748454487316
47055,30620.0,62307.0,862.0,14221.0,0.15209900850854371,0.26695969480842596,0.043991795742273146
47057,24266.0,50538.0,746.0,11835.0,0.18377693282636248,0.2287784679089027,0.04677754677754678
47059,71628.0,56194.0,737.0,32697.0,0.13141878459797535,0.22890845070422536,0.05732664837763693
47061,13819.0,47593.0,636.0,6240.0,0.17291666666666666,0.1629529161015307,0.08962347534028638
47063,65669.0,55454.0,857.0,28095.0,0.06937177433707065,0.30241719574695936,0.05261239770731869
47065,376192.0,76183.0,1253.0,168013.0,0.08232696279454566,0.3609394153624636,0.043687362471856186
47067,6852.0,34960.0,622.0,3675.0,0.23047619047619047,0.2538896746817539,0.06291007333076032
47069,25433.0,46069.0,812.0,10750.0,0.15255813953488373,0.28298572996706917,0.09786476868327403
47071,27249.0,49956.0,775.0,15161.0,0.27438823296616316,0.22007090264521406,0.0472461273666093
47073,57964.0,56936.0,785.0,27445.0,0.14130078338495172,0.19875249289260408,0.07305135212301668
47075,17475.0,50472.0,762.0,8260.0,0.13232445520581113,0.39347007115948096,0.058683385579937304
47077,27980.0,55136.0,745.0,12963.0,0.15760240685026614,0.2681318681318681,0.06100618418853418
47079,32412.0,50613.0,761.0,17088.0,0.2127808988764045,0.2647190008920607,0.04832205098660521
47081,25436.0,68247.0,893.0,10711.0,0.119129866492391,0.2077371489136195,0.024200372313420208
47083,8353.0,59576.0,735.0,3954.0,0.15199797673242285,0.19027736355502536,0.03875545851528384
47085,19214.0,60616.0,862.0,8892.0,0.18567251461988304,0.21682088109377157,0.06918165989553104
47087,12029.0,47951.0,758.0,5854.0,0.18090194738640247,0.189155370177268,0.07642725598526703
47089,56864.0,66114.0,904.0,25632.0,0.14883739076154806,0.24178392996287298,0.0459189046866772
47091,18196.0,53129.0,674.0,8761.0,0.16699006962675494,0.2251301726500411,0.03160011490950876
47093,494148.0,74222.0,1261.0,218661.0,0.08010116115813977,0.3481500999274159,0.03524582952402447
47095,6579.0,28814.0,532.0,2494.0,0.17121090617481957,0.5224963715529753,0.049104563835932986
47097,24784.0,49879.0,774.0,10703.0,0.12874894889283378,0.35646112600536195,0.05571353343865192
47099,45385.0,54706.0,763.0,18730.0,0.09284570208222104,0.22447177917721148,0.04895577099310278
47101,12992.0,56285.0,708.0,5804.0,0.07184700206753963,0.18062001113792464,0.03670618807860971
47103,35946.0,64667.0,857.0,16291.0,0.08851513105395617,0.24176712236514245,0.04733238904627007
47105,58580.0,84185.0,1062.0,26043.0,0.07629689359904773,0.19724808779514466,0.02780181332530755
47107,54884.0,61470.0,803.0,24137.0,0.12093466462277831,0.24224714864737487,0.04861971155766849
47109,25970.0,53473.0,723.0,12327.0,0.19372110002433682,0.2026360800885401,0.058149857954545456
47111,26240.0,59177.0,846.0,10997.0,0.14331181231244886,0.26356013162084707,0.03416820036808834
47113,99295.0,60042.0,1123.0,44091.0,0.08931527976230977,0.3799217991183722,0.07025775394552435
47115,29250.0,61824.0,853.0,14058.0,0.15571205007824726,0.21459263627938327,0.0710240318383591
47117,36049.0,71049.0,946.0,14749.0,0.07641196013289037,0.23190427250036705,0.039162575475424635
47119,107791.0,76130.0,1300.0,46159.0,0.083472345588076,0.2909989126837801,0.023879781420765026
47121,13343.0,61375.0,875.0,6275.0,0.1657370517928287,0.19044890162368672,0.05469593378913278
47123,47695.0,56895.0,714.0,21764.0,0.09419224407278073,0.27843157147205033,0.043456367390100205
47125,234153.0,75613.0,1308.0,93445.0,0.06084862753491359,0.38123725201973585,0.05083113629139321
47127,6674.0,66469.0,841.0,3017.0,0.09214451441829632,0.17488134355604235,0.04493337465137899
47129,21361.0,65954.0,770.0,8566.0,0.1608685500817184,0.15108514190317196,0.050845410628019325
47131,30453.0,54613.0,770.0,14326.0,0.12557587602959655,0.31883132433942685,0.0417469968856592
47133,23065.0,48959.0,832.0,10406.0,0.12829137036325197,0.23073531032962188,0.031655992680695334
47135,8697.0,55972.0,758.0,4866.0,0.2581175503493629,0.26177285318559557,0.05818181818181818
47137,5079.0,49030.0,564.0,3360.0,0.3550595238095238,0.16566682048915551,0.06764705882352941
47139,17898.0,62522.0,676.0,9064.0,0.18093556928508384,0.1640625,0.0528429772812853
47141,82558.0,58912.0,908.0,36506.0,0.07957596011614529,0.38805392696645935,0.03734791127452166
47143,33992.0,55033.0,839.0,15451.0,0.12788816257847388,0.28519480519480517,0.05831518780620577
47145,55208.0,71885.0,785.0,25680.0,0.11253894080996885,0.21891180342255376,0.04901608589789646
47147,75539.0,83047.0,1199.0,29824.0,0.0526086373390558,0.22378340116793488,0.0330672748004561
47149,360646.0,85470.0,1502.0,138929.0,0.0683658559408043,0.35181679813954925,0.03579684694069907
47151,22113.0,44711.0,686.0,9873.0,0.11323812417704851,0.2844089091947459,0.07451062934119133
47153,16809.0,58750.0,818.0,6992.0,0.11413043478260869,0.21989021633839198,0.06631221385319747
47155,99652.0,62581.0,1072.0,58967.0,0.3158207132803093,0.29310430299424944,0.03338070985826523
47157,919173.0,63767.0,1232.0,404333.0,0.10286570722646927,0.45862474878770254,0.07202457273097344
47159,20389.0,66293.0,922.0,8752.0,0.09369287020109689,0.23096318709026728,0.02662163504519718
47161,14027.0,63114.0,945.0,6718.0,0.20765108663292647,0.18936689836558332,0.027311615663047056
47163,160624.0,58807.0,889.0,76324.0,0.0971778208689272,0.2786219106912215,0.05430050985769246
47165,204424.0,90301.0,1424.0,83236.0,0.05591330674227498,0.2804331780814945,0.03564623617682721
47167,61553.0,74127.0,1013.0,24417.0,0.07195806200597944,0.23680494263018534,0.055275693087968196
47169,11957.0,72747.0,853.0,3974.0,0.06894816305988928,0.2554054054054054,0.00636465743167353
47171,17756.0,52218.0,750.0,8749.0,0.10904103326094411,0.27107119948685054,0.043366093366093365
47173,20431.0,62727.0,847.0,9831.0,0.19326619875902756,0.1980834699281301,0.026278331325960802
47175,6437.0,54931.0,700.0,2922.0,0.12080766598220397,0.13585052549630205,0.02327272727272727
47177,42166.0,55487.0,827.0,18537.0,0.12591034147920374,0.2755662531629945,0.05895679934091962
47179,136261.0,62809.0,1005.0,62077.0,0.08566779966815406,0.3545340827005409,0.047264885798530124
47181,16168.0,52294.0,619.0,7211.0,0.17043405907641104,0.19826145101972584,0.033908660455170304
47183,33016.0,51880.0,803.0,15056.0,0.11105207226354942,0.3369695158398087,0.04001058131075987
47185,28160.0,52188.0,849.0,12335.0,0.08990676935549251,0.2312488865134509,0.05568576739675099
47187,260351.0,135594.0,1969.0,96921.0,0.04856532639985143,0.21193094324072267,0.02426866648811118
47189,158805.0,95839.0,1486.0,63031.0,0.061747394139391724,0.22983141412604205,0.0322572937325273
48001,58439.0,62068.0,1041.0,20648.0,0.14863425029058505,0.27663689629671767,0.05952274953254385
48003,18610.0,72242.0,1305.0,7153.0,0.043198657905773805,0.2147866744593805,0.03319548451995082
48005,87275.0,60960.0,1076.0,37023.0,0.12835264565270238,0.36010659725450095,0.06387687355396841
48007,24876.0,69466.0,1128.0,15999.0,0.22007625476592288,0.23240903991024203,0.0408997955010225
48009,8867.0,72159.0,770.0,3966.0,0.12556732223903178,0.15542099192618225,0.0303886925795053
48011,1822.0,72750.0,1021.0,886.0,0.1343115124153499,0.1981747066492829,0.012401352874859075
48013,51008.0,70770.0,1061.0,19214.0,0.12636619131883,0.22637912546169428,0.04092671053817723
48015,31170.0,75789.0,1137.0,14319.0,0.15301347859487394,0.23491094986807387,0.04345218260579807
48017,6913.0,61420.0,931.0,2740.0,0.1937956204379562,0.20099592575826167,0.0
48019,22021.0,75813.0,1149.0,11585.0,0.20112214069917997,0.14111291193949216,0.0874306299289261
48021,106582.0,86226.0,1410.0,39706.0,0.07147534377675918,0.23548877074970165,0.042766330125366556
48023,3485.0,45370.0,581.0,2190.0,0.3013698630136986,0.33790849673202616,0.0449438202247191
48025,31083.0,57673.0,1065.0,10650.0,0.17305164319248825,0.2918133303054389,0.05208067398519275
48027,386897.0,68865.0,1224.0,155018.0,0.08200983111638649,0.4348898492674186,0.06767816523227728
48029,2067341.0,72341.0,1354.0,820780.0,0.08509101098954652,0.41150879099367593,0.05784966496946088
48031,12446.0,92425.0,1017.0,6129.0,0.15712187958883994,0.23770809136662796,0.05923694779116466
48033,713.0,65625.0,,368.0,0.33967391304347827,0.3374485596707819,0.0033444816053511705
48035,18687.0,68914.0,928.0,9348.0,0.19811724433033803,0.2417289220917823,0.035808188305997246
48037,92115.0,59803.0,988.0,39948.0,0.12203364373685792,0.3655233370398882,0.04429020821890448
48039,391255.0,97993.0,1454.0,150321.0,0.109252865534423,0.25857742460679023,0.04681939386393584
48041,242311.0,58553.0,1193.0,100826.0,0.09659214885049491,0.5315906770450229,0.047203557789916376
48043,9503.0,56212.0,839.0,5917.0,0.16325840797701538,0.375075742274288,0.03037237362180154
48045,1301.0,45417.0,631.0,849.0,0.3486454652532391,0.1717902350813743,0.010238907849829351
48047,6943.0,47764.0,719.0,3884.0,0.2335221421215242,0.47195162915686933,0.199438202247191
48049,38347.0,57470.0,919.0,19246.0,0.22207211888184558,0.3171920919048891,0.05266119050298188
48051,18857.0,70000.0,1063.0,9579.0,0.17527925670738073,0.1827848101265823,0.049573621375781696
48053,52652.0,78732.0,1319.0,25555.0,0.1794560751320681,0.23696885879154944,0.026263102108114476
48055,48669.0,69758.0,1173.0,17582.0,0.05317938801046525,0.24689133177149036,0.034117286383742826
48057,19868.0,79959.0,891.0,10833.0,0.1996676820825256,0.22733564013840832,0.07374015374394989
48059,14241.0,72436.0,817.0,6539.0,0.1988071570576541,0.19068524527581598,0.04716705607476635
48061,426120.0,52601.0,912.0,159679.0,0.13305444047119533,0.34785780847052367,0.059125310844415614
48063,12798.0,58843.0,801.0,5824.0,0.17290521978021978,0.2250363296657671,0.05680041688379364
48065,5801.0,85231.0,956.0,2810.0,0.18398576512455517,0.2080244221543829,0.011788480970023578
48067,28568.0,53813.0,852.0,13993.0,0.1563638962338312,0.23413807708598053,0.06388415672913117
48069,7344.0,56776.0,896.0,3024.0,0.20205026455026456,0.3642768338168255,0.03743161531816873
48071,51498.0,109804.0,1609.0,18937.0,0.09019380049638274,0.18439839804979977,0.07270152248318187
48073,51886.0,61261.0,933.0,21053.0,0.1362276160167197,0.26021446246906793,0.05204616026324327
48075,6743.0,58654.0,913.0,2772.0,0.33694083694083693,0.28998911860718174,0.005462348809988295
48077,10495.0,80114.0,811.0,5163.0,0.1692814255277939,0.16017719748193052,0.01951779563719862
48079,2550.0,45313.0,697.0,1268.0,0.27287066246056785,0.35357917570498915,0.04808548530721282
48081,3353.0,43333.0,729.0,2144.0,0.25652985074626866,0.28858218318695106,0.05578800557880056
48083,7833.0,49159.0,653.0,4899.0,0.3176158399673403,0.22823810948250076,0.07672112018669779
48085,1163337.0,121600.0,1859.0,437396.0,0.047439848558285855,0.3548167989132261,0.04169384962000956
48087,2588.0,61280.0,714.0,1487.0,0.34431741761936785,0.26153846153846155,0.011146496815286623
48089,21006.0,66377.0,926.0,10102.0,0.21431399722827163,0.20486329847549453,0.028755682418860343
48091,183826.0,101889.0,1603.0,77961.0,0.08474750195610625,0.2338621520867786,0.03939722463139636
48093,13950.0,59635.0,855.0,6940.0,0.22838616714697407,0.19551820728291316,0.062066932035972286
48095,3328.0,65795.0,733.0,1414.0,0.4243281471004243,0.19533169533169534,0.01529051987767584
48097,43046.0,73932.0,1047.0,17944.0,0.07891217119928667,0.2816432720232333,0.044796691936595454
48099,84748.0,71301.0,1186.0,29512.0,0.08559230143670371,0.41440005929000223,0.07088101322075326
48101,1368.0,59063.0,264.0,930.0,0.3795698924731183,0.1681109185441941,0.1259600614439324
48103,4610.0,62212.0,882.0,1840.0,0.11304347826086956,0.16237745098039216,0.04567969179966978
48105,2822.0,81022.0,558.0,1729.0,0.291497975708502,0.26285714285714284,0.030107526881720432
48107,5041.0,52188.0,684.0,2659.0,0.2745393004889056,0.3115603939865215,0.08246128087065718
48109,2195.0,58777.0,1043.0,1097.0,0.20875113947128532,0.29838709677419356,0.012004801920768308
48111,7298.0,71500.0,1081.0,3052.0,0.1526867627785059,0.36040216550657383,0.023424878836833602
48113,2621179.0,76547.0,1565.0,1064965.0,0.07721192715253553,0.49232500658874145,0.049950759501704696
48115,12134.0,54360.0,777.0,4903.0,0.1754028146033041,0.29359386594113285,0.06392132759680394
48117,18460.0,60799.0,926.0,6984.0,0.13359106529209622,0.33184597587175674,0.03452641270571988
48119,5438.0,66575.0,945.0,2450.0,0.11306122448979591,0.17165209387942937,0.04281098546042003
48121,979561.0,111498.0,1728.0,376754.0,0.04342886870477818,0.345371151412906,0.04016276980670191
48123,20016.0,63730.0,921.0,9238.0,0.25081186403983546,0.2608004623609305,0.03722829350306233
48125,1747.0,49335.0,758.0,1151.0,0.368375325803649,0.20495185694635487,0.09240506329113925
48127,8380.0,38808.0,823.0,4023.0,0.25478498632861046,0.33455637091394264,0.08417169684775319
48129,3257.0,58750.0,780.0,1951.0,0.39518195797027167,0.25169491525423726,0.016783216783216783
48131,9742.0,49038.0,741.0,4420.0,0.3092760180995475,0.2961021945627252,0.10980061780398764
48133,18011.0,53549.0,866.0,9384.0,0.2289002557544757,0.2841348811498065,0.04693359138744405
48135,164654.0,71536.0,1259.0,68899.0,0.06293269858778792,0.35329832876415285,0.05882940222139024
48137,1290.0,40313.0,713.0,815.0,0.5042944785276073,0.12128712871287128,0.0
48139,213160.0,99595.0,1594.0,75422.0,0.048566731192490255,0.24206022937889324,0.04455072411750983
48141,870779.0,59806.0,1079.0,323571.0,0.07396830989180118,0.35770282041269935,0.0600263374238801
48143,43794.0,65115.0,1146.0,18694.0,0.10046004065475554,0.36851807802093245,0.056926664027099554
48145,17291.0,57247.0,731.0,7450.0,0.14845637583892618,0.2353404791929382,0.05957385128279461
48147,37326.0,72295.0,1035.0,14814.0,0.1381800999054948,0.21273595989660846,0.04990768864272527
48149,25042.0,75854.0,988.0,13233.0,0.21385929116602434,0.20628664808228395,0.022697962342017024
48151,3655.0,65533.0,601.0,2016.0,0.22420634920634921,0.1956521739130435,0.046635182998819365
48153,5216.0,58462.0,676.0,2592.0,0.24691358024691357,0.26741803278688525,0.06044407894736842
48155,991.0,61563.0,572.0,623.0,0.2985553772070626,0.2402745995423341,0.06261510128913444
48157,893767.0,114041.0,1807.0,305633.0,0.04227292209938063,0.2304031594087041,0.05052495742402163
48159,10632.0,72360.0,936.0,5121.0,0.2390158172231986,0.1796253528355145,0.04389850986709625
48161,20049.0,59960.0,853.0,9123.0,0.22284336292886112,0.24569816643159378,0.03042647994907702
48163,18582.0,66010.0,1016.0,6393.0,0.14953855779759112,0.4105205076328858,0.05566418980576196
48165,22232.0,74132.0,789.0,7719.0,0.1023448633242648,0.25371626497330063,0.024337943604588828
48167,358990.0,86105.0,1404.0,161868.0,0.1310203375589987,0.32363145172757,0.05696974400478952
48169,5118.0,46314.0,838.0,2190.0,0.3319634703196347,0.29460013670539986,0.11470281543274244
48171,27524.0,76162.0,1340.0,14373.0,0.1989842064982954,0.2509337270911144,0.027234246465937226
48173,1068.0,101250.0,648.0,513.0,0.10331384015594541,0.31521739130434784,0.0078125
48175,7141.0,59359.0,754.0,3547.0,0.20749929517902452,0.13162575595873355,0.052488994243142566
48177,19851.0,58672.0,840.0,9020.0,0.12128603104212861,0.3378753469593742,0.043130815544608646
48179,21045.0,59614.0,933.0,9952.0,0.1970458199356913,0.23626579902390188,0.05566057550934678
48181,143337.0,72182.0,1310.0,62132.0,0.11079636902079444,0.3321930205618303,0.031154767473175433
48183,125480.0,66550.0,1102.0,53883.0,0.10404023532468497,0.3966692213683535,0.03603542922574344
48185,31340.0,69803.0,1069.0,12349.0,0.169568386104138,0.2007801072647489,0.05063291139240506
48187,183642.0,92375.0,1517.0,69700.0,0.06134863701578192,0.22176876987038396,0.04763260167496853
48189,32131.0,51897.0,836.0,13392.0,0.1768219832735962,0.39459361393323655,0.052769177846577225
48191,2820.0,48459.0,529.0,1739.0,0.32777458309373203,0.2643284858853721,0.0904
48193,8406.0,58219.0,885.0,4372.0,0.28636779505946935,0.21314102564102563,0.05433306166802499
48195,5119.0,69441.0,939.0,2275.0,0.1832967032967033,0.1883745963401507,0.06199770378874857
48197,3501.0,63333.0,684.0,1808.0,0.3196902654867257,0.26097560975609757,0.024130190796857465
48199,57642.0,75808.0,1049.0,25100.0,0.1146613545816733,0.17676176761767617,0.05434079933072213
48201,4838303.0,74983.0,1401.0,1917790.0,0.08375578139420896,0.45284731533311634,0.06731451639546218
48203,70155.0,66103.0,974.0,29756.0,0.11658152977550747,0.2313691178148895,0.055615196516967856
48205,5215.0,75841.0,1028.0,1814.0,0.09977949283351709,0.2559706062461727,0.016477272727272726
48207,5421.0,60653.0,782.0,3081.0,0.31093800714053876,0.2633066415449835,0.04880774962742176
48209,268638.0,89097.0,1495.0,104675.0,0.04610460950561261,0.35861150337008885,0.04429338590170621
48211,3234.0,61563.0,836.0,1763.0,0.16279069767441862,0.28929539295392953,0.05860349127182045
48213,84862.0,65179.0,1048.0,41852.0,0.19776832648380005,0.221861504095309,0.04906096348639136
48215,891977.0,54338.0,957.0,308556.0,0.12427565822735581,0.3254468746530476,0.07610963804383639
48217,37328.0,64591.0,946.0,16434.0,0.16228550565899963,0.21791239921551536,0.04193183845833581
48219,21363.0,63140.0,850.0,9233.0,0.14274883569803964,0.2779532533164877,0.0465946267472985
48221,65894.0,88160.0,1428.0,29066.0,0.12189499759168788,0.18833992869176822,0.056314049045607835
48223,37784.0,70888.0,1109.0,15882.0,0.11837300088150107,0.28888730181402655,0.040057145997032806
48225,22051.0,56531.0,887.0,10837.0,0.2633570176248039,0.29362395089565324,0.06712074303405573
48227,32290.0,69649.0,1034.0,14048.0,0.13218963553530752,0.30489705520465915,0.0537016264722378
48229,3403.0,48600.0,705.0,1133.0,0.25684024713150927,0.26365795724465557,0.08022130013831259
48231,108972.0,71938.0,1222.0,43022.0,0.10589930733113291,0.2867727343628139,0.0591705873425406
48233,20184.0,67228.0,932.0,10170.0,0.31170108161258603,0.1672857142857143,0.035979747926316925
48235,1409.0,70357.0,1950.0,771.0,0.23735408560311283,0.1717687074829932,0.004341534008683068
48237,8882.0,68079.0,960.0,3811.0,0.21647861453686695,0.27796383121232415,0.09580318379160636
48239,15152.0,65414.0,1065.0,7029.0,0.14241001564945227,0.2924684804246848,0.05284117016388421
48241,32727.0,56723.0,848.0,16727.0,0.17229628743946912,0.20975081256771397,0.1326097894055919
48243,1865.0,59286.0,1241.0,1531.0,0.3690398432397126,0.12008281573498965,0.0
48245,253878.0,60026.0,1117.0,109884.0,0.13720832878308034,0.3749828599154071,0.0631300835001533
48247,4727.0,42211.0,824.0,1872.0,0.31677350427350426,0.436278342455043,0.06308654848800835
48249,38850.0,51896.0,938.0,16229.0,0.18177336866103888,0.31546050154379096,0.06096295844266797
48251,195597.0,84859.0,1398.0,70796.0,0.0747076105994689,0.2534690949058879,0.03621195831955012
48253,20304.0,59464.0,866.0,7062.0,0.16241857830642878,0.19611158072696533,0.055325232308791994
48255,14968.0,60214.0,957.0,5975.0,0.2083682008368201,0.37568710359408036,0.02940642584861136
48257,172604.0,89485.0,1554.0,54130.0,0.058008498060225386,0.21910178466365954,0.0530671971099984
48259,48567.0,114962.0,1606.0,19213.0,0.07661479206787071,0.20506172143622117,0.047361647361647365
48261,145.0,38882.0,,127.0,0.5669291338582677,0.4727272727272727,0.0
48263,734.0,72889.0,675.0,523.0,0.4110898661567878,0.2077922077922078,0.0847457627118644
48265,53489.0,69395.0,1109.0,25632.0,0.11770443196004994,0.29856290072960423,0.03294457135986534
48267,4389.0,69455.0,790.0,2736.0,0.2540204678362573,0.21068103870651642,0.012682926829268294
48269,211.0,46645.0,,189.0,0.4126984126984127,0.40540540540540543,0.0
48271,3157.0,70000.0,1272.0,1482.0,0.22267206477732793,0.1605902777777778,0.009305210918114143
48273,30579.0,61292.0,1043.0,14012.0,0.1540822152440765,0.47481650215135407,0.07687998879708724
48275,3307.0,56667.0,521.0,1804.0,0.3093126385809313,0.22632423756019263,0.012794612794612794
48277,50669.0,61880.0,949.0,22824.0,0.12289695057833859,0.339327638743194,0.040434873510349155
48279,12828.0,60760.0,968.0,5885.0,0.20526762956669498,0.25956809920889456,0.020602758385833475
48281,22715.0,81736.0,1059.0,9871.0,0.150035457400466,0.19856972586412397,0.04478985581347786
48283,6839.0,57716.0,819.0,2271.0,0.2747688243064729,0.23982999392835458,0.018165706690296855
48285,20552.0,63240.0,910.0,10518.0,0.19414337326487927,0.21661160924964606,0.030529595015576325
48287,17971.0,76371.0,1067.0,7981.0,0.12492168901140208,0.22193585337915234,0.06510832383124288
48289,16263.0,61449.0,907.0,9067.0,0.25653468622477116,0.23423824358403797,0.041691934505761065
48291,103380.0,68703.0,1044.0,36121.0,0.13670717864953905,0.17682711733957604,0.07112618463462742
48293,22283.0,60573.0,905.0,10443.0,0.1966867758307,0.27869829538681606,0.03723887375113533
48295,2918.0,72560.0,876.0,1432.0,0.2842178770949721,0.17560975609756097,0.06495589414595028
48297,11620.0,57150.0,924.0,5996.0,0.27318212141427617,0.28659935750344195,0.058823529411764705
48299,22424.0,67530.0,998.0,15788.0,0.3181530276159108,0.23483511379470506,0.0436486915986863
48301,33.0,51250.0,,33.0,0.18181818181818182,0.8888888888888888,0.0
48303,318884.0,64155.0,1178.0,139344.0,0.09414829486737858,0.44495939790057437,0.04939927925543115
48305,5752.0,73679.0,927.0,2521.0,0.16739389131297105,0.230109575988566,0.037037037037037035
48307,7514.0,54043.0,806.0,4219.0,0.21853519791419768,0.33424325144070366,0.09040641415537738
48309,266067.0,66643.0,1173.0,108454.0,0.10249506703302783,0.3819988082763155,0.04453327456359671
48311,700.0,43875.0,758.0,348.0,0.4051724137931034,0.21739130434782608,0.0
48313,13648.0,74596.0,851.0,5107.0,0.17270413158410025,0.24710059171597634,0.07135250266240682
48315,9737.0,49672.0,911.0,5623.0,0.2518228703539036,0.21511766104112193,0.08683068017366136
48317,5218.0,93734.0,971.0,2135.0,0.07587822014051522,0.21946274708565636,0.053696498054474705
48319,3955.0,74180.0,800.0,2430.0,0.29588477366255145,0.20280537697253068,0.03032300593276203
48321,36329.0,58628.0,999.0,19058.0,0.18989400776576765,0.31893257335319647,0.08684733091928513
48323,58082.0,49568.0,859.0,20445.0,0.115676204450966,0.29474557522123895,0.07658598517426383
48325,53547.0,78074.0,1196.0,19890.0,0.10487682252388135,0.16176140193215008,0.030483045702887866
48327,1955.0,53043.0,729.0,1383.0,0.3188720173535792,0.1932059447983015,0.107981220657277
48329,174801.0,92874.0,1407.0,72723.0,0.06974409746572612,0.32374983370534066,0.033603540492155096
48331,25567.0,66141.0,984.0,11641.0,0.12790997336998539,0.2311859732072498,0.04956122022565817
48333,4511.0,67620.0,708.0,2597.0,0.30727762803234504,0.19733185102834908,0.031919961886612676
48335,9018.0,60550.0,524.0,3691.0,0.25277702519642375,0.2131979695431472,0.053039779834876156
48337,21046.0,64545.0,1008.0,10348.0,0.17491302667182065,0.20121808386038886,0.07062944965532829
48339,684432.0,97701.0,1532.0,266019.0,0.06946120389896962,0.2823128289859054,0.045501417891209074
48341,21373.0,61762.0,939.0,8277.0,0.13531472755829407,0.3754366354617857,0.032988675529295915
48343,12076.0,58645.0,859.0,5821.0,0.15907919601443052,0.2610827374872319,0.07114323758797793
48345,1183.0,61154.0,675.0,734.0,0.37329700272479566,0.23478260869565218,0.00946372239747634
48347,65162.0,53555.0,965.0,29156.0,0.13218548497736315,0.40743814718204097,0.07020860906283481
48349,54711.0,63111.0,1076.0,22191.0,0.1418142490198729,0.3056080655324512,0.04428662623683371
48351,12093.0,42618.0,1001.0,6492.0,0.2543130006161429,0.17145217930179715,0.08264786525656091
48353,14454.0,50747.0,913.0,7104.0,0.17145270270270271,0.31906218144750254,0.059844404548174746
48355,352955.0,66897.0,1283.0,154408.0,0.15056214703901352,0.40323269289417507,0.05158097495925322
48357,9786.0,70183.0,891.0,4345.0,0.15304948216340622,0.2728260869565217,0.0028461069323033137
48359,2249.0,79900.0,1111.0,776.0,0.20876288659793815,0.26384364820846906,0.017201834862385322
48361,85307.0,72104.0,1100.0,37937.0,0.14497719904051454,0.2482966982150014,0.060287486609700805
48363,29295.0,67674.0,1093.0,15206.0,0.2612126792055767,0.28983443119102725,0.06099159534274038
48365,22726.0,64894.0,834.0,10853.0,0.18013452501612456,0.20083164756124972,0.024786753637732063
48367,165168.0,104443.0,1500.0,59879.0,0.05748258988961071,0.19260414267236034,0.03976336411812825
48369,9731.0,69735.0,1081.0,3745.0,0.13724966622162885,0.2791705354379449,0.02648440837249039
48371,14896.0,72750.0,918.0,5897.0,0.11175173817195184,0.28045055364642996,0.025539965316096484
48373,52800.0,62259.0,987.0,26469.0,0.2626468699233065,0.2190910488292258,0.08078364403965656
48375,115975.0,53249.0,1022.0,49390.0,0.1378619153674833,0.4270918954463258,0.03832806354592427
48377,5930.0,43802.0,448.0,3273.0,0.2612282309807516,0.22663358147229115,0.06704980842911877
48379,12775.0,65413.0,989.0,5925.0,0.18042194092827005,0.1742174629324547,0.032571531401835524
48381,146070.0,83864.0,1170.0,61677.0,0.0789597418810902,0.32128082806696356,0.02909227442805909
48383,3232.0,57813.0,746.0,1336.0,0.22679640718562874,0.30009680542110356,0.0496850944716585
48385,2802.0,39605.0,1188.0,1951.0,0.42183495643259866,0.21897163120567376,0.0
48387,11611.0,48491.0,1044.0,6194.0,0.19631901840490798,0.28505423865006024,0.02041250265787795
48389,12664.0,64297.0,981.0,5167.0,0.18250435455777048,0.2630208333333333,0.02356538945853571
48391,6707.0,60181.0,795.0,3359.0,0.25721941053885083,0.23006012024048098,0.04508912967493883
48393,832.0,67868.0,859.0,393.0,0.178117048346056,0.14860681114551083,0.005128205128205128
48395,17167.0,72236.0,779.0,8612.0,0.22189967487227125,0.27592896582599613,0.0792462570986061
48397,123617.0,127981.0,1992.0,43580.0,0.053763194125745754,0.17467323035138346,0.04293739363544632
48399,9874.0,62632.0,847.0,4990.0,0.23667334669338677,0.2499343659753216,0.049023680930619026
48401,52842.0,68658.0,1015.0,21311.0,0.15409882220449533,0.21157153159150163,0.044580886278697274
48403,10023.0,66585.0,844.0,7697.0,0.3959984409510199,0.14325661432566142,0.04729038854805726
48405,7874.0,50408.0,591.0,4814.0,0.38928126298296634,0.24897959183673468,0.0951061865189289
48407,28441.0,65364.0,1060.0,15011.0,0.2751315701818666,0.15439757375241248,0.06766352017375324
48409,70181.0,69704.0,1291.0,30435.0,0.1676030885493675,0.33129391331807057,0.04474940334128878
48411,5696.0,55819.0,958.0,2835.0,0.26278659611992944,0.2832535885167464,0.030919446704637917
48413,2381.0,86694.0,660.0,1287.0,0.25097125097125095,0.1566390041493776,0.054441260744985676
48415,16488.0,60039.0,1020.0,6881.0,0.14605435256503416,0.23179033356024506,0.024369016536118365
48417,3175.0,73047.0,718.0,1575.0,0.17904761904761904,0.21345707656612528,0.07471264367816093
48419,24155.0,49776.0,781.0,11584.0,0.19147099447513813,0.25987614776852447,0.04068604097189138
48421,2295.0,61250.0,835.0,1135.0,0.25726872246696036,0.2372479240806643,0.01929530201342282
48423,241740.0,74192.0,1238.0,99673.0,0.16593259960069426,0.311773762840715,0.04448894380299093
48425,9691.0,79825.0,773.0,4017.0,0.07567836694050287,0.19956908160517103,0.03168237417284941
48427,66067.0,37639.0,726.0,23139.0,0.17209041013008342,0.3046928015868873,0.10440731187619154
48429,9351.0,58008.0,846.0,4676.0,0.22519247219846023,0.20839083632348882,0.05448871819491118
48431,1468.0,64954.0,952.0,524.0,0.2385496183206107,0.22305764411027568,0.02142857142857143
48433,1227.0,56875.0,613.0,791.0,0.35145385587863465,0.1539961013645224,0.035653650254668934
48435,3277.0,78906.0,772.0,1766.0,0.27916194790486976,0.23959151610369206,0.018787878787878787
48437,6937.0,36165.0,783.0,3029.0,0.2132717068339386,0.3357112882920688,0.04293628808864266
48439,2167390.0,84207.0,1547.0,843257.0,0.07214645120052368,0.4073904135763574,0.04703530437610943
48441,145863.0,67139.0,1159.0,62198.0,0.11678832116788321,0.39460079367968837,0.025913129318854887
48443,835.0,44886.0,,639.0,0.2942097026604069,0.10643015521064302,0.0
48445,11629.0,44100.0,817.0,4789.0,0.10273543537272917,0.33488480335117526,0.04471873735329826
48447,1639.0,59216.0,878.0,991.0,0.25630676084762866,0.3202170963364993,0.08251231527093596
48449,31363.0,58425.0,907.0,12146.0,0.0815083154948131,0.2940121907493725,0.030861194133592826
48451,119577.0,68370.0,1154.0,52318.0,0.10631140334110631,0.3485328086234922,0.03657184435743737
48453,1330015.0,99611.0,1744.0,618236.0,0.05578613992067754,0.4789437890044831,0.04556961392028257
48455,14046.0,52018.0,856.0,8326.0,0.2699975978861398,0.2063178677196446,0.06515178412923842
48457,20238.0,55396.0,1049.0,9518.0,0.24931708342088674,0.18824352694191743,0.07068635493573967
48459,42567.0,66208.0,995.0,17519.0,0.11050859067298362,0.19341590194442662,0.05801335559265442
48461,3191.0,49167.0,720.0,1683.0,0.1919191919191919,0.22794117647058823,0.03526645768025078
48463,24881.0,53801.0,981.0,10095.0,0.16622090143635462,0.29440418201259355,0.042975668872937446
48465,47741.0,66100.0,994.0,18711.0,0.10159799048687937,0.3094586555621654,0.05944363103953148
48467,62649.0,69475.0,1066.0,25903.0,0.12434853105817859,0.18516885636187286,0.03473491773308958
48469,91413.0,70896.0,1157.0,39481.0,0.117170284440617,0.34729594032420025,0.04384551647946971
48471,80209.0,52324.0,1031.0,30383.0,0.14369877892242372,0.435215436061037,0.08903524820100012
48473,61552.0,80397.0,1169.0,20345.0,0.09845170803637257,0.27984952567877003,0.0677960415967796
48475,11144.0,65952.0,1118.0,5165.0,0.1504356243949661,0.21490428441203283,0.029074074074074075
48477,36647.0,77825.0,1165.0,17642.0,0.12249178097721347,0.30211226664944124,0.029847332609068557
48479,269294.0,63058.0,1027.0,88176.0,0.07715251315550717,0.35322527128162906,0.05489917891767162
48481,41794.0,66924.0,1046.0,17711.0,0.10281745807690136,0.2774071743234739,0.04862642871465811
48483,4862.0,60167.0,970.0,2606.0,0.2601688411358404,0.237551867219917,0.047619047619047616
48485,129996.0,63524.0,1006.0,55750.0,0.1207713004484305,0.3858049248220005,0.03691258337930688
48487,12616.0,54102.0,932.0,5845.0,0.1825491873396065,0.3281707827542905,0.0928988326848249
48489,20139.0,54180.0,809.0,6885.0,0.17342047930283225,0.25250395361096467,0.07525784880426159
48491,672688.0,111340.0,1796.0,262644.0,0.039296538279953094,0.3360097969665865,0.03879005086164345
48493,52781.0,94565.0,1069.0,19480.0,0.06647843942505134,0.1525433049216387,0.03569995988768552
48495,7454.0,86900.0,1037.0,3227.0,0.14409668422683608,0.1401158580738595,0.035959374142190505
48497,75005.0,93421.0,1299.0,27530.0,0.08699600435888122,0.18607519395265565,0.05308423086083252
48499,46961.0,60300.0,862.0,22388.0,0.16598177595140254,0.19853256212510711,0.06263406263406264
48501,7571.0,84925.0,973.0,3028.0,0.13738441215323646,0.332312404287902,0.06862745098039216
48503,18029.0,68010.0,862.0,8545.0,0.10555880631948508,0.25932225565877276,0.035389503670428396
48505,13841.0,39239.0,617.0,6255.0,0.2701838529176659,0.28039430449069,0.07349329302852825
48507,9412.0,36749.0,548.0,3946.0,0.1710593005575266,0.30969122592479364,0.039690721649484534
49001,7273.0,79360.0,981.0,2969.0,0.1519029976423038,0.19023034154090548,0.01668270773179339
49003,61246.0,84550.0,1116.0,20760.0,0.057947976878612716,0.24032315794856063,0.032476826608505996
49005,140046.0,81665.0,1213.0,46665.0,0.04770170363227258,0.3634420216476518,0.025945356680520542
49007,20517.0,58377.0,870.0,9669.0,0.159892439755921,0.320571217530469,0.05888876566485527
49009,783.0,66000.0,900.0,1163.0,0.7523645743766122,0.17708333333333334,0.06645569620253164
49011,370924.0,110884.0,1621.0,120879.0,0.04103276830549558,0.22658062957754985,0.027298933865961182
49013,20185.0,78445.0,1009.0,9028.0,0.2381479840496234,0.2108170979936028,0.04309855960077124
49015,10046.0,74291.0,739.0,4122.0,0.16229985443959244,0.1989574283231972,0.035897435897435895
49017,5219.0,61875.0,817.0,3620.0,0.43591160220994474,0.29676787463271304,0.04089657884388517
49019,9754.0,67106.0,1118.0,5424.0,0.16039823008849557,0.29732103645147123,0.016046681254558718
49021,62252.0,66247.0,1065.0,23550.0,0.14407643312101912,0.31720990226720247,0.03925394358279043
49023,12586.0,101786.0,907.0,4080.0,0.053431372549019605,0.16183324702226826,0.02204928664072633
49025,8170.0,77092.0,1072.0,6422.0,0.4618498909996886,0.1958912037037037,0.03689738755723135
49027,13315.0,73639.0,882.0,5045.0,0.13637264618434095,0.1824649988524214,0.05532258064516129
49029,12802.0,130929.0,1492.0,3942.0,0.03982749873160832,0.11175693527080581,0.023175542406311637
49031,1694.0,48393.0,950.0,869.0,0.3613348676639816,0.04504504504504504,0.058646616541353384
49033,2631.0,79009.0,760.0,3373.0,0.7263563593240439,0.15276273022751896,0.0
49035,1196523.0,97494.0,1592.0,449662.0,0.0520768933109758,0.33870192025712914,0.03817111342972127
49037,14483.0,64481.0,867.0,5679.0,0.19792216939602042,0.19121844127332602,0.1248571894891464
49039,29719.0,70083.0,954.0,10578.0,0.15976555114388352,0.25663816381638166,0.051094890510948905
49041,22085.0,74884.0,912.0,8831.0,0.15037934548748727,0.2219112355057977,0.043726610202875715
49043,42970.0,138114.0,1987.0,26549.0,0.407510640702098,0.19764780673871582,0.017716286328932383
49045,79347.0,106587.0,1189.0,24965.0,0.041658321650310436,0.18236154649947753,0.03584486343107033
49047,37056.0,73746.0,941.0,13838.0,0.12234426940309293,0.26488266776451214,0.05971875570706763
49049,705400.0,100671.0,1541.0,211066.0,0.03813025309618792,0.3171590696391453,0.03757583754614854
49051,36642.0,117608.0,2000.0,16228.0,0.2063100813408923,0.19736024844720496,0.020151930787085885
49053,196431.0,80632.0,1566.0,82189.0,0.15090827239654941,0.28360989310176826,0.036024046107169846
49055,2584.0,76607.0,884.0,1735.0,0.3337175792507205,0.20674740484429066,0.02142857142857143
49057,269648.0,90005.0,1379.0,100568.0,0.06406610452629066,0.2593678618857902,0.030041773440516728
50001,37664.0,89639.0,1177.0,17617.0,0.15047965033774197,0.2074702659361219,0.037657908641145106
50003,37269.0,73325.0,1109.0,20903.0,0.2830215758503564,0.26322813104690734,0.04406305482326357
50005,30475.0,69970.0,920.0,16164.0,0.1901138332096016,0.2080054999618058,0.02184769038701623
50007,169758.0,96759.0,1646.0,74888.0,0.045828437132784956,0.36073947604120016,0.032411801930074355
50009,5982.0,59294.0,827.0,4952.0,0.42992730210016156,0.1756996103436061,0.047872340425531915
50011,50638.0,81313.0,1180.0,23019.0,0.1327598940006082,0.2261183188899464,0.03163145761687011
50013,7450.0,97396.0,1425.0,5326.0,0.41043935411190385,0.10127388535031848,0.030591775325977934
50015,26148.0,74908.0,1160.0,14320.0,0.16738826815642457,0.27140820263356535,0.032818026988078085
50017,29761.0,82232.0,1173.0,15078.0,0.154927709245258,0.16818395856223511,0.023117076808351976
50019,27606.0,70103.0,892.0,16751.0,0.2793266073667244,0.20294897282968855,0.05281840124946756
50021,60425.0,68616.0,1000.0,33991.0,0.25506751787237797,0.2489633110856601,0.04085263511245384
50023,60017.0,83449.0,1163.0,31004.0,0.16607534511675912,0.2633146393347515,0.02726331180699403
50025,45923.0,72217.0,1056.0,30183.0,0.3445316900241858,0.2605640921957137,0.04758187122488392
50027,57990.0,77594.0,1118.0,34846.0,0.27414911324111807,0.2515715810698612,0.043709450872851316
51001,33335.0,58993.0,977.0,22052.0,0.3449120261200798,0.2856846185795376,0.03397321723068804
51003,114919.0,104392.0,1692.0,49159.0,0.06605097744055005,0.3407170238717547,0.03402844578809949
51005,14859.0,56188.0,765.0,7913.0,0.19335271072917984,0.17718940936863545,0.02277227722772277
51007,13462.0,76717.0,1164.0,5815.0,0.06844368013757524,0.1750046151006092,0.03782101167315175
51009,31485.0,68724.0,871.0,14364.0,0.11626287942077415,0.1915865763352765,0.0465482200222907
51011,16610.0,62853.0,855.0,7459.0,0.10993430754792868,0.2422051513782196,0.051194539249146756
51013,236254.0,142114.0,2322.0,121970.0,0.08152004591292941,0.5874119631874459,0.032980949968672096
51015,78033.0,82049.0,1136.0,33111.0,0.061248527679623084,0.1981468970176624,0.024179142030444082
51017,4100.0,56184.0,736.0,3228.0,0.4355638166047088,0.2870472008781559,0.013210798391728892
51019,80894.0,78937.0,952.0,37484.0,0.11623626080460997,0.15340960545778368,0.03068040596520298
51021,6199.0,61216.0,644.0,3210.0,0.25981308411214954,0.1351010101010101,0.022920203735144314
51023,34004.0,81213.0,1035.0,15069.0,0.12270223637932179,0.14470499243570348,0.02401679323331481
51025,15841.0,53084.0,834.0,7957.0,0.1859997486489883,0.2555195306469044,0.03341356364151211
51027,19415.0,42886.0,743.0,10321.0,0.27041953299098925,0.1693227091633466,0.03857831755670656
51029,16976.0,60828.0,927.0,7284.0,0.1386600768808347,0.2268090532355754,0.047342563644484144
51031,55312.0,66165.0,891.0,25533.0,0.12897035209336938,0.25053956834532376,0.0370569858881827
51033,32098.0,87407.0,1293.0,12920.0,0.07213622291021672,0.17650984317650983,0.05258769578941099
51035,29157.0,54484.0,738.0,16696.0,0.24676569238140872,0.22892811704834606,0.05544991252757283
51036,6627.0,75417.0,1099.0,3270.0,0.10978593272171254,0.13740982480247338,0.03904170363797693
51037,11422.0,58000.0,732.0,5973.0,0.21245605223505776,0.25276360544217685,0.02394731590500898
51041,377869.0,101931.0,1629.0,145709.0,0.03811706895250122,0.23272091612857193,0.04639563100748927
51043,15216.0,117111.0,1371.0,6553.0,0.1011750343354189,0.18522920203735144,0.02709883103081828
51045,4856.0,69057.0,713.0,2398.0,0.2764804003336113,0.16253602305475504,0.021706956092747903
51047,54397.0,100049.0,1423.0,19773.0,0.04293733879532696,0.24957725639399705,0.025861112138813865
51049,9818.0,55325.0,877.0,4736.0,0.15329391891891891,0.24064837905236908,0.0328879753340185
51051,13733.0,47254.0,738.0,7362.0,0.19383319750067915,0.2392586352148273,0.02258064516129032
51053,28191.0,83704.0,1224.0,11982.0,0.11024870639292272,0.2039208329425007,0.04602068819928225
51057,10623.0,56520.0,972.0,5811.0,0.23472724143865084,0.28266246908027887,0.038582323912068194
51059,1147837.0,153637.0,2276.0,430047.0,0.03707966803628441,0.31370607653688354,0.042446175261728135
51061,74577.0,130189.0,1613.0,28621.0,0.0664197617134272,0.21160179640718563,0.028573582629674306
51063,15593.0,62191.0,878.0,7977.0,0.16923655509590071,0.16100799758563453,0.03557862750063307
51065,28092.0,96768.0,1204.0,11495.0,0.10143540669856459,0.11307967857488624,0.04202990998653342
51067,55130.0,68849.0,829.0,28408.0,0.19040411151788228,0.2152702291403974,0.023570094200882387
51069,95008.0,97606.0,1507.0,37288.0,0.05103518558249303,0.20678253497244595,0.04237704918032787
51071,16557.0,65691.0,789.0,8338.0,0.19668985368193811,0.21095849507315617,0.021484375
51073,39526.0,84306.0,1096.0,17309.0,0.11756889479461552,0.19615032080659944,0.029666385135135136
51075,26410.0,118931.0,1614.0,11208.0,0.07726623840114204,0.15064784374395668,0.01655912306615875
51077,15287.0,47730.0,765.0,8961.0,0.29282446155562997,0.19567618747041188,0.03586706153339914
51079,21155.0,89808.0,1309.0,8852.0,0.09263443289652055,0.16583665338645417,0.018050862528899165
51081,11275.0,54668.0,969.0,4026.0,0.2054148037754595,0.3366677086589559,0.06305858987090368
51083,33639.0,52013.0,790.0,17443.0,0.21957232127501003,0.25402189083963855,0.042440318302387266
51085,112879.0,112805.0,1591.0,44589.0,0.04263383345668214,0.17880903298350825,0.027227434055954545
51087,335744.0,88783.0,1541.0,144916.0,0.052106047641392254,0.3552142103155826,0.03880144951051977
51089,49980.0,50760.0,728.0,25404.0,0.17166587938907257,0.24834861949341824,0.04061931632700648
51091,2296.0,65625.0,856.0,1864.0,0.4619098712446352,0.1106679960119641,0.11946050096339114
51093,39974.0,95241.0,1359.0,17125.0,0.07994160583941606,0.19865448083269865,0.03884921237907106
51095,81013.0,109985.0,1552.0,34726.0,0.07878822784081092,0.23279149734291965,0.027463870477018364
51097,6695.0,70469.0,1004.0,3511.0,0.14468812304186843,0.24275724275724275,0.05150976909413854
51099,27896.0,116884.0,1428.0,10679.0,0.05112838280737897,0.23813283331688542,0.03712004482420507
51101,18593.0,86056.0,1166.0,7730.0,0.04890038809831824,0.11126224156692056,0.022936233316856153
51103,10936.0,69713.0,1033.0,7496.0,0.23946104589114195,0.1852306612874934,0.09549071618037135
51105,21900.0,41827.0,738.0,10851.0,0.21417380886554235,0.26984871584379033,0.09520612327111588
51107,432998.0,181765.0,2386.0,147003.0,0.027013054155357374,0.2208596677666536,0.033083094134098774
51109,39980.0,86689.0,1220.0,18366.0,0.15272786671022542,0.17768780926675665,0.058405797101449275
51111,12016.0,54842.0,742.0,5908.0,0.19245091401489506,0.28547474324041083,0.035622317596566526
51113,14044.0,84323.0,1166.0,6140.0,0.10716612377850163,0.22199927033929223,0.04330708661417323
51115,8540.0,75880.0,1032.0,5493.0,0.2741671217913708,0.1595184349134688,0.04448742746615087
51117,30516.0,57045.0,823.0,19315.0,0.29748899818793684,0.3168988134718844,0.026174095124139995
51119,10847.0,75060.0,1059.0,7153.0,0.332867328393681,0.12573344509639564,0.028808380619816675
51121,99101.0,72715.0,1240.0,42794.0,0.1363041547880544,0.44703877059603364,0.02930192473427176
51125,14732.0,72589.0,946.0,9995.0,0.3632816408204102,0.20333123821495916,0.03293457391818048
51127,25105.0,123314.0,1721.0,9795.0,0.054313425216947424,0.07351829860736263,0.022683611644746565
51131,12059.0,61632.0,829.0,7550.0,0.27986754966887417,0.338605848813684,0.03339024852969076
51133,12188.0,66480.0,1038.0,9044.0,0.37638213180008845,0.13936170212765958,0.03829691371930615
51135,15597.0,63261.0,972.0,6749.0,0.1686175729737739,0.3339868116200321,0.028422084286180985
51137,37822.0,94008.0,1205.0,16131.0,0.07904035707643667,0.21324717285945072,0.033566810344827586
51139,23727.0,57037.0,879.0,11955.0,0.17097448766206608,0.28241347997174854,0.05517117440920118
51141,17512.0,53038.0,716.0,10023.0,0.22368552329641825,0.23081866084050892,0.025046137621935145
51143,59856.0,54085.0,861.0,29443.0,0.1502224637435044,0.21334932054356515,0.046849262593372916
51145,31555.0,110537.0,1168.0,12021.0,0.057898677314699276,0.06763796909492274,0.03648837350494809
51147,21996.0,56315.0,931.0,9209.0,0.1702682158757737,0.419709462112289,0.01544487968662563
51149,43146.0,84897.0,1594.0,13532.0,0.04530002955956252,0.2565214025853394,0.052087714028236705
51153,488880.0,131402.0,2067.0,161852.0,0.031226058374317276,0.25742037525988853,0.04799150875564466
51155,33687.0,62028.0,813.0,17056.0,0.1524390243902439,0.26584117321527395,0.03206806282722513
51157,7427.0,83380.0,1290.0,3865.0,0.2276843467011643,0.2659966499162479,0.09198176454813622
51159,9095.0,66304.0,1067.0,3970.0,0.19974811083123425,0.2533836953100409,0.024892703862660945
51161,97023.0,83709.0,1224.0,42331.0,0.061562448323923366,0.24314663310258025,0.027500774233508826
51163,22531.0,65469.0,925.0,11361.0,0.15922894111433852,0.20728643216080403,0.03859846355630504
51165,85600.0,80693.0,1160.0,36550.0,0.10571819425444597,0.24726182463440005,0.027254243483425856
51167,25538.0,50012.0,653.0,12761.0,0.1639369955332654,0.23694816758834006,0.03613700638944171
51169,21479.0,46349.0,699.0,11780.0,0.22521222410865874,0.22986742631751944,0.02834509221438297
51171,44925.0,67191.0,984.0,21395.0,0.16045805094648283,0.2665627435697584,0.047670884927654554
51173,29420.0,49883.0,731.0,15080.0,0.16054376657824934,0.29014930089264557,0.030531226978800032
51175,17964.0,70795.0,930.0,7810.0,0.1206145966709347,0.2389341875364007,0.054758171511277286
51177,146603.0,112738.0,1779.0,55427.0,0.05315099139408592,0.19885291819896725,0.05065241029358463
51179,163466.0,137807.0,2020.0,54659.0,0.04268281527287363,0.19502732867025951,0.03715166535694856
51181,6549.0,78041.0,983.0,3451.0,0.17994784120544768,0.20459363957597174,0.04992526158445441
51183,10765.0,63530.0,907.0,4706.0,0.19570760730981726,0.30250990752972257,0.04082538273796317
51185,39624.0,47313.0,795.0,19768.0,0.17594091460946984,0.2558011049723757,0.03833538335383354
51187,41531.0,84682.0,1199.0,17064.0,0.10109001406469761,0.2414759762696395,0.048808664259927796
51191,53926.0,64552.0,854.0,25570.0,0.13523660539694954,0.24222141823444285,0.02966345758248992
51193,18826.0,63398.0,1018.0,11448.0,0.288172606568833,0.199410970671248,0.07309833024118738
51195,35448.0,52943.0,790.0,16627.0,0.16370962891682203,0.2580366774541532,0.08222173627815438
51197,28188.0,57745.0,764.0,14030.0,0.10669992872416251,0.23035187106040053,0.03999385890842097
51199,71005.0,109956.0,1827.0,28506.0,0.05395355363783063,0.2838920201720558,0.042089019334926925
51510,156976.0,119681.0,2089.0,80844.0,0.058730394339716,0.5786243692178301,0.032970128681094245
51520,16849.0,50404.0,801.0,8641.0,0.16375419511630598,0.36368668696374207,0.0631633445508672
51530,6593.0,57833.0,1112.0,2949.0,0.1339437097321126,0.4350039154267815,0.014320642682500873
51540,45437.0,74824.0,1540.0,21610.0,0.08306339657565942,0.5575574060055514,0.03697303379817546
51550,252583.0,95373.0,1586.0,96816.0,0.03294909932242605,0.25645653985004163,0.04914959582769201
51570,18352.0,76505.0,1234.0,8114.0,0.07197436529455263,0.3191235059760956,0.03581991455800197
51580,5680.0,41944.0,794.0,3035.0,0.1512355848434926,0.29891304347826086,0.02750965250965251
51590,42214.0,44423.0,836.0,22376.0,0.14792634966035037,0.5222385398090842,0.055558614613732724
51595,5547.0,51899.0,1037.0,2726.0,0.2087307410124725,0.6189151599443672,0.02947458351131995
51600,25026.0,132348.0,2245.0,9313.0,0.016965532051970364,0.3010376843255052,0.03268164575430406
51610,14710.0,143262.0,2190.0,6585.0,0.04738041002277904,0.47473298262394387,0.04976133651551313
51620,8250.0,63245.0,988.0,3910.0,0.11662404092071611,0.46120440069484653,0.07926136363636363
51630,28873.0,86071.0,1619.0,12419.0,0.056284725018117404,0.6026450511945393,0.050594312029373326
51640,6726.0,38675.0,743.0,3214.0,0.1403235843186061,0.43684401013391244,0.050933786078098474
51650,137557.0,69621.0,1427.0,62588.0,0.0723940691506359,0.4308007647656613,0.06339563628708479
51660,51392.0,62254.0,1184.0,18667.0,0.07001660684630631,0.6051267281105991,0.06855545200372787
51670,22959.0,54729.0,1106.0,10448.0,0.11418453292496171,0.4209616423554835,0.09240265044930562
51678,7525.0,84517.0,1081.0,2808.0,0.22115384615384615,0.46227709190672156,0.006377979187646861
51680,79497.0,57947.0,1073.0,34208.0,0.1609857343311506,0.511271384272325,0.0533076261691983
51683,42976.0,113590.0,1850.0,14505.0,0.020820406756290936,0.28529183975216504,0.0379504216713519
51685,16798.0,103250.0,2146.0,5569.0,0.06751660980427365,0.33525900250336993,0.05541662498749625
51690,13658.0,46727.0,808.0,7035.0,0.18820184790334044,0.4458063386447207,0.02908844917977338
51700,184216.0,69634.0,1339.0,82052.0,0.07239311656023009,0.5184070842968257,0.05768286696121748
51710,233596.0,66109.0,1321.0,103524.0,0.08267648081604266,0.5366714052545675,0.05695042609731513
51720,3577.0,41495.0,692.0,1764.0,0.09013605442176871,0.5003115264797507,0.03829787234042553
51730,33537.0,50698.0,1174.0,18075.0,0.1624896265560166,0.6138195270181002,0.10046656298600311
51735,12639.0,120972.0,1707.0,4971.0,0.04888352444176222,0.15397631133671744,0.031731502669717776
51740,97190.0,60491.0,1300.0,43318.0,0.06994782769287594,0.42057188244638605,0.06554905091360652
51750,16726.0,57348.0,1033.0,6459.0,0.14228208701037312,0.5770758122743682,0.08101491208546628
51760,229359.0,64587.0,1372.0,114293.0,0.08724943784833716,0.5647376846464278,0.057277181325673006
51770,98355.0,55378.0,996.0,49106.0,0.11263389402517004,0.4755708548479633,0.05613730714418489
51775,25618.0,66725.0,1133.0,11112.0,0.07703383729301656,0.3719773790951638,0.03597460616035739
51790,25948.0,65581.0,1024.0,12397.0,0.08776316850851013,0.39119285524803254,0.05278454166993952
51800,98796.0,92666.0,1563.0,40499.0,0.06397688831823008,0.2926031444549963,0.04958039330299361
51810,456349.0,92968.0,1714.0,191294.0,0.05981891747780903,0.34854407259342457,0.03964497041420118
51820,22841.0,59994.0,1020.0,10510.0,0.06365366317792578,0.40067066355045217,0.05086784670905654
51830,15798.0,75604.0,1407.0,5799.0,0.13433350577685807,0.46752988047808763,0.06821144098479363
51840,27913.0,63974.0,1315.0,12541.0,0.08364564229327805,0.5639575356769927,0.06419685201732078
53001,20800.0,66136.0,877.0,6926.0,0.09211666185388391,0.30693384223918574,0.03594695207073057
53003,22467.0,72283.0,1043.0,10183.0,0.06805460080526367,0.26765015806111697,0.05012309207287051
53005,212905.0,89874.0,1306.0,83101.0,0.06082959290501919,0.3237449709145888,0.05322937436141614
53007,80172.0,82381.0,1226.0,38677.0,0.18504537580474184,0.35396573604060916,0.037353002939941204
53009,77813.0,70370.0,1152.0,38613.0,0.09237821459094088,0.26276893226045767,0.05091915272565358
53011,516959.0,97536.0,1748.0,204375.0,0.0408954128440367,0.3364606131100874,0.05290067566546246
53013,4014.0,71810.0,985.0,2217.0,0.16012629679747406,0.22287862513426424,0.03871319520174482
53015,112360.0,76531.0,1206.0,46422.0,0.05340140450648399,0.32011924538606834,0.059095449826650735
53017,44366.0,80363.0,1305.0,17960.0,0.11341870824053452,0.30722853733592914,0.03903015966883501
53019,7387.0,55614.0,663.0,4117.0,0.2302647558902113,0.21899652887346166,0.12458162885831164
53021,98902.0,86714.0,1198.0,31183.0,0.041464900747202,0.2904315824690532,0.054253564025550996
53023,2353.0,64884.0,791.0,1221.0,0.15561015561015562,0.23084384093113483,0.06269270298047276
53025,101799.0,73267.0,1116.0,40214.0,0.11975928781021535,0.33722244194587264,0.06507669678503887
53027,77053.0,64414.0,1062.0,36967.0,0.1714772635052885,0.267859474990205,0.07006667082061188
53029,86836.0,90551.0,1662.0,42744.0,0.15843159273816207,0.2525297453575003,0.04301295359513436
53031,33577.0,74048.0,1522.0,19534.0,0.1635097778232825,0.209547123623011,0.06648936170212766
53033,2287171.0,124746.0,2092.0,1003284.0,0.06202630561236898,0.44551003449323845,0.04835897847565011
53035,277881.0,104158.0,1822.0,116970.0,0.07209540907925109,0.2986631287026544,0.046656611362493716
53037,47172.0,73804.0,1341.0,24674.0,0.1897138688498014,0.3850847796728855,0.06292738521654184
53039,23411.0,71042.0,1105.0,10945.0,0.09803563270899954,0.23328606158833062,0.05224315401048747
53041,85154.0,74796.0,1097.0,36512.0,0.09848816827344435,0.24237452910438692,0.05331524857843393
53043,11489.0,71512.0,883.0,5918.0,0.18553565393714092,0.1962655601659751,0.07771609833465504
53045,67982.0,83270.0,1285.0,34152.0,0.23784844225814009,0.1768412155672519,0.06572719060523939
53047,43425.0,63207.0,887.0,22156.0,0.2083408557501354,0.276054732041049,0.045169969472758316
53049,23994.0,67081.0,1005.0,16325.0,0.3275957120980092,0.18192584494852873,0.051545353870935263
53051,14050.0,67436.0,855.0,8113.0,0.2667324047824479,0.1917969406622962,0.060794044665012405
53053,930319.0,99564.0,1806.0,369709.0,0.04971207084490775,0.35274528221330376,0.05152582840039764
53055,18478.0,84800.0,1512.0,13990.0,0.3556111508220157,0.22007764836383806,0.03664438810785895
53057,131328.0,89263.0,1536.0,57050.0,0.08275197195442595,0.299355997630377,0.048734269471842964
53059,12402.0,93265.0,1068.0,5973.0,0.15971873430436967,0.19984060569834627,0.051894563426688634
53061,844430.0,111246.0,1949.0,331530.0,0.046203963442222426,0.3181726183699543,0.04474953601472424
53063,549056.0,78582.0,1283.0,231205.0,0.05540537618131096,0.35515007211703564,0.05331866061110171
53065,48067.0,69327.0,898.0,22782.0,0.14959178298656833,0.20181686796737897,0.05300226197820276
53067,299067.0,96563.0,1736.0,125163.0,0.05004673905227583,0.32306411323896755,0.05150520360410701
53069,4658.0,62653.0,853.0,2250.0,0.06666666666666667,0.1680952380952381,0.03475609756097561
53071,62161.0,74202.0,1218.0,25422.0,0.07768861615923216,0.35019405467650444,0.0622979525862069
53073,230503.0,81784.0,1555.0,103520.0,0.09176004636785162,0.36286574275959627,0.04780439533253618
53075,47003.0,55406.0,1049.0,22091.0,0.15255081254809652,0.5318091982265905,0.06977855663533535
53077,257152.0,70656.0,1109.0,92432.0,0.051107841440193875,0.38153874218999406,0.07326149183364203
54001,15424.0,51394.0,803.0,7124.0,0.13644020213363278,0.2166775032509753,0.08493328994467947
54003,129514.0,80815.0,1233.0,53819.0,0.051989074490421595,0.23992081691852374,0.047385404234628475
54005,21026.0,57093.0,837.0,10150.0,0.21901477832512314,0.18682982212690805,0.08889169083343841
54007,12208.0,50331.0,606.0,6244.0,0.23286354900704676,0.23173277661795408,0.0935792349726776
54009,21805.0,54316.0,645.0,10691.0,0.09503320549995323,0.2537467700258398,0.0626343560680086
54011,92739.0,55832.0,923.0,46030.0,0.14581794481859656,0.35823287044101937,0.05134170217666705
54013,6048.0,43980.0,473.0,3185.0,0.20722135007849293,0.12871287128712872,0.08906098741529525
54015,7835.0,42318.0,651.0,3961.0,0.24968442312547337,0.24024226110363392,0.11863173216885008
54017,7711.0,57401.0,866.0,3235.0,0.21051004636785162,0.11198120595144871,0.05731577073691705
54019,39519.0,53194.0,788.0,19084.0,0.16432613707818067,0.22328818660647104,0.055537720706260035
54021,7288.0,47981.0,750.0,3117.0,0.2768687840872634,0.243566992014197,0.06790402897238569
54023,10983.0,62361.0,644.0,5670.0,0.22522045855379189,0.1891645800136581,0.03280656131226245
54025,32386.0,48218.0,868.0,17913.0,0.17445430692792943,0.2688666486340276,0.041582979989585656
54027,23465.0,63116.0,720.0,12639.0,0.31616425350106814,0.17308804813143586,0.0902071931196247
54029,28431.0,61466.0,771.0,14194.0,0.0965196561927575,0.25506862133499686,0.08424801919023042
54031,14243.0,49272.0,816.0,8284.0,0.28126508932882666,0.22657037285858247,0.07333635129017656
54033,64984.0,60377.0,879.0,30537.0,0.13701411402560829,0.2642962850529352,0.04002702246242189
54035,27705.0,58845.0,716.0,12867.0,0.10507499805704515,0.21354754667824577,0.051461881774296385
54037,59260.0,98806.0,1108.0,24774.0,0.07951885040768547,0.19728994913173128,0.03857910486180379
54039,176537.0,60943.0,906.0,90408.0,0.15428944341208742,0.2894492473090153,0.055840005922051
54041,16740.0,56477.0,730.0,8219.0,0.15232996714928823,0.2778814410793742,0.08602150537634409
54043,19902.0,46205.0,771.0,9595.0,0.2003126628452319,0.25544115730483513,0.059407452657299936
54045,31418.0,49723.0,710.0,14772.0,0.13620362848632547,0.22954545454545455,0.0851063829787234
54047,17943.0,31559.0,643.0,9336.0,0.3073050556983719,0.22730787072831296,0.08225530876250915
54049,55909.0,67370.0,932.0,26276.0,0.1117750038057543,0.2331719439564677,0.047845303867403315
54051,29865.0,59169.0,837.0,14701.0,0.15060199986395484,0.21574437414911507,0.043106651802303976
54053,25043.0,49761.0,671.0,12179.0,0.16158962147959602,0.18156889628831652,0.03812316715542522
54055,58563.0,53210.0,810.0,29345.0,0.17451013801329016,0.2713011889035667,0.026528739467756735
54057,26854.0,69375.0,809.0,12509.0,0.11104005116316253,0.19019784172661872,0.06560254053150594
54059,22542.0,38119.0,647.0,11554.0,0.1936126016963822,0.2657507781474724,0.11506597115679656
54061,107163.0,65346.0,987.0,49932.0,0.10620443803572858,0.42149723274104284,0.047210079712008225
54063,12386.0,56750.0,690.0,6240.0,0.25977564102564105,0.13141372591470016,0.04767801857585139
54065,17426.0,72179.0,794.0,9250.0,0.20627027027027028,0.15867611005175702,0.03900375939849624
54067,24277.0,54639.0,686.0,12550.0,0.24573705179282868,0.17789985210226072,0.05918106206014075
54069,41582.0,57094.0,821.0,21120.0,0.1315340909090909,0.3360593174135863,0.059782065380385885
54071,6043.0,64931.0,770.0,3695.0,0.36617050067658996,0.15072587532023912,0.06343713956170703
54073,7521.0,60932.0,715.0,3222.0,0.14059590316573556,0.18562657999277718,0.08545507755340942
54075,7784.0,42119.0,715.0,6834.0,0.5345332162715832,0.16378497327884314,0.11900532859680284
54077,34160.0,61880.0,750.0,15183.0,0.15635908581966673,0.18510422359278633,0.05305466237942122
54079,57177.0,79527.0,952.0,24963.0,0.06858150062091896,0.18218571244247558,0.031123287671232878
54081,73195.0,52150.0,902.0,34604.0,0.16183100219627788,0.24669011170872984,0.04999297851425362
54083,27576.0,52757.0,821.0,13072.0,0.18313953488372092,0.2501404757445215,0.0743358310626703
54085,8286.0,50582.0,579.0,4176.0,0.18845785440613028,0.1578636766007672,0.023612388837779823
54087,13786.0,45778.0,614.0,7146.0,0.20179121186677862,0.21125525946704068,0.09108000835596407
54089,11729.0,40699.0,915.0,6541.0,0.28451307139581106,0.18846153846153846,0.021974965229485395
54091,16487.0,57795.0,835.0,7433.0,0.11152966500739943,0.1606602059357965,0.07511086474501108
54093,6654.0,53358.0,656.0,4652.0,0.3895098882201204,0.1908450704225352,0.060719131614654004
54095,8064.0,63693.0,748.0,4110.0,0.19805352798053527,0.15928398058252427,0.06967615309126594
54097,23712.0,54338.0,886.0,11281.0,0.15282333126495878,0.19284294234592445,0.057151780137414114
54099,38164.0,58878.0,915.0,18263.0,0.13694354706236653,0.2140591295520873,0.04886627724389171
54101,8144.0,43839.0,709.0,4388.0,0.339334548769371,0.22697481890307003,0.09189555781620888
54103,14078.0,56836.0,688.0,7297.0,0.16225846238180075,0.16849337477506954,0.05421686746987952
54105,5053.0,49867.0,558.0,2725.0,0.2510091743119266,0.1224889759921607,0.049494949494949494
54107,83407.0,57810.0,822.0,40283.0,0.11039396271379986,0.24902332849648398,0.053536384331580186
54109,20629.0,48440.0,650.0,9953.0,0.18939013362805185,0.1752602875557759,0.056543281842028566
55001,21123.0,59442.0,828.0,17008.0,0.44043979303857006,0.13764841861931282,0.04519392917369309
55003,16080.0,62462.0,721.0,9445.0,0.27665431445209104,0.2656615925058548,0.037685572896840505
55005,46797.0,65933.0,879.0,24067.0,0.17085635933020318,0.2263091956903032,0.028251463476711633
55007,16575.0,71151.0,812.0,13356.0,0.44317160826594787,0.16135538523598225,0.03588580576307364
55009,270892.0,79649.0,1031.0,115493.0,0.03948291238430035,0.3400881613226001,0.026015440279642133
55011,13393.0,70479.0,876.0,6522.0,0.12296841459674947,0.225,0.02851002865329513
55013,16916.0,62819.0,771.0,15396.0,0.5331254871395168,0.14148580968280466,0.04879048790487905
55015,52942.0,88810.0,1073.0,22493.0,0.04983772729293558,0.19923264083848025,0.02116564417177914
55017,66799.0,74680.0,963.0,29366.0,0.07583600081727168,0.2584104056892295,0.030609862853807995
55019,34739.0,67400.0,823.0,14961.0,0.14183543880756633,0.21473635018303605,0.03732976653696498
55021,58272.0,85351.0,978.0,26880.0,0.10126488095238095,0.23338024670916466,0.030635967007420144
55023,16042.0,64094.0,789.0,8765.0,0.23491158014831717,0.2284521324187295,0.03147939017504235
55025,572674.0,89975.0,1398.0,261061.0,0.036512539214972745,0.42876566916737235,0.023870579382994733
55027,88742.0,75929.0,988.0,38524.0,0.06785380541999793,0.2867724867724868,0.03775148180408319
55029,30445.0,74795.0,1086.0,24436.0,0.3867245048289409,0.21766982517015881,0.024195174406882184
55031,44229.0,75099.0,909.0,23154.0,0.172497192709683,0.2811064718162839,0.03109217864828071
55033,45527.0,74824.0,985.0,18983.0,0.081283253437286,0.32952981651376145,0.04392622596248378
55035,107116.0,74546.0,1064.0,46936.0,0.04708539287540481,0.3896391360729777,0.02960655737704918
55037,4646.0,61086.0,750.0,4638.0,0.5263044415696421,0.09148839326354119,0.047856430707876374
55039,104137.0,74275.0,960.0,46094.0,0.061851867922072284,0.2928566473186412,0.03167685941333724
55041,9369.0,61071.0,594.0,8715.0,0.540332759609868,0.1802296555167249,0.028891202498698594
55043,51770.0,66858.0,813.0,22332.0,0.10621529643560809,0.30185370741482964,0.03099088282744907
55045,37017.0,82852.0,867.0,16480.0,0.042779126213592235,0.2413312202852615,0.03626994351402239
55047,19263.0,68196.0,818.0,10772.0,0.23087634608243596,0.25528062764031384,0.027564243356028993
55049,23867.0,82182.0,954.0,11108.0,0.08912495498739648,0.22632931409369442,0.0311999389732245
55051,6210.0,60625.0,662.0,5566.0,0.4414301113905857,0.11482791894499839,0.02536620221507681
55053,20981.0,68110.0,787.0,9750.0,0.1513846153846154,0.1985738457819676,0.04723525811058968
55055,86003.0,83750.0,1035.0,36890.0,0.05467606397397669,0.2687179193072004,0.03552840009051822
55057,26689.0,67270.0,879.0,14767.0,0.2581431570393445,0.21871291647649474,0.03775559491225246
55059,168438.0,81239.0,1219.0,73678.0,0.06479546133174081,0.33294148380355276,0.04409552566566017
55061,20664.0,82725.0,847.0,9367.0,0.10782534429379738,0.13509632643293049,0.014930909765371418
55063,120488.0,73013.0,1059.0,54011.0,0.0465460739478995,0.3783715556245995,0.03141905637347237
55065,16942.0,76462.0,830.0,7234.0,0.06510920652474426,0.19843264823303267,0.029046125246892065
55067,19490.0,55878.0,702.0,12221.0,0.27330005727845513,0.2310550613669632,0.03489509729318404
55069,28426.0,68164.0,755.0,16327.0,0.21773749004716114,0.20466645787660506,0.031552706552706554
55071,81406.0,69148.0,797.0,38084.0,0.07604243251759268,0.22902694100261453,0.02598185853517321
55073,138403.0,77884.0,999.0,60910.0,0.049975373501888035,0.26703072616043966,0.028664521427705897
55075,42046.0,63809.0,795.0,29484.0,0.35385293718627053,0.18366489948034223,0.034347891490748635
55077,15746.0,65681.0,800.0,9827.0,0.28899969471863235,0.1884929154143409,0.027078774617067834
55078,4252.0,62108.0,626.0,2186.0,0.3572735590118939,0.24483985765124555,0.10006333122229259
55079,926331.0,64435.0,1101.0,426715.0,0.08041901503345324,0.5011047428765109,0.04797189839218298
55081,46208.0,69467.0,914.0,20022.0,0.0859554490060933,0.2723894869132834,0.03193960511033682
55083,39589.0,75049.0,791.0,24072.0,0.3016367563974742,0.14984236511807744,0.019987946966653274
55085,38167.0,69371.0,885.0,30814.0,0.43230349840981375,0.1769850797461842,0.019594632530458705
55087,192826.0,85069.0,1057.0,80915.0,0.03130445529259099,0.28521854507412414,0.027424333684686043
55089,92966.0,96996.0,1154.0,39872.0,0.03920044141252006,0.27118953770654414,0.027680483557832796
55091,7431.0,75256.0,869.0,3606.0,0.1552967276760954,0.17038739330269206,0.031088082901554404
55093,42584.0,92109.0,1044.0,17152.0,0.07491837686567164,0.24970063654124913,0.03247457061864265
55095,45555.0,77219.0,957.0,24558.0,0.2042511605179575,0.18979633609661242,0.03425102969867765
55097,70832.0,76070.0,940.0,31746.0,0.06511056511056511,0.30270561676606356,0.032021841192080014
55099,14092.0,60546.0,786.0,10819.0,0.39560033274794343,0.18076158434011316,0.028863020251953437
55101,197532.0,78096.0,1080.0,85658.0,0.061313595927992716,0.28958037957366367,0.04412111911226538
55103,17205.0,66420.0,771.0,8532.0,0.15025785278949835,0.2613793103448276,0.035862232216830395
55105,164350.0,75673.0,1037.0,71109.0,0.05495788156210887,0.28841832710822757,0.03763952382057411
55107,14179.0,59944.0,874.0,8663.0,0.26642040863442223,0.22140047206923683,0.053811659192825115
55109,96033.0,103046.0,1271.0,38953.0,0.03701897158113624,0.2168430593692517,0.025680103634839593
55111,66009.0,79541.0,1018.0,31496.0,0.11141097282194565,0.2763783185050202,0.023192012897021805
55113,18476.0,60801.0,712.0,16250.0,0.45784615384615385,0.23280363223609535,0.0596906718221363
55115,41039.0,66479.0,821.0,20670.0,0.1656507014997581,0.224689783138119,0.02590364440908865
55117,117991.0,73094.0,934.0,53067.0,0.06297699135055684,0.28524886877828054,0.02736061875604254
55119,20024.0,69350.0,823.0,9537.0,0.15633847121736394,0.20295799154859556,0.02620786235870761
55121,30839.0,76313.0,949.0,13431.0,0.0668602486784305,0.26003351152956194,0.023021490976340795
55123,31049.0,71893.0,836.0,14065.0,0.1166725915392819,0.1972794591113973,0.024875272292881737
55125,23647.0,68431.0,847.0,24876.0,0.5518974111593504,0.15968421996949853,0.039664447889121913
55127,105657.0,80520.0,1150.0,54124.0,0.20392062670903852,0.2937312878594472,0.028828517044471362
55129,16854.0,63441.0,795.0,12853.0,0.4113436551777795,0.1781654771345493,0.03918495297805643
55131,137879.0,96359.0,1153.0,59380.0,0.038901987201077806,0.21934466444717013,0.025491605147971517
55133,411762.0,106076.0,1356.0,175591.0,0.039483800422572914,0.2401961365603766,0.02299450684301887
55135,51569.0,72830.0,852.0,25791.0,0.12484975379008181,0.24682114217358558,0.027773527161438407
55137,24868.0,67107.0,796.0,14875.0,0.28833613445378153,0.15822784810126583,0.03908085995299852
55139,171769.0,74925.0,965.0,77318.0,0.06015416849892651,0.34232870491419765,0.021808229805299055
55141,74004.0,67989.0,856.0,34755.0,0.07198964177816142,0.2742380553746938,0.04003761923955394
56001,38249.0,61917.0,931.0,18851.0,0.09378812795077185,0.49973658022595563,0.037496153677084705
56003,11828.0,62101.0,823.0,5372.0,0.16976917349218168,0.24103139013452915,0.03343184336904322
56005,47240.0,89869.0,1009.0,20023.0,0.10163312190980373,0.2233155436957972,0.035419365284974094
56007,14463.0,70511.0,842.0,8236.0,0.2574065080135988,0.23741007194244604,0.049564832571175686
56009,13762.0,81558.0,866.0,6646.0,0.13150767378874512,0.22695772695772695,0.041760404949381325
56011,7455.0,79637.0,852.0,3685.0,0.21112618724559024,0.2194702442380461,0.005683355886332882
56013,39533.0,64904.0,898.0,17469.0,0.13921804339115004,0.29859679457338567,0.07400769595698697
56015,12605.0,58929.0,778.0,5856.0,0.11202185792349727,0.2676923076923077,0.034827647794248975
56017,4620.0,61250.0,887.0,2461.0,0.13043478260869565,0.2733644859813084,0.0294543698696282
56019,8686.0,64871.0,1029.0,4659.0,0.15604206911354368,0.17650050864699898,0.03130109787432843
56021,101060.0,80173.0,1160.0,45659.0,0.05212553932412011,0.29441530534439336,0.036821400472069235
56023,20486.0,89330.0,960.0,9964.0,0.16459253311922922,0.2296972609322441,0.02023706273489448
56025,79977.0,72156.0,1016.0,37309.0,0.09174729957919,0.26320604379389717,0.04140218584450914
56027,2368.0,64113.0,605.0,1425.0,0.16631578947368422,0.38215488215488214,0.024701873935264053
56029,30449.0,73035.0,925.0,14989.0,0.11068116618853827,0.2466616654163541,0.021975872187805674
56031,8612.0,67718.0,781.0,4688.0,0.17918088737201365,0.23934511434511435,0.04577087794432548
56033,32055.0,71388.0,939.0,15461.0,0.10452105297199404,0.29346334416756953,0.021624278166850964
56035,8838.0,83597.0,1209.0,5280.0,0.30056818181818185,0.1643650148930409,0.02309871431684463
56037,41542.0,75034.0,911.0,19289.0,0.09264347555601639,0.2544280653639584,0.05594146522182088
56039,23396.0,124172.0,1904.0,13658.0,0.2802752965295065,0.4165818921668362,0.01753128258602711
56041,20644.0,82980.0,900.0,8901.0,0.13313110886417256,0.23392949714878175,0.03228991804088081
56043,7703.0,65714.0,720.0,3854.0,0.1193565127140633,0.2578078962875663,0.027143581938102485
56045,6826.0,89509.0,698.0,3406.0,0.1638285378743394,0.13167134831460675,0.010283577438454348
72001,17960.0,19549.0,425.0,7937.0,0.2353534080886985,0.3229527104959631,0.20264388199258423
72003,37758.0,21501.0,475.0,17824.0,0.2650359066427289,0.26145038167938933,0.05049559041598377
72005,54137.0,21540.0,509.0,28777.0,0.2252493310630017,0.44077147342453465,0.14783378462820246
72007,23614.0,23072.0,468.0,10959.0,0.18496213158134867,0.35591133004926107,0.04997248211337369
72009,24636.0,21744.0,481.0,10919.0,0.10458833226485942,0.2483379359721796,0.06791943011545075
72011,25094.0,24436.0,576.0,12640.0,0.24651898734177216,0.2880092398152037,0.06140436783860542
72013,86467.0,23635.0,531.0,43237.0,0.2274440872400953,0.34598688740532285,0.14451137675957426
72015,15341.0,21186.0,472.0,8385.0,0.19630292188431722,0.2402433595488945,0.07313725490196078
72017,22494.0,24508.0,582.0,10798.0,0.16160400074087794,0.25858831326632054,0.10880155894771029
72019,29054.0,23407.0,505.0,11843.0,0.15443722029891074,0.3333333333333333,0.12718365837877807
72021,182469.0,31354.0,703.0,88047.0,0.15574636273808307,0.29866548282078187,0.07396921604593668
72023,46876.0,26408.0,590.0,28577.0,0.3303355845610106,0.2438731253592517,0.13083242908076267
72025,125586.0,31379.0,659.0,61398.0,0.16857226619759602,0.32945463093559,0.08153490522422562
72027,32734.0,27411.0,611.0,14747.0,0.1570488912999254,0.24092993323143755,0.03034829782215583
72029,41816.0,29642.0,568.0,18667.0,0.15272941554615097,0.27282498735457766,0.14519942434210525
72031,152204.0,36958.0,677.0,80200.0,0.1897506234413965,0.31950386260810687,0.10358305263008286
72033,22467.0,25508.0,564.0,11337.0,0.18029461056716944,0.4048208328849672,0.09785789535292053
72035,40917.0,30129.0,540.0,20583.0,0.17329835300976534,0.3732957216737188,0.049658832448824866
72037,10995.0,25454.0,538.0,7527.0,0.41078783047694967,0.24464487034949267,0.09528535980148883
72039,16805.0,22586.0,431.0,7454.0,0.22538234504963778,0.2767578801524073,0.11546840958605664
72041,39643.0,29246.0,577.0,17287.0,0.13171747555966912,0.33657561625582944,0.06266193917905359
72043,33998.0,22045.0,521.0,16674.0,0.17380352644836272,0.2420876887340302,0.07056728979525775
72045,18711.0,17134.0,512.0,8056.0,0.24118669314796426,0.3446752821855063,0.15258395951541176
72047,34444.0,23797.0,497.0,13966.0,0.17571244450809106,0.24704656011118833,0.06596177307848719
72049,1387.0,29630.0,528.0,1539.0,0.6595191682910981,0.32633587786259544,0.0
72051,35810.0,36391.0,715.0,16454.0,0.22401847575057737,0.21209273182957394,0.11025899764547595
72053,31489.0,25563.0,625.0,19314.0,0.31816299057678366,0.3334345812134558,0.15056348610067619
72054,11532.0,22332.0,688.0,5215.0,0.08935762224352828,0.26784586228679724,0.18167938931297709
72055,12855.0,17633.0,349.0,9135.0,0.3670498084291188,0.312694569353165,0.22933391191147753
72057,35298.0,20402.0,436.0,18983.0,0.1680977716904599,0.3166793313069909,0.044671737039951046
72059,17141.0,23915.0,454.0,8411.0,0.240280584948282,0.28200312989045384,0.17321888412017167
72061,89378.0,46731.0,901.0,42567.0,0.14701529353724715,0.27552397477209506,0.06059789267336437
72063,40228.0,42216.0,678.0,18002.0,0.11976447061437619,0.22762842357692792,0.10411410329025282
72065,38157.0,28146.0,595.0,17452.0,0.21636488654595462,0.2827581164083065,0.06981906235286205
72067,15441.0,26828.0,559.0,7794.0,0.20323325635103925,0.2753623188405797,0.10733808182872287
72069,50100.0,27038.0,568.0,27848.0,0.27046825624820453,0.2584170112226816,0.05236248236953456
72071,42890.0,23266.0,582.0,21832.0,0.31632466104800294,0.3357228996382152,0.09432178786037404
72073,14566.0,21796.0,456.0,6394.0,0.19033468877072254,0.3799497778636276,0.1434402332361516
72075,46156.0,24852.0,559.0,19949.0,0.17334202215649908,0.21520829543387301,0.1612368856985091
72077,36829.0,29863.0,577.0,16940.0,0.14669421487603307,0.2955378761674161,0.08855882170157231
72079,23035.0,19695.0,479.0,12573.0,0.29658792650918636,0.30223880597014924,0.16543181291965733
72081,27855.0,18917.0,505.0,12921.0,0.16647318319015555,0.36982358402971216,0.13017465984753449
72083,8744.0,16314.0,412.0,4109.0,0.25091263081041615,0.26283300844704355,0.06009705113848451
72085,34951.0,25232.0,565.0,15714.0,0.1707394679903271,0.25930473486301897,0.0646160822249093
72087,22768.0,24272.0,464.0,11749.0,0.2285300876670355,0.30052956751985876,0.2015978986538251
72089,17532.0,24225.0,504.0,10815.0,0.35589459084604713,0.3105081826012059,0.1758561417426947
72091,38943.0,22683.0,538.0,19464.0,0.2031442663378545,0.24861379754996776,0.13201459034792368
72093,4988.0,21302.0,413.0,2591.0,0.3060594365109996,0.21190211345939933,0.0
72095,10399.0,18045.0,549.0,5282.0,0.19538053767512306,0.2635294117647059,0.12088588126730238
72097,70828.0,18295.0,484.0,42468.0,0.2931148158613544,0.5022984676882079,0.20326876043324663
72099,37424.0,23586.0,512.0,17513.0,0.21024381887740537,0.36736316969127325,0.1773759913966931
72101,28397.0,25003.0,618.0,12703.0,0.14169881130441628,0.2646060717233789,0.10454344949272165
72103,23054.0,23395.0,528.0,11696.0,0.26316689466484267,0.2692039916453934,0.0689245395127748
72105,29310.0,22156.0,488.0,11460.0,0.19171029668411868,0.3064881787757746,0.11665273520943624
72107,21309.0,20302.0,499.0,9214.0,0.237247666594313,0.2958167330677291,0.10699001426533523
72109,15563.0,24396.0,543.0,8256.0,0.22068798449612403,0.3069630090146099,0.08338368580060423
72111,19853.0,22697.0,489.0,8789.0,0.20263966321538288,0.3042237442922374,0.11227190416492548
72113,132760.0,19877.0,536.0,69741.0,0.19946659784058157,0.32704639082930326,0.15098392310863293
72115,23409.0,24640.0,521.0,11146.0,0.2420599318141037,0.2939157196969697,0.08104395604395605
72117,15378.0,24447.0,604.0,9379.0,0.37637274762767886,0.2889382800478714,0.0779550398839739
72119,46051.0,28943.0,585.0,23376.0,0.2669404517453799,0.28921568627450983,0.1502961972100134
72121,22407.0,22065.0,463.0,11400.0,0.2893859649122807,0.23626712751512158,0.1152722443559097
72123,25079.0,21901.0,530.0,13859.0,0.22353705173533445,0.22795279249140415,0.07217978523192738
72125,31305.0,18317.0,481.0,16255.0,0.27037834512457704,0.35016863406408094,0.08155650319829424
72127,336160.0,27992.0,611.0,201026.0,0.23576054838677585,0.47183529473026453,0.12278443605319324
72129,37431.0,22847.0,579.0,16809.0,0.14486287108096854,0.279671629330736,0.07350439466969096
72131,39088.0,19920.0,508.0,19193.0,0.2390454853331944,0.2530640191715166,0.13027295285359802
72133,19903.0,25795.0,489.0,9552.0,0.20979899497487436,0.22072072072072071,0.05897435897435897
72135,66320.0,35241.0,690.0,27839.0,0.13545745177628507,0.1947814525511052,0.07268456594786807
72137,73039.0,32017.0,713.0,36615.0,0.18161955482725659,0.3087602202569665,0.08198398316478635
72139,67088.0,40055.0,694.0,30711.0,0.11311907785484028,0.2545067371590116,0.07887553728861418
72141,27621.0,20800.0,476.0,13624.0,0.16977392836171462,0.34656529042524975,0.2120701615300763
72143,34921.0,25538.0,667.0,17058.0,0.1783913706178919,0.305315733143061,0.15485008818342152
72145,53892.0,24244.0,650.0,27010.0,0.2007774898185857,0.25154027887154307,0.11021598378885979
72147,8078.0,19803.0,430.0,5504.0,0.43223110465116277,0.33248,0.06059613494923027
72149,21556.0,26286.0,517.0,9257.0,0.19509560332721185,0.2213125754932224,0.11357959773892468
72151,29400.0,22944.0,489.0,14631.0,0.16840954138473105,0.2934166187227747,0.08745535231085615
72153,32993.0,24255.0,551.0,17387.0,0.23983435900385344,0.2696527199818416,0.11857131286952297
