fips,RegionName,StateName,state,irs_inflow_rate_2019,irs_inflow_rate_2020,irs_inflow_rate_2021,irs_inflow_rate_2022,permit_rate_2020_2019,permit_rate_2020_2020,permit_rate_2020_2021,permit_rate_2020_2022,pop_growth_2019,pop_growth_2020,pop_growth_2021,pop_growth_2022,rent_2019,rent_2020,rent_2021,rent_2022,rent_growth_2019,rent_growth_2020,rent_growth_2021,rent_growth_2022,rent_acceleration,population_growth_shock,migration_shock_iv,pre_growth,log_rent_2020,shock_bin
01003,Baldwin County,AL,01,0.07121031258745653,0.08235586893405226,0.0864985994397759,0.07953460843228947,16.16532104757006,15.761905384954227,15.093614657595463,14.659414029067339,0.024881501674290263,0.025272294457790778,0.043324193154377966,0.02918905910052949,1156.5270496548271,1206.1202651812746,1398.020494933953,1548.9446341363544,0.04181393175393211,0.04198722405081501,0.14764848818023246,0.10251651393811123,0.08318192315679829,0.011179728061413208,0.006233513175278288,0.04190057790237356,7.095164094687719,High shock
01031,Coffee County,AL,01,0.09889476454224205,0.11040380970892658,0.10317894632107856,0.1037445840292402,5.110279450597466,5.053541236145032,4.963191202789719,4.905178701677608,0.010349924348588502,0.011164857308534337,0.018040310906226154,0.011757396603220727,889.6414526654195,938.4950085083888,1058.7253980268695,1197.824075625156,0.043355912217420745,0.05345901804612474,0.120543471457915,0.12344091061331586,0.07358472590384268,0.004141462926162021,-0.001187521950424944,0.04840746513177274,6.844277537427858,Low shock
01073,Jefferson County,AL,01,0.04315120895273628,0.0445812793080447,0.046294664955156765,0.044445599085524264,2.8365821917912224,2.8504200860008972,2.788101314944999,2.808667777303318,-0.0017189968510287201,-0.0048665081685754785,0.022105550126966023,-0.007349438432333599,983.7378081274945,1022.5667191257256,1105.2955888882318,1199.5507452139743,0.03849895654343971,0.03871173037512232,0.07779694266918113,0.08183430725433816,0.04121028150247863,0.010670808357118311,0.0015038878899500258,0.038605343459281016,6.930071136766909,Medium shock
01081,Lee County,AL,01,0.07464608584430388,0.08319815190711974,0.08554334744625401,0.08236511089043363,13.45938248038057,13.312873506722372,12.505912295321968,12.291226244894796,0.004914641704882428,0.010944945115866744,0.0625299838065363,0.017315821686397115,1124.567932186364,1153.8245457353498,1233.8515115060618,1343.3322105974792,0.048014288673023486,0.025683214828398526,0.06705847077451477,0.08501266429614596,0.039186815784619355,0.03199310933609212,0.005032110292632022,0.036848751750711006,7.050837395418094,High shock
01089,Madison County,AL,01,0.060093545740824046,0.0669394895105788,0.06732940373355738,0.06615236013319438,10.516793854198262,10.325389442170703,9.877203022151859,9.707511056602371,0.013950137908905091,0.018367537641740483,0.04437647974887682,0.01732945515864337,902.4913268244203,1012.1798620634669,1166.3316072683594,1277.5812782995897,0.07409661582686589,0.1147024833731427,0.1417571604242358,0.09110521919771664,0.022031640210971926,0.014694129678437307,0.003224364307674449,0.0943995496000043,6.919861563367154,High shock
01097,Mobile County,AL,01,0.03256238587948874,0.03639695123573386,0.03687378614030496,0.03490016441915381,2.258679228856925,2.2630574050921215,2.259405926223381,2.2703075853553005,-0.0018337967257373577,-0.0019365027014277558,0.0016148189138132096,-0.004813408244176642,833.8390224185786,858.5331676329027,969.471109141584,1074.3899951941773,0.04250921423296017,0.029184948946342715,0.1215253604960429,0.10275765868429598,0.076294428000518,0.0002858550484008404,0.0014073067221180915,0.03584708158965144,6.755225313991827,Medium shock
01101,Montgomery County,AL,01,0.056136198106336486,0.05847134373038482,0.06161676458575513,0.056471959285639015,2.1851252244840187,2.1990838634431245,2.176834776477846,2.1829333498305354,-0.0024607648736818533,-0.006367710045326547,0.010168963604321846,-0.0027976613222318036,902.8518799434595,936.8792280970036,1024.6419951515293,1133.5643329095208,0.020072432245381577,0.03699587293341633,0.08954417571411266,0.10102366678290409,0.06674976865910942,0.008099888600549221,0.0017405910173364167,0.028534152589398953,6.842554381825469,Medium shock
01115,Saint Clair County,AL,01,0.06844697951775992,0.0782038976755832,0.08429466284969248,0.0803113439773368,4.37956204379562,4.3311034946384686,4.2315395051359905,4.186150552294927,0.010001371326602282,0.011126371195725682,0.023256482142830492,0.010784287002334025,1248.3850649848725,1299.2177707876056,1376.1564429629516,1468.035872312407,0.025581166431154045,0.03991160056796872,0.05753205847651355,0.06463093901162864,0.028335115244509712,0.006456513311418277,0.008977564816843073,0.03274638349956138,7.169517647567874,High shock
01117,Shelby County,AL,01,0.07123007741667461,0.0821954237582494,0.07809271404186506,0.07159395063958357,6.797264593722499,6.697436638546164,6.520028313541698,6.446901096799155,0.01059327547078226,0.01479540369405008,0.026846143431566105,0.011279153250988827,1207.143690188466,1252.6139820429696,1352.474216199338,1462.9244998105785,0.032711942733257615,0.036975571052940026,0.07670311428510512,0.07850184653987657,0.04275872351939203,0.006368308758861296,-0.0018694182467376835,0.03484375689309882,7.132987832445562,Low shock
01125,Tuscaloosa County,AL,01,0.04826460457330991,0.049749957475761185,0.0494934774108698,0.05123771006205983,5.814921001706915,5.802863948224979,5.189459837908941,5.167096201782924,0.008182836019262396,0.00207562075947898,0.11172196557063607,0.004318746656716499,1052.2153441387586,1082.1448308072092,1139.0898850910482,1240.2652676151397,0.03514694960176623,0.02804723306764778,0.05128457096013239,0.08509568508739473,0.03659303668905656,0.0528911277243056,0.001358312711929266,0.031597091334707006,6.986700305168839,Medium shock
02020,Anchorage Borough,AK,02,0.058559418776868204,0.06040304582399973,0.06235127802119645,0.06206809846271232,3.358842065168462,3.378672564830457,3.3544397912639323,3.3799911493015267,-0.008918180958833233,-0.005886608939684734,0.007198120843904476,-0.007588311728840225,1222.7053572054017,1249.2254720812637,1315.1530470639755,1444.4436441856158,0.012280926086454258,0.02145782732025392,0.05142930752346331,0.09377118164239029,0.05573086787957271,0.007207299506791109,0.002728455941520422,0.01686937670335409,7.130279015916105,Medium shock
04005,Coconino County,AZ,04,0.07243788045105279,0.07956868947957255,0.07981368350551034,0.07626974689994905,6.536220105996513,6.604389357177449,6.585162739595653,6.524618126096392,0.0073410559008078025,-0.010375449160948236,0.002915433527869382,0.009236621811885115,1406.3291192752788,1474.999295963508,1664.900209461426,1924.6417000886395,0.021638199190794793,0.04767466449512714,0.1211076749000819,0.14497463321248283,0.0983847222133214,0.007593224299947465,0.0020384302374170243,0.034656431842960966,7.296412791460931,Medium shock
04013,Maricopa County,AZ,04,0.04794327096913672,0.050957743188984904,0.05105359543109368,0.04635051581779253,9.326038714135265,9.149215748749585,9.311162860783947,9.195903361690386,0.01954641499223264,0.019142184487336067,-0.017545822882230055,0.012455889864517289,1229.298046182277,1318.1731995358166,1551.7993827280504,1738.0897788940422,0.07668390787106905,0.06980352600792994,0.16316831137599141,0.11337153225021179,0.06502620487360211,-0.021889266248640737,-0.0007484514546177087,0.07324371693949949,7.184002117305747,Low shock
04015,Mohave County,AZ,04,0.08788532071562562,0.09741575880415505,0.09994618954731957,0.09178582870742695,6.560796086903659,6.459305912359695,6.4605551564716075,6.351146420406962,0.016383491134291717,0.015590082189202548,-0.00019338352156417216,0.0170799163801707,975.9667102224589,1053.7080563735624,1236.6988113037671,1370.3967107644996,0.0795465491906926,0.07664222691789568,0.16013015519290974,0.10265468724242766,0.05329803316337456,-0.007543520232443868,0.0032154693674829177,0.07809438805429414,6.960070704370656,High shock
04019,Pima County,AZ,04,0.04775472900842505,0.05104319229978117,0.051233824569451615,0.04906436499873951,4.725230424079424,4.672179423751973,4.726793617017219,4.688522481834103,0.01103505340473987,0.011290677912560554,-0.01162144155540723,0.008129593432716575,981.9657072678168,1045.088675182695,1200.0460356556835,1347.0749866314707,0.06584807505865076,0.0623006310041152,0.1382581806537031,0.11557564613686644,0.06284256036390179,-0.01290878971999554,0.0007501341299924469,0.06407435303138298,6.951857017432949,Medium shock
04021,Pinal County,AZ,04,0.11539884270880123,0.12876806813410904,0.13030411146117424,0.11891426481640928,13.698986223030934,13.152312261349172,14.084852102371306,13.598917935562117,0.03329221628042944,0.040724251246006204,-0.06850232037793091,0.03510967489403427,1208.5830146805272,1343.9914668729743,1610.5899991003828,1769.0734603639803,0.08079195776184545,0.10619528189599592,0.18095667790725134,0.09385536987203213,0.043912404060721055,-0.053704556505166146,0.0025257327173366373,0.09349361982892068,7.203399172010093,Medium shock
04025,Yavapai County,AZ,04,0.07912764337955455,0.09399616945164065,0.09119429513673255,0.08585152748014949,8.010607382806212,7.871754098224172,7.802700204660988,7.679811558299152,0.0153462029175504,0.01748566453144562,0.008811067865925892,0.01587484369503578,1258.5548955557665,1333.6386027147146,1554.2869100658975,1737.2742364301976,0.056986405109144656,0.05794684381061188,0.15310586343375565,0.11130049243084716,0.07473655347242314,-0.004072977944017175,0.0019610048928434126,0.05746662445987827,7.195666277264436,Medium shock
05007,Benton County,AR,05,0.07907905748772681,0.08608843063870213,0.08560957834461218,0.08110369574749682,15.366197938070648,14.89053723673184,14.611090157222126,14.19976091565342,0.02634137040518425,0.031444231507206766,0.01894508624245006,0.028555712634444674,1021.8850872590497,1070.6177219161352,1185.3173525213151,1359.1468347559223,0.03471075703907722,0.046586745717783984,0.10177475467140518,0.1368466287426644,0.07866194032860419,-0.005142401517748141,0.0007728929828400288,0.0406487513784306,6.975991071078521,Medium shock
05031,Craighead County,AR,05,0.06658747189863069,0.07154017857142857,0.06817332835263354,0.06716923598170421,8.919221463907846,8.802173816205622,8.837683596615202,8.753976059470332,0.015447483832033981,0.013209947404417832,-0.004026090182541964,0.009516801775347972,978.7714618100708,1012.2905873485394,1078.2988850845857,1136.3454579878917,0.028638722993850507,0.03367277543899405,0.06316902165198801,0.052432681462533104,0.026645102340838278,-0.011583359821822903,-0.0013925430678607548,0.03115574921642228,6.919970950278892,Low shock
05045,Faulkner County,AR,05,0.06127929954037796,0.06972794497716173,0.07357050730868443,0.07365185223779502,7.0810948278602535,7.020225498152365,7.09349722947583,6.984674479677027,0.003917763925590734,0.008633192688293434,-0.010383141431850262,0.015460092340958909,951.3741277490166,1005.5526183670304,1105.671566723359,1197.4972242540716,0.029662736397111367,0.055385148637323134,0.09491564364328031,0.07978082929591057,0.04482429395237819,-0.0037370028523877608,0.00810755751446987,0.04252394251721725,6.913292538392522,High shock
05085,Lonoke County,AR,05,0.08365732214719324,0.08912703431290978,0.09150315645794233,0.08784971620874982,5.499131001520747,5.478821985633311,5.416610940216665,5.385709916355271,0.001195587338765236,0.0036999683055665145,0.011419779631372862,0.005721197983211468,902.8156402342032,929.3773164388268,1023.1458381502861,1125.109652950081,0.03575540307676839,0.028996440746801078,0.09612250539691125,0.09499846409994994,0.06318456283664586,0.0061227109851262895,0.0032842581032945656,0.03237592191178473,6.8345148096807975,High shock
05119,Pulaski County,AR,05,0.05547995499895581,0.059451285374810973,0.06242372846298633,0.06000250659675294,3.3518727155012007,3.346226271057051,3.303123775457916,3.292545826479079,0.0003416179979236489,0.0016859845735339718,0.012964605268715346,0.0032075463709908547,837.521589323461,874.6168475441813,961.4886076213794,1035.651544478419,0.027787226699881096,0.04333886027186651,0.09469681447542921,0.07430330280259412,0.048937015153137864,0.00707227453412429,0.003747497342986239,0.0355630434858738,6.773785901935503,High shock
05125,Saline County,AR,05,0.07386690795426504,0.07980367753332263,0.08214049995874928,0.08198025314945363,3.5332517339861282,3.492836861125452,3.453446268204367,3.3983439940352396,0.011514425709068021,0.011504357810407484,0.011341609441485545,0.016084398384760945,1026.25941203553,1071.6661949802167,1154.9867086919342,1253.8299928947133,0.022995598326409628,0.043294075846865177,0.07487420740301332,0.08211402488422692,0.045349279056982716,0.0022036121533854924,0.005225083810307618,0.0331448370866374,6.976969907860636,High shock
05131,Sebastian County,AR,05,0.06054355865287457,0.0666264666203344,0.07115014866724803,0.06713458681284902,3.2109516947559675,3.2134179794654756,3.194589456296458,3.1756113051762465,0.0008304932510085905,-0.0007677904466056873,0.005876577873340949,0.005958433016203912,698.3333649511718,727.9769865954678,804.9909054581518,892.9644282793103,0.026579924006579603,0.04157284691334162,0.10056154390962213,0.10371576634213397,0.06806226966591744,0.005886154042570979,0.005557355103444045,0.03407638545996061,6.59026943587761,High shock
05143,Washington County,AR,05,0.06735335841608586,0.07569551715043839,0.075378689493957,0.0745520866859779,8.40044780109611,8.268370501940662,7.987544038734227,7.834596894211515,0.010654236135623663,0.01584756171167001,0.03455411922598017,0.019333908027338254,1084.9609269156526,1121.224094976387,1215.3369862309098,1347.6417106239458,0.03397120246847685,0.03287705613931813,0.08060036283532046,0.10333479059583084,0.05854344741167816,0.013693114703012377,0.003440950306705326,0.03342412930389749,7.022176309406122,High shock
06001,Alameda County,CA,06,0.053099862428804545,0.05435750321495697,0.05459032324652041,0.051945432850597294,2.4694140296281732,2.478459360786081,2.506011081191718,2.5303099813973087,0.0010890529674796312,-0.0036562541200311216,-0.011055136681413558,-0.00964953919729794,2534.8558145177203,2532.3254202684266,2531.8521158653652,2679.8542235919754,0.024707117494540576,-0.0009987384868956894,-0.00018692251646523772,0.056811302341353453,0.016458000408621665,-0.009068737363080004,-0.00046080477332190173,0.011854189503822443,7.836893298018499,Low shock
06007,Butte County,CA,06,0.043290886023266584,0.050112782206515265,0.05203121461074392,0.0526927053263336,8.39863573603504,8.634791110442597,8.9029544044665,8.858604709479238,-0.05169325828185656,-0.027730239992319383,-0.030583656936585157,0.004993906995760966,1244.4839506010387,1288.3410837541985,1370.3682548791414,1460.6253912822683,0.09155206830825247,0.03463446272415993,0.06172409369807408,0.06378519129596416,-0.0003386230191870787,0.026916874166675875,0.005660125853647835,0.0630932655162062,7.161110688185924,High shock
06013,Contra Costa County,CA,06,0.04992725663235008,0.05365913765105532,0.0558427932341232,0.049530918579580044,2.431296150606783,2.432456590239106,2.40819766637656,2.422604987472116,0.0017736512033597052,-0.0004771787202901834,0.010023077736194708,-0.005964790882210025,2241.097890363498,2292.9850911789467,2399.4035122071714,2547.6530114934103,0.036769901080648815,0.022888626550957802,0.04536566791304519,0.05995237782068763,0.022829759051063103,0.0013809071854575805,0.000893658765148922,0.02982926381580331,7.7376097809523126,Medium shock
06017,El Dorado County,CA,06,0.06462233381333925,0.07863888181741038,0.08093484490473078,0.06820348383742092,3.2063069456170976,3.208500712712194,3.1955974063519594,3.2107974085389577,0.01110480131467817,-0.0006839697454594784,0.0040297083465148376,-0.004745268172957395,1699.2578675949246,1801.5007272547598,2094.210156070176,2240.087759060973,0.04709708982940075,0.05842844762636901,0.1505564135776014,0.06733857477418326,0.056184725448007455,-0.005568195697830625,0.0029385565557010496,0.05276276872788488,7.496375333882077,Medium shock
06019,Fresno County,CA,06,0.028557844204843485,0.028870722712123792,0.029619656681252104,0.02772241143130035,3.1367534301350806,3.1271292953069083,3.089518045055636,3.082653524516944,0.006584762461470106,0.0030728999322562345,0.012100319385586644,0.0022243462585649354,1287.9783440522267,1367.537220979899,1586.360287020805,1742.8318082600845,0.06862926406691727,0.059937659293662016,0.14843079130382097,0.0940690018197845,0.056966434881513095,0.0023335016252126195,-4.3249402207415355e-05,0.06428346168028964,7.220766752192563,Low shock
06029,Kern County,CA,06,0.0370059775985143,0.03863406959630534,0.041480756372662554,0.03636355907466553,2.7834081286197097,2.7757992904071838,2.7412899401671287,2.729203458736342,0.005891177842340056,0.0027373840874300726,0.012510147603917332,0.004418797434137645,1134.0740020699861,1206.4256872762546,1359.2217261063852,1560.2163659870141,0.054122531918412875,0.0618455498147128,0.11925026518029647,0.13791223206085146,0.07059720775401113,0.004150191554142424,0.00110213412625422,0.057984040866562836,7.095417289530536,Medium shock
06037,Los Angeles County,CA,06,0.02318222507118769,0.02326148265179289,0.02351446415456047,0.02380518823232477,2.0878776443570173,2.1022732872803767,2.13090177626459,2.150566397438621,-0.004974918265816086,-0.006871208124596961,-0.013525982282111215,-0.009185988850084925,2190.214212493976,2213.561987337008,2308.406650604849,2556.4932763511993,0.04253402247078508,0.01060362404702797,0.04195454787961328,0.10207898061764276,0.04544794098972149,-0.005432922370891546,0.0004379723319523285,0.026568823258906527,7.702358255998295,Low shock
06041,Marin County,CA,06,0.04895918709274261,0.05746575342465753,0.055757384299478754,0.047374036751630114,0.598259258544493,0.6023347271229385,0.5978139294502426,0.6051047416788339,-0.003875376593118318,-0.006789113190604823,0.00753376513882742,-0.012122019021546748,2898.8683336378763,2952.922496454281,3081.0814984150797,3292.318263906327,0.025523102242019924,0.018474925666590813,0.04248531448124737,0.06631128491987504,0.032399285746255835,0.0030381179505019063,-0.001646759733145639,0.02199901395430537,7.990550635701659,Low shock
06047,Merced County,CA,06,0.047489860916985545,0.05132545442585568,0.05416488719283986,0.048562381587257036,3.6771870060697043,3.649033847564207,3.5803380063947157,3.511250473794838,0.012275795123693811,0.007685626095375042,0.019005222108049225,0.019484976777292218,1262.7529687099102,1332.7538001679611,1546.0991385320121,1707.5148358025033,0.06334149346923201,0.05395309473900145,0.14848774584838687,0.09930392709710478,0.06524854236862909,0.009264388833136294,0.001955976718627836,0.05864729410411673,7.195002607072252,Medium shock
06053,Monterey County,CA,06,0.03679385196170959,0.03939568158027477,0.040488307018688476,0.036658249513691246,1.7375051917485809,1.747480889103424,1.722489351676053,1.739496031269347,4.845749413462386e-05,-0.005724972421566221,0.014404716944776297,-0.009824892086085057,1962.8202236828163,2036.4016308354223,2192.4368600212442,2384.680878149625,0.0463707495450878,0.036802015221319984,0.07382930279551392,0.08405166499332406,0.0373541015112151,0.005128169893061418,0.0004785114951976893,0.04158638238320389,7.61893962287024,Low shock
06055,Napa County,CA,06,0.04406189329489305,0.049263259659299265,0.051320129006395654,0.04514195499183859,5.5927599180696985,5.663222152759902,5.650754045426192,5.730445784029173,-0.006818751130182932,-0.012520125685730576,0.0022040195528951756,-0.014004330339501436,2246.900396359273,2326.2824997591765,2474.402032497884,2682.1739192506743,0.032660413587199955,0.03471983492379671,0.061727264042231944,0.08062886580785644,0.03748794066954586,0.003769283014653624,0.0015684655220209662,0.03369012425549833,7.752026778738687,Medium shock
06059,Orange County,CA,06,0.03684341212275336,0.039377633687180814,0.040725032742945186,0.03695542215744201,1.900751564800743,1.9031487686371693,1.9069097715599925,1.913107404458902,-0.0014899718029468545,-0.0012603927251735314,-0.0019742500566515275,-0.0032448222356986633,2185.1680893422904,2221.2942273338736,2464.3394250784254,2812.6769528981386,0.029484529960194017,0.016397256950351213,0.10383377856871867,0.13221289226884636,0.0950824419635099,-0.0012343538821149025,0.0007297045452265075,0.022940893455272615,7.70584529028195,Low shock
06061,Placer County,CA,06,0.07147224794283617,0.0805905866376506,0.08409594957394653,0.07554077571593373,7.943988488862373,7.864499317533193,7.672250373444185,7.579997799432636,0.01562079781240655,0.010056602785969204,0.024748903168402947,0.012097062410077797,1893.785792570179,1962.0153630885034,2219.1801812955136,2363.060467342844,0.047715526816931586,0.035394300968828674,0.12316564854311629,0.06281974712816751,0.05143778394276177,0.0055842824900524946,0.003786945354696744,0.04155491389288013,7.5817274704149895,High shock
06065,Riverside County,CA,06,0.05564273677185334,0.06267716902520425,0.06506852193058937,0.05738648802820586,4.0976342580556455,4.058753296255647,4.117960429591763,4.083272405557906,0.009105361769966791,0.009533940375206384,-0.014482142856525826,0.008459272303337428,1678.8686852643295,1771.7571181562362,2061.9523584190697,2318.810898852523,0.05200872597109729,0.05385161133508998,0.15168150449325601,0.11740122990637758,0.08161119854672316,-0.012331086349180786,0.002067552080868826,0.052930168653093634,7.479727055267302,Medium shock
06067,Sacramento County,CA,06,0.04535614544816354,0.04752138403839425,0.04760319492614602,0.04280412587930632,3.976386579534176,3.957294570232679,3.8834095958610533,3.894267789292973,0.00783515966395143,0.004812909870004489,0.018847072881101212,-0.002792144736400104,1563.4150784383753,1641.7481200625461,1830.102811737929,1983.037484309837,0.051149685314330284,0.04888901960402148,0.10861054554592808,0.08025760563519047,0.04441472313138339,0.0017034293053725946,-0.0012351043405527257,0.05001935245917588,7.403516879988986,Low shock
06071,San Bernardino County,CA,06,0.05394878526764755,0.057002143306602374,0.057945476194267376,0.052747159421836685,2.3556925869399374,2.3428831669166077,2.338712508897276,2.3367722018417174,0.005366005139864072,0.005452482807232428,0.0017817254677527927,0.0008299918776302206,1612.2859366950418,1709.7954525963535,1985.211381439576,2214.2849749312277,0.05080087916811582,0.05872073655679344,0.14935165286475982,0.1092041431080304,0.07451709012394048,-0.004103385300856743,-0.00012914647907293075,0.05476080786245463,7.444129023977153,Low shock
06073,San Diego County,CA,06,0.0386330297564818,0.041826076650705674,0.04234771400026167,0.039974015500770066,2.8440524264072913,2.8423728411755156,2.8927154388913863,2.8902933501282813,-0.00060753945096792,0.000590735023001443,-0.017556448423325932,0.0008376570028136854,2018.0716724119493,2068.597643863168,2286.8887775377634,2640.134682504516,0.037445665073503775,0.024728473102544335,0.10032137042635902,0.14363765057055922,0.09089244141043507,-0.008350993496272885,0.0009313115469221228,0.031087069088024055,7.634626189942362,Medium shock
06075,San Francisco County,CA,06,0.06234860884996212,0.05801942718159569,0.06324886187722348,0.06677653902084343,2.2803148746168187,2.3124695651772544,2.4681778713813296,2.480891932644527,-0.0009667319868835733,-0.014002492980269565,-0.0651641451948688,-0.005137971269855157,3484.8538258974822,3290.2145990612858,3080.094440134675,3307.0332342785446,0.026294999940242647,-0.05747330921618854,-0.06599253143146022,0.07109122472837193,0.0181385012864288,-0.027666445748785407,0.004828682433254551,-0.015589154637972946,8.098708069310387,High shock
06077,San Joaquin County,CA,06,0.04897778919813063,0.05267511811121389,0.05697045091038338,0.05118915407991452,5.139376368060233,5.096573160044637,4.964774707808928,4.927652642035118,0.01186281422082125,0.008363358453401304,0.026200464084631392,0.007505183249996605,1689.1661126581591,1806.3174503410264,2050.825661214416,2198.315092181859,0.04934231213086271,0.06705523223229459,0.12695225870091686,0.06944872611644648,0.04000172022710302,0.006739737330202722,0.0032533488404766844,0.05819877218157865,7.499045493912877,High shock
06079,San Luis Obispo County,CA,06,0.04696529819164717,0.05360709218576321,0.055746331684408845,0.0487914157831452,3.222178206615546,3.2276465107050867,3.2598116394240404,3.229969579430306,-0.0018445951892474,-0.0016956446537435,-0.00991617719671467,0.009196695334367178,1986.7007750346572,2056.1772124214936,2221.3779298631266,2443.9354601822724,0.03469195394984581,0.034373175787167476,0.07727915577335409,0.09548194104270724,0.05184798353952402,0.0014103789903217034,0.0019826785450718226,0.03453256486850664,7.62860381567268,Medium shock
06081,San Mateo County,CA,06,0.05462732054594389,0.05495117873670438,0.05516459572463341,0.05404734182032815,1.4042703416534825,1.416311050391134,1.453022327027433,1.473394528136485,-0.00469600789937985,-0.008537801399997491,-0.025590111124701664,-0.013923190865220647,3109.9930872643145,3059.168925590942,2959.1341060465807,3183.1291586521183,0.03136917131191552,-0.016477217311969383,-0.033246592332917047,0.07296803132505225,0.012414742496094533,-0.013139746345272485,-0.00018328086884335237,0.00744597699997307,8.025898565114247,Low shock
06083,Santa Barbara County,CA,06,0.036594429666718824,0.03913049525054588,0.03925410465027735,0.035500120621718805,2.3054612718423937,2.3090793810677974,2.3473159002653587,2.3135059639795905,0.000734335610884429,-0.0015681343990525676,-0.016423596520148465,0.014508398017825996,2157.2819460271585,2268.771672866947,2576.953485238087,2992.902131191508,0.04935173324994402,0.05038950078655002,0.12736930977729166,0.14963564756004555,0.08863186165042158,-0.0005406998570771648,-0.0004853498226342762,0.04987061701824702,7.726993850746353,Low shock
06085,Santa Clara County,CA,06,0.039915214627858304,0.03831631085095638,0.041049533707497275,0.04232289753593546,2.7866049455605486,2.8089696162508098,2.841649015766723,2.8519939201473647,-0.004967844347131489,-0.007993742031237261,-0.011566791529627807,-0.003633847742351648,2971.532715860747,2915.127205789248,2869.7973943116335,3130.639270281714,0.024220707906972727,-0.019164428444766735,-0.015672024236857318,0.08699579044146155,0.03313374337119912,-0.0011195264468053523,0.0025704528823090322,0.0025281397311029963,7.977668736182124,Medium shock
06087,Santa Cruz County,CA,06,0.041852510603365714,0.04793509644211167,0.04857970674027525,0.04202094827049969,0.8941987026789313,0.903954802259887,0.9367501679623764,0.9234029669996973,-0.003084620884369116,-0.010851348660875004,-0.03563725533495621,0.014350893784286,2565.4973865923143,2620.176982233481,2823.2458922724322,3153.2017839914183,0.027749843710370925,0.02108949323682552,0.07464538269405363,0.11053112731876347,0.06816858653281033,-0.0036751960027130437,0.00040652398264877376,0.02441966847359822,7.870997144944506,Low shock
06089,Shasta County,CA,06,0.05357129511296458,0.055246036903710084,0.05645341309879905,0.052827935028644316,2.1876478610593115,2.1951996067632256,2.157740137809866,2.1720267275349983,-0.00011689038200302093,-0.0034460488221839114,0.01721153789719665,-0.006599265973523671,1073.9583506821061,1138.732968160946,1247.844792647811,1360.43605243952,0.07176991479404116,0.058564997161568044,0.09150168447705642,0.08638737780419081,0.023777075162819017,0.007087605563929955,0.0002320080553843487,0.0651674559778046,7.037671491852829,Low shock
06095,Solano County,CA,06,0.058576928406278275,0.05965827126721734,0.0607307623398728,0.05769294477511402,3.873196940777858,3.87752133979214,3.8455308186121027,3.860677010815688,0.0033648092729681167,-0.001115870634555094,0.008284471861486509,-0.0039309118160737455,1868.403332357654,1942.9987439674703,2100.4901688121477,2235.6060808389097,0.054277026456516886,0.039148290775608885,0.07793820725740819,0.062341637200094446,0.02342726361268843,0.0010523107034998702,9.425372074560456e-05,0.046712658616062885,7.571987802937432,Low shock
06097,Sonoma County,CA,06,0.03464911955331024,0.040269742418100746,0.04221191028615623,0.03891904608169221,2.8335344228730213,2.847990788434095,2.8791440583341417,2.8901793983040136,-0.009909746102117367,-0.0050889140579322145,-0.010879288860927261,-0.0038255277281695754,2064.5623278027497,2103.8786238392354,2214.3493144536606,2396.0341488327786,0.002295471931141435,0.018864348768484085,0.05117599219179869,0.07885633547212834,0.054436253482150754,0.0001469217854763727,0.003106047198218727,0.01057991034981276,7.65153788390423,Medium shock
06099,Stanislaus County,CA,06,0.04128775038780225,0.041772973823843845,0.044084619202049695,0.039710324459944074,1.0040726788549934,1.0034885771368216,0.9986919306777535,1.0014041427653992,0.0034729849342340913,0.0005819017804924442,0.004791431758579989,-0.0027120834704970065,1377.4203579825823,1477.6294239799129,1655.3102021609518,1822.506683318524,0.05178446138657122,0.07022661903714766,0.11354936153140649,0.09622442741426607,0.043881354260976835,-0.0009877692133217764,0.000367109725173842,0.061005540211859444,7.298194342046205,Low shock
06107,Tulare County,CA,06,0.028810832551280332,0.031179674079334165,0.0324549577154063,0.028178400861921356,3.381635251454103,3.3605018349406843,3.3006689355709424,3.295778891948674,0.0031654919285646343,0.0062690762459514104,0.017965162781013788,0.0014826296351913015,1120.9861868882297,1178.2330006231111,1357.4727465335488,1528.4669300707112,0.03947970786034549,0.04980703718858592,0.14160883733695684,0.11864053016447063,0.08548131122624802,0.0050066121208445225,0.00032142597335657955,0.04464337252446571,7.071771138051224,Low shock
06111,Ventura County,CA,06,0.0372972972972973,0.041040874689267884,0.04213091871431414,0.03841846499747415,1.778008370024745,1.7839591056196493,1.788030795584362,1.8021998604825957,-0.0035697748419227793,-0.0033412664050356256,-0.0022797890480443783,-0.007893163319558028,2117.7403300403753,2187.1236926508095,2419.729985999366,2658.2103850690273,0.031528605432842305,0.03223766006341222,0.10106865967555301,0.0939971508922488,0.06564977253577364,-0.0016309555603220005,0.0011056058626115611,0.03188313274812726,7.69034257721679,Medium shock
06113,Yolo County,CA,06,0.05941886234917508,0.06547720261374401,0.06977759222711401,0.06210342150980126,5.4813447929497,5.488604092332338,5.658226244598645,5.431992000648596,-0.00028629791993495246,-0.0013234884716748496,-0.03043649925422187,0.040804541132763106,1816.945245409862,1883.6972269584148,2017.205971295217,2179.2408012858727,0.05453547441240847,0.036079801332196126,0.06847691572592662,0.07726318844878222,0.027562414215052122,0.005988914135075518,0.0034924743869980887,0.0453076378723023,7.540991734662237,High shock
08001,Adams County,CO,08,0.09283147759926698,0.09652791764050155,0.09797442017012423,0.09589358741936845,7.795576634564196,7.74597361329376,7.691808138379964,7.633992974527449,0.009902226701184347,0.006383300109506607,0.007017290185153513,0.007544850371720813,1468.4487017067713,1511.9010388911065,1631.4195819685267,1784.9087733297795,0.04346230355680891,0.029161286543600617,0.07608271983393866,0.08991676156684125,0.04668794565018519,-0.0008616931269083139,0.0022543061748620807,0.036311795050204765,7.321123104128658,Medium shock
08005,Arapahoe County,CO,08,0.09762790187167118,0.10241338155844866,0.10286794699105961,0.09532409151736414,6.273902486239637,6.260533088347134,6.266223139048954,6.271818415923958,0.005588323116946015,0.0021332277601047167,-0.0009084636101910348,-0.0008925281068670188,1465.1943532077767,1494.5610604014346,1618.3490003450445,1781.7398793558307,0.035981431540871966,0.01984466067403723,0.07957393533344526,0.09618385322996481,0.059965848174250436,-0.0047612712970543924,-0.0009246224608480402,0.027913046107454598,7.309587837631724,Low shock
08013,Boulder County,CO,08,0.07796723166907629,0.08153461538461539,0.0822710355045028,0.07748748300282172,5.011962456291025,4.99433018207604,4.995658607574812,4.991766944971421,0.0017867618628901738,0.003524240815659496,-0.0002659513508120881,0.000779312502482199,1696.0951118826033,1734.7153044602194,1859.5285696168378,2035.4937098500177,0.036237283326590486,0.022514694369615285,0.06947968811780303,0.09041540032843987,0.05057155537501856,-0.0023988207634397796,0.0001283357268164198,0.029375988848102885,7.458598589268492,Low shock
08014,Broomfield County,CO,08,0.14214302991211802,0.146512388457166,0.1417938281414695,0.14033937463900467,6.046702635342765,5.9111800210421395,5.662303907917943,5.604042259990813,0.016937455057016493,0.022667627875796015,0.04301461637727222,0.010342690774455932,1616.0309585390605,1636.110624791595,1772.1087276569153,1950.6669987748403,0.026702370405159215,0.01234873753306065,0.0798483540631274,0.09600115572004686,0.0683992009224772,0.0068761121094578215,-0.003261107794404916,0.019525553969109932,7.400077133942394,Low shock
08031,Denver County,CO,08,0.11742480422401519,0.11982436073546662,0.1197459461107047,0.11939215577396486,6.9730450939203985,6.877958718652198,7.110660086834667,7.0908665322032425,0.01271718455611115,0.013730105099062584,-0.03327316867169827,0.0027875267186736608,1577.7195781266303,1584.2479318027854,1680.0769674493256,1845.629824248089,0.037025402162291776,0.004129304258809086,0.05872980257705329,0.09398098107211261,0.05577803861403252,-0.028466465804099172,0.0009444684625938699,0.02057735321055043,7.3678650827287555,Medium shock
08035,Douglas County,CO,08,0.09392239099221643,0.1043706198564492,0.10193213052254568,0.09800243525191694,9.578162925404017,9.341649341649342,9.11345302515259,8.964267949151054,0.02318029329228466,0.02500298646168453,0.024731149447330125,0.016505229058489945,1733.3483882129613,1761.6708850481552,1915.4696006063011,2094.962051782301,0.02728815767757098,0.01620770280230044,0.0837000896279374,0.08957262468304439,0.06488842691555519,-0.003473450624074559,0.0008207774628984921,0.02174793023993571,7.474018004173469,Medium shock
08041,El Paso County,CO,08,0.0838498933901919,0.09020204221763006,0.08925863213867806,0.08667346005142934,9.445527191732152,9.362771347365818,9.248772865926025,9.207449135561088,0.01280168039610352,0.008799985627929274,0.012250451204860013,0.004478034498747618,1294.727863515768,1367.7573896819542,1523.788670658971,1660.0081510651423,0.053443693923614255,0.05487192768396376,0.1080273233537623,0.08562273253398889,0.04266721714008659,-0.0024365901602125817,0.0009400782911427319,0.05415781080378901,7.220927735730989,Medium shock
08059,Jefferson County,CO,08,0.08567665188264713,0.09145731091993348,0.09011483094687632,0.08811391783058074,3.7079615648593,3.7048911077470117,3.7213515342610592,3.7529675535896327,0.004769420139945524,0.0008284144912877878,-0.004433050268929151,-0.00845995669230426,1499.7202191195775,1535.0254205543167,1656.5776194057225,1833.4131847709489,0.03718216107400618,0.023268371399651322,0.07620685761032231,0.10142555881735671,0.05859094197701076,-0.009245420796233361,0.0005473929874382361,0.03022526623682875,7.3363022205058765,Low shock
08069,Larimer County,CO,08,0.07472185939164817,0.08214109606518598,0.08577236061768914,0.08202355203076184,7.180026928600021,7.116539225587358,7.071044005877375,6.978129752405619,0.01749620367387905,0.008881590119923288,0.006413407401289817,0.013227198943779328,1450.2677894881415,1485.3579884321935,1589.8563529390492,1737.1833864873824,0.03853227707642404,0.023907591066950395,0.06798785523402628,0.08862139016030923,0.04708468862548054,-0.0033685937243665975,0.005466478595808413,0.031219934071687216,7.303411091835489,High shock
08077,Mesa County,CO,08,0.054622057411515414,0.06117394336280348,0.059710966933496014,0.057070153398042715,6.496195455251307,6.452317757369716,6.377073025108137,6.333146198535302,0.007879452636357698,0.006777282473834134,0.011730189893668808,0.006912076131817102,1114.6206842980637,1171.6944963340175,1310.7978328639865,1457.413486428789,0.06890919990572719,0.04993683493934942,0.11218499603064025,0.10602729542201939,0.04968312830379151,0.001992765457647039,0.0004925597786099162,0.059423017422538305,7.066206267499997,Low shock
08101,Pueblo County,CO,08,0.05555104756649735,0.06101801096319499,0.06095998975327815,0.056333857973227784,3.438058536063987,3.4094321734982893,3.419641380613764,3.416493580060423,0.004970499811692619,0.008361173618268936,-0.0029899267126491935,0.0009209299681547378,896.3286439970492,964.881005011011,1082.3950879458846,1185.803828714783,0.058451173190372074,0.07369764696702052,0.11492675586656542,0.09124462133848876,0.03701127852383079,-0.007700335087228005,0.00036239459840679833,0.0660744100786963,6.872004782866157,Low shock
08123,Weld County,CO,08,0.08640039891055111,0.09247105828226321,0.09610321604677886,0.0912275005440283,12.88870136709547,12.530577903665757,12.312553508857096,11.948062329772231,0.029196074959521923,0.02817917511381829,0.01755253706003934,0.03005023529191142,1315.3982070491127,1346.600715711011,1438.1501842599628,1557.2663961085793,0.04276539165271931,0.02344398978573814,0.06577426490171057,0.0795742804577424,0.03956958196049776,-0.004886238860694725,0.004229629698996415,0.033104690719228724,7.205338707605923,High shock
10001,Kent County,DE,10,0.06285034224388046,0.06712186089572966,0.07125000880238298,0.06888952764204273,11.76911379013951,11.631262830600676,11.543262917267878,11.376346147700763,0.014082786023813298,0.01178207995926428,0.007594574944766563,0.014565669087474475,1139.9923383982923,1189.4080611641566,1378.5349409107712,1495.7187428218215,0.029082385161227187,0.04243421409157744,0.1475655424400406,0.08158555752958563,0.0788172503584108,-0.0018523109754182698,0.005083666652407809,0.03575829962640231,7.081211034754282,High shock
10003,New Castle County,DE,10,0.04264198228796414,0.04435077289984305,0.04740417718613725,0.047381852911375984,3.207480788154466,3.198398663653476,3.1397009592171026,3.122099107524676,0.00350292506849037,0.002835560879546506,0.01852270747989948,0.005621992994447211,1246.3305594716915,1297.5820217555934,1439.8472325819914,1621.1548285475435,0.034464392201091876,0.040298867579201314,0.10403447018960055,0.11860173293504861,0.07393647167217798,0.008903107263154908,0.0038966374548530247,0.037381629890146595,7.168257828267937,High shock
11001,District of Columbia,DC,11,0.07948313924724254,0.07832886264982318,0.07848273143382756,0.08279487977338813,10.405886032251187,10.339274090368342,11.015833205039483,10.984441440407542,0.005814233314985984,0.00642194809968899,-0.06338395756740312,0.0028537630954428295,2166.190152331248,2163.2843588145042,2158.4812224086204,2314.577440073785,0.03142514514028516,-0.001342331012958553,-0.0022227667341887525,0.0698223029867302,0.01875836106260742,-0.03638318794331763,0.001732804655074971,0.015041407063663303,7.679382882321309,Medium shock
12001,Alachua County,FL,12,0.06883368338146495,0.07242748386888805,0.0780085445242104,0.07893465588869923,6.556853897561682,6.515054310554609,6.268424805508551,6.220932893490729,0.0011101232114363313,0.006395352355642814,0.03859045088416835,0.007605217509269124,1133.4724602756974,1178.314359699894,1300.6013562787991,1487.0215216147615,0.058334907482581855,0.038799013970824525,0.09874183080511312,0.13394840128820285,0.06777815531995479,0.019345096413179164,0.007841016581278323,0.04856696072670319,7.071840187439482,High shock
12005,Bay County,FL,12,0.07236786420541547,0.09446162288019339,0.10061822549388037,0.09275768172639193,16.36619799304178,16.611993789472454,15.853386809269162,15.366340910318018,-0.07027443298333935,-0.014906842051207292,0.04674179559506442,0.0312036941003786,1344.737349286492,1315.5160258394856,1475.7079399734846,1641.1198099098722,0.24688971869099596,-0.021969710901285744,0.1149088302100898,0.10624098579523,-0.00188509589219521,0.08156338236499483,0.013273210067331731,0.11246000389485511,7.181984282724263,High shock
12009,Brevard County,FL,12,0.06286260266570981,0.06888615394580765,0.07456112483218726,0.0744987325413788,7.884876477478436,7.7885280684483265,7.669525813238388,7.513790080021309,0.010110437110018466,0.01229466417505165,0.01539710070973399,0.02051478032021592,1271.5684854933882,1329.4743613196945,1522.2898876066863,1769.580336899322,0.04531217982162428,0.04453248066357851,0.13543205916037504,0.15052671445428434,0.0980570565647283,0.006753389872439897,0.008655550381024293,0.044922330242601394,7.1925389260440955,High shock
12011,Broward County,FL,12,0.05289182055310962,0.05473267121937346,,0.05777474797336001,2.26441146013117,2.2613700491035975,,2.2743977699807227,0.00380015177319315,0.0013440381420135594,,0.0058282740171584635,1627.1904996205028,1678.382081342637,,2300.3014443528696,0.03213168200219396,0.030975374755636942,,0.3152098945414714,0.28365636616255596,0.0032561790595551088,0.003962502087118472,0.03155352837891545,7.425585561549913,High shock
12015,Charlotte County,FL,12,0.10612478125781222,0.12291992652561398,0.13077502285806486,0.12207569031283767,15.463781640647655,15.06335029864774,15.04611817333046,14.478087885399493,0.023822527416280437,0.026235960290131644,0.0011446317768601943,0.03848370311857252,1284.6167898234576,1357.9560452657813,1554.2850070694585,1887.3173639035458,0.03688914004716537,0.05552020552113035,0.13503497600566838,0.19414079925168526,0.11838321484452896,-0.0052150764054896825,0.01190300269373816,0.04620467278414786,7.21373594033839,High shock
12017,Citrus County,FL,12,0.08646710432424719,0.10128493249386698,0.1076654309940773,0.10381700607418187,6.173702823120417,6.058427553754656,5.860893865344857,5.704334555837251,0.01498318717085212,0.018848504483999662,0.03314815812749039,0.02707579446601649,1113.0751739701338,1180.1180924577407,1373.0232036257212,1565.118577908449,0.03818903525040085,0.05848790005937854,0.15140051476484562,0.13094656316448372,0.09283507130977497,0.01319613046932755,0.0118652001250725,0.048338467654889694,7.073369790806224,High shock
12019,Clay County,FL,12,0.09736454820438463,0.10422297208650612,0.10462009836858656,0.10514633258824141,6.5383948058115005,6.457140280470758,6.4316769070461,6.318557674488383,0.014311053688105702,0.01250515406603725,0.003951240239143061,0.017744332449957767,1276.704004031653,1341.6748733626102,1531.6605686718885,1699.5416572803788,0.04084100469609986,0.04963697890113128,0.13243374687530274,0.1040061154944496,0.0729809393862606,-0.0025603175325210614,0.004089455332968603,0.04523899179861557,7.2016740179578544,High shock
12021,Collier County,FL,12,0.07181601842128083,0.08176020129430238,0.09296176074736759,0.08379950667845674,11.590575175491104,11.382461390477207,11.551393759716548,11.252377262802,0.01899153831858591,0.018118586782364332,-0.014732405310699193,0.026226682948266244,1746.7463981421322,1800.9314630515457,2132.420470627903,2674.1056899155337,0.033320098563584644,0.030549154114561716,0.1689536951982653,0.2263572971960297,0.16572086985807433,-0.012807923731691595,0.011592523855120551,0.03193462633907318,7.496059289511008,High shock
12031,Duval County,FL,12,0.0647682509980703,0.06715698502281396,0.07363667018025505,0.07213738128293007,9.51604047703138,9.448366034706764,9.1087323763879,8.981220458775766,0.009824600753896462,0.0071370258325078595,0.03660826497518599,0.014097773571180028,1142.9694187045113,1189.863665300008,1361.3489349144413,1540.6018128964054,0.04388412725222146,0.04020910441975456,0.13463733849829662,0.12369705559936683,0.08712058121284372,0.016872205979980848,0.006924407721150425,0.04204661583598801,7.0815940125674945,High shock
12033,Escambia County,FL,12,0.07640656782770985,0.08067661089559378,0.0774211329715061,0.07950763073131804,6.91967850109118,6.855604223796702,6.832396068744416,6.823936268758105,0.0110889058233834,0.009302856525351899,0.0033910252477493685,0.0012389565308446038,1068.7277432602714,1146.6132073635201,1371.6520451770775,1532.0974403883054,0.06131507691792937,0.07034364411271987,0.17920332560683772,0.11062178693049418,0.07908319575334133,-0.007880890285070663,-7.720751023973516e-05,0.06582936051532462,7.044567839127217,Low shock
12035,Flagler County,FL,12,0.09702066782993204,0.1151058307741622,0.12359768484019477,0.1108572977263268,16.123864531827746,15.719580248372747,15.391737067469043,14.689408163587307,0.0269086337524147,0.025393358684528522,0.02107627352461172,0.04670411037582589,1265.2827370998568,1325.293004693758,1523.6227062835678,1789.2928801569312,0.04369434037012532,0.046337965815035354,0.13945728794978418,0.16072964422669767,0.10507731299566059,0.007739195731747195,0.011164241981213671,0.045016153092580335,7.189388849591376,High shock
12053,Hernando County,FL,12,0.09298297465787791,0.10134414618412564,0.11108323816188169,0.10572589629329553,5.661639816768748,5.533421868083223,5.481008306218951,5.315678836349578,0.01785886936045422,0.02290716370905166,0.009517325302715207,0.030628357025387132,1168.8183625716226,1249.8073120772535,1497.7693284216791,1751.2120386471936,0.057397598977507513,0.06699609714357013,0.18098749777691125,0.15633125484536325,0.10646252825059843,-0.0003101753707017707,0.011241006806586837,0.06219684806053882,7.130744668075765,High shock
12055,Highlands County,FL,12,0.07731264039207678,0.0862984208485432,0.09572612883320367,0.09101925933647807,3.6264047596562468,3.600933992254241,3.718084024825957,3.6346770911224904,0.01366360997575633,0.00704847903978667,-0.03201523440736764,0.022688214727155653,964.5174511293516,1020.6313727433389,1167.3470794890861,1352.6867575424146,0.03895875175418073,0.0565487820380568,0.13431229213173967,0.14735908460007963,0.09308192146979088,-0.015019554347877495,0.011567163464530877,0.047753766896118766,6.928176707666866,High shock
12057,Hillsborough County,FL,12,0.06794014050383329,0.07168795230918788,0.07601973589297222,0.07385835982808484,8.393213092924762,8.272600615371468,8.346990146213779,8.187790598180475,0.014380580329184767,0.014474490770062687,-0.008952088978151806,0.01925691911055516,1332.4443804142873,1387.642516916813,1617.0121789714601,1895.5103035747027,0.04209947594899077,0.040591140849217666,0.15297383613942017,0.1589079793697561,0.11459559935548391,-0.00927512048342205,0.0051250014540179245,0.04134530839910422,7.235361555240776,High shock
12061,Indian River County,FL,12,0.07866732734008164,0.08655888510261152,0.09190203679773552,0.08550371479883452,7.274366310043258,7.149977233291082,7.091030030085007,6.946976988886033,0.017148941862881628,0.017247531569235974,0.008278563275167627,0.02052400994678294,1315.7298648836015,1406.8160666801407,1635.6100016324892,1946.5225774354212,0.04914808060701237,0.06693750029336787,0.1506867821715785,0.17402866253977134,0.1043149319054848,-0.0027969501050835177,0.00608976957693845,0.05804279045019012,7.249084321262605,High shock
12069,Lake County,FL,12,0.09785565012989389,0.1042447510967128,0.11380144486940603,0.10567110597863608,10.691092028418737,10.447626047958412,9.897767640884869,9.566192786949207,0.02722442306072992,0.02303609386242833,0.054065539265124585,0.03407394248860207,1351.3205058269555,1412.6221391678016,1575.430620357177,1837.597202458019,0.05751181872587985,0.04436538367206033,0.10908099415113082,0.15393020534406698,0.08056699854862881,0.018939482415284203,0.008686074810717717,0.05093860119897009,7.253202929489556,High shock
12071,Lee County,FL,12,0.07434219637761322,0.08332865414405517,0.09660901453702728,0.08641840351737387,13.820331801913326,13.497022511055722,13.494957566684537,12.978011675711432,0.022403316937850803,0.02367172049083166,0.00015300429011055883,0.03905958623917627,1278.636422568619,1337.8645197711633,1564.158247914804,1913.1603751844402,0.032178344804896675,0.04528048556953923,0.15627311773290398,0.2014087027964946,0.14011149507748133,-0.003431223449697818,0.012678283766366372,0.03872941518721795,7.198829979785051,High shock
12073,Leon County,FL,12,0.06497328624467989,0.06785890105819332,0.08616204281462993,0.06718538698234129,6.455323174508109,6.420496852365803,6.408632228291898,6.381146520811889,0.006695474258240353,0.005409582768034937,0.0018496387996229657,0.00429808057391412,1010.5321306468678,1035.230185207555,1122.9132520039134,1294.9716548690521,0.0524742920932777,0.024146749019876346,0.08130262295880453,0.14256238066456284,0.07362198125510666,-0.002978668826369102,0.010257621247049,0.03831052055657702,6.942379082138716,High shock
12081,Manatee County,FL,12,0.0836186008395092,0.09607020862239533,0.10604484494306661,0.09865260831972332,12.536695642679359,12.285424554799267,12.211275367643506,11.771586484578336,0.022419447958963445,0.02024643094144274,0.006053828788955329,0.03667103266008809,1416.668710947338,1473.6626621763874,1738.9317047093027,2071.1010550774236,0.039641884050128695,0.039442771518440445,0.1655200530560803,0.1748094146650203,0.13062240607626574,2.949127431861598e-05,0.012504321900442705,0.03954232778428457,7.295506187789402,High shock
12083,Marion County,FL,12,0.07629365153485299,0.08633876759626317,0.09442836718766187,0.09545948437654342,10.456369860955144,10.245961987936163,9.936775416412427,9.653488448353711,0.017549411499832246,0.02032767321092699,0.03064111231792843,0.028923215985148687,1062.499163344188,1136.4838543757614,1320.789643097855,1537.1123657791366,0.049500841838899134,0.06731532338963131,0.15029061444241254,0.1516757968851401,0.0925751230495111,0.010843621796158942,0.013627716216544572,0.05840808261426522,7.035694436747129,High shock
12085,Martin County,FL,12,0.08198537210014847,0.0884537841191067,0.09534418872903384,0.08561212748376335,3.3744386273974643,3.356201569517793,3.3958188979818598,3.3582941841011933,0.0034237139382717885,0.005419128634622794,-0.011735089756696127,0.011111777231693765,1409.8747368246366,1471.6747993573829,1718.5929320379462,2039.9089053602872,0.0490489873317026,0.042900210237517555,0.15510482171107576,0.1713992593631648,0.1172774417525102,-0.004733077548948472,0.005258579996770998,0.04597459878461008,7.294156350531838,High shock
12086,Miami-Dade County,FL,12,0.029309969170534727,0.030771446697681646,0.03552521648921216,0.03402819687967179,3.625518695152551,3.6312891464309685,3.6823700214402257,3.6778129601474867,0.0007013048578414782,-0.0015903556000438357,-0.0139688504608948,0.0012383012450793984,1816.8168088969007,1839.9524765281346,2140.596233277359,2683.501201131461,0.02120946669657542,0.012653779622335826,0.15134466059567853,0.22603795632429158,0.17175968530052943,-0.005920749236806522,0.004735998750333793,0.016931623159455622,7.517495022295644,High shock
12087,Monroe County,FL,12,0.09039458456855688,0.09816694911301482,0.09906713122782229,0.09009023603933448,5.101695603339784,5.101488497970229,4.585259061055704,4.619079124702885,-0.006272826941337684,4.059622320440326e-05,0.10668575351557585,-0.0073487555903835045,2261.149982282042,2336.8975545933286,2671.93951815981,3182.147910342102,0.047876973819872326,0.032950692721326114,0.13398040169179026,0.17475179228761206,0.11395226371910194,0.052784614321662815,0.00029791679279253525,0.04041383327059922,7.756579497289328,Low shock
12089,Nassau County,FL,12,0.09036683168977434,0.10343692221968949,0.10905430557489966,0.10565610587286105,16.233363060632403,15.782599629032081,15.233212216231104,14.699568621838775,0.030488419259663502,0.028160528802718687,0.03542998546051024,0.03565991050502504,1348.9995634261318,1429.6057454669578,1667.4193368987474,1891.6041108858888,0.05578610519796534,0.05803545019045231,0.15387842017543907,0.12614808105366482,0.08310247292034312,0.006220473951576544,0.010453328769148437,0.056910777694208825,7.265153982770381,High shock
12091,Okaloosa County,FL,12,0.1000351079853679,0.1034039146398697,0.10630475239435341,0.10311494799208551,4.697011981401157,4.665914857626163,4.647984235235746,4.58736787641363,0.017560132664890205,0.006642631872516347,0.0038502982184205337,0.013127215628998101,1270.5884534680936,1340.0724868959019,1562.5323773498465,1792.3557496036738,0.08435475397643799,0.05324356485330117,0.15358411671944427,0.13722299191661502,0.07660439490316007,-0.0036126253449939583,0.002990338880600657,0.06879915941486958,7.200478986180326,Medium shock
12095,Orange County,FL,12,0.0745845498448374,0.07665144942430503,0.08347735516012923,0.07998518442417966,8.740327841126122,8.684160308061259,8.542045902640568,8.400831817358366,0.008430335625714491,0.006446987380952507,0.01650016584651759,0.016669819340279446,1398.96740840826,1426.1596655446394,1589.79346092985,1868.8351392787836,0.046450909848090305,0.0192508840834833,0.10861882586147598,0.16171120759103896,0.10231411976047067,0.009146331090065019,0.006113270157583228,0.0328508969657868,7.262740562128966,High shock
12097,Osceola County,FL,12,0.11177989081782462,0.12106857717570806,0.13354895925713392,0.11817461334949476,15.62925942753294,15.17719268650325,14.47560583182752,13.840011549120444,0.01837066803258125,0.029350941983093293,0.04732894360187423,0.04490109158686373,1482.4116205804614,1513.068063431161,1717.3007664178715,2001.25083089846,0.04353077875435485,0.020469184548813857,0.12661431676122703,0.1530186642184974,0.10781650883827787,0.022254212586531708,0.009437552306548011,0.03199998165158435,7.32189469852085,High shock
12099,Palm Beach County,FL,12,0.05433471554494005,0.058845619595909476,0.06554795103982143,0.060307110876559815,5.006676458806249,4.974131069249137,4.987911017104165,4.933984355210028,0.010042917593453993,0.0065216175777145224,-0.002766492356546024,0.01087034097553996,1624.2570562706196,1703.441104039428,2022.3169673768682,2436.264736964006,0.039420609798367146,0.04759986892473478,0.17159348362930338,0.1862221532087993,0.13539757905750038,-0.0042303432760872894,0.00633736338776586,0.04351023936155096,7.4404056630013935,High shock
12101,Pasco County,FL,12,0.10248282900011992,0.11099544364294567,0.11815774700185215,0.11085584693142012,9.697995783637047,9.419507303492914,9.181617625698276,8.820617886499184,0.027267572441875387,0.02913645993496594,0.025579382923265115,0.040111478335010275,1294.3586090368913,1368.6625897985414,1617.238155658346,1882.361886149268,0.04704274104391448,0.05581876134748587,0.1668858009517784,0.15180745858818678,0.10791587857428242,0.004643414440717031,0.007767660645103341,0.051430751195700175,7.22158933019119,High shock
12103,Pinellas County,FL,12,0.06504112584726861,0.06862987454421852,0.0727155620653796,0.07073923251839069,1.5204533267990408,1.5182196596649067,1.5454629771473651,1.5419134282672344,0.002077272377940531,0.0014701598667556937,-0.017785155202712843,0.0022993959776620443,1277.7335534416563,1344.327631089244,1585.7993279743298,1869.1158812179312,0.04909579720621515,0.050806138440969484,0.16519460255401253,0.1643769401941313,0.11483480355047959,-0.009516595734873512,0.004891897096141587,0.04995096782359232,7.203649264507131,High shock
12105,Polk County,FL,12,0.08298190252521213,0.09013805817571922,0.1011698593037281,0.09848180484920938,13.093009750788656,12.748605873061921,12.562235474418937,12.039848702786214,0.024961109127783487,0.026656558641539263,0.014726793501834479,0.04247325524697665,1258.6884084854933,1329.3343298723937,1506.5331150222198,1731.0711333036295,0.054944537099282265,0.05460807992769556,0.12513274769079707,0.13892930833742234,0.0772547195006208,0.0027911904897441886,0.013265851726003058,0.054776308513488914,7.192433592066593,High shock
12109,Saint Johns County,FL,12,0.1036161548118436,0.1185548086022909,0.11978857992960727,0.10678832312096968,19.202619705132268,18.26238272070036,17.35714456216688,16.57591704877032,0.04262457114877982,0.0502033575101386,0.05083914323461869,0.04605335018972667,1469.3629708062124,1534.8626341482625,1761.094441957612,2018.8910209103087,0.03439610281983185,0.04361193420757914,0.13749456992725584,0.13661290330053344,0.09804971810018914,0.0020322823827134684,0.002202969818221226,0.039004018513705496,7.336196166862678,Medium shock
12111,Saint Lucie County,FL,12,0.08852724005618286,0.09878525076866128,0.11023117641109018,0.1063886095379241,14.308227383155065,13.921099927043235,13.635597799248211,13.079362248736366,0.023822731371035744,0.027429043767888572,0.02072181119958394,0.04164827123382331,1452.9426014319608,1528.1821918682665,1832.5297357812417,2142.28850703933,0.04398156042725265,0.05048803883234054,0.18161846238769552,0.15617727191024233,0.12166306751917233,0.005559153647241466,0.014653647562085065,0.0472347996297966,7.3318341981343575,High shock
12113,Santa Rosa County,FL,12,0.10204743125709038,0.11106884011245519,0.11207261134064218,0.10466203538101423,11.815566643371419,11.531201920280852,11.256774193548386,11.004091847082982,0.027539086562683224,0.024361297430703033,0.024086473748996085,0.02270290824102439,1293.8439952755555,1384.063320129089,1605.4768577224702,1839.14962272917,0.06042953966017439,0.06740597894176581,0.14839721238223103,0.13588248316159213,0.07822208847094148,-0.0025555010016828916,0.0018091876760554237,0.0639177593009701,7.232778886669404,Medium shock
12115,Sarasota County,FL,12,0.08690156701479419,0.10099965234439562,0.1119227351572636,0.09882381810171269,10.199859312285348,10.005299178063659,9.889977621055822,9.592435012712084,0.01883345529707725,0.019259056838347277,0.011592987596547033,0.030547114532957664,1512.9012601362504,1563.2785448914192,1853.9138078662615,2212.8358217415494,0.03401302021468666,0.032756075568322274,0.17051372897467143,0.17697589398097957,0.14036026358632103,0.002023794997040085,0.011422666949893245,0.03338454789150447,7.354540526246421,High shock
12117,Seminole County,FL,12,0.08881720877281446,0.09218637552214189,0.09513217262202474,0.0914398346581547,5.366783173057561,5.339845751849016,5.37742881596748,5.290176192953536,0.007651215109154563,0.005031925218670352,-0.007013577554744188,0.016358792576063763,1343.1848540271187,1384.6988124826896,1549.9306010197542,1796.4235684926261,0.04132702659175358,0.03043910139854944,0.11272750431396616,0.14758762559894212,0.09427450096130263,-0.0016689626532526702,0.0027842114926115435,0.03588306399515151,7.233237931061319,Medium shock
12127,Volusia County,FL,12,0.07314213931767566,0.08005128718262565,0.0869955952483771,0.0831951641540206,8.267982998384667,8.158547596870509,8.088380699474547,7.902840433698774,0.012619334867665088,0.013324422947837533,0.008637612275819606,0.02320630685805547,1191.4814629433108,1250.3608641178994,1404.6277039216675,1625.4178116944931,0.05650933109087397,0.04823474125753435,0.11634008731206169,0.14599260936497416,0.07879431216431376,0.002950080659186227,0.008498666451048187,0.05237203617420416,7.131187479927353,High shock
12131,Walton County,FL,12,0.12026694517710786,0.1296330198884913,0.14178640395378522,0.11941411285938398,23.770016323336975,22.98820582402672,22.019219954761873,21.126085079852285,0.04487618580321495,0.03344367394442216,0.04306558787821224,0.04140716961848945,1441.1238361408125,1489.7928424364911,1864.367975075162,2082.1038375932617,0.08994852900742334,0.033213827403668184,0.22428502993160215,0.11045673461189587,0.10578970406620325,0.0030764488745322893,0.005650275873785027,0.06158117820554576,7.306392357351854,High shock
13013,Barrow County,GA,13,0.1022749752720079,0.10959576988644572,0.12146158925819943,0.11307873722537135,11.186752970172646,10.924428658223114,10.780956334244237,10.476777410499189,0.03007161003094616,0.023728864871680244,0.013220167586180054,0.028620142690586547,1301.1395236578016,1393.613937503732,1579.1714055794898,1790.3669069711266,0.05333791109870489,0.0686598909692151,0.12499995448547807,0.12552029217888894,0.06426122229822351,-0.005980082312929902,0.011334790662558575,0.060998901033959996,7.239655607127255,High shock
13015,Bartow County,GA,13,0.0785652777113333,0.08574307188104364,0.08820876747442623,0.08475218424587548,7.990200172610596,7.86833110960832,7.76123170116103,7.631963834596464,0.011846389326207074,0.015369829643736566,0.013704936736901985,0.016795850494911946,1047.0292017215654,1132.3185616086782,1324.5379493264143,1516.6836227182232,0.0626724225806452,0.07831053268891619,0.1567963260926879,0.1354624429138651,0.07563790686849581,0.0016422841309351455,0.004326301063962382,0.0704914776347807,7.032022634022053,High shock
13021,Bibb County,GA,13,0.06000597344532035,0.06336756421659794,0.070992252681764,0.0721000314847299,1.0248643849834522,1.0279107223528026,1.006539299910245,1.0055980426066127,0.0007967087210420942,-0.002968020797569082,0.02101030585538055,0.0009355796469758815,816.6670683080688,860.3591421287965,994.6967967316672,1082.9857933816522,0.045064521918854794,0.052118402524133245,0.14508805461659513,0.08503916526007238,0.06647214771683974,0.01205859878944171,0.009859373252287806,0.04859146222149402,6.757349909200474,High shock
13029,Bryan County,GA,13,0.1375771141562483,0.15492553663180408,0.15234183264873802,0.13365155131264916,13.000100775975007,12.661023187338976,10.984800102184188,10.701397818242151,0.039597686345274496,0.026428875494426407,0.14201572560741127,0.026138138173276815,1397.9510127273622,1445.3405652438225,1593.5657205947718,1823.7252915560075,0.027409349556975826,0.03333737685470606,0.09762911786106443,0.13490717566421662,0.08589478355679958,0.05106365097049359,-0.003254633413332597,0.030373363205840942,7.27610025806696,Low shock
13045,Carroll County,GA,13,0.07335540257270821,0.08299420533463087,0.09148389423618782,0.08685207921849143,6.801814927361279,6.716927149704439,6.71902627575147,6.560668112101501,0.016968699697477163,0.012558697086536341,-0.00031246402806495155,0.023850800467426936,1067.5238280294066,1170.9361418141136,1355.7164718897875,1514.3230287039103,0.053631109826541845,0.09246176288142838,0.14652652603684135,0.11063841722721257,0.05553603527804185,-0.00299453017232576,0.010993182773670077,0.07304643635398511,7.065558829074114,High shock
13051,Chatham County,GA,13,0.07715555729999705,0.08433903269787586,0.09163596495560186,0.08949944297915695,6.044419939004428,6.059496377775398,5.931888126077987,5.826758574869197,0.0014276947572646748,-0.002491168341439476,0.02128412594568907,0.017881709550536584,1127.0934863282105,1175.062015159682,1327.293860849025,1576.028598474901,0.04301631429209252,0.04167874195622101,0.12182125328397042,0.17176595916482373,0.10444607810024031,0.020114654540200227,0.00982040896844294,0.042347528124156764,7.0690762040448085,High shock
13057,Cherokee County,GA,13,0.08172624916874957,0.08961139138375877,0.09222311868393343,0.08515620612035929,9.226322381732343,9.024631136108326,8.713946682585211,8.51369517130522,0.020236134870675215,0.022102895228213626,0.035032822954290666,0.02324874554841294,1407.9180637718912,1469.0919188340902,1692.3804854173297,1889.8965598668663,0.05039178746931139,0.042532404920802236,0.14149164146241144,0.11038598826268675,0.07947671866749229,0.007971269201907383,0.0030208421258921953,0.04646209619505681,7.292399746601665,Medium shock
13059,Clarke County,GA,13,0.09030777537796976,0.09543118676730368,0.09941124440267565,0.09185837167433487,4.9517303763315095,4.968895496693924,4.914632447409563,4.894932395973051,0.00829236948490042,-0.003460494874316211,0.010980612351284336,0.0040165039397717095,1069.299134498882,1148.758987707018,1273.64229293302,1436.0727911625536,0.07327834160579538,0.07167879918772435,0.10319852438870303,0.12003141661844197,0.03913640010681263,0.0050826208402359185,0.0027653269658685503,0.07247857039675987,7.046437497540938,Medium shock
13063,Clayton County,GA,13,0.1210923313311915,0.12228449524370003,0.1170380266234076,0.10516846581615963,3.2626092666310993,3.2599112921413584,3.18839610975569,3.197061652351382,0.010917645790197383,0.0008272797668631426,0.022181980562217873,-0.002714150884139954,976.1188296943459,1069.4889571133915,1261.878017795854,1429.8914303916854,0.07384699876172363,0.09135187245152121,0.1654201773920292,0.12499741698714217,0.06260936158296326,0.0038614520605086966,-0.010585167067662132,0.08259943560662242,6.974936203189483,Low shock
13067,Cobb County,GA,13,0.08004417689938348,0.08275134500925156,0.08713059893598764,0.0804211905248756,3.2770083830447008,3.268916198305511,3.2530632795156142,3.2312396351575456,0.005173266848268909,0.0024724357150383014,0.004861392178547419,0.006731248384626909,1257.902537993812,1313.6165357525063,1518.9440043340671,1687.525672457228,0.049969786420846596,0.04333836625113374,0.14523131167261916,0.10524799752886338,0.0785855782647511,0.0019734689999335586,0.002378133776114094,0.04665407633599017,7.180539326737468,Medium shock
13073,Columbia County,GA,13,0.09527572475557415,0.10746337404534784,0.10264644343447504,0.09746050996864462,8.922604993349413,8.741901893663057,8.781049968057522,8.629232293763195,0.017526963138957186,0.020460169604948675,-0.004468212871408639,0.01744044354691532,1167.7533786839415,1247.9206307208153,1374.9616320157002,1519.5893822034752,0.03919967687317971,0.06639695702197645,0.0969471559946129,0.10001432833509849,0.04568242521727761,-0.01250745103419959,-0.0013160726989011606,0.05279831694757808,7.129233949728153,Low shock
13077,Coweta County,GA,13,0.0769005994423016,0.08445532435740515,0.08999429473875692,0.08580897429783987,6.828098906426763,6.721953741821292,6.761217019063431,6.632696446209094,0.016573858421578436,0.015667442574418544,-0.005824058587029057,0.019191480938342664,1238.3206629308918,1299.1574869002475,1527.5619640822686,1721.379379613053,0.04851952855788433,0.04795980973818459,0.16195700955629988,0.11945295738983042,0.09246531432503069,-0.009436939322341686,0.007223672618445018,0.04823966914803446,7.169471246350659,High shock
13089,Dekalb County,GA,13,0.09724791693556482,0.09839564570583571,0.10084989752279815,0.09593839324501426,2.9278935483701174,2.9199130194000333,2.931052425659948,2.920794613660917,0.005830643277734637,0.002729411047361907,-0.003807720221029598,0.0035058409546913083,1262.004385003896,1327.9544773106406,1512.9592448569003,1697.0888573298841,0.06609212266664954,0.05093853257365044,0.13042772646579426,0.114846848502423,0.06412195986395863,-0.004430966795717417,0.0005723640632059324,0.05851532762014999,7.191395050315283,Low shock
13095,Dougherty County,GA,13,0.06721305911898459,0.06939820742637644,0.06952212389380531,0.06380462724935733,1.8781159651239556,1.9080217861396673,2.006444944366754,1.9904698715242173,-0.015731460895789695,-0.015797863126156386,-0.050297480434245756,0.007993744498195454,557.5600776582395,599.806674681034,672.2547331246386,754.3435313129911,0.04594078453983386,0.07303713428679703,0.11402994141433442,0.11521054022423982,0.05513128140597168,-0.00538720595705211,-0.0016422577010992007,0.059488959413315445,6.396607394430774,Low shock
13097,Douglas County,GA,13,0.10995475520135285,0.1161733199247956,0.1201037708272435,0.11177697873662716,5.092718843741478,5.047706570803038,5.125284738041002,5.066021037211858,0.009728103025102186,0.008877846192660854,-0.015252086386261965,0.011630377924745972,1216.119324637131,1304.8147297215512,1493.4856416074188,1651.3572893016017,0.05565477262092955,0.07039615359090678,0.13505168357176878,0.10048480463385001,0.05474278099689123,-0.011113828839639517,0.0028763372188611025,0.06302546310591817,7.173816340116132,Medium shock
13113,Fayette County,GA,13,0.086630878841106,0.09478188792721244,0.09727155311591863,0.08984767121151578,4.919534214313751,4.869583236200689,4.672161703185188,4.623670899566326,0.011510009601654048,0.010205498484790354,0.04138649959637064,0.01043289945584469,1519.1915236385223,1585.8038299315006,1850.1128041976065,2021.1941706884072,0.033298818074873004,0.04291312598461783,0.1541551854784542,0.08844189787368872,0.08319256964632604,0.015051945482885465,0.002853228779557987,0.038105972029745416,7.368846705976951,Medium shock
13117,Forsyth County,GA,13,0.08608962882297569,0.09308368191576478,0.09816940235311075,0.08765258639580299,10.158447249656616,9.906436991472889,9.52899537163082,9.296253067576464,0.03027076011684393,0.02512085370224071,0.03884545235834658,0.024727871636576637,1546.5096163651576,1600.702658054606,1818.6749245014507,2057.551257256947,0.04110229769462759,0.03444216285558532,0.12766547833427655,0.12340839319478913,0.08776470548942639,0.004090855087919287,0.003324339005086635,0.037772230275106455,7.378197973108908,High shock
13121,Fulton County,GA,13,0.09763088068580028,0.10112816404803952,0.10473166068192712,0.09839224851009547,4.0271582009335045,3.9808725062697117,4.036892054315917,3.994605559477619,0.012759706975401741,0.011559948205508874,-0.013974084477421655,0.010530261632588633,1415.5153257688582,1454.3403169803316,1624.0650588602805,1812.2889912206947,0.05875467225965636,0.027058754802002483,0.11037989439219764,0.10965838052103116,0.06711242392578498,-0.013881739012871819,0.002182432229091383,0.04290671353082942,7.282307686401567,Medium shock
13135,Gwinnett County,GA,13,0.07318498019668103,0.07698337753056077,0.07976707544125648,0.07367507866012353,4.854923037041857,4.827996651910035,4.714410910996977,4.662083462664917,0.009999702724137194,0.005561639547499553,0.023807640824877296,0.01116152572384621,1302.5877535637019,1366.1250560717247,1586.8233882384177,1757.5130411048751,0.04776766594642545,0.04762544050563822,0.14975584273816356,0.1021656161367499,0.0782641762114249,0.00970391213854338,0.001636898187069108,0.047696553226031835,7.219733585041196,Medium shock
13139,Hall County,GA,13,0.06685014151198496,0.07561520729238583,0.08431089490859243,0.08010595175984268,8.35005628701483,8.257862152755928,8.238361985706007,8.023666524002804,0.014365329137678629,0.01110254504544983,0.002364198736529488,0.026406046042112052,1189.248456023263,1242.5952633119114,1445.9890187695803,1614.7018370211574,0.059056947367307266,0.04388058867144551,0.15159138277265694,0.11035678909469837,0.07950531791430127,0.001651185297756541,0.010975748932032167,0.05146876801937639,7.1249574257053085,High shock
13151,Henry County,GA,13,0.10737018157800823,0.11284446809939903,0.1141371097796717,0.1115524933235223,7.955818997660555,7.807174906644253,7.617765265112103,7.513925110273995,0.020657550722535944,0.018860439603244572,0.024560116319120695,0.013725073981026625,1240.7943470448497,1345.4871508548015,1580.2122097477238,1735.9329450654968,0.0627926976075921,0.08100436444719783,0.16080300656551305,0.09398584139079258,0.05549589295075785,-0.0006164000128165981,0.002737476712893358,0.07189853102739496,7.204511420403637,Medium shock
13153,Houston County,GA,13,0.0809073901574156,0.08713250313970555,0.08346883468834689,0.08362247665183183,7.743271484561098,7.613515707950784,7.289449135312268,7.180091297305257,0.015510935718669572,0.016899220257414527,0.04349707173092199,0.015115880254970904,1003.5119202592506,1070.267663063698,1187.0138169978043,1359.6210045694693,0.04621297728674545,0.06440300171933888,0.1035319862406201,0.13576523197318924,0.0643406196038625,0.013101398004904397,-0.0004742909784712229,0.055307989503042165,6.975664048569038,Low shock
13179,Liberty County,GA,13,0.17393151155969983,0.1882580418351204,0.18832754342431762,0.17313364231815223,6.7024342094789295,6.682115421243096,6.302395209580839,6.198560049470693,0.031142371187920403,0.003036158018771218,0.05850486410311184,0.016612738148335637,991.7095151842638,1039.9161705912259,1216.8073254439885,1424.6713165649824,0.03185337501203023,0.047465146718570494,0.15709037749417476,0.15771064987559313,0.11774125281958359,0.02046953652237793,-0.000364183826175174,0.03965926086530036,6.9468953836859,Low shock
13215,Muscogee County,GA,13,0.09018328481069288,0.09237873713361937,0.08696520393390245,0.08274028200552815,6.844354682415823,6.831532971564125,6.544426021652199,6.629386658235852,0.00876973932854952,0.0018750833485619012,0.04293539689690995,-0.012898591558760941,797.5087530253022,866.7624521533562,972.4950619144997,1071.2034121043012,0.04777008675663108,0.08327214077071599,0.11510004680703023,0.0966729819252734,0.040365400602478285,0.009695991330518794,-0.00642826800244084,0.06552111376367353,6.7647649509498,Low shock
13217,Newton County,GA,13,0.10407287439924226,0.11471834425726717,0.11841513351404348,0.10821850722347127,7.659034443312421,7.564323226973829,7.430141926981732,7.278008016848971,0.021116160524044858,0.012443041856156967,0.0178979217352353,0.02068775972152892,1192.1701944349647,1301.6297395316687,1514.8695460050594,1693.3782028183623,0.06007352704953561,0.08784178608610382,0.15171220190298662,0.11139614329228209,0.05759651602981464,0.002513239538281198,0.0039212110405026646,0.07395765656781972,7.17137240408547,High shock
13245,Richmond County,GA,13,0.08267321447635316,0.08862272922278408,0.09129085792625731,0.08690219002838141,3.1780654266947628,3.1868724607702927,3.137270185215858,3.1210018221998217,0.0030247189860048707,-0.0027673607666898192,0.015686962014459738,0.0051990068954452795,909.0096793772586,973.2077327299077,1098.5049797352567,1200.2570551367528,0.04297532414702587,0.06824181405116292,0.12110786847632582,0.08858560042170982,0.049238165349923424,0.010314305345294983,0.003448552127750734,0.055608569099094396,6.880597556551771,High shock
13247,Rockdale County,GA,13,0.11835755856461849,0.12489011226563287,0.13046094596220964,0.12185817205405484,2.9678173854521788,2.95802680917978,2.8651158827539196,2.8332192321870555,0.0026181929550208594,0.0033043680729072378,0.031913630445382424,0.011195194056863755,1126.7134937070741,1220.9579702516828,1432.7512833644603,1591.3900704180166,0.0709931054926285,0.08033078971278673,0.15996079804659669,0.105011322231233,0.05682411253620723,0.01859313173715904,0.004535723593006566,0.07566194760270761,7.107391051119946,High shock
15003,Honolulu County,HI,15,0.04556126310765647,0.04695635732500751,0.04631626760106417,0.04696693496008906,1.665141228835192,1.6818388381305338,1.6142797533866513,1.6294273985050682,-0.007761348754721453,-0.009977799383699804,0.040998857278328416,-0.009339779777626234,2144.21211888135,2157.2243720750384,2308.7957005078188,2467.1858923451578,0.024299859628336584,0.006050208070646157,0.06790366438556283,0.0663521394710136,0.05195286807879684,0.02469911281956172,0.0003827910642446239,0.01517503384949137,7.676577661412897,Low shock
16001,Ada County,ID,16,0.07215625870187471,0.08110960207080291,0.07946794997068594,0.06961617829137433,12.575744998754876,12.257306345684357,11.812289849422543,11.676210587972347,0.02674912727861134,0.02564776308906147,0.03698169343911317,0.011587013338456131,1239.4681266985874,1323.0582870724481,1587.860768443821,1722.9371830957446,0.07167730690813823,0.06526358338811189,0.18244174077223274,0.08164281733584389,0.06357183390591326,-0.0019140917950517533,-0.0020908662553086738,0.06847044514812506,7.187701219888589,Low shock
16019,Bonneville County,ID,16,0.07412849712882581,0.07990421354744423,0.0787441076803665,0.07247396952217276,7.3772278389752355,7.205200844973554,6.871564217891054,6.793111167720371,0.022251677795106062,0.02359483162999787,0.04741133632901651,0.011482733395187239,909.1067600566461,988.1638201184136,1173.8751603269818,1320.1406837882134,0.07048484475606287,0.08338595875127108,0.17221716386464347,0.11742793082472236,0.06788714559101594,0.006523780149549907,-0.0014073167368653938,0.07693540175366698,6.895848493839387,Low shock
16027,Canyon County,ID,16,0.08658940850935591,0.0961105527638191,0.09975711668690694,0.08723018053375196,14.74356190558909,14.321691773569624,13.930491157523285,13.531718827224463,0.029760585746075208,0.029031211356418396,0.027695249021608248,0.029043573803246403,1052.8014058066553,1127.3607000145694,1342.9057285898516,1497.349814895245,0.08214452257495708,0.068424620212439,0.17495648332777947,0.10886103499302369,0.06662418776670354,-0.0010264871388194763,0.00214366797374195,0.07528457139369804,7.027634516085274,Medium shock
16055,Kootenai County,ID,16,0.07688743468559982,0.09429130992867446,0.0932491632880738,0.07789466784649166,17.68121891147921,17.1659985465457,16.266980639571695,15.980140760543403,0.026777564570767964,0.029572399164514707,0.05379327300776282,0.017790576773755618,1136.3911696622538,1235.974000843786,1548.9371463925524,1692.7047811898954,0.06606838851630936,0.08400172337908796,0.22570965982011337,0.08875872808436291,0.08219913800453948,0.007616943023117884,-1.745673985442675e-05,0.07503505594769866,7.119614602880368,Low shock
17019,Champaign County,IL,17,0.04812808088142883,0.05370817594484695,0.05478584040553625,0.05366690917310015,7.199015323550179,7.213468966308462,7.3037922605938865,7.319238100781398,-0.002829799562592328,-0.0020057121746734907,-0.012443732793816054,-0.0021125369434553676,969.1637292791202,987.7803078174794,1031.196446301362,1130.4039794287726,0.03778070896678987,0.019026747631761154,0.04301469292767113,0.09185534629520298,0.03903129131216154,-0.004860379000002801,0.00330824637618031,0.02840372829927551,6.895460312513481,High shock
17031,Cook County,IL,17,0.02791458388877398,0.027521049530452008,0.02781281413326711,0.029127689873135614,1.0842850384990184,1.0921475783257155,1.076835982187716,1.0914463395366507,-0.004978717349967354,-0.007225194081527775,0.014118917977937073,-0.013476638470345748,1651.6344680367938,1655.7518825878162,1692.7783589278395,1851.1740060565314,0.02709902166576761,0.00248983108811629,0.0221159630305392,0.08944885727366358,0.04098798377515944,0.006423095469543227,0.0007524352935883716,0.01479442637694195,7.412010494364482,Medium shock
17037,DeKalb County,IL,17,0.06268082200285591,0.0649603389663497,0.06533696602066519,0.0635540228142646,1.445815221009978,1.4546707371926768,1.5127087438546207,1.5166179419893637,0.005187930650960126,-0.0061062482811902186,-0.039122336313635486,-0.0025809037519533007,839.133177785592,887.0211926058699,920.758873208802,1003.9859329587788,0.030843690192384976,0.055499446655082885,0.03732931773749204,0.08653509694156902,0.0187606389157966,-0.020392461217679347,0.000624913932862084,0.04317156842373393,6.787868874477226,Low shock
17043,DuPage County,IL,17,0.05132832760927238,0.05636209793710002,0.05913907318488948,0.056243088562184594,1.8108697701788439,1.821291122104981,1.8028846153846154,1.813025137143254,-0.00545455210072987,-0.005738391460266001,0.010157711058864649,-0.005608850351384476,1453.7173035605458,1490.6466560890578,1592.6286331114873,1753.9717664749935,0.023928955158904586,0.025086089687090585,0.06617585634348266,0.09649691764348578,0.05682886457048664,0.007870902134238023,0.003845868100350841,0.024507522422997585,7.30696530216509,High shock
17089,Kane County,IL,17,0.05229559244518166,0.05792233823345184,0.0591854281584886,0.055707807615194505,2.389661333137952,2.395435114216305,2.463722079753318,2.4740391217161117,-0.0010233483910653263,-0.002413236156865395,-0.028108356558094627,-0.0041788399865669845,1434.9859397551425,1473.081606709078,1583.0430369791713,1743.3514440418203,0.029529068411722648,0.02620148656571253,0.07199242985363696,0.09646041040358266,0.056361142639892226,-0.014425305998365445,0.002337652547524799,0.027865277488717588,7.295111816631392,Medium shock
17093,Kendall County,IL,17,0.07902034844154077,0.08924233471210032,0.09003545039080853,0.08191005889977195,4.336695112490302,4.278999984690519,4.140280709550791,4.065631954848938,0.00964293047168141,0.013393229353095393,0.03295574407892232,0.01819439641373677,1652.9055513543979,1705.311853436863,1849.4812822373042,2009.6670890615233,0.02946715779192033,0.031213319762089853,0.08115721254242114,0.08306386922634879,0.05177030210737987,0.014056990333941144,0.0018414130684697022,0.03034023877700509,7.441503278234054,Medium shock
17097,Lake County,IL,17,0.043872659522098824,0.0495452239744011,0.05339322453961594,0.048967242067071745,1.1188666741257778,1.1245788236040446,1.0946292995775853,1.0987478500462742,-0.004752479091763462,-0.00509231164993551,0.026992819787853506,-0.003755446535812723,1422.219926288962,1460.96061277838,1560.1160970227338,1729.5038870475773,0.023162622000610256,0.026875194061255492,0.06566606633951544,0.1030743572296906,0.05935130375367015,0.016541081996869877,0.004471291555093876,0.025018908030932874,7.286849452303368,High shock
17111,McHenry County,IL,17,0.04881885831294012,0.05583383589343361,0.059351761953121224,0.054612280771842915,1.9028164936784207,1.9124646929595146,1.8777504228950739,1.8776600183593424,-0.002293757828471854,-0.005057671702759947,0.01831834855281933,4.814628769089779e-05,1424.0328448023556,1474.5469680985268,1586.6002209176488,1720.4613116114426,0.030922337499645458,0.034857924448383315,0.073242698783055,0.08099895816482316,0.0442306974999247,0.012858962185871015,0.004655674259295202,0.03289013097401439,7.296106081324501,High shock
17113,McLean County,IL,17,0.043409395377065924,0.04687614390090341,0.04809745643566614,0.04666761809618952,1.547246485123079,1.547391040313916,1.548720406290727,1.5504510935068279,-0.0063787901074157105,-9.34230194999941e-05,-0.0008587326919133886,-0.0011168710064080045,860.2451785984239,906.8516523390157,986.723771401037,1147.595403491,0.03021303113671081,0.05276143811583722,0.08441125526911275,0.15103394538071502,0.07623536569863987,0.0022483047142971557,0.0022397676269431607,0.04148723462627402,6.809978878126078,Medium shock
17119,Madison County,IL,17,0.04128363852027578,0.04369835376919605,0.04531832886280152,0.04380324782301718,1.6767257567078513,1.682944009747368,1.6687620579385125,1.6769611339596013,-0.0033024703839306113,-0.0037017091394808688,0.008462577660047543,-0.0049012377677915,790.1828759744807,815.6760896295204,858.9563558721667,941.8550635653652,0.022366078303454273,0.03175291992856,0.05170078545291101,0.09213328977615642,0.044857538498526583,0.005282759707833762,0.002069792198173437,0.027059499116007135,6.704017327175573,Medium shock
17143,Peoria County,IL,17,0.04436061761445066,0.048070119224042404,0.04942917725696151,0.05023220084500157,0.33452461264837563,0.33773895030734247,0.33400505460982644,0.33707865168539325,-0.007852716593935938,-0.0095628034337647,0.01111713428427663,-0.009160164487608924,717.7377269765233,749.5820848778249,797.7574196648729,881.6610324160192,0.034818019693411806,0.04341161150888251,0.06228873479191677,0.10000309929492879,0.04203110144227562,0.009686244912184172,0.0036153206317350098,0.03911481560114716,6.619515831062605,High shock
17163,Saint Clair County,IL,17,0.051111634773994045,0.05698595949781867,0.05601126316157345,0.05487299388921155,2.158613869767478,2.1740309867232974,2.200362412632669,2.223851901769964,-0.006680497310341593,-0.007116753178328494,-0.012039037892103366,-0.010618703428162846,880.4344044429281,915.0957681619674,990.3312549515898,1083.9649714042826,0.03525532891317251,0.03861329737261521,0.07901076366697346,0.09034137915136498,0.04774175826627536,-0.004430245415798062,0.0013933313894861424,0.03693431314289386,6.819028724456446,Medium shock
17167,Sangamon County,IL,17,0.034825356700128825,0.03836765689695699,0.03808909377896926,0.036808106082658755,1.652281893658727,1.6608039941820283,1.6481463472060849,1.6585029178319968,-0.004709697354188691,-0.005144520611510828,0.007650588500419886,-0.006264108262438839,772.8257094231088,796.8703541692339,846.6562703209025,926.0897805348351,0.029207057396196667,0.03063844803566873,0.06060279385288503,0.08967639304698682,0.04521684073400323,0.005620349101840283,0.000852093132271102,0.0299227527159327,6.680691998267658,Medium shock
17197,Will County,IL,17,0.05107136033780961,0.05710510768914632,0.05942351309843063,0.0557337723035181,2.571807770771513,2.577222291593464,2.5387027014657253,2.5428123648011733,-0.001097667928126711,-0.002103123404653573,0.015058984684449328,-0.0016174956397296825,1503.4097128521,1557.2227051202674,1692.8302428393706,1840.1080519140698,0.029647324342157333,0.035168247051599266,0.08349791071102874,0.08342246566934008,0.051052402493306115,0.008321140188749965,0.0034904086874963935,0.0324077856968783,7.350659196364826,High shock
17201,Winnebago County,IL,17,0.038588829956416715,0.04138457015521877,0.04357781816885848,0.0425401037799268,0.5274989821747827,0.5296930268934747,0.5258829716270255,0.5292283211741055,-0.003967831539966937,-0.004150708385719071,0.007218943624977214,-0.006341247184067811,765.251124710082,808.98606058513,884.4569905357312,963.3132831080017,0.045443591313889975,0.05557763893035883,0.08919220019693785,0.08540479215837671,0.03678788105553288,0.004498118183297706,0.003072260918574904,0.0505106151221244,6.6957816864837545,Medium shock
18003,Allen County,IN,18,0.0390958785086746,0.04125523941540576,0.04083458368123348,0.03891197812726951,4.469586233463323,4.432385193635576,4.352931804924928,4.325356701494214,0.010423363988717682,0.008357981530574321,0.018088261366759895,0.006354984906041139,784.3057275106236,820.70373764362,913.4157878646846,1036.8833452795986,0.041555496376731504,0.04536328594372918,0.10702899648356468,0.12678352408070293,0.07344686912190346,0.0028309503767545152,-0.00030227805778869354,0.04345939116023034,6.7101621888395275,Low shock
18005,Bartholomew County,IN,18,,0.057601353694226,0.06013576235785565,0.05942526606733249,,2.001255225170817,2.042814490686458,2.0265246900256613,,0.004557600910272797,-0.020553913028694026,0.008006158715238243,,965.1486147399897,1024.9709500221709,1145.3061107511198,,0.019760517130397837,0.060137455335745216,0.11100767616293172,0.06581204861894063,-0.010831478067000688,0.002179160518368077,0.019760517130397837,6.872282094393353,Medium shock
18011,Boone County,IN,18,,0.0882887839469381,0.08661553452990915,0.08742734413721633,,9.978802255324672,9.469074986316366,9.31246551561722,,0.0208659637186841,0.05243184451666849,0.01667734343001115,,1362.7687403557368,1512.3495688883952,1665.2951624086772,,0.02294683305888423,0.10414597865639053,0.09633793505068589,0.07729512379465397,0.01368863025465572,-0.001267344613375354,0.02294683305888423,7.217273747716088,Low shock
18035,Delaware County,IN,18,0.04878603083216545,0.051774135334602796,0.05334357202278108,0.05373650324423178,1.5030456451230125,1.5072187847056957,1.52600908466227,1.5245669249217657,-0.0030629239302406575,-0.002772608422501932,-0.012389798020837617,0.0009455000258373758,614.261457535376,638.8126371096106,707.3645906904136,774.5945685732062,0.060404313054863934,0.03919053460771149,0.10193502122816955,0.09079353519492805,0.04656685438026109,-0.0028043828211288258,0.0032599545501223043,0.04979742383128771,6.459611198721282,High shock
18057,Hamilton County,IN,18,0.06996256324103663,0.07667453979447102,0.07698891489925684,0.0705924686604254,11.264813362725807,11.059209035609085,10.64537777529221,10.416923190582905,0.021897702623084214,0.018420528088450183,0.038137691533659535,0.021694072728402958,1258.048738395318,1304.7777974022003,1433.681870689926,1596.2541173106674,0.03219712350446535,0.03647085579681608,0.0942131139819109,0.10741383765676993,0.0664794861686997,0.009756766775264047,0.0004721402620873061,0.03433398965064072,7.173788035069294,Low shock
18059,Hancock County,IN,18,,0.08817287820575058,0.09314932062317706,0.09431956050547323,,9.565949744195693,9.29284048308117,9.155768374700724,,0.01767825281893387,0.028965628507327423,0.014860159032316744,,1256.1967457145222,1358.4746840487076,1496.157262060958,,0.03507886772743252,0.07827381403132616,0.09653748123888395,0.05232677990767254,0.004234640950888213,0.005561562358574565,0.03507886772743252,7.135843979437815,High shock
18063,Hendricks County,IN,18,0.0791518921310328,0.08659433592019142,0.0876825636290333,0.08031472405310498,8.068312892822675,7.913374237378139,7.625139043381535,7.486934725506365,0.018801621913405953,0.019390131792984988,0.037103711978392795,0.01829109269192486,1243.2825833619365,1310.2048766182459,1444.1124086104448,1581.9825797415042,0.03612490742506136,0.0524283928666236,0.09731136338912894,0.09118397500449582,0.0499710190509699,0.008601525481963357,0.0011255298154570353,0.04427665014584248,7.1779387983319465,Medium shock
18067,Howard County,IN,18,0.04859320216742488,0.05043809414729126,0.054173283924475034,0.05304034582132565,1.959835470602468,1.9581298651066095,1.936640765092648,1.9390515404687239,0.0038909375811808644,0.0008706588534916904,0.01103495949575617,-0.001244049061138952,603.7565737144432,635.5924805722364,676.7053460451098,759.1030033448914,0.030966529895647632,0.05138651110505155,0.0626783392246546,0.11490153409268711,0.047613416158321265,0.002514656999972331,0.0040911667155422715,0.04117652050034959,6.4545576041524235,High shock
18081,Johnson County,IN,18,0.07966709756132986,0.08538765096343233,0.08365434744829983,0.08283008028695932,7.035848722936614,6.936185844950718,6.776403031740818,6.723561435486402,0.012910458918822698,0.01426629283478853,0.02330559849247571,0.007828445215080748,1129.4953786581082,1194.343273011565,1310.3396234260892,1425.6618822943028,0.029451403705796686,0.05582550656126184,0.09268988615081852,0.08434982655059908,0.04588140121717954,0.001978645976972615,0.0007148396052484712,0.04263845513352926,7.085351750967464,Low shock
18089,Lake County,IN,18,0.047983804643512366,0.0514643874078557,0.04999986932921459,0.04976464909345844,3.109549937891264,3.1013094417643003,3.0285003515223625,3.0260758880592085,0.002730751046680524,0.0026535783403502933,0.0237568593639228,0.0008008697873478354,917.5049851125665,962.2499138669763,1075.4178957333568,1165.9680944364911,0.040533612937227126,0.047616189372586604,0.1111904025871917,0.08084239803510496,0.051941499156241466,0.009586699882119909,0.00015816318565248233,0.044074901154906865,6.869274202651746,Low shock
18095,Madison County,IN,18,0.05092735013049389,0.05751039752393849,0.06336263474006602,0.0653038266839931,2.1172034369784263,2.1128769827499787,2.0941448017058875,2.0855057351407718,-0.0007183547668176971,0.002045566659623077,0.00890525687661281,0.00413387616579719,651.0277828554349,694.8251603947929,769.8891883100663,852.2393111236689,0.04591654761228359,0.06510792764382245,0.10258634706684422,0.10162077578413609,0.046591323797437134,0.00585596057480231,0.01011435688481338,0.05551223762805302,6.5436602461390345,High shock
18097,Marion County,IN,18,0.05302555611759544,0.05540672525015166,0.05702950006490511,0.055559776930487526,2.4319666662862396,2.426041443494659,2.4126569796704826,2.418432084257183,0.004637073948094539,0.0024393642809350524,0.005532272024723284,-0.0023908097164611064,916.8110091199229,977.4726034916156,1065.9648768642799,1185.1701609325648,0.042842640242708896,0.06406891025746564,0.08666539130220219,0.10600598333363198,0.04287991206782982,-0.001967487960383707,0.0020784978138227717,0.05345577525008727,6.884970264348202,Medium shock
18105,Monroe County,IN,18,0.06242965905329361,0.0633790512798113,0.06582969555457796,0.06649068357282498,4.177408252237174,4.176252707142809,4.4158771829699806,4.433430501142378,0.0051896499628387716,0.0002766559733160534,-0.05579213384860715,-0.003967167109736991,1032.7893574310228,1075.051843108744,1149.6731486165195,1280.1919496159703,0.05323892689835574,0.04010563064604167,0.06710879681861659,0.10753234394296207,0.040648291608590625,-0.03261280344724948,0.0032558343971490072,0.046672278772198705,6.980124165546589,High shock
18127,Porter County,IN,18,0.05637109781743196,0.06445719903809106,0.062387011421803244,0.05523449958429309,3.3997854618139614,3.392209615159668,3.322811098189068,3.3171669106881407,0.005595965767760447,0.002230817222400816,0.02067037195402044,0.0017000625161074367,987.7039793392391,1047.0219689729743,1140.3032044451163,1250.508914616826,0.03247445701335927,0.05832215663200291,0.08534428140400063,0.09225640429757576,0.043402036028107105,0.007271825739983306,-0.0016033929247133427,0.04539830682268109,6.9537051934326115,Low shock
18141,Saint Joseph County,IN,18,0.04523846885182348,0.047974019890458346,0.05036714197735563,0.04724676774253558,1.0526509505143635,1.053469081050817,1.05036615911211,1.05038158967541,0.0027052145286479146,-0.0007769078355863712,0.002949778698823735,-1.4690543697071234e-05,828.1125342281198,880.6589241122366,1006.555706011978,1125.6266440776521,0.04255979218456041,0.06152134862484804,0.13361918513099447,0.1118055867104939,0.07067181551603996,0.0005033907310325603,0.0022007104888046858,0.05204057040470422,6.780670404678584,Medium shock
18157,Tippecanoe County,IN,18,0.05497707699231831,0.05919764804952097,0.05985717477216526,0.0579458447226543,6.75797024851063,6.715447569028376,7.026885707730641,6.996499094226959,0.006052732678396566,0.006312105991638006,-0.04533312746574403,0.0043337127933877895,881.783900933766,915.4728955174245,971.0208191226301,1081.620076194864,0.04623699939133896,0.03749374176152731,0.05890715150124315,0.10786735771666756,0.041521884032522216,-0.026682126671195405,0.0018141472264901343,0.041865370576433136,6.81944075746922,Medium shock
18163,Vanderburgh County,IN,18,0.04863865785170968,0.053000062697235055,0.05103285038014632,0.05019139596136962,3.7177587697798535,3.699704571738642,3.746565648155857,3.7591263233516927,0.0021834671753797608,0.00486803449201112,-0.012586622211649967,-0.0033469763931606167,642.9717032900944,674.0051982086711,732.5711736009474,789.7878624532513,0.03902902659415197,0.047137107413962376,0.08332267813816419,0.07520387936413186,0.03618021174709085,-0.011492550136100732,-0.00020723710371439719,0.043083067004057174,6.513237823358339,Low shock
19013,Black Hawk County,IA,19,0.04085278823024484,0.039134488003532704,0.04130125862768981,0.041442901003070215,2.0444125746630153,2.049148991482269,2.0524445533635585,2.0607141758681142,-0.0051739077138783784,-0.002314082178239474,-0.001606966928559217,-0.004021062249977447,847.9997862194342,865.8015719684057,911.5777869199893,958.6645123607826,0.023984705577636767,0.02077536693940818,0.05152117930837008,0.05036425304065073,0.028562679915987932,0.000929980356790594,0.0013784416984912382,0.022380036258522473,6.763655750631556,Medium shock
19049,Dallas County,IA,19,0.09915757492059107,0.10484011881880133,0.10908456995925127,0.09681283692191293,12.335658061966656,11.91176015593577,11.087219459750035,10.680006657666487,0.03956296607383791,0.03496793720515079,0.07173311559397,0.03741958801664502,1253.8931702385798,1275.0291288424924,1320.5471595986903,1414.8815878543692,0.018263303841737688,0.016715777115947184,0.03507714105783144,0.06899967854017053,0.03454886932015855,0.01731090016581316,0.000949856570885893,0.017489540478842436,7.150724303482532,Medium shock
19103,Johnson County,IA,19,0.05855279749252441,0.06529008087952103,0.06262950217113206,0.06266003783712439,6.269674711437565,6.218290620528164,6.166349533976199,6.092470445782748,0.009733735738656435,0.0082294240150933,0.008388033959434438,0.012053359583413581,1040.607200060733,1052.649329035137,1094.0460274794682,1148.3842782552583,0.013431309073670405,0.011505767835123137,0.03857261893633801,0.04847320327644411,0.03105437265199429,0.0012391168945491415,0.0007233308181054943,0.012468538454396771,6.959065435810896,Low shock
19113,Linn County,IA,19,0.04158833217707213,0.0430640164667235,0.039179761820872384,0.04187422749915727,2.6667722814104846,2.659597812634406,2.641155832552464,2.6469817419411203,0.005210677550349985,0.002693944652122582,0.006958276398432162,-0.0022033888731591844,846.0772934425833,876.4306433716571,913.6610120644069,960.5806108387915,0.03002438346923153,0.03524685332199429,0.04160204654174926,0.050078285895463814,0.013204547822993629,-0.0015748673385997947,-0.001799179661882984,0.03263561839561291,6.775857572162145,Low shock
19153,Polk County,IA,19,0.046175787157136355,0.05065622455333621,0.05948864165233707,0.05066041817571936,9.32731334681517,9.265984328752268,9.199705930797322,9.138360362661219,0.009841952530608822,0.006596919121008682,0.007178576229147637,0.006690541520605109,984.7588269996896,1006.2899612303112,1046.3748396115852,1117.1322185350077,0.021442088035615647,0.021628775461247862,0.039061394732012644,0.06543322568803767,0.0307118784615934,-0.0012848769509323787,0.006658524058791929,0.021535431748431755,6.914025540968144,High shock
19163,Scott County,IA,19,0.04646085384508413,0.05125507289944386,0.052199575763165175,0.05014468180512447,2.5317185697808537,2.5344079068908183,2.5197302338929544,2.5266041634292753,0.0021996492895652864,-0.001061693731873703,0.005808196710015423,-0.0027243275005606193,783.3846985365908,805.1283092262346,851.3610805273483,906.6379105260412,0.020669436570344146,0.027377766140212145,0.05583468496479327,0.06290681376217311,0.03534714800820504,0.0009729568258816101,0.002314165411880828,0.024023601355278146,6.691001655060421,Medium shock
19169,Story County,IA,19,0.06441737254528727,0.07338545835128979,0.07021466905187836,0.07305957453450079,2.2577765006516763,2.239482068874253,2.20708474202189,2.2390262271390333,0.007127070695542415,0.008135859838565906,0.014572096412821978,-0.014368527855317836,818.7418526101578,833.7639790332404,863.4889169154061,900.1496439237552,0.01453469183863998,0.018181527656482288,0.03503069888651478,0.041579958096757075,0.021947218744074792,-0.00752968098830209,0.002735706344901029,0.016358109747561134,6.725950363545938,Medium shock
20045,Douglas County,KS,20,0.06976130185894128,0.07341297727805107,0.06936317948966957,0.07042936369978833,3.385976821598279,3.378764384232433,3.4646380959554115,3.4497987617388985,0.007734155697487921,0.002132362459786208,-0.025098105711370167,0.004292282164071182,874.8568156379346,915.0128231516505,960.916560692514,1037.22123354488,0.02633511826445556,0.04487784585439325,0.04894950014796429,0.07641294574325208,0.02707474088618378,-0.015336170852286557,-0.0016908679737672322,0.035606482059424405,6.818938079550709,Low shock
20061,Geary County,KS,20,0.19332445796880943,0.19728158866622267,0.19962853849109774,0.18867378440957036,0.5001250312578145,0.4966167980631945,0.44301694539816144,0.45033634495764024,-0.03096108202473502,0.007039431031255816,0.11421067786946004,-0.01638671603776487,853.4408465749899,888.1449308358143,937.5412619531517,995.0245451645882,0.008329687607937508,0.039858707126264825,0.05412582955056777,0.059506635735392166,0.0327220352758788,0.06087280641258719,-0.0011518618671819691,0.024094197367101167,6.789134940075494,Low shock
20091,Johnson County,KS,20,0.053770433539834885,0.0558783696035324,0.0574600663631453,0.05368672253748732,5.108234872659002,5.072296696419749,5.009034150879264,4.975035980170928,0.00649423701709928,0.007060206095918176,0.012550600096366438,0.006810509476299131,1219.8767586471429,1265.1267222042513,1340.1393370211138,1490.0191110876847,0.030227432295705903,0.03642245667756061,0.05760129859078322,0.10601535469990253,0.04848338215870962,0.0029033332298240566,0.0007489928786326705,0.03332494448663326,7.142927571799909,Medium shock
20103,Leavenworth County,KS,20,,0.11750254022657304,0.11142305942876861,0.10707185896349262,,4.32847798069207,4.320493215854754,4.293191191722341,,0.004081464269516388,0.0018464085321490131,0.006339242133886813,,891.1297119269584,948.1773064398168,1028.5570652444214,,0.02894960101767996,0.06205151983622681,0.08137067462942049,0.04276149621514369,1.1361063501524882e-05,-0.008255081030442424,0.02894960101767996,6.792489997039982,Low shock
20155,Reno County,KS,20,0.04123944356545503,0.047401951025283696,0.04970001453216799,0.04455414995371799,0.6294078724400045,0.6311394494522032,0.6341566529537066,0.6336106056667533,-0.006434718082873658,-0.0027473432710891643,-0.00476917492218476,0.0008614314922663624,554.528401001451,574.2234332756484,593.8861071114549,648.4663118972552,0.023827688804911595,0.034900552558958076,0.03366898495213011,0.08792249256862217,0.031431618078441304,0.0026371589620222124,0.0028063849475736258,0.029364120681934835,6.353018577156663,Medium shock
20161,Riley County,KS,20,0.11680458306810948,0.13018405497621222,0.12528789717427374,0.12208085812549604,3.0922734394326707,3.0736865112975056,3.130609007805652,3.1440828361024553,-0.027971577263956604,0.006028902095678745,-0.018349897603426868,-0.004294664771247625,887.6315936942477,894.5007912638904,918.9262618461256,965.7264082886658,-0.003745041210082789,0.007709002593249359,0.02694009421839727,0.0496746911098489,0.0363254119725398,-0.0003509436031983171,0.00019005862772404625,0.001981980691583285,6.796265787536298,Low shock
20173,Sedgwick County,KS,20,0.03889449706584954,0.039249744293836326,0.03980032444870196,0.03886287656958021,3.168924791754988,3.1486400452388597,3.1215259437515135,3.1159111327678883,0.005244292221435742,0.006421719997760533,0.008648661150115089,0.0018003588433348483,810.6372046819143,845.5292387371777,905.2175047447032,982.0710033414488,0.02648996697714967,0.042142138485349534,0.06821250222410313,0.0814883590107982,0.04053437788620107,-0.0006084961128731692,0.00025947982929815094,0.0343160527312496,6.7399627493340555,Low shock
20177,Shawnee County,KS,20,0.03695119201938793,0.04067722075637643,0.04301251532343131,0.0404225352112676,2.1784026932978757,2.1875124290478922,2.1580354590449713,2.1685620462213513,-0.0027630336344035555,-0.004173122342143287,0.013566722944188925,-0.004865998251149861,792.4874389229976,815.7275603162761,875.3310095215193,977.7294980684222,0.046047195216049275,0.02890377136857225,0.07052168436255801,0.11063093351799846,0.053100825647967476,0.007818440334792953,0.0029033188794672787,0.03747548329231076,6.704080427054961,Medium shock
20209,Wyandotte County,KS,20,0.06892029724610228,0.07038996420312352,0.07017971111857575,0.06479894366485964,1.27703919667006,1.2827882491755664,1.267472587915964,1.2799922717447745,0.0013743635184226832,-0.004491757583780398,0.012011199142881068,-0.009829210855324177,865.253635504164,919.0920717696682,989.6147525582948,1096.9759312257188,0.043966298756054734,0.06036362005938134,0.07392942431783123,0.1029967909283318,0.03629814821536348,0.002649691176457303,-0.0021658033328952053,0.05216495940771804,6.823386304246637,Low shock
21015,Boone County,KY,21,0.07805479999652394,0.08328171301334315,0.08043603786460429,0.073598270078834,6.112067030747363,6.034151673609265,5.931163655106826,5.87579560573915,0.012791874503621514,0.012829741960928231,0.017214851267166154,0.00937895253359855,1185.7660409355822,1236.208367230071,1362.9961688075318,1472.0914084201038,0.0417459424835851,0.041659912952052736,0.09763641512905163,0.07699877463258975,0.045614667163001776,0.000486093668107479,-0.0036511025332143926,0.041702927717818916,7.119804205710656,Low shock
21037,Campbell County,KY,21,0.06483319285461812,0.06952178732155496,0.07235275274717623,0.0664587852494577,2.5042358883643607,2.4994681982556903,2.5315637523161114,2.519512822712068,-0.0015865329072823897,0.0019056648710567003,-0.012759207175472298,0.004771637210478019,993.1178405303589,1093.2836378116326,1166.7755807365345,1254.0446832577634,0.04192079192421705,0.09609163022272238,0.0650583509131426,0.07213004377086296,-0.00041201373146693143,-0.004153350964384295,0.002228278910230419,0.06900621107346971,6.996940958455983,Medium shock
21047,Christian County,KY,21,0.11917331236661799,0.1291089108910891,0.1222366710013004,0.12642069313028387,1.2294452128477025,1.2311480455524777,1.2025143481825635,1.2173864925435076,0.007587002518869568,-0.0013840832659379743,0.023532449545781375,-0.012291686797549772,709.3202050394547,764.723460571173,864.7640839826004,974.7589424027229,0.05037293501315965,0.07520722533497626,0.12294245542859006,0.11973346741542734,0.05854788124794075,0.0025189217476500048,0.00018757043693858055,0.06279008017406795,6.639514279024028,Low shock
21067,Fayette County,KY,21,0.058973854924316886,0.06169206737873095,0.06216520071423848,0.05837397534814509,4.43625317205994,4.425146658044252,4.483353560943345,4.486685129620552,0.004098879863050797,0.0025067190386192095,-0.013067908132615713,-0.0007428215073144173,989.4076071863036,1021.6395790021307,1115.6786395466568,1241.416913345984,0.03324614916231994,0.032057658688673385,0.08805409793899255,0.10679053422139173,0.06477041215469548,-0.010208164270800069,-6.33731203321386e-05,0.03265190392549666,6.929164046139103,Low shock
21111,Jefferson County,KY,21,0.04064788011525845,0.044084426922179,0.04412969382502382,0.04264381218644256,1.646294209967634,1.6470085425538015,1.6262442891678492,1.6349866445908976,-0.0011988356720671334,-0.00043380924928548836,0.012687398736375144,-0.0053613966884800135,969.9902390055149,1007.9408706163695,1065.5708314539186,1177.8534796710285,0.0324889073344794,0.03837877824205016,0.055601139718709724,0.10018304936411582,0.04245825175314799,0.004479323484623876,0.0010205994870144675,0.03543384278826478,6.915664786807935,Medium shock
21117,Kenton County,KY,21,0.07081202518549173,0.07475848366615316,0.07523128077146368,0.0712192327185386,1.8585694393813534,1.8517526153772872,1.8326674445190867,1.826403570589617,0.004984523581294198,0.0036745228977910216,0.010360024779346944,0.0034237542930508624,973.0244618820548,1041.04805372666,1125.685459564617,1247.3900891654673,0.06547683108669844,0.0675740061198784,0.078164197812713,0.10266129238382948,0.02388732649498282,0.0025623662966562932,0.0004400023191786784,0.06652541860328842,6.947983228670288,Low shock
21151,Madison County,KY,21,,0.07827173194209715,0.07681944735502799,0.07551720672476418,,4.28579005993741,4.3220574705265635,4.245882859875356,,0.012446521771771302,-0.008426642100198833,0.017781780650077295,,756.8760466502976,814.671671217163,903.0407532086491,,0.021491192316313246,0.07358567750582878,0.10298250863543945,0.06679290075432087,-0.007768952496832071,-0.002103404902201053,0.021491192316313246,6.6291994971639365,Low shock
21227,Warren County,KY,21,0.06174663260804891,0.0647959942491696,0.07086275529595328,0.06378064155991646,7.306472630857418,7.211359750204446,7.068682820185826,6.926295645716407,0.013903176337084489,0.013103091286359003,0.01998336871546158,0.020349025634152085,944.7365982216553,971.0654337808058,1038.0276783710267,1160.8188350369826,0.02467456866803186,0.02748769745446822,0.06668387441301515,0.11180319888124846,0.06316240358588177,0.006663063363085087,0.0040503849993256125,0.02608113306125004,6.878393854054639,High shock
22005,Ascension Parish,LA,22,0.06347600620715395,0.06689620311114078,0.06946731210994883,0.06578682151941258,7.113676871874951,7.0104535032837205,7.015578940818692,6.912671954630801,0.0145935803878956,0.01461685833687909,-0.0007308464148412241,0.014776996697506206,1413.6329182234413,1440.9358043746017,1520.5388987269937,1626.0472420439037,-0.006630289458413152,0.019129838112360353,0.05377204399372193,0.06708725419070394,0.05417987476523933,-0.007582144221054854,0.002440962155533327,0.006249774326973601,7.2730480456488085,Medium shock
22015,Bossier Parish,LA,22,0.0867826715962064,0.09537909464375006,0.09207368325113674,0.08619822574480497,4.89099287940523,4.894912590846592,4.81739520425601,4.8237361888612735,0.0017601073180273374,-0.0008010932995201614,0.01596305106761875,-0.0013154027802375623,1075.1680272227288,1110.442602414942,1207.9722851595247,1282.1286321470448,0.009826643754788478,0.03228172300396892,0.08418447973812437,0.05957853405253122,0.0508273235159491,0.006844317134437006,-0.0019449286220073747,0.0210541833793787,7.012513955744709,Low shock
22017,Caddo Parish,LA,22,0.04921847534332956,0.05196213819670023,0.05212103407755582,0.05207204568750915,1.0605953475217422,1.0737791552095133,1.096029364990673,1.1138581425214253,-0.011060302683613799,-0.012353947581885905,-0.020509634395869725,-0.016135811709940384,827.4157145541735,861.8210573224809,917.1669922650034,970.8741808635306,0.005838116840736873,0.040740412460817055,0.06224190383543604,0.056907320193759325,0.03628534736382072,-0.006615597920155203,0.0015062331125175951,0.023289264650776964,6.7590476590007516,Medium shock
22019,Calcasieu Parish,LA,22,0.04707810845632789,0.044463454292561565,0.04362188657167931,0.047504455077385044,5.606798733569237,5.626875215188628,5.582829870091843,5.655303329905877,0.0026058486816289417,-0.003574343190946294,0.007858471107295983,-0.01289795435388541,945.523903616899,921.8753695465166,1131.2661357146198,1026.7600872116022,-0.024774591082584507,-0.025329128843084803,0.20468271813542227,-0.09692918133046557,0.078928628365313,-0.002035494368636037,-0.00020761054991254996,-0.025051859962834655,6.826410040392123,Low shock
22033,East Baton Rouge Parish,LA,22,0.04673609030066926,0.04841180676131141,0.0525230980963842,0.05062411530047613,3.0874055147450226,3.0996363669441864,3.0048765862132822,3.0282765040847295,-0.0028251833161778706,-0.003953704650960788,0.031048305961032696,-0.007757149490078774,1085.5785119616137,1096.4915900923497,1164.7698193157782,1258.2812755084103,-0.0006321128526547426,0.010002583427199951,0.0604078684377356,0.07722323521049468,0.06413031653684254,0.01503502221904629,0.003999658167439829,0.004685235287272604,6.999870898054112,High shock
22051,Jefferson Parish,LA,22,0.05105762662242608,0.05235969814349738,0.051793008799547915,0.04930259683455102,1.3683609155578491,1.3738996081841859,1.3682411421358383,1.39426800929512,-0.0012454921591213974,-0.004039514196358951,0.004127048605498729,-0.018843475880490956,1126.0333668843452,1173.4327691602211,1257.057182808614,1388.9810481152574,0.0327790351110826,0.04123228140383528,0.06883997627343597,0.09979699934572395,0.047312829552121016,-0.00471571045975594,-0.0011608595659122548,0.03700565825745894,7.0676887227766265,Low shock
22055,Lafayette Parish,LA,22,0.05492510213345438,0.06235314910693864,0.06401462946378296,0.060421248208934075,8.619351465289748,8.559212714690204,8.616465207448547,8.517887563884157,0.005345185993991919,0.007001632458962348,-0.006666718491960211,0.011506560244813002,1044.4170609874873,1072.0553454382734,1163.2989960122493,1244.5339187214859,0.010099613529626517,0.026118796130698563,0.08168224126549717,0.06750116656408256,0.056482499084627324,-0.0037534883500507377,0.003578813216162005,0.01810920483016254,6.977332968505402,High shock
22063,Livingston Parish,LA,22,,0.07708450169148108,0.07743548580549328,0.07540370893613978,,6.518850400384035,6.412493755175506,6.328686442967525,,0.015254521210653849,0.016449804788402744,0.01315553498166544,,1135.7276328975593,1227.698923947584,1312.1151648979535,,0.016937620980272072,0.07786809194725297,0.06649884106709525,0.05524584552690204,-0.0004518513256197565,-0.0006649043206645583,0.016937620980272072,7.035028810760852,Low shock
22071,Orleans Parish,LA,22,0.07071006892912503,0.07107463102885317,0.07252290733424976,0.06918641896220372,3.4767314633971753,3.491871129414906,3.6041192963487094,3.6765004041447136,-0.0008534800269703879,-0.004345115002859501,-0.03163970751790046,-0.019883882286707788,1319.4789430939843,1358.8044891240681,1434.4922937527347,1566.4633173184186,0.03337095800311296,0.029368342452831264,0.054205723305473796,0.08800942982126081,0.03973792633539519,-0.02316249738738918,-3.768683076235679e-05,0.03136965022797211,7.214360540022558,Low shock
22103,Saint Tammany Parish,LA,22,0.05940399509240089,0.06633538633818589,0.06976461433712673,0.061902449243895936,6.37191306644011,6.320080775566909,6.16331108618641,6.093611040964437,0.010405921161117604,0.008167759876405611,0.025117841893392168,0.011373295157854457,1139.9919342392673,1162.4043535473331,1295.3037334003131,1456.082626861521,0.013479275621018694,0.019469391423391436,0.10825463224076426,0.1170044865655786,0.09615522588096637,0.008958728006861705,0.0029638410752179517,0.016474333522205065,7.05824585755819,Medium shock
23005,Cumberland County,ME,23,0.053804426326854865,0.06001587784329911,0.0609610210389218,0.05625044083417582,5.48552281355978,5.447635276792873,5.305334409209852,5.258437298639736,0.0057214149619877475,0.006930785801655404,0.026468813661340462,0.008878915592221759,1558.6619826885872,1660.3161741769209,1847.2961203096754,2048.7782056626806,0.04776236673146528,0.0631803007850058,0.1067149627815196,0.103520604850452,0.04964645005775026,0.011347764244959535,0.0016955788514718129,0.05547133375823554,7.414763329585812,Medium shock
23011,Kennebec County,ME,23,0.050780486299044074,0.05814360770577934,0.059880854560394416,0.05710158599139202,2.8468353498417063,2.8303037696718314,2.7673516126980084,2.7502272098628837,0.001268791584996265,0.0058239287600816425,0.022493278652833126,0.006207236314727638,872.2209947850612,938.9249496803077,1071.9675978294792,1194.595644792639,0.06351313977580642,0.07369272403450822,0.13251556504764217,0.10831191927763939,0.051810810257483464,0.010803897311241428,0.004029173273481512,0.06860293190515732,6.844735550220957,High shock
23019,Penobscot County,ME,23,0.044365079365079364,0.04976383412055293,0.050279429197900044,0.05187383415295913,2.219690033789347,2.2221489565131383,2.1974582515535444,2.1780156144976988,0.00016467899161476396,-0.00110716438859626,0.01117337386383177,0.008887158565411113,961.1090485570577,1018.1994569436474,1125.139030201423,1248.94981279498,0.036751905153118436,0.05770323154129464,0.09987078128540983,0.10439643800460985,0.0549060412978033,0.01050150891311219,0.004012174932613438,0.04722756834720654,6.9257911081187,High shock
23031,York County,ME,23,0.0555963626632047,0.06413580521677201,0.06452443483186569,0.059370281918251944,5.327486561078575,5.299761797709814,5.152889198930358,5.107167550126758,0.00935712676446343,0.005217686710905056,0.028104308850048554,0.008912611806817239,1260.1549437897067,1358.0530402548873,1496.8018063383613,1711.5420533349104,0.04733380115139063,0.07481740133416359,0.09727861677821892,0.13406404694911522,0.05459573062088996,0.011221053590748653,0.0020812744350704668,0.06107560124277711,7.2138073649810135,Medium shock
24003,Anne Arundel County,MD,24,0.06909723211995097,0.0734943851656476,0.07520460866946987,0.06691941691296502,3.407513429155278,3.390662294496866,3.3373586562740147,3.3302603704071987,0.007362850171663382,0.004957556219917336,0.015845596769406,0.0021291824023048633,1674.3159770542463,1718.5920350399977,1863.6260423431793,2021.6257158143333,0.026672091678955567,0.026100661360626276,0.08101870375254894,0.081377922460657,0.05481193658681205,0.002827186390065073,-0.00023379585158184168,0.02638637651979092,7.449260650305365,Low shock
24005,Baltimore County,MD,24,0.0584935968286249,0.059994522239273804,0.06024917898955415,0.05568221530678471,1.7465235491000033,1.7517799270475063,1.7009701524995562,1.7104301962443822,-5.310642407962973e-05,-0.0030051034388804965,0.02943360598013811,-0.005546149397190447,1300.4787081111765,1330.970693272987,1465.1700558399823,1574.3830497296601,0.029242686508129445,0.023176086899311166,0.09606279421124508,0.07189216627605166,0.05776809353992807,0.013472833222953895,-0.00127836238577992,0.026209386703720305,7.193663799574929,Low shock
24013,Carroll County,MD,24,0.04868743275444398,0.05507553085826685,0.05889795057714414,0.05519845786429995,2.8914406247407776,2.886002886002886,2.799561707962114,2.7810704841798124,0.0020937447409110632,0.0018824036387279364,0.03040958829424234,0.006626952222642757,1312.9769000290646,1328.0986763791086,1438.829318024708,1566.1036115054987,0.035538235252412065,0.011451350905899105,0.08008145655557009,0.08476094918626131,0.058926409791760115,0.01653019606862305,0.005166722414366623,0.023494793079155585,7.191503631778277,High shock
24017,Charles County,MD,24,0.07484110130840575,0.0826944101569388,0.08464618690226659,0.07858919947314504,4.489015653533496,4.469824126103773,4.350991848549966,4.3207082434410475,0.011387909758918013,0.004284384419932508,0.026945232189861557,0.006984496211460467,1653.553532584885,1737.8712459972774,1952.744630614151,2075.804478026207,0.02224363194850465,0.049734314162773074,0.11657494345665942,0.0611128929489313,0.052854945147156496,0.009128717111235751,0.0028499374550335355,0.03598897305563886,7.460416221376478,Medium shock
24021,Frederick County,MD,24,0.06581568303396686,0.0756114494111349,0.08216110324829991,0.0705841661210826,9.888376840400753,9.718623779515086,9.182353632855508,8.962231341726369,0.01902413918074153,0.01731598889269037,0.056760463186234844,0.024264329134242146,1502.0135389227119,1556.4070322147336,1708.4509222225759,1898.671865130823,0.02633040749614146,0.035573413143538346,0.09320708613328765,0.10556755688490949,0.06843541118925867,0.022342332123522546,0.005659068462140385,0.030951910319839904,7.350135259356895,High shock
24025,Harford County,MD,24,0.0553711099829731,0.05965183684411766,0.060828330167357635,0.053868844203028884,4.687120980930695,4.665018204474212,4.549908470121761,4.541060970756022,0.006712778260272501,0.004726793981792099,0.024984620340385177,0.001946437553574043,1344.0031511995558,1389.076738961764,1512.7780765312052,1638.356569224101,0.032812747738073966,0.032986723138036744,0.08530843639737018,0.07974590119363434,0.049627433357446904,0.0077457428259473105,-0.0001628862283521229,0.032899735438055355,7.236394588860909,Low shock
24027,Howard County,MD,24,0.07284232365145228,0.07671328265537052,0.07752072196853291,0.06957666246509328,3.258158434856773,3.2358318098720296,3.167048382479244,3.1666895272627515,0.009419870346885517,0.0068761153349417015,0.021485978636539116,0.00011331546141946092,1744.8535402792493,1771.1039768541805,1896.6104525880628,2056.4323283154267,0.025382208475035917,0.014932446832826685,0.06846525278388871,0.0809042812293077,0.05452743935266691,0.002651654208065679,-0.0012291109365983044,0.0201573276539313,7.479358346874881,Low shock
24031,Montgomery County,MD,24,0.04888580878044259,0.05038662103222813,0.0522573995759176,0.04863817430686965,1.4137180117759094,1.4127946332818668,1.406939830125744,1.4111162917459192,0.0022238919830392945,0.0006533694646684296,0.004152739661170912,-0.0029640748780952464,1851.2953465952796,1850.044025347791,1915.1830096795127,2091.6906371951395,0.029478970971201335,-0.0006761451298666898,0.03460374818633838,0.08815947181897688,0.046980197081990305,-0.0008442983323160291,0.0008115720350582653,0.014401412920667322,7.522964715274507,Medium shock
24033,Prince Georges County,MD,24,0.060904442322582054,0.06056966485290398,0.05822409022100675,0.05460052977623698,2.9849862104826657,2.991385337924302,2.8448922108921417,2.8733447380092505,0.00020845516150203025,-0.0021414765917064926,0.050211424169633645,-0.009951585492196102,1553.8656161251545,1611.0804276857527,1698.1161394173168,1815.6220216156844,0.028801609582639998,0.036159254928005424,0.05261445629815853,0.06690863731617558,0.027281114551844343,0.021096430053821003,-0.0043247435891211605,0.03248043225532271,7.384660306006385,Low shock
24037,Saint Marys County,MD,24,0.06201168806686077,0.06663949044585987,0.0676419984201357,0.060872676755983075,4.878520445835237,4.839258154803945,4.840819886611427,4.835210789054128,0.007198591373528629,0.008080551385567958,-0.00032266926244872707,0.001159379992397902,1209.9955516759744,1282.110930726116,1428.2692740499904,1501.3135127183207,0.0253288671614591,0.057891200881527105,0.10795552922014817,0.04987698667118945,0.03730622392417571,-0.007221216014573706,-6.825166830093377e-05,0.0416100340214931,7.1562631631647085,Low shock
24043,Washington County,MD,24,0.05575466622522038,0.056987107940667414,0.06198588155725578,0.060852043282029436,1.879972991937299,1.8789779418575419,1.8305692167870933,1.829225091300231,0.002432357502970106,0.0005294296842528468,0.026101015150866047,0.0007345361155000063,880.2924735025762,926.4305720314081,1037.1257452998934,1170.2192985946692,0.03455751451901268,0.05108489866459909,0.11286935243360308,0.12073798531913482,0.07398246228456307,0.01193688203957155,0.00504807533669871,0.04282120659180588,6.831339107171674,High shock
24045,Wicomico County,MD,24,0.05746813448995734,0.05706290148190549,0.06177010068486824,0.05564658675990556,2.884476707850584,2.8848927781517455,2.8814568645907372,2.871198055241851,0.005853355381296055,-0.00014423423665022028,0.0011917119774267348,0.0035666384884773805,1046.8957427582125,1115.7103403262793,1200.7332137336373,1352.4374702812088,0.044660400674169765,0.06366192877779753,0.07344110305637042,0.11897611632845795,0.042047444966430536,-0.0004753853393708596,0.0014428257364554817,0.054161164725983646,7.017246557572928,Medium shock
24510,Baltimore City,MD,24,0.07474546809038987,0.07764676069276273,0.08236519709975831,0.07773884865186745,2.7261979041407596,2.7655933571164124,2.811414934319381,2.8483220202879247,-0.014426192840639729,-0.014347278283873166,-0.016432684305176082,-0.013042164119992705,1321.3868177593079,1346.4080086791334,1442.1926793201076,1565.2933914462076,0.02200357136484765,0.018758507495115317,0.06872433734364058,0.08190862755712658,0.0549354430204021,-0.00035068865032794605,0.0038559084842365726,0.020381039429981485,7.205195591075731,High shock
25001,Barnstable County,MA,25,,0.06664122058656653,0.06611724941974266,0.05489849591038499,,2.77720440599726,2.5482642102317974,2.5508665190151585,,0.0011312244949976957,0.08603238686698234,-0.0010206873082747592,,1877.7297713039382,2078.8861731079182,2319.593162390975,,0.10112736779772291,0.10176877789893535,0.1095595526751465,0.004536797489318012,0.04137462528435609,-0.006133347921502705,0.10112736779772291,7.537818757670356,Low shock
25005,Bristol County,MA,25,0.038888501012357746,0.04174998208854123,0.041333819110847235,0.039978205940834774,1.2281099140676983,1.2244933967340963,1.1970553129247476,1.1970800905227135,0.0005593534303578451,0.0029491275159347907,0.022662569637097008,-2.069857697328814e-05,1208.1823176935948,1293.2726495109264,1424.1110905000241,1589.7784414197686,0.05591820341342579,0.06805893001743257,0.09637187955348914,0.11004683856518849,0.04122079234390963,0.009566695056915542,0.0003367709753915177,0.06198856671542918,7.164931222367167,Low shock
25009,Essex County,MA,25,0.038443135036232756,0.04180699088373879,0.042417644133551494,0.03941264471405906,1.7208521953844693,1.7175073268938392,1.6832639714625446,1.6850609858164733,0.0011428225155913907,0.0019456194293265838,0.020139262429431426,-0.001067007813801979,1789.521618499941,1858.1463563561801,2003.7115268179575,2202.085586789691,0.037112859806274656,0.03763107630253604,0.07542181596508879,0.094403681129684,0.04754078049298105,0.007991906335355736,0.0007900814638195017,0.03737196805440535,7.527334687184425,Medium shock
25013,Hampden County,MA,25,0.028365660397036908,0.03009731017413112,0.030883620257730927,0.03160167986414335,0.687065350650243,0.6896759816028932,0.6913507697758727,0.6945077459317038,-0.0049816770834336666,-0.0037924830475173366,-0.0024254258541027696,-0.004555994108848438,1080.4289500763227,1134.8099422152268,1221.4131551149026,1353.1133962623462,0.04381752924444271,0.049107046839782065,0.07354332715135126,0.10239964439109261,0.04150919772910955,0.0008963700839998978,0.0020111647753531213,0.04646228804211239,7.034220464101135,Medium shock
25017,Middlesex County,MA,25,0.047957866388541145,0.05043625628442414,0.0530818920940001,0.051381682264296846,2.757464175618754,2.7606921676000495,2.7472357601922264,2.748030979827981,0.0017106805522963953,-0.0011699532049203043,0.004886205613752637,-0.00028941985127417524,2464.654664917574,2452.6314895170794,2507.3077087336947,2786.898052143492,0.03016982336390228,-0.0048901768100906295,0.0220480259640512,0.10571961658107565,0.0512439979956576,0.002028029207551185,0.003034725842665828,0.012639823276905826,7.804916804484303,Medium shock
25021,Norfolk County,MA,25,0.060253351910945344,0.0622600114196526,0.06315881939564301,0.05892948405279831,2.720726733826948,2.7121167055957844,2.655730871214997,2.652077483669185,0.00501279764050544,0.0031696239862473163,0.021009504317763827,0.0013766089046516328,2255.324423218527,2261.224542804631,2322.5442198324067,2569.4449834263437,0.033617018294693324,0.002612668648869665,0.026756731635175335,0.10102668454796238,0.04577686461978736,0.007101845797831352,-0.00021252994107831547,0.018114843471781494,7.723661778627175,Low shock
25023,Plymouth County,MA,25,0.04506013091794794,0.05047877419527562,0.05046491537704126,0.045458213954239136,2.5735808416739965,2.564259228851067,2.5194209271393975,2.518527964474316,0.00567488351902945,0.003628615497172305,0.01764055294420075,0.00035449453483771265,1786.8315708045463,1881.0616183267864,2053.0884987481986,2235.2483212536886,0.04074521364878336,0.051392328815889066,0.08750893608184551,0.08500708345478092,0.040189238535977,0.004345774231418353,0.00019211210902841946,0.046068771232336214,7.539591587045609,Low shock
25025,Suffolk County,MA,25,0.07470279533040591,0.0752244464466002,0.07791906045146467,0.08060289345696425,4.586091585340886,4.610881980882804,4.7720247794100565,4.807417157900762,0.002350402153391329,-0.005391002899699515,-0.034351539116929786,-0.007389269596567161,2588.598134048462,2574.2338800519656,2581.722959779319,2860.5341993200655,0.03324307627421064,-0.00556450065445091,0.00290502237578405,0.10255140045601152,0.03888892360601792,-0.01935010398359438,0.004297356065711411,0.013839287809879863,7.853307246519377,High shock
25027,Worcester County,MA,25,0.03565397649853844,0.03810659402189207,0.03949854260920599,0.038009284866776315,2.026944739529763,2.0272258481546332,1.9496093822486964,1.9481430059811815,0.0008238986552058236,-0.00013867626891261864,0.03903924545765136,0.0007524214935372697,1389.3719653767719,1471.408031955492,1597.4149926965595,1784.8282761221592,0.05663261273514397,0.057367965647979524,0.08216690592654619,0.11093551360638543,0.03955092057490406,0.019553222282447713,0.0018736284777759044,0.05700028919156175,7.293975066199788,Medium shock
26021,Berrien County,MI,26,,0.052149923146651955,0.049919431475436926,0.04818281268992342,,1.6990687796111745,1.695445771819083,1.7011810122027025,,-0.0021346257987246986,0.0021346257987246986,-0.0033770244414998984,,917.3649177855818,991.207655174402,1088.0928449172216,,0.044764830835617,0.077418712905164,0.09325770575376158,0.04057337849384579,0.0015134264773370987,-0.0030988010639717845,0.044764830835617,6.821505340517962,Low shock
26049,Genesee County,MI,26,0.03949151103832214,0.040082814190323425,0.04270314287376156,0.04055136378949777,1.1954587357222788,1.1981402886406418,1.198634792043042,1.2066987955404394,-0.0022749441075617938,-0.0022406042222780087,-0.000412640646510809,-0.00670512709861093,730.5605911168792,766.1901006107532,857.1996275650339,940.9420124106045,0.04572870909396176,0.04761813960227279,0.11224051704900795,0.09321068519763553,0.056052176775204465,-0.0013011097076409683,0.00184009071730689,0.046673424348117276,6.641430312071824,Medium shock
26065,Ingham County,MI,26,0.06146533597891433,0.0658273015072697,0.06546249074815723,0.0632469772031778,1.9593310137050226,1.964839354596726,2.105270919977583,2.0142727628696506,0.0005457419393977148,-0.0028073931519436712,-0.06903367333670651,0.0441859434029368,816.9915943318006,860.7305356515707,936.2601074127853,1030.67066719762,0.04425908682046753,0.05215268236900261,0.08411184168712982,0.09607167212236689,0.041885872310013283,-0.011293039360611878,0.0007084152325755044,0.04820588459473507,6.757781488720511,Low shock
26075,Jackson County,MI,26,0.03960501866377255,0.04196843082636954,0.04530890534153177,0.04412487708947886,1.0040604457018003,1.013255161865919,0.9927448458435834,0.9952553236770615,-0.0014954995830347428,-0.009115856539311906,0.02044968166007699,-0.002525632750398188,727.2524082911604,776.153061172016,844.1210760603423,923.4595765216994,0.053825928584959826,0.0650761356379359,0.08394619484347121,0.08983108728689881,0.027437608953737147,0.014267702516012726,0.003930166470434274,0.059451032111447866,6.654349744511594,High shock
26077,Kalamazoo County,MI,26,0.04614993099533117,0.048182853642428476,0.04993209913526252,0.04921828345423752,1.8679551540121493,1.8647457780050227,1.9038626148171178,1.9011698327277187,0.001549041016351893,0.0017196002875277117,-0.020760045939555383,0.0014153795406777192,913.3213451300265,949.3808557302747,1022.9985407086912,1121.8349044704005,0.047497321029785766,0.03872225645768612,0.07468329815288666,0.09222759182173945,0.04034565624357711,-0.011306653851378634,0.002408798975870194,0.043109788743735944,6.855810041315505,Medium shock
26081,Kent County,MI,26,0.04093375311027946,0.042036871803249845,0.042879019908116385,0.04202015913566059,2.5761266747868454,2.568664719420441,2.5681033069642347,2.5678382808231652,0.004828936549884588,0.0029007825690321454,0.00021858587172296495,0.00010320449980838475,1111.058242366356,1161.7589309953128,1261.9078958782454,1398.8675819455395,0.04972892441687726,0.04462224383422253,0.08268960230211064,0.10303826047860198,0.04568834726480642,-0.003703964373692692,0.0009642770651238364,0.047175584125549896,7.057690455471853,Medium shock
26093,Livingston County,MI,26,0.05433077752835194,0.06004959110089969,0.062365129892580806,0.05545374133535291,3.5249768299159627,3.519900174175267,3.4658762216317776,3.451721782046968,0.004168879320188168,0.0014412335705777934,0.015467151109096022,0.004092304678856351,1484.3749451526785,1516.1151903002865,1678.6783211180148,1830.0451727446234,0.041170475814239715,0.021157496090202343,0.10185550279208222,0.08633388093519567,0.06293070591141792,0.006974671448593206,0.001719251299341043,0.03116398595222103,7.323906546363434,Medium shock
26099,Macomb County,MI,26,0.041377632397069555,0.041932802022070885,0.04246148138050058,0.04172449226058157,1.848945825772677,1.8523388505393372,1.8378708499782372,1.8450416649985417,0.00034394243201418817,-0.001833431369835381,0.00784132928334813,-0.0038941050338241467,967.1297383218158,1019.7197304535448,1128.0246451751266,1235.011839772303,0.03561953341648838,0.052950442209001025,0.10094018592298237,0.09061255549745084,0.051491382897471905,0.0027183565936725884,0.00043776961097086176,0.0442849878127447,6.927283094455855,Low shock
26125,Oakland County,MI,26,0.04510304579491068,0.047759627673505424,0.04911340508089904,0.046192254909632975,1.9678371918844009,1.9745360638042408,1.9447914947785296,1.9472473004071518,0.0002019721714656697,-0.0033983988488888173,0.015178695659802344,-0.0012619637592390376,1253.5706697513053,1292.2724327261947,1417.0650703470722,1525.842739942175,0.03557811161190205,0.03040622940564841,0.0921856364834186,0.07395899291980612,0.05008014419283713,0.008556579288993227,0.001221493261057957,0.03299217050877523,7.164157523357624,Medium shock
26139,Ottawa County,MI,26,0.05402271924147433,0.05706619925121274,0.05574082705195995,0.05520982304643813,5.6131201537089135,5.5526329186960135,5.482702342213122,5.436697040389741,0.0064780843304461655,0.010834527025743057,0.012674107478117591,0.008426392775795932,1123.0087906818137,1177.975363955239,1311.0109915678488,1435.8349594436413,0.038945427844253366,0.04778566797889816,0.10700141729599633,0.09094794441529341,0.055609132944069106,0.0018939444488621504,-6.913419714449365e-05,0.043365547911575764,7.071552450542281,Low shock
26161,Washtenaw County,MI,26,0.05912413810687657,0.06173373462107618,0.06391142746545303,0.06271476713993702,2.8921198559642844,2.906080393371408,2.9177043009427064,2.905834588435597,-0.006242660265801447,-0.0048154819717147745,-0.00399187937641976,0.004076465932392637,1495.4462617649751,1515.4512928154961,1618.6311471618417,1780.1202646799102,0.038511246204557814,0.013288612497155405,0.06586754351789814,0.09510010528112023,0.054583895048652575,0.005571364396744549,0.002884160938718641,0.02589992935085661,7.3234685566316555,Medium shock
26163,Wayne County,MI,26,0.03539133489265916,0.03845238280632983,0.03575015460338499,0.034315800061122094,1.1405108185679276,1.1467158597812392,1.1246293258928999,1.1347730624432186,-0.003294392164097104,-0.005425834260249118,0.019448589500933977,-0.00897919268970071,916.0098249973103,968.1780934979328,1083.6071133010455,1192.099085696745,0.052814768073110585,0.05538896064425991,0.11263462345709296,0.09542029505751604,0.04992559489861925,0.009594811617789745,-0.0018888815172409534,0.05410186435868525,6.875416051240464,Low shock
27003,Anoka County,MN,27,0.06396547240773509,0.07178253474510045,0.07207653826591381,0.06571493315205076,4.670832191263586,4.639907090722687,4.540486457387399,4.524421036661357,0.009933437686616031,0.0066429127326745885,0.021660186969082673,0.003544534250726983,1269.4599338352568,1316.1960069916604,1406.242649989191,1478.9362401218532,0.042058374759611716,0.036154202217561604,0.0661755969871125,0.05040171238960145,0.019182366199770318,0.004314185400259518,0.0010217321325645262,0.03910628848858666,7.182501042277606,Medium shock
27019,Carver County,MN,27,0.0679518856317807,0.07236555304561487,0.073316754167818,0.06688196479476906,6.5634274408340305,6.4749214094684,6.338474540460596,6.265891754449691,0.014593064132292,0.013576472271864759,0.021298339240058084,0.0115172134211452,1495.4405054320644,1544.7602257552444,1642.5644738136607,1751.2308810241893,0.03386606901875133,0.0324478887159394,0.061390019449651057,0.06406017720889601,0.029568119461928166,0.002323008128523263,-5.9359857404253646e-05,0.033156978867345366,7.342623983602134,Low shock
27037,Dakota County,MN,27,0.0615282245218839,0.06524336971912313,0.06576131254436936,0.06271892124900945,5.041296719315035,5.013814041921506,4.890113613263162,4.884134346405818,0.00931316495437251,0.005466423291009548,0.024981374265362177,0.0012234736887943853,1307.5630835552129,1359.4829026992677,1419.2929926498402,1495.816799075609,0.042415827966827635,0.03893924558902473,0.04305444628036792,0.05251355641900002,0.007106464571757787,0.005712629854387252,0.0008543197761858856,0.04067753677792618,7.214859687825197,Medium shock
27053,Hennepin County,MN,27,0.055145925563117794,0.05432769110104009,0.05474243388418319,0.05441878073522924,6.08144905106789,6.065871549217602,6.058005361972513,6.120601464044052,0.0056579546778774414,0.002564764840242262,0.0012976357985987619,-0.010279772423082534,1428.3884575146938,1455.7643590568848,1482.127507871173,1556.547302831989,0.043859534653104326,0.01898423937358462,0.017947465503019622,0.04899154007707107,0.002047615776700873,-0.008602428071301738,-0.00015620102237273031,0.031421887013344474,7.283286374351829,Low shock
27109,Olmsted County,MN,27,0.04941783587903566,0.05227485359853079,0.05143315786429108,0.052918348669414625,4.254431436012845,4.224786249670429,4.110124464095956,4.102757931185837,0.01128425424483126,0.006992462803028232,0.027515356450706463,0.0017938975699571813,1293.3463816111253,1307.4802275872464,1374.624012402852,1486.2873547068377,0.041108104888317065,0.010868840747626507,0.050078453661903666,0.0781010540352911,0.0381012810306256,0.005516268486402076,0.001329408528069627,0.025988472817971786,7.175857073520525,Medium shock
27123,Ramsey County,MN,27,0.06897636874911492,0.06959125991004393,0.07012065060348871,0.06948116632841157,5.329020144387518,5.345836763076676,5.3839437525849,5.451300290525086,0.001332687820363887,-0.0031506993951033735,-0.007103062298748242,-0.012433020490247415,1237.3278673199682,1272.161709734755,1302.542986739559,1360.5655988245387,0.040094743881263106,0.02776347846154792,0.02360091022355082,0.04358199742612623,-0.00033765734656698854,-0.008859035607128085,0.000517094136370716,0.03392911117140551,7.148472866114315,Low shock
27137,Saint Louis County,MN,27,0.038759740727875684,0.04225839750206772,0.044510562726959475,0.04297975624198806,1.4908740437323051,1.4959352869475868,1.4885651134467048,1.4882891189528857,-0.0031975008573930097,-0.003389066725921097,0.004938976374017301,0.00018542694607326382,1041.5742430480184,1085.4736096839729,1147.2645571495111,1229.3056391060084,0.021951018606239714,0.04128313446238696,0.05536406457351184,0.06906902598449083,0.030599468744687996,0.005855485451702336,0.003236090369502072,0.03161707653431334,6.989771677354432,High shock
27139,Scott County,MN,27,0.06835040491069777,0.07688784892915156,0.07334752258621459,0.06535947712418301,4.12069474644976,4.074617258061305,3.997109581996081,3.9760916443794,0.011237097014282327,0.011244959044917735,0.019205322465079888,0.005272157494548679,1303.6419793388393,1351.3317657389402,1437.174985244362,1533.0174815397195,0.052268413712723394,0.0359287292403172,0.06158877157851794,0.06455863240361559,0.018975130514546468,0.0009977119502142529,-0.0032656270647258706,0.0440985714765203,7.208845878307844,Low shock
27145,Stearns County,MN,27,0.055990982130698586,0.06101846293503565,0.06112325990719505,0.0551216894943142,3.091708261938464,3.073353164072625,3.1280621089922365,3.107799453326843,0.006490010634600196,0.005954572333370933,-0.01764447690409021,0.006498773834975324,893.699143524606,930.5395189080558,989.6394461363337,1104.8649288590984,0.054220985930752974,0.04039535575718656,0.061576135175033464,0.11013768918243105,0.03854874133476249,-0.011795143018543008,-0.00038224783211249225,0.047308170843969766,6.835764545796312,Low shock
27163,Washington County,MN,27,0.0715501205361984,0.07731114857080489,0.07796978953094272,0.07236328125,10.223165143729933,10.11014178306137,9.836365968519232,9.718686746159054,0.013698896895114387,0.011117180804442128,0.027452726266439242,0.012035829784752039,1472.6951298767526,1535.0935370464338,1644.8917677317356,1749.0994649345714,0.03782368014384385,0.041497171559766066,0.06908327199158748,0.06142647666101997,0.025594448474498765,0.007336239175817383,0.0007359008369697134,0.03966042585180496,7.336346594351365,Medium shock
27171,Wright County,MN,27,,0.07199223561909739,0.0760049271837091,0.06872714635399353,,9.896683755320895,9.558965317759842,9.370906979570343,,0.012245885498456843,0.034720235968007884,0.019869603168146455,,1252.0550320897921,1347.4056766242354,1460.212899041303,,0.04574932325709291,0.07339479550117112,0.08040122379417092,0.031148686390578106,0.015049034069620326,0.00037380114975392453,0.04574932325709291,7.13254150603732,Low shock
28033,DeSoto County,MS,28,0.07831758355226183,0.08408132777981744,0.08208775391909758,0.07940200602570459,9.137740378131996,8.997477094675343,8.962773274639689,8.862428326288033,0.016199771873754543,0.015468916277606937,0.0038645188694363952,0.011258891831378293,1177.3673088393232,1245.3770347680522,1414.410059337771,1554.8454382306297,0.024245184946969367,0.05615747156650652,0.12727420172303638,0.09466361909046572,0.07076758215001311,-0.008272638725273396,-0.000454575693638562,0.040201328256737945,7.127193602223408,Low shock
28047,Harrison County,MS,28,0.07947796083389304,0.08524777522376177,0.08615969781919164,0.0780759823903473,8.193053945222482,8.156091206459738,8.129460343222666,8.092452588111746,0.007281362896215171,0.004521680050775245,0.0032704924844679795,0.004562694852376481,895.6550552438462,954.6302471041986,1056.546700545006,1196.2649374699179,0.04493368735060432,0.06376873383852733,0.10143694944894843,0.1241983904517534,0.058466459355785094,-0.001984927805072978,-0.00024502792405793616,0.054351210594565824,6.861324089701704,Low shock
28049,Hinds County,MS,28,0.045362678166457115,0.04944685171847881,0.04873586265233873,0.04565579533434256,0.8451226505805907,0.8597773352166551,0.8810414269275029,0.9009216060306589,-0.01687991407189493,-0.017191677744927247,-0.024431204264693918,-0.022313598637991205,902.5354855380347,938.1694084763058,989.5443436803395,1056.0827538905812,0.017441705781950034,0.03872253016063798,0.05331403951783109,0.065077248354239,0.03111352596474104,-0.006336605542931473,-0.00020893594912732572,0.028082117971294007,6.8439305387504135,Low shock
28059,Jackson County,MS,28,0.06393393583944451,0.07088618823738135,0.07159552333201954,0.06712738916879991,3.8078765857434775,3.796887386823549,3.7796191306875997,3.766478342749529,0.001745054958341541,0.0028900848490742703,0.004558376871230507,0.003482807177460856,840.9488960081395,888.933069375386,989.5010822213139,1111.4911423169513,0.036964890771179704,0.05549105275664701,0.10717891360933418,0.11625690549970624,0.06548993779060686,0.001703022120637776,0.0019513942119968042,0.046227971763913356,6.790021945137907,Medium shock
28121,Rankin County,MS,28,0.06001722824106285,0.06535968918052998,0.0676772648774017,0.06347045525799053,1.8925982670494779,1.8849174547203076,1.8593120545398203,1.8493124834882815,0.006879449906193713,0.0040666001043252464,0.013677473183600242,0.005392616686616947,1136.894887835432,1173.8840220492223,1258.4199119744035,1381.1827291893042,0.03667485370466306,0.03201716425113599,0.06953896807252846,0.09308328636448504,0.04696511824060723,0.004062019929849114,0.0028854013568997,0.03434600897789952,7.068073206793654,Medium shock
29019,Boone County,MO,29,0.059364477953075985,0.06595931607758329,0.06554566283772355,0.06542146665175409,5.086037419098319,5.033034411528436,4.948553313811353,4.9062172053206625,0.008401476828543863,0.010475959296257997,0.016927790922865782,0.008592055767891793,871.6174097915565,903.2225191943327,969.541070277353,1095.1825251703733,0.02572848067188982,0.035618367811264484,0.07085389091166228,0.1218534818989161,0.06568026216371203,0.003321205282977857,0.0028216677294091858,0.030673424241577152,6.805968945202155,Medium shock
29037,Cass County,MO,29,0.07205903631891188,0.08339060218194314,0.08050258520042253,0.0766140415644205,10.47942419914689,10.373949029080762,10.092913098925123,10.040142446786339,0.009292934742960668,0.010115971970110493,0.027464258398392616,0.0052422020956246485,1188.7833108840707,1239.2373068982931,1338.6576200315594,1455.504568132246,0.040597415192507036,0.04156575903959325,0.0771712204552859,0.08368528697594257,0.039346666599564095,0.0066487768904730515,0.0008334941319940031,0.041081587116050144,7.122251394280783,Medium shock
29047,Clay County,MO,29,0.07640704945992041,0.07968975918919793,0.07549340607187885,0.07450429850550049,1.464941202768619,1.447943092285659,1.4343165110543985,1.4284046238275017,0.014976552749201844,0.011671114751155898,0.009455555455099685,0.0041302630278128305,1025.8044341569919,1075.450332912751,1165.4048764906731,1273.0235973664073,0.034756579145786226,0.047262369600207244,0.08032907191333027,0.08832629610889597,0.04331820963811639,-0.006530924508722613,-0.0030495520358695127,0.041009474372996735,6.980494767179092,Low shock
29077,Greene County,MO,29,0.0636383915361258,0.06753712146747326,0.07135885971084228,0.06794347258774355,4.521310123714221,4.498350830686413,4.407202970461444,4.376692381520925,0.007074392375603367,0.005090954689261906,0.020470606357520182,0.006946966106058383,804.2697189119468,855.1831873106831,968.9987318282051,1074.4926951462269,0.05776078651102701,0.061381015947583606,0.12494760299493102,0.10334061453752152,0.054573207536920965,0.007626112699356646,0.004063409647493396,0.059570901229305306,6.751315700152157,High shock
29095,Jackson County,MO,29,0.0563406422491713,0.05910419243461978,0.0605492921609466,0.058525690693452696,6.767942074252857,6.7528420157948785,6.640431830053979,6.655794744058373,0.003614104473001589,0.0022336078492593003,0.016786459628885808,-0.0023108692914348694,964.3501845032009,1015.6935273314489,1096.4354084003605,1195.71912000095,0.04227338683775983,0.05187244572702365,0.07649272274852947,0.08668339837634331,0.03451514428004465,0.004313939007595025,0.0018150740853041109,0.04707291628239174,6.923326936306709,Medium shock
29099,Jefferson County,MO,29,0.049823969799155904,0.05654119777519079,0.05630709437090549,0.05456121750847378,3.6956193822592525,3.6770061312863342,3.653620944502682,3.634063345257831,0.0033151313084864853,0.0050492976985587745,0.006380154349415079,0.005367314339807194,911.6875952172649,950.4897176827377,1018.4725190352316,1122.8813820692928,0.04133255502716793,0.04167996178458555,0.06908190942970904,0.09759406971814943,0.0418317311680525,0.0016915198410885068,0.0022515721525162846,0.04150625840587674,6.856977344071694,Medium shock
29101,Johnson County,MO,29,0.09469479465734615,0.09944485833072986,0.09793929198723499,0.09596698735634941,0.7935482680347684,0.7930799166343901,0.7934457689043067,0.7897298389318445,0.008692886397815514,0.0005903732437211318,-0.00046119931084120935,0.0046942825266427235,717.3195687364769,746.1167036567967,805.5420244966986,866.9203734346374,0.03973623643231239,0.0393605833215771,0.07663334600826666,0.07343175788539913,0.03548414206988815,-0.0025250882128675656,-0.00011668682224580396,0.039548409876944746,6.614882027186648,Low shock
29165,Platte County,MO,29,0.10157752116666854,0.10805253022010902,0.10510870417455392,0.10148757095321981,4.115501403662892,4.045732737581196,3.963437063194291,3.897983178077236,0.017074842197217777,0.017097993895291097,0.020551086531813922,0.01665230852136368,1117.5682485385034,1164.5276321896129,1250.7969997914706,1364.3114224254894,0.03252527620236645,0.04116042070405079,0.07146540910451016,0.08686890095547461,0.042324306576783766,0.0015152794803343639,-0.001516888129501917,0.03684284845320862,7.0600708178446006,Low shock
29183,Saint Charles County,MO,29,0.0541708568482048,0.05853011602281202,0.05769717566069522,0.05452913731796254,7.210706504824152,7.1294226546267385,7.055412763573021,6.998583850091107,0.007419927804342308,0.011336679027605712,0.010435166918092875,0.008087268665262215,1131.798541131779,1172.5809480825646,1275.4227568577105,1417.0826528743557,0.029701705259107314,0.03539926108673619,0.08407043982631279,0.10532259083036521,0.06214603215541725,-0.00011708562429646463,-0.00023732994617953196,0.03255048317292175,7.066962536813748,Low shock
29189,Saint Louis County,MO,29,0.05013611126407501,0.052815839147372326,0.05225237996989991,0.04891590371973865,1.237610086522205,1.2394116818575078,1.2339261587337835,1.2434509397037317,-0.00043487715405987615,-0.0014546466050333606,0.0044357321737429345,-0.007689445347129009,990.3531032693762,1031.5593261329966,1117.0749229604105,1222.38222698513,0.035548453011078784,0.04076529577982413,0.07964202669983855,0.09008800687801166,0.04670814239347365,-0.000682094707146419,-0.0008918333609043844,0.03815687439545146,6.938826845285914,Low shock
29510,Saint Louis City,MO,29,0.09685614639915015,0.09933654823868156,0.09644115405320414,0.09499612620555155,1.4025198828796193,1.4177963681566967,1.4372220065253967,1.474529425946826,-0.009177168624914245,-0.010833277775200045,-0.013608275392108737,-0.02562681741066264,969.2204569177717,1016.2967751276827,1076.136555232315,1179.5878991136055,0.034957653040033065,0.047428591255296304,0.057211955747821897,0.09178777568605145,0.03330674356927199,-0.009612323201328543,-0.002377707189538017,0.041193122147664685,6.923920686988714,Low shock
30013,Cascade County,MT,30,0.06344883619457442,0.06794665103326983,0.07144361535684197,0.06635260064388457,1.8551963928101924,1.8562682860865931,1.7859043654125912,1.7764496888271901,-0.004449927354821526,-0.0005776120205567281,0.038643240391605715,0.005308118531235806,796.5328315259558,828.3110146584386,933.7952490008162,1091.7873315659233,0.028984038350428065,0.03912035718088447,0.11986848928622962,0.1563141913135624,0.10403914253423974,0.024489449149109888,0.003200364386441154,0.03405219776565627,6.719388705425302,High shock
30063,Missoula County,MT,30,0.06663234456469351,0.07260457699253361,0.07002792026491786,0.06356728232189973,6.571385737844186,6.486886458932829,6.583723433549453,6.520068423531745,0.00926269565786697,0.012942058042863636,-0.01481778543697132,0.009715586362295525,927.4613316219933,991.316838960316,1197.6238058067943,1346.3121711753056,0.04827733312649496,0.06658309700067111,0.1890605111964634,0.11702969757126169,0.0956148893202795,-0.0136534763877032,-0.0028208594852047603,0.057430215063583034,6.899034199639576,Low shock
30111,Yellowstone County,MT,30,0.05004781878562876,0.055171411969785006,0.060151101347740904,0.054811214682093504,8.658250128603214,8.571077980244185,8.343386805862469,8.22393595102137,0.00765867735757908,0.010119128459624704,0.02692428425770288,0.01442030514197512,932.1383624651036,982.6127854042247,1099.1423773899144,1239.8980209781892,0.031376569920723796,0.052733870212170686,0.11207036631807021,0.12049891629279319,0.07422942123898446,0.011783391791237108,0.004871542637210326,0.04205522006644724,6.890215131459609,High shock
31055,Douglas County,NE,31,0.048015864688477114,0.04884808661806,0.04776337970609771,0.04768827360410215,5.675647269032687,5.641336369904515,5.534185552359544,5.528010291653728,0.007626315885191914,0.006063630619303595,0.019176572139574688,0.0011164621263883845,998.0087863980883,1042.2451982621867,1106.424296484612,1205.2261317804043,0.034453384840126944,0.0433704293831525,0.059756230393793075,0.08553374949138615,0.03373308283094989,0.0033015438807337816,-0.0007061489981686209,0.03891190711163972,6.949132509661962,Low shock
31109,Lancaster County,NE,31,0.03878702120551068,0.041369062248320244,0.04102071884600709,0.04114903849847497,6.180846285996049,6.137533135817869,6.085267962053654,6.0659486983485085,0.0063991396340785656,0.007032309558479,0.008552130055441864,0.00317980997680678,956.4042129798828,989.50788671181,1049.9098065295575,1138.445196370679,0.023225260960344052,0.03402709479780075,0.05925180550692133,0.0809592067295748,0.04147932823917566,-0.0008497545801544604,0.0010068369453255649,0.0286261778790724,6.897207735411878,Medium shock
31153,Sarpy County,NE,31,0.08522700119474313,0.09242011337633815,0.09154606771003863,0.08754096283540572,8.828581059750768,8.736815351378828,8.512789821798933,8.400067200537604,0.015024581885489496,0.010448559324183648,0.025976029484098717,0.013330011628468696,1006.7343215917182,1054.0096955422732,1133.8859750512504,1235.0148210013358,0.0400964423670116,0.04588990154399486,0.0730490002651969,0.08543232166995995,0.036247489012075196,0.0069164499514471345,0.0007199579871815243,0.04299317195550323,6.96035692786571,Low shock
32003,Clark County,NV,32,0.05328687825133196,0.054632015345313444,0.05524475841504037,0.052618893407959444,6.195394844376954,6.088180165227165,6.142961081509687,6.070952644416553,0.02082895299420251,0.017457035405595178,-0.008957673119498466,0.011791350916757537,1246.5769904913761,1298.7817680414794,1518.881345077074,1690.1019799185349,0.062034153035734896,0.04102533619670101,0.15654738311579486,0.1068147635388561,0.08015132871110753,-0.01772615530126931,-2.7620886822794788e-05,0.051529744616217954,7.169182002588956,Low shock
32031,Washoe County,NV,32,0.05602113789938235,0.05957977261463136,0.05888275338635853,0.05348060789783771,9.502922429140884,9.409283938610134,9.081529435565447,9.032556642118395,0.016624109863201397,0.009902520508767054,0.035454236442204135,0.005407163525314118,1361.8714702687334,1421.6371172128472,1607.880707535789,1698.2298002659238,0.05660531829693127,0.042949272084602974,0.12310787416830937,0.05466943342880093,0.03911135860778803,0.0071673847977749006,-0.0016187746149087384,0.049777295190767124,7.2595643859627685,Low shock
33011,Hillsborough County,NH,33,0.05144081522472668,0.05523662568510008,0.056654541687290644,0.053052415326066214,2.077857413019644,2.0729100743907245,2.0451776924835006,2.030442603738541,0.006775941520707818,0.002383819853429614,0.01346877614825992,0.007230876223319527,1352.5037431985527,1425.7613493565439,1615.8454106429465,1816.0177986775564,0.052051479318762084,0.0527484519448187,0.12515234249823415,0.11678778737278961,0.06857009930372149,0.0057699454987210075,0.0015147580517650555,0.05239996563179039,7.262461230276082,Medium shock
33015,Rockingham County,NH,33,0.058637463499018896,0.0655069197450435,0.06392950056795281,0.05776219590405746,3.765578222944191,3.7454988162810343,3.663671212216427,3.6479337239897007,0.0041098785407722715,0.005346624563008717,0.02208909523971414,0.004304803847331229,1727.9996869035378,1807.7943825180857,1986.8611516933788,2226.8045209123707,0.05000251421780799,0.04514303982751322,0.09444855374612704,0.11401152478804555,0.05665726224442569,0.00846869799163219,-0.0012263433860260561,0.047572777022660606,7.499862808001415,Low shock
33017,Strafford County,NH,33,0.06382643308964077,0.06992494966135823,0.0679848105292457,0.06425477608477068,2.4251048073686468,2.4100415865220137,2.4100232639469645,2.3911715231838033,0.005169555687761118,0.006230739817025821,7.60262594567962e-06,0.007852977635760539,1292.641491039212,1377.1657705360997,1525.662799358106,1729.33430586058,0.059232809344386794,0.0633398055524852,0.1024013403834525,0.1253076019888546,0.052568163737717555,-0.0017698576215403605,-0.0007558980684913286,0.061286307448435995,7.227782876766951,Low shock
34001,Atlantic County,NJ,34,0.03630626382793515,0.04145086965637532,0.04409203922189423,0.03994425112499772,2.5298403583498006,2.5366521515906366,2.425842680283391,2.4220900421959315,-0.001292530981789497,-0.0026889598008335014,0.04466620003250732,0.001548139816200944,1169.4052242110856,1234.4246487373828,1428.1237772965712,1682.4751536393517,0.03223760509320073,0.05410972588228358,0.14575654887970924,0.16390447596268665,0.11165684693345579,0.02509791531566563,0.0031395784312907363,0.04317366548774215,7.118360269042544,Medium shock
34003,Bergen County,NJ,34,0.04342111834227993,0.04944612310364598,0.051542815596863426,0.048997373852226626,3.625613565372601,3.6328695154955857,3.537848171884993,3.5446861169956163,-0.0006873431029372767,-0.0019993027356015602,0.026504154858795204,-0.0019309323347620477,2043.1432748611612,2078.119340552809,2192.5771903521045,2412.098625450827,0.03350725671607169,0.016973878495596395,0.05361432967510105,0.09541951632891443,0.0492763553961737,0.013629934181285996,0.0038364740015820673,0.02524056760583404,7.639218600497501,High shock
34005,Burlington County,NJ,34,0.05528462860574434,0.05798682885970507,0.06424591461327858,0.05990274496729949,3.920118343195267,3.9162912341355502,3.7655093125846375,3.7524055944956136,0.001639769364125243,0.0009767507239679674,0.039261964523506165,0.0034860015099678066,1403.0265828377542,1464.1162595458309,1644.4832908351361,1835.9670373209144,0.03578939368334755,0.04262007656314726,0.11617440131577172,0.11014511254823223,0.07395502180875457,0.02006572297269038,0.0054386010575643365,0.0392047351232474,7.289007103626352,High shock
34007,Camden County,NJ,34,0.04840757604487446,0.052871653692804256,0.05471403881682195,0.051900044001527965,1.767018161787788,1.7659512755298346,1.7077121808533982,1.7059024223814399,-0.0003592620559214055,0.0006039601017295837,0.0335349427152849,0.0010603180803112622,1279.5100740166579,1343.602879411713,1520.136221733328,1711.7139622006173,0.03296386604462409,0.048877471823175256,0.1234452285930443,0.11869523520260294,0.08014956296392395,0.01717528137489399,0.0026674265403355962,0.04092066893389967,7.203110000793085,Medium shock
34013,Essex County,NJ,34,0.054176714529602814,0.05656381813995524,0.057352412501374794,0.05384699467606286,3.3721368002971968,3.379133817446824,3.1665833560632755,3.1833866055330904,0.002036574169057559,-0.0020728008255108676,0.06496620864464475,-0.005292399426231498,1536.8911415453933,1599.9126946966546,1703.3279602610946,1883.0673465737264,0.050401095705469245,0.04018742517365581,0.0626348991546104,0.10031805351133283,0.036182215893409087,0.02985501793743328,0.00022943725393979875,0.04529426043956253,7.377704340924513,Low shock
34015,Gloucester County,NJ,34,0.04996914488995011,0.05734516646292092,0.05839600450569838,0.053606925555120984,2.429396728366719,2.417773534075602,2.327703944949309,2.3112003572744135,0.00030157849151457583,0.004795877157187434,0.03796473907358511,0.007115325614874379,1442.6003218975754,1511.3285212784047,1706.5142022615544,1903.2249063215784,0.037330362474485845,0.04654181520776923,0.1214637323480856,0.10909695469042013,0.07334425467812533,0.01999130451987874,0.0023443093539741652,0.04193608884112754,7.320744358414413,Medium shock
34017,Hudson County,NJ,34,0.07064696328884686,0.0721980095702379,0.07698236521253567,0.07911023582673986,10.311113748646202,10.347404811319912,9.87990583525719,9.894914583395622,0.0024360909835756672,-0.003513427151155213,0.04623276453254377,-0.001517965847742886,2242.514410919359,2233.3830215551066,2254.5022938981224,2578.921295169279,0.029473956125300127,-0.004080255265299648,0.009411750414982656,0.1344419725028665,0.059230011028924334,0.022896067426190214,0.006623814090095381,0.01269685043000024,7.711272764920965,High shock
34019,Hunterdon County,NJ,34,0.048529786430284556,0.06075454917997053,0.06632052931446425,0.0580175264992467,2.54790297202099,2.5561511895317994,2.4600720284412088,2.457532452524941,-0.0005110474187546288,-0.0032320286696876366,0.03831205623020928,0.0010328509142460973,1731.7796880085907,1798.5245498000268,1972.1563235589135,2187.3305568778615,0.036261022881245,0.03781703308260553,0.09216089040691777,0.10355435191628004,0.06081859317967364,0.02154399161644882,0.007526860101727935,0.037039027981925265,7.494721913195436,High shock
34021,Mercer County,NJ,34,0.050198344515582305,0.052709609586701206,0.0552224676554118,0.050037915171123805,2.2605808497284317,2.265554584344255,2.1770302376940225,2.1849944455970522,-0.0018269010071900738,-0.002197785148192466,0.03985790679239187,-0.0036516147115310815,1754.822712573613,1822.6511076121496,1971.2235025618781,2205.8455247551065,0.025894897602170452,0.03792426039513952,0.07836232352403272,0.11245647607870879,0.06349982080271577,0.020115489118121666,0.0011762143621260462,0.031909578998654986,7.508047372715822,Medium shock
34023,Middlesex County,NJ,34,0.05198009955708209,0.05555244143362021,0.058066488609946176,0.05401359074269214,3.344274703600463,3.3510141770871824,3.1970258498731394,3.2017410410477836,-0.001555084912777005,-0.0020131993952947624,0.04704208373896712,-0.0014737814671121896,1813.4093916017025,1854.665780913116,1969.3657526230636,2245.3532616968937,0.0187933110018097,0.02249579259386003,0.060007030116714155,0.13115132576266664,0.07493462614185553,0.02456829328996335,0.0022737691809679994,0.020644551797834865,7.525459786794116,Medium shock
34025,Monmouth County,NJ,34,0.04098793863432867,0.04923374894953816,0.05074726724283762,0.04495300670170123,4.256987801906446,4.265978417836252,4.080325807364694,4.094823571778935,-0.001889491157420764,-0.002109739504481567,0.044494720952148015,-0.003546792588132064,1848.796323047778,1946.3834812244547,2184.055898706689,2433.367905258469,0.03671077044208104,0.05143823447195128,0.11521062658482784,0.10809261482473431,0.06757711824776491,0.02247357951295914,0.002739293180336007,0.04407450245701616,7.57372830459835,Medium shock
34027,Morris County,NJ,34,0.0483372175408733,0.05679847054627461,0.059539555165048816,0.05472165796365296,3.315858960040848,3.3191674794893773,3.192241482296769,3.1884573930155176,-0.0030609543317865473,-0.000997289084796904,0.03899066321842781,0.0011861050956429864,2108.585597480533,2127.092136528329,2272.765629271738,2503.7482175299106,0.025809764946439273,0.00873846310991322,0.06624157593029256,0.09679146727050014,0.0642424075722201,0.022117505865327125,0.0045627625207769335,0.017274114028176246,7.662511131858826,High shock
34029,Ocean County,NJ,34,0.04218027253406676,0.04717577886007999,0.05045092322643343,0.04358280733393448,5.967097834066943,5.901630803745134,5.5784249605663065,5.528754863397813,0.009674664241325459,0.011031964127949934,0.05632224871517799,0.008943841561475097,1692.448472291796,1788.509142239958,2027.6519150365245,2321.153763624093,0.04049893271400862,0.05520611077476634,0.12549604008481996,0.13518594249772597,0.08248846954688549,0.022279730953688848,0.002338839583110576,0.04785252174438748,7.489137670366163,Medium shock
34031,Passaic County,NJ,34,0.04038171331228648,0.043883755751953836,0.04598305594059886,0.042226890261009384,2.6183748540365617,2.6259937407820426,2.534839575906292,2.558241860935997,-0.0026944485620834513,-0.0029055517238205653,0.03532904094730682,-0.009189898108445504,1578.644454495965,1645.1563369469031,1755.6117654959091,1940.6879771192168,0.04670910661723493,0.04126887875410823,0.06498196314534521,0.10022515708626845,0.03861456743013525,0.015869571562382667,0.001972238568683962,0.04398899268567158,7.405590696341372,Medium shock
34035,Somerset County,NJ,34,0.059055548380045904,0.06628918885089956,0.07092948662378418,0.06531755685797486,5.797004830332305,5.808745608521518,5.520955387909886,5.512221687552406,-0.002342722441994738,-0.002023269801682659,0.05081372257311223,0.001583170853134419,1838.754480310421,1888.0981808220922,1990.5058944737773,2204.5525305218493,0.02723133663361743,0.026481639388136635,0.052818755831630426,0.10213572954429395,0.050620754677085156,0.028381442834962023,0.005451153125406782,0.026856488010877033,7.543325347907435,High shock
34039,Union County,NJ,34,0.05248034765975654,0.057250116336576846,0.05873616224019236,0.054494852765142446,4.760501846715433,4.771387519490668,4.6261301286762455,4.645724093075767,0.00033958023538183113,-0.0022840545225566444,0.030916453929288323,-0.004226553416255996,1765.6269978858484,1827.353377551458,1950.785286371008,2130.0868547804694,0.0423950387482126,0.03436281136311603,0.06536332420773938,0.08793075331336642,0.038268113704888584,0.01431718740010357,0.0017502755045007146,0.038378925055664315,7.510623957243249,Medium shock
34041,Warren County,NJ,34,0.05516708055591862,0.06478668321280329,0.06634960237018556,0.06129399642063019,2.882746195059504,2.8781337574793606,2.749464125824161,2.7411341442521846,-0.002405714255282021,0.0016012965393219503,0.0457360538758369,0.0030342733353574403,1209.6642549439032,1291.0361295526125,1421.503908432416,1595.738813685158,0.030772131224735766,0.06510225133139258,0.09627030443422768,0.11562143344427422,0.05800867766118678,0.024787372463577206,0.0038449175110469164,0.04793719127806417,7.163200376165826,High shock
35001,Bernalillo County,NM,35,0.04787077769203348,0.04974642264439983,0.04897435587615745,0.04625994882479661,1.5954667549766346,1.590221604128708,1.6052457773447102,1.6108012844802864,0.002204289530574499,0.003292949589743799,-0.00940349697403775,-0.0034548702520300623,951.950820751293,1002.6515876650561,1141.9469060069534,1299.9561997163178,0.04705456489590709,0.051889982808345,0.1300865396315105,0.1295959533339497,0.08036897263060405,-0.009177803173193055,-0.0011914478177396243,0.04947227385212605,6.910403357390653,Low shock
35013,Dona Ana County,NM,35,0.0526535602740721,0.05657370517928287,0.055411587220478384,0.05572142227446371,5.067073616492434,5.012157532698791,5.0015333826421084,4.961302733413859,0.006389622366191006,0.010896987358298915,0.002121925698093108,0.00807618783026598,944.3794742997112,1001.7539537146673,1108.2894390211682,1250.6140841479594,0.039651391116867885,0.058979625458256635,0.1010653634306955,0.12081691723551735,0.061625632045544165,-0.0035442480980654167,0.0009528720207935618,0.04931550828756226,6.909507696316219,Medium shock
35043,Sandoval County,NM,35,0.08366920184151504,0.08911967545638945,0.09095522114912696,0.08090469585574896,5.671733142915434,5.600924085316714,5.505750009902428,5.429793550655287,0.011201955387575069,0.012563140614233248,0.017138596887289026,0.013891889389512357,1073.1841635330884,1147.6618086488754,1292.8872300251403,1462.9570947326513,0.05545715999033973,0.0670965795723264,0.11915121750096258,0.12358191447091293,0.06008969620460469,0.0036326951374965333,-0.00046448014651429004,0.061276869781333065,7.045481941709561,Low shock
35049,Santa Fe County,NM,35,0.061637007128258814,0.06440303092361253,0.06479191264554049,0.060749176204981784,3.822432444965585,3.7974017085017047,3.7129987129987128,3.7043932691752106,0.005467017293380394,0.006569913726401921,0.02247724336607071,0.0023203432433280824,1363.2318186996733,1417.286097701507,1569.309755837976,1777.3312037722426,0.0901518463245159,0.03888562613785762,0.10189203258387902,0.12447703874545457,0.04866579943348004,0.006380327794808238,-0.0002494746006745374,0.06451873623118676,7.25649912312278,Low shock
36001,Albany County,NY,36,0.05280305398779063,0.05873105042577183,0.05894937709107416,0.05760915976105692,2.136163175303197,2.143887450848663,2.058966784532763,2.0606417427141595,-0.006342394956986297,-0.003609435778294312,0.04041645081934142,-0.0008131638055477453,1181.9834832805407,1227.6415505781163,1310.8143510648104,1397.6173861763318,0.024493332171068083,0.037900944841039674,0.06555369591650173,0.06412033367557157,0.03363987628998277,0.024777558874537142,0.0025122162192843106,0.03119713850605388,7.112850169173531,Medium shock
36005,Bronx County,NY,36,0.039449222717375214,0.03858366306261654,0.037643650733517865,0.032912463601183564,3.145565429664776,3.183831474611424,3.1325399344420695,3.2283790512140618,-0.009913419288785974,-0.012091676903757786,0.01624118162121846,-0.03013601340840033,2029.3553840467828,2092.0497609966374,2130.0276244133406,2283.740956296901,0.03823156564381325,0.030426134425923124,0.01799061659832457,0.06967991983361177,0.009506418181099985,0.004055132202680944,-0.0037383857226451628,0.034328850034868186,7.645899611229188,Low shock
36007,Broome County,NY,36,0.03270530425885841,0.035891156834847324,0.037033086588305564,0.03649460291083713,1.6410030565647986,1.652412628022384,1.576333840311842,1.5867544028632552,-0.007755438274916315,-0.006928744012700605,0.04713462212977326,-0.006588877356250578,691.4175578101613,744.9507657890894,834.211668805584,937.2235621812179,0.05448134805992133,0.0745742082650862,0.11316903967754577,0.1164346776718661,0.05027408051220217,0.027614963530569803,0.002465614202718479,0.06452777816250377,6.613318130006629,Medium shock
36027,Dutchess County,NY,36,0.043541133791397096,0.051079761707761046,0.05436087388963199,0.05006743656747872,2.0072533289786145,2.0116402368962096,1.9747235387045812,1.982466928083492,0.00040833827309505466,-0.002183142991007969,0.018522019397444467,-0.003913584310451412,1294.1362663331909,1434.2205076337088,1622.1875562538542,1785.0376310378933,0.053573898276647824,0.10277800454992114,0.1231540803475637,0.0956639151061438,0.031233046313569268,0.008191619902452985,0.0049037074789762825,0.07817595141328448,7.268376780351759,High shock
36029,Erie County,NY,36,0.023973256403684334,0.025453803194966606,0.026276563322527913,0.026716539363644445,1.3811297837536038,1.383496812724246,1.331707439931494,1.3380105712324564,-0.0012269179471537939,-0.0017123683553084135,0.038152308162194615,-0.004721954143670715,995.3039779771813,1046.7745652336193,1133.2719653674358,1236.3044626587941,0.037806683203917224,0.05042067671783457,0.07939539954104369,0.08701766443072412,0.03909285202500801,0.018184820160493054,0.0017830215437607058,0.044113679960875896,6.953468872723828,Medium shock
36047,Kings County,NY,36,0.04247819769245777,0.04060433735589408,0.042077796466502455,0.04353433117852339,2.654616171459637,2.6790771244939804,2.578935834468869,2.6267304774493914,-0.006906896348425562,-0.00917230263188884,0.03809553210096439,-0.018363061766418554,2655.9986832557775,2629.589524381234,2646.6324689264943,3092.478724684714,0.03798101606996962,-0.009992976222892302,0.0064603058178978046,0.15568488016465842,0.06707857306773946,0.01790583465743012,0.0012647962983369995,0.013994019923538659,7.874583038611178,Medium shock
36055,Monroe County,NY,36,0.026585294486477448,0.027997478268169392,0.028491501875765924,0.027723550117927525,2.215174958423388,2.220272641382103,2.176464284154943,2.190742415303501,-0.0021979449865838774,-0.0022986113976202205,0.019928327662398715,-0.006538816687299942,1049.0753661690915,1096.8347224816605,1193.6625399103748,1311.6708548689994,0.035340213248590935,0.04451933419146936,0.0845978383789987,0.09427544110253905,0.04950686602073873,0.008943033679651435,0.0008161396195233046,0.03992977372003015,7.000183785735386,Medium shock
36059,Nassau County,NY,36,0.03780875774777847,0.04032242671035678,0.04264027805540023,0.041839888830656806,0.9866725463894643,0.9901327133040387,0.961338804390545,0.9658599546377881,-0.0009950264244960039,-0.00350077017593442,0.029512087152545163,-0.004691948373515942,2531.9579347333697,2620.338832118171,2763.314455754481,2997.9775454926244,0.033331614519385155,0.034310743957671974,0.053127214356661234,0.08150706081952297,0.03349595834956354,0.014657967689729823,0.003174491213960892,0.033821179238528565,7.871058913629298,Medium shock
36061,New York County,NY,36,0.07367913551913374,0.06880375093964605,0.07868916308488026,0.08812801719677342,1.1615326840349292,1.1761866861374364,1.2014790359017906,1.1890554221491674,-4.1044880132901085e-05,-0.012537171255708301,-0.021275744177644995,0.010394098743658375,3454.232641119656,3286.349945670923,3265.06688235524,3930.866485669602,0.026283945756336635,-0.0498228216847032,-0.006497262728148101,0.18557963423290147,0.10131062371655997,0.0008482853509272914,0.012167146911436943,-0.011769437964183282,8.0975327888706,High shock
36063,Niagara County,NY,36,0.03298182371461008,0.035762950645511445,0.03638046886665671,0.03769262190754148,0.8350710764781951,0.8397474039808825,0.826567289662241,0.8314842706932678,-0.0035106725619993284,-0.005584294309612048,0.015819807922243356,-0.005931052522686997,665.0721924635251,711.3734143421613,792.1174846919583,892.2391345647874,0.06387537094010742,0.06730189305747825,0.1075122321541313,0.1190244646571692,0.04767971640685742,0.009491861135583868,0.0026641582070383307,0.06558863199879283,6.567197487916638,Medium shock
36067,Onondaga County,NY,36,0.031963359926934755,0.033089827697313515,0.03324395015055938,0.03246039902193557,0.7637728643652223,0.7665271529178117,0.745941295267723,0.7493698480822945,-0.0022107599276814938,-0.003599675221300558,0.027223217798026056,-0.004585746368693577,1073.1312209666075,1126.4585618507597,1228.737104878848,1363.61095214428,0.02624545444952542,0.04849794564000476,0.0869082025710588,0.10414939511531873,0.05815709879842368,0.014223953289157265,0.00032558077412334074,0.03737170004476509,7.026833974331769,Low shock
36071,Orange County,NY,36,0.04803387998925403,0.05087949160297967,0.05576300799461835,0.05272839494911719,2.873100402649695,2.8709823120493,2.729738601613656,2.72084744803698,0.006617509270160582,0.0007374861406415079,0.050448385929733774,0.0032624607269298167,1427.259088037763,1508.4982203951897,1701.4247895824954,1884.8568338369405,0.044404743874783215,0.05535871653979996,0.12035141166379582,0.10238585623453922,0.06148690374187593,0.02317792562293075,0.004789015675750921,0.049881730207291586,7.318869878880283,High shock
36081,Queens County,NY,36,0.03842038983476306,0.03775366185576125,0.03646039467975015,0.03766634804238896,2.5910160953564914,2.623750966497306,2.5075053413298707,2.5630245093607447,-0.00942507553268257,-0.012554846931930541,0.04531658952429041,-0.0218996391056816,2345.15860430308,2333.658363382574,2328.5738554838467,2581.6587439136697,0.03314841991964368,-0.004915885429767286,-0.002181148289400525,0.10317611535479365,0.03638121628775837,0.02269843644161096,-0.0010236544841925946,0.014116267244938197,7.755192428260725,Low shock
36083,Rensselaer County,NY,36,0.05629170638703527,0.05944634994388152,0.06063946178089126,0.05812883435582822,1.0315698102288953,1.0372656665064386,1.0210307429866394,1.028722690235289,-0.0029582382697999066,-0.005506354403806313,0.01577543461150377,-0.007505276713482445,1093.0523153405372,1137.9080681336688,1233.9528691534763,1320.1490232730594,0.034077479068696626,0.04021747668866649,0.08103118247194807,0.06752189544585896,0.03712906108022196,0.008367375285813772,0.0015151199029013462,0.037147477878681556,7.036946827709273,Medium shock
36085,Richmond County,NY,36,0.04090678286187395,0.04227796570169918,0.043105555179998645,0.04615031166608179,0.856889030770297,0.8583564577648651,0.826668989984743,0.830351800520191,-0.0008187498358012135,-0.0017110406205844697,0.03761510419971792,-0.004445106085080752,1920.661028156215,2006.7836613731035,2065.4107315152287,2220.053549770471,0.039204961038541875,0.04386385967785156,0.028795836131964236,0.07220220901661634,0.00896461221609357,0.017849894285511425,0.0030355591412536548,0.041534410358196716,7.604288550945055,Medium shock
36087,Rockland County,NY,36,0.02948785537474295,0.03439777378456624,0.03890554970285836,0.035770434633470065,1.2440554983576018,1.244539811479807,1.1948697121129181,1.1928651386632272,0.0021349439404527715,-0.00038922610390379475,0.04072868033445154,0.0016790590630169078,1998.5180122192148,2088.3319521242556,2280.7881007428346,2496.074996428591,0.03960568583762658,0.04395972628880429,0.08815540317416204,0.09019845524100845,0.04739422314436981,0.020331010780459735,0.005395177588509617,0.041782706063215436,7.644120917268826,High shock
36091,Saratoga County,NY,36,0.056870665421736674,0.060081681599032793,0.06154844860988548,0.05636094157804648,4.354736865024931,4.342200105949682,4.204401167141764,4.193434758542026,-0.002140238592165389,0.0028830306119829174,0.03224928295089846,0.0026117240037475398,1210.7276035059851,1258.8050576988283,1368.0740606753652,1548.3355650984352,0.019002796871474104,0.03894139997662993,0.0832410515822648,0.12377656933945413,0.07453671203680745,0.017059107467414236,0.0004785215835812484,0.028972098424052017,7.137918183055415,Low shock
36093,Schenectady County,NY,36,0.053084253350225444,0.054540944466838236,0.05748277519628265,0.056531028990877766,1.2343456682181706,1.2358552504537905,1.1996550991589918,1.202299397597906,0.0013767283651109352,-0.0012222345252439482,0.029729142779935103,-0.0022017898430242155,1101.9101150973756,1134.4288393500365,1215.6620382025856,1333.4895266110457,0.05026378287742528,0.0290841568740845,0.06915951677401644,0.09251039474432332,0.04116098588341499,0.01368642954852195,0.003194303185048375,0.03967396987575489,7.033884578012928,Medium shock
36103,Suffolk County,NY,36,0.02753231855216528,0.03381226204897871,0.03662930863152073,0.03280896670011076,0.39910033314731197,0.40019724976310356,0.3846617747251135,0.3861322247629868,-0.00266837961477151,-0.0027447031690588375,0.039593109003179805,-0.003815421040334499,3148.4226519698072,3323.000445838326,3667.642277728417,3983.3430877679293,0.05744598715440663,0.05396654152358238,0.0986809009426377,0.08257241403594229,0.03492039315029549,0.020595385373337827,0.004046847365243751,0.055706264338994504,8.108623402522001,High shock
36109,Tompkins County,NY,36,,0.06282501545000979,0.06369056045805609,0.06348139930940737,,3.255556215242732,3.104769454353283,3.1543926595652882,,-0.008993849689666433,0.04742367849798512,-0.0158565137092328,,1411.628064006741,1445.332948787399,1635.1266925703746,,0.04091087961942108,0.023596015796576886,0.1233805797489973,0.03257741815336601,0.024777432084042594,0.0007609644337219362,0.04091087961942108,7.252498972594381,Medium shock
36111,Ulster County,NY,36,0.043724498240513526,0.05711953435547984,0.059113264493309656,0.0515344779019292,1.489324633429437,1.4911431722523576,1.4442282643646212,1.4534883720930232,-0.003237547119709916,-0.0012203044402134822,0.03196794969419692,-0.006391335256305197,1340.0813513998953,1489.573916209327,1722.0424664731481,1891.094099168463,0.04478395408133995,0.10575979466677587,0.14502095004895033,0.09364448319349972,0.04406084224716711,0.01501723299890756,0.0049018548996227485,0.07527187437405791,7.306245395768878,High shock
36119,Westchester County,NY,36,0.04136450990660627,0.04820145339261697,0.048903174531315236,0.04582110353794027,2.926274204490189,2.9343488623962264,2.8344081547742874,2.8576153331128444,-0.00047589676725756647,-0.002755564697888957,0.034652424353728506,-0.008154325779141658,2255.181588137537,2319.0273067395633,2419.4490435170046,2611.309237147327,0.034316528439457095,0.027917336823171546,0.04239201285417149,0.07631187271159412,0.028235010151568485,0.014864780019866686,0.0025791573850161356,0.03111693263131432,7.748903112408095,Medium shock
37001,Alamance County,NC,37,0.06821259438906273,0.07106277348321642,0.07252955516326982,0.07071129394724464,10.545418004055021,10.41168162665017,10.254759495999265,10.100895718443194,0.01583045907101699,0.01276304404478168,0.015186470239934025,0.015117833975253347,884.4417960687215,934.6935689159368,1054.771322616036,1212.0444774242276,0.06951369696755716,0.0552620346894237,0.1208605248085588,0.13898459689961662,0.06753469502559728,0.0008554005496943518,0.0019827406191176566,0.06238786582849043,6.840218741792488,Medium shock
37019,Brunswick County,NC,37,0.10369282534135164,0.11649783553554163,0.12129936305732485,0.11278778718742254,26.016351136816635,24.959909822261285,25.682980882748907,24.32835430454914,0.04225467727741439,0.04145429962614777,-0.0285576194693693,0.05418603615192552,1189.937776324144,1255.5734581248755,1426.595264690476,1631.9547711659434,0.0677151996904577,0.05369139001086065,0.1276982645950442,0.13448787085252878,0.07038977287312731,-0.02904028011050297,0.00694824468392706,0.06070329485065917,7.135347685946088,High shock
37021,Buncombe County,NC,37,0.06849041630761292,0.07555521490026251,0.07820751098917308,0.07607463890596189,9.715740185995749,9.663082546104594,9.362187206971997,9.299097848716169,0.008904279999875087,0.005434568468954737,0.03163376232306625,0.006761549210592577,1195.299981430828,1238.7041725886781,1399.8821954101543,1612.10773858,0.03987923079827205,0.03566862672808657,0.12232227585039546,0.141154390253325,0.09396440428868091,0.012028231532414502,0.0051182593436297635,0.03777392876317931,7.121821090076866,High shock
37025,Cabarrus County,NC,37,0.09137246042198185,0.09855197178310386,0.09984418788344387,0.09289179895426068,14.486456503651658,14.150325764519435,13.52097606433465,13.284783539415622,0.022706627196905416,0.02347653266206251,0.04549538393521857,0.017622976645665034,1211.1095533663156,1283.7688863220046,1431.4507229774438,1603.7503161494067,0.05244572663980662,0.05826326830363904,0.10888822762521855,0.11365641246343294,0.055917822572602915,0.008467600360957839,0.00140577731630942,0.05535449747172283,7.157555472972528,Medium shock
37051,Cumberland County,NC,37,0.10382533424958106,0.10852028798112419,0.10694115137047787,0.10502304898954344,2.1098049470468676,2.1108085288556446,2.1012880007576475,2.108194939738287,0.006047537204851849,-0.0004755620638654534,0.004520572709660442,-0.0032816121488838945,862.6394342949467,927.4687216421295,1087.310825176303,1244.1246602497874,0.046961779104575996,0.07246227182592069,0.15900372335418922,0.13472468351228617,0.08715217796798935,-0.0021665072901049243,-0.00019071093534196726,0.05971202546524834,6.832459070616052,Low shock
37063,Durham County,NC,37,0.08840132837384478,0.09386590346818639,0.09358085323464818,0.09086225607979427,12.248853605144767,12.086548978631617,11.993366661714905,11.869471814505,0.017147818791132252,0.01333916976025229,0.00773946083842425,0.010384008642175147,1285.3280380318895,1319.6822388880094,1443.7275664367928,1624.5708098618195,0.046725318606913646,0.02637701122023639,0.08983737726501495,0.11801530712006336,0.06737517727896414,-0.0061817595353925725,0.0010879387362056486,0.03655116491357502,7.1851462584856085,Medium shock
37067,Forsyth County,NC,37,0.0578808158387065,0.06215649479441443,0.0650527473282705,0.06353109057350828,7.63638457230489,7.602066469884823,7.552228916909953,7.488560569315379,0.007676239628167991,0.004504153387214771,0.006577373790696228,0.00846614174623106,975.2795482216519,1034.3051508898059,1163.9967064496532,1307.935253913453,0.0500179384616013,0.05876098241724481,0.11812967033212285,0.1165902319490355,0.06297049070115612,0.0014315612607722628,0.004273263634328936,0.054389460439423054,6.94148512844465,High shock
37071,Gaston County,NC,37,0.06884156541772064,0.0765859519095724,0.08249388669045178,0.07788746794495752,7.691896800384595,7.626849334416158,7.471560077309892,7.385562251570714,0.007999792391570892,0.008492582402277904,0.020571005717343382,0.011576775676763518,1102.8884258263877,1177.837445573347,1322.9232398139725,1474.1380526103155,0.05840934451672375,0.06574750386871742,0.11616377982226922,0.10822958421209705,0.05011825782446255,0.007827703300129052,0.00747691865405814,0.06207842419272058,7.071435362816557,High shock
37081,Guilford County,NC,37,0.057947116791882136,0.06197677397114342,0.06162351939151448,0.06171031124347029,4.770651753577059,4.7472716138688416,4.729997511497802,4.695703413077332,0.00864150810907205,0.004912875599332622,0.0036453795438031733,0.007276753213520948,939.2515061025005,993.1666206427955,1100.8492773571309,1250.361167044147,0.05029973842478608,0.05581515720949515,0.10293878603976125,0.127350490980227,0.06208719069285351,-0.0013161254755402751,0.0017049699359796,0.05305744781714061,6.900898445178392,Medium shock
37097,Iredell County,NC,37,0.07440253611918171,0.08527062489225445,0.08633364750235627,0.08009864489097475,10.474745142027647,10.254615922915434,9.91227248602916,9.725639952214179,0.019477385745386044,0.0212391972380388,0.03395430368901664,0.01900794227407765,1159.631942801491,1224.7561668775363,1391.5752685430525,1533.4918690042002,0.04549341962663345,0.05463911265464638,0.12769461544237792,0.09711101013150891,0.0623365466463035,0.006122831489834724,0.0033795656909474253,0.050066266140639915,7.110497055719346,High shock
37101,Johnston County,NC,37,0.08777436935997855,0.09819101211585578,0.1043706978566232,0.09203744042098906,16.4310297159963,15.940179240309647,15.164846767736316,14.67420456190241,0.03272928677387377,0.030328685014708867,0.04986288123282456,0.03288887612609592,1271.1490105627488,1333.4125567909923,1485.8914954544987,1645.7815603004672,0.052469610183576876,0.04782026410676288,0.10827343748603457,0.10220045826581536,0.05509201073075509,0.009846892785168926,0.0052213784008889735,0.05014493714516988,7.195496767262007,High shock
37119,Mecklenburg County,NC,37,0.07278499892959796,0.07471464036978835,0.07732871954300755,0.07786764128683109,9.940868584178506,9.802957628582437,9.826127181179153,9.673316871708584,0.015727326868670843,0.013970260585608685,-0.0023607380152217416,0.015673619961175334,1276.1004515031111,1310.9535383866041,1451.268174564908,1644.3569655235854,0.050861657453853404,0.026945858753839147,0.10168301301181337,0.12491162803957678,0.0743935624218488,-0.008192352754162968,0.0038483607652261553,0.038903758103846275,7.178510043308543,High shock
37125,Moore County,NC,37,0.08824812212260721,0.09805172953967904,0.10061955833000868,0.08952608522500996,10.092223748850909,9.87886059292515,9.908388649508947,9.678550776843522,0.022046783592788444,0.021368020939069865,-0.0029845561796530973,0.023469559741961632,1280.4137247674269,1342.425948673808,1505.4172600301047,1693.444158364586,0.027103875183285275,0.04729513842397548,0.11459172235890058,0.11769430966994232,0.07894350921079107,-0.011464900484774887,0.0019228959463662015,0.03719950680363038,7.20223366558706,Medium shock
37129,New Hanover County,NC,37,0.07520172928360006,0.08155938924312371,0.09016364346313585,0.08420785570957401,13.210970013872586,13.08043091461585,13.455410205243915,13.126420791911242,0.007321583298473655,0.009930256079920596,-0.028263980882870854,0.02475421748048312,1126.1061252141342,1184.3707678168234,1336.1635709997752,1574.460759815406,0.07819802665705655,0.05044586091260328,0.1205908650681673,0.16411033793044982,0.07802865771447864,-0.010380801390390992,0.008805190322993053,0.06432194378482992,7.076966914917134,High shock
37133,Onslow County,NC,37,0.12976457973350453,0.14397106425360714,0.14177467597208374,0.13739529769412373,7.076111343968046,7.036279744830663,6.965410789348503,6.86501045299501,0.02864169536019645,0.00564492645602499,0.010123000576294672,0.014519022711478868,962.187665299294,996.9529157495261,1108.3526927703992,1302.609040684925,0.08641134757966373,0.03549403300429166,0.10592658851215742,0.16149435514969301,0.07275778153894752,-0.00482229926422395,0.00271716483954787,0.060952690291977696,6.9047035429184005,Medium shock
37135,Orange County,NC,37,0.08683082815099882,0.09413250258074031,0.09552122376757549,0.09159774505804251,3.137821204923343,3.119193436948691,3.1272487608697115,3.0947801375014143,0.001100529783180093,0.0059542206865721425,-0.002579173273790758,0.010436762226991192,1200.4810113017547,1250.1189833082424,1362.6419163918579,1541.9677616131928,0.04733291379941651,0.04051641420141916,0.0861866675199785,0.12363396710613195,0.06098565331263739,0.00040141924172409915,0.003077819046939434,0.043924664000417835,7.130994012412979,Medium shock
37147,Pitt County,NC,37,0.06299589104377214,0.06541224334117347,0.06807361326271565,0.06738919213542613,3.9667433533601457,3.9305941265224904,4.1745289865590625,4.141466505385634,0.00877738159525343,0.009154852355138132,-0.060210942660562594,0.007951580880602549,863.0364913984854,911.2850870058843,992.8475616279874,1122.0207410089668,0.04526367136049103,0.05439881229584653,0.0857213524576439,0.12230943236142533,0.05418415058136583,-0.035095797865175804,0.0035273355065980755,0.04983124182816878,6.814855786840456,High shock
37179,Union County,NC,37,0.07151897799075109,0.08136322938296535,0.08126779720724511,0.08186004633233603,9.80718916126452,9.625371071548319,9.637311214735178,9.447289422567545,0.01600470912597629,0.018713272297748773,-0.0012397177650171898,0.019914283313566372,1424.4115442080604,1491.6406739201132,1660.3090907220114,1827.8748933013023,0.0381111284288389,0.046117860602183924,0.10712714666371959,0.09615024731116772,0.05952420247193224,-0.00802170793758794,0.005122818082932357,0.042114494515511414,7.3076319165840715,High shock
37183,Wake County,NC,37,0.06519807320888107,0.07075933421004472,0.07440890653543196,0.07035569538574435,11.321042959395037,11.126311633875636,10.932907287245259,10.760366183853813,0.018679026545926902,0.017350481976219356,0.017535462444174144,0.015907672221484148,1249.7704153350398,1289.501759775108,1423.5246516799682,1607.5550223828625,0.03341994630715828,0.03129604432077482,0.09888003420562086,0.12157845984719362,0.07787125171244069,-0.0012931869282439834,0.004403597251125241,0.03235799531396655,7.1620111900161705,High shock
38017,Cass County,ND,38,0.05548410678507608,0.05884633582168016,0.06258735413113986,0.06178315122518911,9.141891372820158,9.059074299634592,8.797266827545055,8.644979840488187,0.007584744663972742,0.009100357225749534,0.029325854938640816,0.017462298257616027,857.0227611008513,879.3654092323169,910.7988346751068,963.5453047231322,0.017682447962716452,0.02573604417429287,0.03512153327319911,0.056297453001454834,0.02400024706882231,0.015051525653267284,0.00502003137478637,0.021709246068504662,6.7792005214635545,High shock
38035,Grand Forks County,ND,38,0.06580589868276415,0.0654081409742955,0.06704335749481574,0.06889507892293407,6.028419692837663,6.044818007800694,5.786239770754691,5.7994228193479795,-0.014322094537625674,-0.0027164751417245725,0.043718731869347494,-0.0022757531872521497,844.9564822535963,867.5136088915206,890.3533228009159,930.1295381823446,0.008769644342335958,0.026346073441601447,0.025987176675899448,0.04370548895880244,0.01728847392538224,0.029240774180722795,0.0023621983803450985,0.017557858891968703,6.765631199180988,Medium shock
39017,Butler County,OH,39,0.05533210980514663,0.05931289670324175,0.05807183639984386,0.055416130346759115,3.003104772381864,2.9871800190847613,2.971990537099575,2.95590770999261,0.0038891702204342238,0.005316872691825125,0.005097862105998274,0.00542616148166708,1064.7200809035937,1110.9514463340086,1212.0975867458444,1350.6664122887553,0.03475115852863908,0.042504877250890694,0.08713559448998254,0.1082457078604051,0.059062633285428934,0.0006589903377030026,-0.0005785198808927056,0.03862801788976489,7.012972086014981,Low shock
39025,Clermont County,OH,39,0.057561841143930696,0.06228739133334816,0.06212331942512749,0.05786471533924148,4.631353002886136,4.618002496999263,4.564230345938169,4.547202141646771,0.005079326763636871,0.002886799011784902,0.011712350727981047,0.003737771012314539,1077.2804379063093,1128.222327834529,1246.8740959906702,1379.0238495337928,0.04076500505901315,0.04620348049115375,0.09999646327734624,0.10073619738912676,0.05688208755815305,0.0037419979824369065,6.940114354506144e-05,0.04348424277508345,7.028398511780606,Low shock
39035,Cuyahoga County,OH,39,0.03264617811585625,0.034531261484493855,0.03446799423646043,0.03524614689236763,0.6539470723728404,0.6580431523198872,0.6476974675670303,0.6531963776703849,-0.005016637077766006,-0.006244091119491202,0.015846793912713153,-0.008454099271606452,943.1424372529151,997.0141481462236,1074.9303208762296,1170.5272217900658,0.045940121338627904,0.05554764242471144,0.07524616009191565,0.08519842253763077,0.029478409433103536,0.009326711419181954,0.001268350764238979,0.05074388188166967,6.90476496057953,Medium shock
39041,Delaware County,OH,39,0.0732705711290348,0.08164286634492464,0.08320640742697875,0.07794793870234087,9.067159909995805,8.906412429643087,8.595366997767554,8.396387169684715,0.021300927021394855,0.017887569974957884,0.0355481781096838,0.023421822424074534,1178.9812015857376,1205.2866589634318,1296.7390792590597,1428.3895210083822,0.025634723303408435,0.02206675285054338,0.07313528268295588,0.0966948879468763,0.061064347237940186,0.009890751768702799,0.003120454327680086,0.023850738076975908,7.094472708889078,Medium shock
39045,Fairfield County,OH,39,,0.07774563562310205,0.07944945059123228,0.07667529097838024,,4.658472597035859,4.615126947006681,4.565649623211173,,0.012639892049602253,0.009348250479607856,0.010778565936931273,,1123.4763836952422,1233.0912169796545,1357.521651378017,,0.05093071052441189,0.09309640902923455,0.09613652099490633,0.043685754487658546,-0.0025764838413326885,0.000316735161704218,0.05093071052441189,7.024183071106495,Low shock
39049,Franklin County,OH,39,0.04742194381912499,0.046410157694891714,0.04657040287514243,0.0468577194159683,6.148171851564265,6.120982256096825,6.154799118834384,6.134384480945427,0.0077393515923063205,0.004432194711876392,-0.0055095390260362365,0.0033223780085300803,1063.9582285138638,1116.0241143812611,1200.0437991535007,1307.9863879323375,0.0433406664803222,0.04777634036092682,0.0725855838282694,0.08613079077884223,0.03379968388293131,-0.007179353660844434,-0.00020198961145299205,0.04555850342062451,7.017527750576323,Low shock
39057,Greene County,OH,39,0.07548100272723876,0.08111466226164399,0.0802672030971268,0.07823587929700453,3.0055386940963897,2.9919704682521955,3.0255117810694503,3.011353215758429,0.010154480320222703,0.00452462801626119,-0.011148071170493878,0.004690709922808622,1014.1589528403297,1069.2691145243925,1153.936966852421,1277.7568460413456,0.04080473989436406,0.05291569342801061,0.07620420061216748,0.10192653139080221,0.04220514934029751,-0.010568234792084574,0.0009537087026242896,0.04686021666118734,6.974730623519029,Medium shock
39061,Hamilton County,OH,39,0.04215973822102559,0.0437817249379543,0.04335469366239672,0.04344483910300589,2.1242211290986535,2.1259558549362154,2.1016883603446814,2.108591875312985,0.003426114971652794,-0.0008163076222036381,0.011480512501783835,-0.0032793642079536056,1035.2006027392204,1089.130257212514,1167.2425841896577,1288.8346261908916,0.05511914162269704,0.050784221554747155,0.06926475305317847,0.09909421790423956,0.031227803889986916,0.0027956704721905368,0.0004290348032113672,0.0529516815887221,6.993134727545438,Low shock
39085,Lake County,OH,39,0.03901464310583201,0.042336294608588516,0.04394478678311408,0.041308573767137306,2.964233325643448,2.9664283940775973,2.9325386914245852,2.9386888528325334,-0.0005091439311897261,-0.0007402440530661636,0.011490172776245089,-0.0020950179876564334,893.4044122957283,938.2379560828913,1001.3521493746067,1103.7286143231192,0.034033595108525994,0.04896425368281765,0.06510291366890719,0.0973428612327778,0.039723963055170675,0.005322271386422273,0.0019512114179154258,0.04149892439567182,6.844003601357085,Medium shock
39089,Licking County,OH,39,0.05970465722317599,0.06535748751594915,0.0667151152825674,0.06369656110588753,1.648097350627067,1.639528354856822,1.622032985040634,1.6064698924435397,0.007694306919328042,0.005212889752376881,0.010728320456236062,0.009641133205391839,1134.2909936194544,1187.5517887113726,1326.7920262140372,1435.228600636344,0.04549481704511393,0.045886087004766374,0.11087015076314888,0.07856012181817906,0.04902468426572382,0.0037311284949614887,0.0026747658246649014,0.045690452024940154,7.079649146504259,Medium shock
39093,Lorain County,OH,39,0.043821692130977294,0.04989095284650673,0.04954168312919795,0.0461634291514788,4.037407287971622,4.010609535768743,3.9845202026631363,3.96163667488316,0.002835360565930145,0.006659491854234645,0.006526329543346421,0.005759662537135668,815.5870026887565,857.1963342970331,950.0971555718169,1047.67045863331,0.04407146871534273,0.049758884537800085,0.10289726116652353,0.09776011917448013,0.053413513543930424,0.0013955698301586494,0.0009962336515963593,0.04691517662657141,6.753666987221908,Medium shock
39095,Lucas County,OH,39,0.036640398733750926,0.037629570869567794,0.037681322775674805,0.037541896695268556,2.0541493350245283,2.056998230187675,2.051308320255564,2.064590515069636,-0.0025661400215852836,-0.0013859369307347436,0.002769955698440185,-0.006454114375465281,792.3401296418688,826.8259035326469,904.146020841581,1006.083373581598,0.03395444803658698,0.04260340093931614,0.08939671764547974,0.10682934872164473,0.05983410869561068,0.0001339591376474658,0.000476624933812321,0.03827892448795156,6.717594157182163,Low shock
39099,Mahoning County,OH,39,0.03850447367682944,0.04388321690847215,0.0465515755608537,0.042118838310741175,0.6637070897982505,0.6679199380736481,0.6665813207139042,0.6683722700755128,-0.006418633820128861,-0.006327390842379543,0.0020061694208113323,-0.002683165090443751,663.911303261104,711.4431742446299,796.0824708066275,876.2554704727365,0.03137243980508231,0.0691469856715381,0.1124072402191878,0.09595489436092564,0.053921354551746514,0.006034514496437993,0.0031413616431466493,0.0502597127383102,6.567295546799397,Medium shock
39103,Medina County,OH,39,0.05085060315496443,0.053753519575686505,0.054505661813683506,0.04884229355063102,2.775911748213701,2.7637746528699036,2.7263705464737122,2.72495898936721,0.005098445334981605,0.0043818779206095115,0.013626118718089941,0.0005178762827551253,1191.0011698377907,1235.5297937757505,1399.94251739576,1520.9914499200238,0.032491688915365025,0.036705588303249215,0.12493131586774808,0.08293121513175894,0.06933262689044639,0.002331835872626975,-0.0006280836831682041,0.03459863860930712,7.1192551398896295,Low shock
39109,Miami County,OH,39,0.054727621133315085,0.05946295562185733,0.05882418265813788,0.05871595372845224,2.588906023645965,2.576360727705644,2.5317381250514113,2.5133151261647897,0.00848488801226388,0.004857569303750253,0.01747175967743253,0.007303423714045465,968.5608045251544,1022.3300196810095,1127.0838536430454,1225.8479522049377,0.04385844148748763,0.05402837113716519,0.09754928139240704,0.08399917382721345,0.04183082129748383,0.005716363037731931,0.001674779815708849,0.04894340631232641,6.929839634176797,Medium shock
39113,Montgomery County,OH,39,0.048852539532733684,0.052805611924405284,0.053457542275787126,0.05071793000273106,1.7157171340570792,1.7174244276819473,1.7028657757551455,1.7114236120223292,0.00034771397211308397,-0.0009945956115746668,0.008513160572706013,-0.005012963587214259,846.6664465304517,897.9751878331804,976.6955551655774,1076.570727520022,0.04772425678650194,0.05883562610413584,0.08403255412821853,0.09736102443834493,0.03741684783796284,0.002073539312476669,0.001258660410689609,0.05327994144531889,6.800142437445171,Medium shock
39133,Portage County,OH,39,0.05973787488522885,0.06643669747630876,0.06528538567196783,0.06371886464568449,2.1178875303215006,2.1158423697434543,2.162488370338706,2.126843986101322,0.0003633083265270898,0.0009661271670129423,-0.021806565160341407,0.016620397674124376,872.8412463612382,920.3241648119374,993.7942761496175,1110.5826089132352,0.040091877593138925,0.05297227011805994,0.07680425855420214,0.1111098099116079,0.04742496037730559,-0.0032578014898785312,0.001414838978057359,0.04653207385559943,6.824725961037779,Medium shock
39151,Stark County,OH,39,0.035160853024877155,0.03783819750512504,0.0388480289500578,0.03735428481411468,1.8423459024662618,1.847084149151369,1.827219416145878,1.8321552637579301,-0.0018514206920841048,-0.0025685535293256123,0.010812893490477649,-0.0026976470228436966,678.938070813169,718.6671254401963,778.39629084105,862.7163720150737,0.037580212838498994,0.056868364789782966,0.07983748402568303,0.10285021779443149,0.044119562095916276,0.0062676103445218345,0.001601631617085146,0.04722428881414098,6.577398281728194,Medium shock
39153,Summit County,OH,39,0.04166161240487498,0.04472808705475545,0.0464907315692656,0.045417506342292184,1.0539667981967922,1.057776887018294,1.0605914006504962,1.0638913412310156,-0.0011771609976438668,-0.003608480501192446,-0.002657248321440875,-0.0031065851177860537,797.1530450480233,837.3725441785788,922.7079004616098,1023.585443946633,0.038284353297879825,0.04922237929775353,0.0970436508152277,0.10375416685624383,0.05664554253791909,-0.0004890959701953079,0.002759269225963673,0.043753366297816676,6.730269066062321,Medium shock
39155,Trumbull County,OH,39,0.03758769107753047,0.040073294616904315,0.0442905429060656,0.041601696500966755,0.5301182921103251,0.5335365853658537,0.5209056813446312,0.5231011428514492,-0.0025463717895881643,-0.0064274702181261745,0.023958653044216405,-0.004205843663564579,646.1810852237867,683.1198906855129,776.9190417598279,835.9764036058722,0.04131428121169112,0.055590597392138896,0.1286657720028881,0.07326423575468421,0.052512564576871146,0.014363325694183082,0.004115626856298793,0.04845243930191501,6.526670379576959,High shock
39165,Warren County,OH,39,0.07334209582984826,0.0812275594151978,0.0791977873936659,0.07196548974785578,6.96092121850077,6.878848380115095,6.644302915390475,6.566960978637355,0.013081743354806719,0.011860573244275585,0.034691468289153704,0.011708617880898942,1270.4680500727766,1328.3292412433711,1427.6618464133373,1578.7754080551601,0.03801544241323551,0.044536567010061034,0.07211609069423286,0.10061145468929045,0.04508776798011338,0.010728884785485171,-0.0017031890517621995,0.04127600471164827,7.1916772219316645,Low shock
39173,Wood County,OH,39,,0.06485741427161137,0.06662663293332415,0.0625938330061208,,3.6914722415016055,3.7142199370731332,3.6766381549961262,,0.0001830649656895389,-0.006143319642561096,0.010169889753385064,,1164.2509139808678,1298.8117062639803,1430.2837444656454,,0.03223753775463667,0.10937188642583706,0.09642307294768226,0.070659941932123,0.0018302200897224452,-0.00024718130188890186,0.03223753775463667,7.059833166900502,Low shock
40017,Canadian County,OK,40,0.09206538035330161,0.11108729927901174,0.11380528255528255,0.10695628666827404,2.92663235442527,2.8395738680871063,2.6852017605046945,2.5701017405792475,0.027729816858620637,0.030198400442893458,0.05589812575196085,0.043810382817277116,1217.0964042992455,1251.8150547346886,1347.7502110498156,1447.3090555752522,0.02018775819642915,0.028126516330031492,0.0738421500380344,0.07126931657307711,0.04839859604232544,0.020890145633861934,0.008804444795621619,0.02415713726323032,7.132349820887918,High shock
40027,Cleveland County,OK,40,0.07948452464593425,0.08570211812170794,0.08652861030369619,0.07906717584224617,4.041653633798066,4.006047389798862,3.857636442923753,3.839938026739325,0.010521280741574657,0.008848856644140923,0.03775039143289938,0.004598447846479559,985.0841490221432,1015.425691384823,1104.8943742548327,1204.6028271960465,0.026633316409742314,0.03033613592882123,0.08444181654202154,0.08640016713345045,0.05693626566845422,0.011489350946831678,0.00020457168915007096,0.02848472616928177,6.923063203931267,Low shock
40031,Comanche County,OK,40,0.08984328834471837,0.10243974132863022,0.10301244117235916,0.0915995183847365,0.8414175410809741,0.8422860634687321,0.8338510840064092,0.8345264880343628,0.0018412638084601696,-0.0010316809472250554,0.010064869311339208,-0.0008096537332651366,739.0687929240662,767.3950656323872,839.8826847715048,966.8301997114672,0.020180955680650925,0.0376107419881313,0.0902604732866239,0.14076066401622622,0.08661471981703395,0.004222816358419479,0.0011644649418735276,0.028895848834391114,6.643001747810928,Medium shock
40109,Oklahoma County,OK,40,0.058986132888065326,0.06375721589971961,0.06409312273943726,0.061434299964948355,6.257812862432185,6.207394896528908,6.23995899205471,6.214644945916028,0.008356417478001532,0.008089434499524373,-0.005232304007668276,0.0040650158163089145,977.3971833878396,1010.840720182386,1102.879748387094,1208.9635710668251,0.03465879543410466,0.03364455671345734,0.08714233118973969,0.09183872770682999,0.05533885337450384,-0.008806570084442633,0.0013920369583003342,0.034151676073781,6.918537659805887,Medium shock
40131,Rogers County,OK,40,0.07784915909328319,0.08713416473901237,0.09721483518621817,0.08706871593469531,7.396130258270709,7.353335838119264,7.071259716530231,6.915001009489198,0.0071408364200973296,0.005802859568889929,0.03911542402614465,0.02234553066162981,915.7571097856344,955.6291326428372,1046.4695945917692,1156.8517980045788,0.03418461620324553,0.04261873569601349,0.09080758586591209,0.1002801402925666,0.057142187129609834,0.0242586293493936,0.009650113644308969,0.03840167594962951,6.862369901218475,High shock
40143,Tulsa County,OK,40,0.055605018533678316,0.06036069406984686,0.06060186300489842,0.05735551577718787,4.929726480681299,4.8890720495628734,4.76966876393626,4.748464318576908,0.005643295090964173,0.008280985359892412,0.02472565959729245,0.00445559654510852,895.8173154729052,937.6165640415862,1042.6810715479694,1161.5115157978837,0.02894456127879952,0.045604581887691786,0.10620954323159904,0.10792683842778672,0.06979361924644722,0.007628487845772192,0.0009958330892805567,0.03727457158324565,6.843341085093305,Medium shock
41003,Benton County,OR,41,0.07912607026867434,0.08589325682354178,0.09469948306457834,0.08681686437386082,3.243336125609468,3.2389879771340317,3.135349508414572,3.092329589088787,0.006496992550539815,0.0013415401817749029,0.0325202744670996,0.013815934621471015,1283.0967327067344,1311.9541556753773,1401.5847855197078,1581.106800149786,0.03855241370130358,0.022241269080996773,0.06608583847015215,0.12052152216173173,0.06290683892479176,0.019248838178127947,0.008248510173111526,0.030396841391150176,7.1792730265729405,High shock
41005,Clackamas County,OR,41,0.07157669542893817,0.07852947150795396,0.07923293451211907,0.07176710125586011,4.808715467994903,4.769969354547956,4.745118026257421,4.752811272505542,0.006267823370379233,0.008090113724819048,0.005223574687892807,-0.0016199842489026395,1413.7925479797311,1457.795900987138,1608.412915751567,1769.9570308593045,0.0417546576964174,0.03064979435666615,0.0983222880129544,0.0957073437453948,0.060812589852632826,-0.005377173328104057,0.0004469344155435262,0.03620222602654177,7.284680917164175,Low shock
41017,Deschutes County,OR,41,0.07998889814043852,0.08986946433737358,0.0865431906241378,0.07821147085922875,11.842951721482953,11.587508487428693,11.389155458562081,11.322966055316902,0.029021505560086425,0.021805235830617775,0.01726603626991441,0.005828569610994094,1448.9824077322035,1565.8904233010835,1889.6636593107703,1982.410759985012,0.060937840793116926,0.0775931004779089,0.1879442324273235,0.047914804436264724,0.048664047796281196,-0.013866067754897848,-0.002551850497222785,0.06926547063551292,7.356209901753325,Low shock
41029,Jackson County,OR,41,0.0526927547462224,0.0550375448170113,0.05295878695910457,0.050272838678350945,4.012408577315853,3.993797443248409,3.949133731218214,3.996950408040817,0.005444680151862613,0.004649185280221957,0.011246272137730884,-0.012035426047905418,1295.3309873865871,1366.3048133589436,1505.625837801622,1596.9275427381247,0.04291067668281201,0.05334362806144988,0.09709877156334823,0.05887284650997504,0.02985865666453069,-0.005441509671129552,-0.0022493369628890925,0.048127152372130944,7.219865158253368,Low shock
41039,Lane County,OR,41,0.050924805156795934,0.05160505579353747,0.051101710690079315,0.04913195684789598,3.640751287742368,3.631986547811147,3.6212547608696215,3.6396367166342647,0.008561293290615168,0.002410301147289573,0.00295917213175656,-0.005063288741590455,1216.1559418514985,1273.0152700282936,1394.3587345682129,1561.813507579777,0.056000629391836476,0.04569329783636622,0.0910463062903446,0.11341302983210344,0.051382704447122673,-0.006537855523869318,-0.001148096706179047,0.05084696361410135,7.149143593794413,Low shock
41047,Marion County,OR,41,0.05477812087101884,0.05740515585628447,0.05955018462571333,0.05319491978805579,5.015004733036596,4.991351760002749,5.01076610387781,5.027125712752978,0.005901305453933858,0.004727598322988413,-0.0038820514856894306,-0.0032595735556526506,1158.8931712022752,1213.2213229615609,1338.4227525650413,1494.6324211838871,0.04114493994114543,0.045813685620102795,0.09821279789176796,0.11038843412291399,0.06082130322671686,-0.008885264409132176,0.00028091384323290086,0.04347931278062411,7.1010343514607985,Low shock
41051,Multnomah County,OR,41,0.06800695602750763,0.06863064330903644,0.0687127475887987,0.06822841382976956,3.334404182960198,3.321330444793456,3.3638843737698974,3.409421279369918,0.003688300591456084,0.003928568584104397,-0.012730930831542864,-0.013446194227702435,1385.5654782806935,1409.185017076934,1474.9046078481772,1587.093478578093,0.034502857924230135,0.0169031913294857,0.04558177984572698,0.07331102745017404,0.03374337902109259,-0.01689699711740289,0.0001517810410121001,0.025703024626857918,7.250766814191524,Low shock
41067,Washington County,OR,41,0.06346279236286397,0.0646553839569841,0.06655123167349095,0.062415752315354414,5.095409970828695,5.073618838999592,5.0825541577517255,5.1026019603856785,0.006516084069197348,0.004285790824585689,-0.0017595842568649545,-0.003936675745011442,1446.6678126909985,1486.2611738298901,1621.037093014245,1824.6645568609786,0.03378467727557499,0.027000835504160214,0.0868024381581538,0.11833004039168493,0.07217348288505177,-0.008249067447829717,0.0004244038344986545,0.030392756389867603,7.304018966112905,Low shock
41071,Yamhill County,OR,41,0.06244608057482539,0.07149464932217134,0.07151832836678275,0.06755722944741953,3.282613371739598,3.260142666072225,3.2355896424258628,3.239142872962847,0.005034771109322378,0.006868907808364355,0.007559775992721285,-0.001097568396914994,1388.743953070715,1480.0736162327737,1596.579847976028,1775.3058109644378,0.06215929802421272,0.06369211949910092,0.07577191907670411,0.10610894964129702,0.028014725597343748,-0.002720735660940221,0.002567413958602771,0.06292570876165682,7.299847106218953,Medium shock
42003,Allegheny County,PA,42,0.03202309651762899,0.032464206832151746,0.03251681488638817,0.032194462757465986,1.6237344906211648,1.6295760625677957,1.5852620420487946,1.60148628311584,-0.0014729431601754328,-0.0035911593000879094,0.02757017679852325,-0.010182405129382843,1123.1205882899285,1162.9028185410846,1224.3906148628762,1316.3627770090006,0.038801209561354355,0.03480825855029668,0.05152395393755871,0.07242919836534689,0.025171842095627284,0.011225937064701874,0.00011198714703671009,0.036804734055825516,7.058674588013564,Low shock
42011,Berks County,PA,42,0.03380651304621367,0.03761517043419844,0.04022571239385245,0.03820990522862011,1.2250966399048469,1.2232285157131422,1.1986919129028129,1.1933091273087055,-7.611961249232024e-05,0.0015260428542021032,0.02026279809736664,0.00450066249114478,940.6023643215213,991.8601400846491,1118.2573519844948,1235.2578318261333,0.03589874919314351,0.053061626388258176,0.11994470730867945,0.0995081811459837,0.06524625643663073,0.011656768673400819,0.003506967071030223,0.04448018779070084,6.8995821095272625,High shock
42017,Bucks County,PA,42,0.040707333607303046,0.045042703887736825,0.04722527497898985,0.043044602560190166,1.1615011686611074,1.1624444455060376,1.127592497339345,1.1308064198823653,0.0004997294562407717,-0.0008117891322250159,0.030440241944116764,-0.002846197532361927,1481.9567545045395,1542.9318822259504,1700.0478961685785,1882.2479856990449,0.037275262672818776,0.04032108013318858,0.09697199879703255,0.1018103747095207,0.06059301535027295,0.01395305204386954,0.0022599200220700735,0.03879817140300368,7.3414397050672,Medium shock
42019,Butler County,PA,42,0.04683971556238889,0.050896529808807,0.05085588683137679,0.04989778686338992,6.89277957443193,6.862822851402438,6.596902810036644,6.576547363301041,0.0014986291944509844,0.004355573745336017,0.0395185837871157,0.003090376881990764,1283.6039496389824,1323.2911229394497,1397.84175709159,1511.451277615555,0.026953064030100116,0.03045020124896336,0.054807536553473035,0.07814085520639935,0.037772563240404455,0.018377378864659732,0.0015087141617854058,0.028701632639531738,7.18787718748132,Medium shock
42021,Cambria County,PA,42,0.02787536058035587,0.030807691584744647,0.03458633460674813,0.034471901536112966,0.4534729107580684,0.4585302163640885,0.4461686214902032,0.44891157963615336,-0.010482348404719843,-0.011090658121737818,0.027329236515164723,-0.006128985378007101,563.2743046191354,595.4862119305795,636.0257060153805,682.719719313062,0.03779750309576002,0.055611505699384445,0.06586074602816883,0.07084542752271528,0.02164858237786982,0.02138662883180764,0.0051875919888802885,0.04670450439757223,6.389378234758334,High shock
42027,Centre County,PA,42,,0.04591360271110726,0.04986160818387355,0.04777663284717819,,2.352999455094863,2.4053068665181283,2.412193000831572,,-0.0037022085544720085,-0.021986612477673972,-0.0028588019482889138,,1267.5979574521214,1329.8240887921365,1417.6175514573097,,0.020002502452928894,0.047922931937094404,0.06393101247911659,0.0359244697551766,-0.008720498658509435,0.0029055178044186045,0.020002502452928894,7.144879016464979,Medium shock
42029,Chester County,PA,42,0.04515082277757281,0.04962755479598739,0.05514000724291022,0.04942840817799468,4.269996324222611,4.256215840640597,4.144644775104032,4.101434587423487,0.005352748108460759,0.003232501212725225,0.026563379887823757,0.010480273420482078,1522.6213827529627,1579.896786527749,1713.4061028481271,1902.2688959483355,0.03655745090955076,0.0369260765525814,0.08112374245381737,0.1045640671213155,0.056102141056500354,0.014229201993559926,0.004895018923672348,0.03674176373106608,7.365114798904806,High shock
42041,Cumberland County,PA,42,0.05779666527758061,0.06256790495744992,0.06297194383234526,0.06440790787459229,3.2275523143959894,3.1931899459463686,3.076784026331547,3.0424679367822085,0.0065277203132421135,0.010703652358300175,0.03713549601306454,0.011215896809604331,1145.1449281673274,1187.319412616492,1302.8460167884493,1434.7123359080886,0.04217680363562959,0.0361669679612735,0.09285294347256823,0.09641325108566079,0.055461211480662964,0.01556001007556329,0.0035076407359535128,0.039171885798451545,7.079453450758324,High shock
42043,Dauphin County,PA,42,0.05413202829483042,0.05701184181560661,0.058507374988118796,0.05718103604534016,1.9825663459362777,1.9723161136797271,1.9149910494983555,1.9121054983424954,0.005315311283702329,0.005183595372503902,0.029495595657742513,0.001507958666097764,945.5489475418572,1004.750674660546,1110.1343590086055,1221.309554732366,0.041246749657896764,0.06072904909198584,0.09974162633288142,0.09544263642483397,0.04660423200391639,0.010252323833817023,0.0022722704615109612,0.0509878993749413,6.912494704800143,Medium shock
42045,Delaware County,PA,42,0.046408860937240705,0.04836764470233025,0.050341832777952844,0.04798311941030243,0.44836241805029425,0.44816701455484137,0.44029038364199885,0.44106947191481455,0.0017667661829054992,0.00043591095047368356,0.01773149123249418,-0.0017679236711938273,1222.0850904360989,1273.777217028381,1392.8206648245202,1540.5416160513194,0.04470395307894748,0.04142818253080183,0.08934427329063688,0.10080310707391771,0.05200762237740264,0.006880445213960584,0.0017742232743421515,0.04306606780487465,7.149741951946241,Medium shock
42049,Erie County,PA,42,0.023428738372805322,0.026862587001047256,0.026218693556643774,0.025759148407767083,0.7457453557873179,0.7488097278207029,0.746498698269683,0.7476565987204284,-0.008316924253447766,-0.004100720490233911,0.0030910430928727806,-0.0015499067397772848,737.2625301001939,758.7191972768411,801.9678563076659,891.4100367672175,0.031853314433180735,0.028687701601321614,0.0554367827665283,0.10573599235750653,0.05031587954476624,0.0069793905483885865,0.0008432582952791375,0.030270508017251174,6.631631744879909,Medium shock
42055,Franklin County,PA,42,0.039446264865063876,0.039283651068746386,0.04313915539031205,0.041546621751399906,2.12188629261455,2.1203184332774336,2.10764308022456,2.10256704321731,0.0037298933616281005,0.0007391719682612319,0.00599598221862685,0.0024112998249101736,810.8739204257816,851.3482781646225,948.4167819377566,1035.400988974606,0.034877185767908436,0.048708722225232925,0.10797274664634227,0.08775001059478171,0.05606842462399131,0.0019691083568238454,0.0029779306039508513,0.04179295399657068,6.7468213023880965,Medium shock
42069,Lackawanna County,PA,42,0.03442048357393216,0.03834409454325074,0.04118527639950261,0.040408603917058805,0.8197971478685274,0.8230098234835327,0.7961378058997515,0.7972190034762456,-0.0023470110200243255,-0.003911207788295457,0.033195842944850895,-0.001357131982087978,867.3903992168938,918.5029975056681,1044.7876418545357,1153.277390008748,0.04755799848460818,0.05725600525011032,0.12882376208283386,0.09879414222254201,0.06140195028532869,0.01904846488554135,0.004414651099689262,0.05240700186735925,6.82274516812908,High shock
42071,Lancaster County,PA,42,0.029919174010533452,0.031593869716692265,0.032824040286870595,0.03137967887648518,2.4530609176794558,2.449688021794534,2.405211651434858,2.4036216002586857,0.0027189270293774825,0.00137592051262736,0.018322773965259387,0.0006613043750522962,985.9445841193304,1035.211631603892,1145.1698683862503,1258.0280588175212,0.04179787550302194,0.04876100947244488,0.1009471018768755,0.09399247966431279,0.05219034828286073,0.00744461539915342,0.0013453377180650261,0.04527944248773341,6.942361159776916,Medium shock
42077,Lehigh County,PA,42,0.04971180176557324,0.05247522885021628,0.05534448651268816,0.05219320659850623,1.1535087244251412,1.1488611172539522,1.13331329195587,1.1321536965083956,0.0023205388856073483,0.004037243191596929,0.013625659619659558,0.0010237143641020907,1211.679409828627,1273.1808575512293,1449.3632197692357,1607.8983297416787,0.035737457122074545,0.04951104208712742,0.12960591979247926,0.1038036397910389,0.0740805301871581,0.004145795953278686,0.002675331247702438,0.04262424960460098,7.149273660383845,Medium shock
42079,Luzerne County,PA,42,0.034742865199562926,0.03904566167867479,0.04317370113853865,0.04099870100099335,1.2128352623189411,1.214580007697598,1.18119174577072,1.1791874938743507,-0.0020612691809365202,-0.0014375337427168233,0.027874461496967484,0.0016982460652084086,796.4961365568593,847.6832023020485,966.4894470848927,1074.4310589252416,0.053242179020731584,0.06228470498834504,0.13116339609579963,0.10587617305194996,0.060756342569336486,0.016535755242914618,0.005191937630647139,0.05776344200453831,6.742506983801712,High shock
42089,Monroe County,PA,42,0.06106447674727208,0.06971512573223156,0.06873434850912258,0.061565456209948126,1.2464502625188878,1.2459301573868378,1.256847447176836,1.2660420063182662,0.0032920434787815367,0.0004173561431031203,-0.008724194282654807,-0.0072889439024557134,1131.3921302846768,1228.8346918170905,1424.703252950059,1615.5869692078452,0.04807795476181731,0.08261746711516604,0.14789723320532744,0.12573479057805237,0.07146830095319823,-0.009861268903497589,-0.00023989888021645756,0.06534771093849168,7.1138215942679075,Low shock
42091,Montgomery County,PA,42,0.04857932764909509,0.052970477134622586,0.05538566525614889,0.05153539155069377,2.2784282698516494,2.268941524388123,2.189183904175764,2.187171982003228,0.004105250632134627,0.0041724159924179105,0.035784606047705836,0.0009194509617582725,1410.7711906427392,1468.1529692782078,1589.975988345457,1760.507358676782,0.04417915019510943,0.03986862868007801,0.07971378717937405,0.10188312503453734,0.048774566669361974,0.014213195192455785,0.0026856260115624975,0.04202388943759372,7.291760406251348,Medium shock
42095,Northampton County,PA,42,0.05307946661722215,0.05582433372312537,0.05859473475708575,0.055528368133233905,2.775641130550055,2.7722202607456228,2.6653507545017083,2.6675055048757472,0.001854327731640737,0.0012332212348891147,0.03931287315946186,-0.0008081037202192221,1197.698626212939,1267.256906963312,1421.7146965138365,1577.5874036782388,0.03865595725771609,0.05645274476155038,0.11500902717688888,0.10403304446238515,0.06196668481000378,0.017708610236356392,0.002609651274986066,0.04755435100963323,7.144609927693346,Medium shock
42101,Philadelphia County,PA,42,0.04535584131120301,0.045260127205446594,0.045013835412748275,0.04605091061286891,3.575397979979033,3.5888797310335785,3.5637380687118894,3.6155666579016565,-0.0012507645453521121,-0.0037636081436698277,0.007030087884388081,-0.014438581886100366,1403.8171433100545,1432.9904739394613,1493.2605961104252,1606.9248420600213,0.03775199740700419,0.020568443875204068,0.04119854742151485,0.07336026795323836,0.028119187046272476,-0.0011970606563451724,0.00022438875448378692,0.02916022064110413,7.2675187801713665,Low shock
42125,Washington County,PA,42,0.041093377361951934,0.04544632666207099,0.04775991249014926,0.04737521098904846,2.837585683485928,2.8384501191955627,2.7945195045083646,2.796036962941793,-0.0011981256566357956,-0.00030459135437865825,0.0155979912201758,-0.0005428649114023187,935.513343827848,957.8196767268169,1011.3586890556786,1088.3766063630796,0.022746582907248403,0.023564121908841607,0.05439041113671017,0.07339257057175974,0.04073613844618995,0.008278921659893967,0.004297709727587404,0.023155352408045005,6.864659531367168,High shock
42129,Westmoreland County,PA,42,0.031986297277380546,0.03619026375954943,0.03858950368246665,0.035787003139386764,1.530344671448755,1.5385191609020217,1.509681468518618,1.517054074170876,-0.004743119017280861,-0.005327384487021192,0.018921689404104214,-0.004871664623163241,771.3355869993744,802.9071750503928,853.96607410461,915.6992842166959,0.045239396523747644,0.040115568708283256,0.061652357557472115,0.0697965513078973,0.02304697181666926,0.012060264142621513,0.003099972892461715,0.04267748261601545,6.688239109569182,Medium shock
42133,York County,PA,42,0.03832994266691326,0.042149875171136345,0.04611626387981711,0.04432304558745179,2.6794795044298207,2.672894540546301,2.62204829011527,2.611436094645038,0.0020584619157268946,0.002460578110028422,0.019206180330989753,0.004055504606505167,926.2074464529733,967.579990064622,1052.9913345641648,1140.0539400685507,0.046641369750499706,0.04369986475198662,0.08459218426056747,0.07944057330246679,0.03684576153027397,0.009371322455869802,0.004979745814609644,0.04517061725124316,6.874798098555753,High shock
44001,Bristol County,RI,44,,0.06911602474938847,0.06599074167253698,0.061419783224294505,,1.1582213029989659,1.1029266947650371,1.1131651658814878,,-0.0036541221745292063,0.048918190641542125,-0.009240180107763507,,1434.1170117160984,1594.3663802932358,1779.348328907957,,0.06861666004296563,0.10592706659912743,0.10977078633926318,0.03923226642622968,0.023493127441418515,-0.005410762300972732,0.06861666004296563,7.268304615959001,Low shock
44003,Kent County,RI,44,0.05931128739097967,0.06330699892110117,0.06471953662258025,0.06217773306977497,1.4674273745227815,1.46374646210658,1.408722388164394,1.4082531817172508,1.8266897642504887e-05,0.0025115633232797308,0.038316032978730874,0.0003331278101939006,1297.2483290812797,1382.6465974733298,1585.2687343240566,1801.3240546279421,0.04737655870559099,0.0637541355300435,0.13675445467884462,0.12776803896885536,0.07669589970603274,0.01805966528400127,0.002139491690137184,0.05556534711781724,7.231754765730256,Medium shock
44005,Newport County,RI,44,0.07158903699266138,0.08600656358099518,0.07830273942718234,0.07313412262026926,1.4914152682122417,1.503006012024048,1.4367816091954022,1.4518242230379719,-0.0039209092514607136,-0.007741597200503492,0.04506149213112032,-0.01041523191292093,1654.7722599136334,1751.4503736680524,2067.8169845260377,2310.892472291981,0.07202002040271527,0.05678083757865604,0.16604922431543478,0.1111403476092514,0.07419435697165744,0.023154383335081796,-0.0030793692631024827,0.06440042899068565,7.468199508618126,Low shock
44007,Providence County,RI,44,0.038044664873234525,0.040463877816274044,0.04118578678539013,0.04072834286530178,0.9732329542957247,0.974005061684369,0.9411307534207066,0.9430747888729343,-0.00038607918241595485,-0.0007930283024180085,0.03433441893480804,-0.002063507508506035,1296.2022501803747,1359.1312490082446,1494.2730208701332,1671.127313375281,0.0454780093858167,0.04740706515000159,0.09479410676544209,0.11185862173449213,0.05688382698205796,0.016725009455567985,0.0017027934805916717,0.046442537267909145,7.214600987124501,Medium shock
44009,Washington County,RI,44,0.04968570282198743,0.0646984513170823,0.060659289185549504,0.05340474368783474,2.6534470978915423,2.6561481080909135,2.5525215703357254,2.5641813045080455,-0.003521130398578265,-0.001017407289097605,0.039795271956711176,-0.004557526453886851,1448.5335114221914,1574.6996846921477,1768.224989300318,1979.5881342500006,0.03330616057685987,0.08351290449227733,0.11591163480002109,0.11291259755306182,0.05600258364197286,0.019888141595250097,-0.00016006063284274008,0.0584095325345686,7.361819856692742,Low shock
45003,Aiken County,SC,45,0.060417284683081184,0.06797557427767646,0.07077813010763216,0.07026552014641374,6.684179801517805,6.622516556291391,6.686248518222217,6.571848382579149,0.009366554990405618,0.009268068491053327,-0.009577515080414045,0.01725782754883909,872.0894250814898,947.771786626529,1052.6728026478393,1184.2759931352628,0.0595968904428279,0.08322177151808141,0.1049739932503524,0.11779915547171349,0.03997724338057829,-0.005477155506516951,0.0063253956466441386,0.07140933098045465,6.854113741867951,High shock
45007,Anderson County,SC,45,0.05864625475634232,0.06639421103261502,0.07025641345500135,0.0675606847747278,7.751057186894834,7.677890708724609,7.583923435725161,7.483830347432888,0.011002686543076123,0.009484383138708807,0.012314192734233842,0.013285929948661845,873.700961519649,923.3572577935084,1024.0858646710024,1161.5562232428233,0.042875689138465845,0.05527805332719726,0.10353943315653868,0.12596030245629297,0.06567299657358427,0.0025565265005553783,0.006388316220385909,0.049076871232831554,6.8280162211452895,High shock
45013,Beaufort County,SC,45,0.08808156679840826,0.10041590832933632,0.10576897531946548,0.09531924708173699,11.872008637963434,11.688882528519443,11.911644452777908,11.6596226299663,0.016091356908949805,0.015545235186849027,-0.018878268287899402,0.021384631215353167,1357.8593045144587,1406.2766506179967,1601.1296272926163,1922.519952591957,0.041107333383560984,0.03503611949552532,0.12976385884923225,0.18292740361433957,0.11827390479224276,-0.014565114584172534,0.006295373636728954,0.03807172643954315,7.248700817323727,High shock
45015,Berkeley County,SC,45,0.10800639919839224,0.11615741420469067,0.12222641530072577,0.12164243741280321,12.959048184772355,12.572726463745886,12.5265455528019,12.112577157973806,0.03155146554602695,0.030264344165901846,0.003679864740808725,0.03360568947943321,1282.348293735453,1331.8107979754434,1479.0243402806634,1674.63756987807,0.039223712098591434,0.037846516886068216,0.10484312238151894,0.12421412482353222,0.07599350911019576,-0.01226512774584343,0.009852519655223047,0.038535114492329825,7.194294797449213,High shock
45019,Charleston County,SC,45,0.08309073542212037,0.08824364640002552,0.09214224851375571,0.08599110536207707,10.355900779176714,10.22295271794651,10.308457615424327,10.189579110528198,0.0138025115318694,0.01292102214680746,-0.008329227307953602,0.011599143792162536,1352.8892664953132,1379.5521877700764,1537.899241404276,1788.6870832702477,0.03750956109329007,0.019516441996925593,0.1086584113051714,0.1510645214999764,0.10134846485746607,-0.011726808597233962,0.0033994860268434512,0.02851300154510783,7.229514223873322,High shock
45035,Dorchester County,SC,45,0.10773200269639938,0.11327841596130593,0.11700416131677058,0.11321916779330028,8.341640318743618,8.229906417999603,8.344957541051807,8.214393255043662,0.013403020958566714,0.013485234150127923,-0.013882825364317952,0.015769578569551967,1153.891468507378,1195.2747613872164,1308.2428913914932,1470.6141380121564,0.04029264298756452,0.03523596922570604,0.0903088477763605,0.11699516192714743,0.06588769874511868,-0.01250075095173031,0.004606455226182776,0.03776430610663528,7.086131363783758,High shock
45045,Greenville County,SC,45,0.06301651636683694,0.06855555188974931,0.07589567361920967,0.07229239884446244,11.666552326068894,11.497015883985682,11.450524457212971,11.174693572086996,0.01764118342762444,0.01463845880340564,0.004051980272530287,0.024383813793328102,1120.8923238261443,1157.442636470297,1272.4241380103742,1408.3730918002732,0.04113229465786539,0.03208786182735057,0.09471090354541811,0.10151135143603085,0.0615010492481165,-0.0019219240825858463,0.008308002103542933,0.03661007824260798,7.053968226607331,High shock
45051,Horry County,SC,45,0.08113315686673755,0.09269336790295812,0.09738308230373117,0.09284281114806989,15.289855481380743,14.828334459801505,14.80224970157856,14.143396659767662,0.027860557137307396,0.030649727061339505,0.001760664914288057,0.04553132806960036,1125.5477716403766,1167.4534650372395,1322.87792306592,1554.7032714274528,0.03876832223305726,0.036555025846192635,0.12498475693448619,0.1614750971286245,0.1055682529919304,-0.00560914560737924,0.008199684341052699,0.03766167403962495,7.062580130108196,High shock
45063,Lexington County,SC,45,0.07240696990114885,0.07971427391717247,0.08101843119008396,0.07173677872349112,8.00211074039563,7.882979213412909,7.969399634126061,7.853034201340522,0.01566878857125431,0.014999444242542737,-0.010903256563340236,0.014709182172248703,1107.4142689820028,1153.26956029504,1278.9600080649527,1406.8127636794804,0.03954994624913599,0.04057319388703018,0.1034462496495161,0.09527944044197145,0.05930127497766069,-0.01343115360244429,0.00031698304762688145,0.040061570068083086,7.050356283312988,Low shock
45077,Pickens County,SC,45,0.07048002428794711,0.07648279628618242,0.07733589740722935,0.0803072024782721,6.74941326570794,6.696201839306783,6.487656797656268,6.4209185584775605,0.014261594090484664,0.007915101509015088,0.03163905860301597,0.010340232283787998,1011.4900739103224,1059.5363778404412,1167.6157550644382,1307.878392350787,0.05392137168473532,0.04640686870983224,0.09713242040299797,0.11344242305104846,0.05512330152973943,0.009901297643652107,0.0053401396556859715,0.05016412019728378,6.965586712032035,High shock
45079,Richland County,SC,45,0.07771224595234741,0.0814451667209196,0.08517852434299931,0.08026816752193346,4.270706692852022,4.250079345950732,4.26797413813762,4.225124903327434,0.004489388519873572,0.004841662987978168,-0.004201621543224121,0.010090450650842797,977.5759025088211,1020.8782813497168,1124.271373516349,1253.8708438938866,0.042845233917406134,0.04334265745513832,0.09647184090006355,0.1091002837630155,0.0596921166452673,-0.0017211112001165318,0.0031446395958328877,0.04309394568627223,6.928418595925476,Medium shock
45083,Spartanburg County,SC,45,0.061588440188952334,0.06769313658904905,0.07583840142355883,0.07637200035160714,8.980371829860047,8.816541745221564,8.574912715379089,8.313388139257922,0.01816215180824976,0.01841158714822022,0.02778888671621793,0.030973569940579537,1019.1010526974628,1075.9363521689381,1154.8238399978857,1265.8830415926589,0.045893166659751294,0.054270389910922034,0.07075650512845044,0.09182212238716225,0.031207535472469683,0.011094358850163744,0.011464412498582294,0.050081778285336664,6.980946586712815,High shock
45085,Sumter County,SC,45,0.06407568147461842,0.0651852031652022,0.0709994469860741,0.06914474332446546,3.1228020818680546,3.130876269274163,3.1758445076010453,3.2038947044334978,0.0010978030968402663,-0.0025822216747375393,-0.014260660016852,-0.008793581258808914,916.0957976455,963.7656095308294,1044.2213414205528,1163.3774147233562,0.032313776066708044,0.05072717961794293,0.0801786374198512,0.10805585929683748,0.052596770516018854,-0.01078491134888182,0.005441652835359481,0.04152047784232549,6.8708481214061194,High shock
45091,York County,SC,45,0.07817513209365734,0.0805739329714539,0.07771628709630801,0.07224358179337716,9.076408797189332,8.837619549990489,8.83468591049132,8.684538801703598,0.026314892681158497,0.026661048750790783,0.0003320041669354623,0.017141259116534968,1099.0976862055654,1166.9014081821554,1304.7834090709816,1492.0613869823621,0.04406990664395494,0.05986230868251585,0.1116851903384335,0.1341215880856783,0.07093728154882051,-0.017751339074239425,-0.004394598087713045,0.051966107663235395,7.062107145583255,Low shock
46083,Lincoln County,SD,46,,0.106121511427587,0.11011669303797468,0.10392624184646262,,9.251178216093559,8.574538180962467,8.208492903807164,,0.028717346751559347,0.07595378297151534,0.04362779689535401,,1022.2691292339281,1102.0985703292977,1247.0556732734692,,0.02188436706634267,0.07519136053035247,0.12356915797952883,0.07749589218859798,0.031073443181875327,0.0008999560146316643,0.02188436706634267,6.929780071942183,Medium shock
46099,Minnehaha County,SD,46,0.06780076163594269,0.06809558453187084,0.06907718149860599,0.06649322395976429,15.101492122192292,14.90905577675062,14.667040179286058,14.383477642326278,0.01506503532177561,0.012824756392527448,0.01636598689021085,0.019522649814193827,912.7269055863685,944.2544385784744,1020.1588738966067,1153.6391429496064,0.012681105162892337,0.033958944019365056,0.07731799065072664,0.12296304421198645,0.07682049284022785,0.003999422495050808,-0.00016297035472162547,0.023320024591128696,6.850395662220623,Low shock
46103,Pennington County,SD,46,0.08537845245625132,0.09416823596942629,0.09402035099283183,0.09506624530201677,10.22664697090213,10.092645308213859,10.45707237724112,10.235683166237992,0.018944656370873503,0.013189790622375241,-0.035471560723426165,0.021398567077476116,933.2339878575993,963.4310708487334,1068.517195402777,1257.851986482981,0.014170656272519011,0.03184498467159891,0.10352622273958456,0.16313360487457373,0.11032209333502019,-0.023103720319599397,0.004769953934585486,0.02300782047205896,6.870500944920334,High shock
47009,Blount County,TN,47,0.06628409846972722,0.07324649747101741,0.07818320582944159,0.07128891694503625,6.799304326966325,6.730933351143961,6.59104286721265,6.4873757241971255,0.01359312377601185,0.010106482887380253,0.021002233252678693,0.015853493835205512,1027.2791448879393,1099.002520752853,1277.508367254194,1518.8697962206477,0.0558914116659226,0.06748926896106155,0.15050862368649476,0.1730549103819623,0.10009142672073645,0.006578060212246051,0.004970763416866614,0.061690340313492076,7.002158248079656,High shock
47037,Davidson County,TN,47,0.07611660577641707,0.07807691727508598,0.0825909384501473,0.08240151253546198,19.226578970532426,19.19397962476375,19.010929429557972,18.836475809039644,0.002457566340341444,0.0016969744732318048,0.009582621735010122,0.009218854235575336,1400.496230297885,1438.4298971385108,1557.8183036036316,1763.3631115752257,0.036044692480926344,0.026725545484046265,0.07973414956855684,0.12393652544732525,0.07045021852545474,0.007323467578506104,0.005399463967053111,0.031385118982486304,7.271307448497534,High shock
47065,Hamilton County,TN,47,0.0571658473679957,0.06090541220589959,0.06550529819655493,0.06445859872611465,6.427825632993996,6.360617980853571,6.406417257218737,6.3106977538827875,0.00860188645851423,0.01051078190712218,-0.00717464500924514,0.015053934939807334,1053.394411299779,1109.4175017023233,1241.605186294735,1404.4107916412859,0.04962402702722457,0.051817381680619334,0.11256994320260905,0.12321280190355477,0.06717066819915996,-0.0056166892175371075,0.005946318674387142,0.05072070435392195,7.011590383323561,High shock
47093,Knox County,TN,47,0.060072336694432266,0.06819397468206216,0.07290569037953108,0.06565686996204094,6.334323824757464,6.261445851529303,6.128315988978086,6.011546691428801,0.007151090752378408,0.011571946511640618,0.021491129251385743,0.019237927469212934,1061.5411095622455,1122.6457938011374,1295.1612369728193,1523.0389878609783,0.05513263707583249,0.05596648610557331,0.14294697939678347,0.16207247825277893,0.0969601672340783,0.011003009728289825,0.0051481244825388045,0.0555495615907029,7.023443494301381,High shock
47119,Maury County,TN,47,0.0925983701688485,0.10792726589737871,0.11018846468212132,0.10284623589513277,19.536133064724417,18.987850185761623,18.01947742562558,17.509907774362013,0.02318102252277754,0.02846641788763371,0.05234605864303177,0.02868637281471642,1196.3442807464041,1255.992385630538,1409.2988908869381,1587.1411518370758,0.03508327429685831,0.04865553137105039,0.11516633458774184,0.11884203992625686,0.075134784423045,0.01469249552366847,0.006254532255513451,0.04186940283395435,7.135681284613699,High shock
47125,Montgomery County,TN,47,0.12381997933496149,0.13147928796650038,0.1350293542074364,0.131274440241775,17.32068043487586,16.961414415802025,15.956722768407973,15.470478801527465,0.019045170217351526,0.020960164396347736,0.06106079343340909,0.030946616180132835,951.6965863233098,1004.1932235138062,1130.903917096002,1266.5600476366044,0.05811693245735494,0.05369346328715885,0.11883278313537637,0.11328736201593426,0.06015487470339842,0.02600103749992133,0.0055022635738747605,0.055905197872256895,6.911939735433847,High shock
47149,Rutherford County,TN,47,0.08076871237307934,0.08816955105164712,0.09061682432898265,0.08237261957120248,10.598419269853217,10.375492614830469,10.02295027819382,9.759289346293965,0.022274086816745253,0.02125831857507343,0.03456905467751348,0.02665790636527987,1233.9930830203177,1289.09950735771,1409.2737225357448,1599.2592386195831,0.03856245441393735,0.04368859817148785,0.08913056297828525,0.12646606489129653,0.06667278764207829,0.008847277825487332,0.00202559023772933,0.0411255262927126,7.161699197289115,Medium shock
47157,Shelby County,TN,47,0.03876097991674036,0.03977272727272727,0.03934937656545954,0.037606735805662136,2.004119222683471,2.006373815860182,2.0338278199055213,2.0494196039316552,-0.00018033312592358186,-0.0011243472523485565,-0.013590622000313246,-0.007636989968233365,959.9462275892711,1036.4421786724927,1167.2248771945171,1274.7347717505886,0.03947362412472444,0.0766718751856823,0.11883516539674766,0.08810910324882837,0.04539938466758464,-0.009961465795137237,-0.0007887974091729741,0.05807274965520337,6.943549145150939,Low shock
47165,Sumner County,TN,47,0.08411530243774443,0.08716118883015593,0.09004908632911861,0.08453546027951671,10.339587565340448,10.124718118643287,9.875065459714222,9.719174753707277,0.019207077323066812,0.021000208515872032,0.02496683287402668,0.015912226611023428,1240.2109781723143,1275.1073825456115,1411.7222499320508,1601.4975848992124,0.030786010524535,0.027748887836850145,0.10178001620638089,0.12612876916698745,0.0846869435059916,0.0003358868230556311,0.001654027670367486,0.029267449180692573,7.1507856756504875,Medium shock
47179,Washington County,TN,47,0.07441104123997819,0.08121359174629275,0.0881456791133287,0.08589005133027702,6.786457931672707,6.750174507352321,6.593735950846695,6.463601842126525,0.004986577526002733,0.005360788420116336,0.023448257494550262,0.019933376880794995,906.7094050923062,955.6220002874551,1069.457455974426,1255.1933586974324,0.048947531890974894,0.05254043019203802,0.1125443106987225,0.16013816200227193,0.08559725530899076,0.016517134214613094,0.009205548728667384,0.05074398104150646,6.862362437672467,High shock
47187,Williamson County,TN,47,0.08729141090346929,0.09754619415934913,0.09748426253920263,0.08736680571465623,9.57427186907896,9.309226078875719,8.919610255208639,8.75975116783898,0.02564074297159813,0.028073527276985644,0.042753707618272685,0.018084753228052364,1514.940023830397,1543.7749249768983,1750.8485063651344,1968.2378085074563,0.028128616868130507,0.018854817050895534,0.12586986421066104,0.11703809777751495,0.09796226403457498,0.003562095298870638,6.731595520212408e-06,0.02349171695951302,7.341985945979969,Low shock
47189,Wilson County,TN,47,0.08870374115267947,0.09613013778291243,0.1045127310125596,0.10015067435963397,16.25526791089705,15.857692567339498,15.450288089662974,14.811498615954045,0.025213657332317396,0.02476231730821965,0.026027068314915525,0.04222383712616384,1331.6938821854135,1392.8446844387208,1501.2126664189088,1677.2057391085075,0.041040649530518,0.0448964638820728,0.07492503436347597,0.11085593237531555,0.04992192666310036,0.00913746540027116,0.009914763218300843,0.0429685567062954,7.2391034703910435,High shock
48027,Bell County,TX,48,0.1105561489113666,0.11407053698027873,0.11313490152001712,0.10706355339482926,8.545669012051373,8.4016576243421,8.170368481515462,8.021597402530364,0.02216057826061224,0.016995583699415562,0.02791501298070287,0.018376430213427497,933.4537334909883,987.7157723501372,1152.0945819890949,1300.4389241005968,0.047918987129660806,0.05650357720824495,0.1539419637541659,0.12112018008095049,0.08531978974860532,0.003567640617051282,-0.0022141154883994763,0.05221128216895288,6.895394976552541,Low shock
48029,Bexar County,TX,48,0.049843966935361764,0.052219334134482376,0.054740928089492706,0.05404061308643896,5.189655645972798,5.127236073401575,5.1167391521634125,5.044192504481381,0.010736374143915484,0.012100608577592098,0.0020493850640850297,0.014279769393050756,1157.27684636025,1181.5646184304921,1275.2437444273392,1401.8374172244378,0.03002641165121922,0.020769808937100898,0.07629782443170097,0.09464648455890057,0.06007404420114071,-0.0032539141321858978,0.003359120053043764,0.02539811029416006,7.074594786989642,High shock
48039,Brazoria County,TX,48,0.07132278039888484,0.079783963601297,0.08083114851360444,0.07950099723841669,10.400348012671504,10.241302645341351,10.279040200885733,10.037760731929712,0.014053490700643323,0.01541044536454983,-0.003678067015792763,0.023752835276281914,1344.8910027730728,1368.2945612999117,1448.7027547448397,1567.7674510572854,0.013295250343268172,0.0172521476698817,0.057103385483075364,0.07898409756211056,0.05277004251601802,-0.004694583902352001,0.004612700875919654,0.015273699006574937,7.221320397591569,High shock
48041,Brazos County,TX,48,0.07040445110207576,0.07827916856921642,0.07824289055350303,0.07825320094068461,8.443103854100375,8.329212444368,8.151945187953471,8.006415052225634,0.014961996525158838,0.01358108901214905,0.021512335072163324,0.01801347027051925,1096.1656185639254,1127.2251852062893,1193.699406190768,1293.3910663789336,0.026709330977430668,0.027940735571498898,0.05729820515659867,0.08021027325748964,0.04142920593257937,0.005491359902687343,0.0039062359114477307,0.027325033274464783,7.027514303491617,High shock
48061,Cameron County,TX,48,0.02869507583141643,0.031073372142221445,0.031369447343175316,0.02799950878054771,4.504920158334693,4.488660474326936,4.505058726658401,4.480938361209759,0.002850391992618384,0.0036158460989597074,-0.003646604955442001,0.005368446738247101,943.6647157009197,988.4088983747994,1072.887140696558,1189.9931080056358,0.03266458232937364,0.046325547870670114,0.08201207913319664,0.10359423848241,0.053308093707781445,-0.0023721981543864956,-0.00019974592495742433,0.039495065100021876,6.8960964768812945,Low shock
48085,Collin County,TX,48,0.09135572174245277,0.09894480554212434,0.10394905773585636,0.09742776603241719,14.292725530204663,13.799484921213095,13.272196658894497,12.764507180790254,0.028476989479347736,0.03511943673369444,0.038959896560495366,0.03900292747509582,1355.4587727446471,1381.2958218536635,1541.7855606622452,1765.9104839585088,0.030026869343815044,0.01888208522786705,0.10991913982584389,0.13572521255962666,0.09836769890689423,0.007183198911274502,0.005538148241848215,0.024454477285841048,7.230777338908509,High shock
48091,Comal County,TX,48,0.12444834729352428,0.13733068626622735,0.14174189830694509,0.13154214683413182,26.82903442324288,25.465378734558165,23.986009589831806,22.717308348083076,0.05387546671551746,0.05216484211714523,0.05984910635616458,0.0543436103791759,1215.6751126139968,1253.7908240044665,1425.6764518124912,1552.5401622313502,0.02054347491407338,0.03087205056374831,0.12847478282817715,0.08524599977197767,0.08115262856116656,0.004076203951338897,0.0057525057906626376,0.025707762738910844,7.133926900265046,High shock
48099,Coryell County,TX,48,0.15901767672170541,0.170562201784109,0.17079942390116087,0.1634676409543903,6.1664685209620735,6.150878976243534,5.593146026140848,5.605367852265305,0.023155117535820224,0.002531316591714017,0.0950530703412209,-0.0021827594464181033,823.4530708224903,882.4488925027184,991.4193180201245,1139.3444246388053,0.04752058932108394,0.06919431442350632,0.11643669604062978,0.13907073887541355,0.06939626558572654,0.03359193838363428,0.0023435931748683747,0.05835745187229513,6.782700874952254,Medium shock
48113,Dallas County,TX,48,0.05603216320295965,0.058594547713208996,0.06172690166559227,0.06147787290800248,4.0324737830394035,4.032037780057423,4.1062731938946815,4.08456133433103,0.002217889994570399,0.00010812880085531162,-0.018243950892799177,0.0053015136227418935,1296.1461530679826,1313.7804163610883,1431.3711571179874,1617.434854592669,0.03677968832862,0.013513431260786746,0.08572404073763629,0.12220863521492387,0.0788197781815767,-0.007634228032741497,0.004289031828713048,0.02514655979470337,7.180664074243674,High shock
48121,Denton County,TX,48,0.10721654286551935,0.10538491493816196,0.10839139599836119,0.10270727223298753,11.222314110029085,10.849276207300147,10.566987645714566,10.200867288496156,0.03505627982710813,0.0338057587371825,0.0263636004369161,0.035262023360351336,1309.4148561175184,1340.9437273860092,1480.8363140827462,1672.7165991927031,0.028307952550049365,0.023793277542070612,0.09923336501621538,0.12184200561577985,0.08448707026993763,-0.0036182073835115958,-0.0007513947861663012,0.02605061504605999,7.201128919228947,Low shock
48135,Ector County,TX,48,0.07772495603707788,0.06852760691853448,0.056494037426142764,0.058683699994632355,7.147842410531636,7.084036469669233,7.389989922741014,7.376270512923996,0.026490363650623294,0.008966682320181718,-0.04228250324269034,0.0018582109972253846,1515.2219745751606,1298.6039465751107,1200.7826301296782,1325.2052975476913,0.07016173502305012,-0.15427214591251381,-0.07831626420346005,0.09859385299735468,0.05219399984167916,-0.03794066910813498,-0.015537412767418615,-0.04205520544473185,7.169045079169654,Low shock
48139,Ellis County,TX,48,0.08845031095316665,0.10220932165158962,0.10436383700984803,0.10497971270018874,14.780937948204476,14.241760534000834,13.440820524935159,12.862478393767985,0.031173939662913597,0.0371598427952371,0.05788214715366813,0.04398196281995226,1320.2740728703002,1377.588913749123,1488.2184402842297,1654.382429167018,0.03333738882280013,0.042495461139846036,0.07724491975478287,0.10584805770473693,0.05363006374843682,0.016765163757734847,0.00934195855264025,0.03791642498132308,7.228090086130286,High shock
48141,El Paso County,TX,48,0.04340570708100792,0.04516493030223442,0.04354270811933621,0.04130787295906956,3.059100824954239,3.045337732946941,2.9533175254380697,2.954202935984198,0.002284395566098496,0.004509215777074971,0.030682685577163582,-0.0002997570837166563,983.2965394564299,1039.5779047950093,1132.8780879604599,1282.8892385691977,0.028616218319408304,0.05565930651384576,0.08594660516694663,0.12435337671262214,0.06301222852315735,0.01179465857513673,-0.001860028152418286,0.042137762416627034,6.946570048977613,Low shock
48157,Fort Bend County,TX,48,0.07766710400131789,0.08933596890913964,0.09045332460614815,0.08043014287793127,17.340172774218473,16.783255091663037,16.381399619902247,15.854087942770937,0.02930036334182695,0.03264426659541009,0.024235146963421883,0.03271914021552291,1489.9719846146643,1511.4316576103627,1655.4403501640197,1811.1668334830183,0.017843129066943852,0.01430000176140478,0.09100972677467567,0.08990425091237153,0.07438542342934928,-0.0024951713791461216,0.0019401972868109407,0.016071565414174316,7.3208125982521075,Medium shock
48167,Galveston County,TX,48,0.07123327889608602,0.07540507894304237,0.07617132944237809,0.0708355795148248,9.597676413666296,9.498998809002895,9.21925975925301,9.1721299319785,0.011490452992804379,0.010334624407505544,0.029891656596422678,0.005125216879454442,1182.2348727706744,1199.845323405251,1278.381068118408,1404.2475682753175,0.028056779477472205,0.014786044151796851,0.06340183555270862,0.09390713386319849,0.057233072893319026,0.0065958980377835985,0.00018427555903725856,0.021421411814634528,7.089947930305848,Low shock
48181,Grayson County,TX,48,,0.08344360203132824,0.09356709250702183,0.08879189944134078,,8.538295811101955,8.462128214498112,8.24732188997053,,0.01584957812923271,0.008960730172717035,0.025712175730335574,,1112.6858451350406,1232.0953083364795,1359.5993705436197,,0.03433923621098067,0.1019394498684365,0.09847385308610157,0.06586741526628836,0.0014868748222935935,0.007735893942853067,0.03433923621098067,7.014532051895574,High shock
48183,Gregg County,TX,48,0.0741554188962543,0.07595510489648309,0.08084872314634668,0.07891415406190525,2.2159905880836113,2.2136538167416626,2.215419318456457,2.1902054014447394,0.005948453650880481,0.001055060562499932,-0.0007972330798846627,0.011446364094334527,802.6594229213014,839.2928034580885,901.4888947265672,999.3851477828374,0.03244260495459006,0.044629143474668176,0.07148808731105483,0.10309251375993789,0.04875442632086724,0.0018228084005347256,0.004826176707757285,0.03853587421462912,6.732559636594841,High shock
48187,Guadalupe County,TX,48,0.1046105334924152,0.11748905226253241,0.11855304009036735,0.11308681713759135,9.277115649517878,9.079292881928163,8.736555349377612,8.478287046666157,0.021631333156628685,0.021554371714957554,0.03848032594635775,0.030007557009360752,1363.3769359082596,1411.3723233344244,1517.9364656018786,1668.4784163716424,0.025412101777145146,0.034597846817815636,0.07278931405853672,0.09456025909782273,0.053669812280699336,0.012651089042066133,0.00477013573650556,0.03000497429748039,7.252317789003927,High shock
48201,Harris County,TX,48,0.04097458296524418,0.0432960760726793,0.045388155678123536,0.045832585990424814,7.8486075150507215,7.800554339331395,7.805061200287106,7.73026456825779,0.006888896339818373,0.006141329126402084,-0.0005775947856161423,0.009629306921990377,1297.179731225628,1314.4106606397872,1393.9395741750714,1510.9633451917625,0.016282298791844063,0.0131959280489502,0.05874556596299829,0.08061346003212666,0.054940399577165344,-0.0019892566649231114,0.003475041315312434,0.014739113420397132,7.181143677341253,High shock
48209,Hays County,TX,48,0.10924892444321578,0.12059671623162833,0.12453964356770944,0.1201124825801314,21.375868055555557,20.404781140596192,19.241663573675062,18.301542532041633,0.03296807945049984,0.04649338175748774,0.05869133719900432,0.05009255816450775,1336.4602168995186,1378.7089205495474,1522.3079494834449,1695.8917660611908,0.035470032719955746,0.03112300691184089,0.09908007465498514,0.10798114706139472,0.07023409104229161,0.014661217077762245,0.007403242736498353,0.03329651981589832,7.228902775418164,High shock
48215,Hidalgo County,TX,48,0.021624668655489364,0.023965061763507194,0.02431013611623463,0.022857665218564725,5.643313526771147,5.591864716636198,5.5622169310064615,5.509486809428495,0.007472317529757078,0.00915858540837533,0.005316054945248894,0.00952527659720026,874.9040421141343,899.0801177633213,968.558158069759,1053.7824572973796,0.023463744239276885,0.0272579350700779,0.07443638141870323,0.08433277987005194,0.0540237409897002,-0.0008947856978416269,0.0007890354579013978,0.025360839654677392,6.801372149258645,Medium shock
48221,Hood County,TX,48,0.10002010050251256,0.11145570473677113,0.11707882534775889,0.10911916523283566,6.298371166736829,6.123380609819447,6.050425396232871,5.858963159321625,0.024802313889226824,0.028176723766597078,0.011985748242173244,0.032155930333114924,1238.049352112392,1267.41801363853,1385.6924633422589,1531.8956098415244,0.06670184642072385,0.023444733015354657,0.08921821735526247,0.10030594098015388,0.049688789449668924,-0.004418679540267867,0.00736109267065542,0.045073289718039256,7.144737049853371,High shock
48245,Jefferson County,TX,48,0.04823705438459537,0.04852086183310533,0.05053215077605321,0.047571592837978426,4.43666315182142,4.457735470381047,4.394486987983147,4.4316199061212,-0.0053177893835236745,-0.004738343508270404,0.014290096979891587,-0.008414386472635371,960.9044031290174,1003.2724714740519,1041.628879397459,1102.880500902773,0.028592988337210024,0.04314748000498003,0.0375185894914436,0.0571396762483074,0.011458898698780473,0.007965921699525147,0.0006729136981654671,0.03587023417109503,6.911022407574527,Low shock
48251,Johnson County,TX,48,0.08807185759230758,0.10077413656496383,0.10932402750159213,0.10490432844138955,14.6707046142832,14.378393428929416,13.76985883494835,13.207431354094203,0.027085570991394192,0.02012599852253416,0.043244562395445385,0.04170240850173634,1156.0402474872437,1212.6947897354166,1321.6577447750788,1480.6465200460082,0.039076061164944775,0.047844396445084314,0.08604183365584106,0.11359201434858512,0.05635669519719855,0.018867700691626688,0.012691180892855133,0.043460228805014545,7.1006002612367745,High shock
48257,Kaufman County,TX,48,0.12160432734966896,0.141770177773927,0.1592185592185592,0.15648252068005156,7.826526649030111,7.458204723529659,6.746129502946694,6.187322940021204,0.060001918016501676,0.048204084742909714,0.10034579811864397,0.08646642172170793,1422.828393173254,1489.2317793470627,1625.2675068789906,1765.5942353793746,0.037313147011777126,0.04561368593130233,0.08741201918398556,0.08281488913973512,0.04365003769032061,0.039303108540470255,0.026163287387507395,0.04146341647153973,7.30601568164937,High shock
48303,Lubbock County,TX,48,0.055572745838232566,0.059445093806789584,0.05784652872963036,0.0568545598893641,12.37917367167384,12.234252093578844,12.239306894820146,12.11917132687775,0.009700142760815211,0.011775951401444829,-0.00041308265100070685,0.009864043306821557,1110.1545298516312,1145.756773620474,1222.3746608340068,1302.8847572559218,0.020437171766059414,0.03156613462576985,0.06473005384259434,0.06378543988303331,0.038256093666899194,-0.006012566753219595,-0.00015837551301384895,0.02600165319591463,7.043820635325041,Low shock
48309,McLennan County,TX,48,0.05376703694747295,0.055937597751771324,0.058233267891295196,0.055994961841902995,4.6716975260619265,4.6240326492896475,4.554055232613254,4.512289507893689,0.011250226230307803,0.010255309399214596,0.01524909623611137,0.009213419820705226,979.142505835167,1023.6398705471353,1122.3378351361484,1277.286794538454,0.041983120366683835,0.04444286023545807,0.09204908677165147,0.12932427382528378,0.06747368999739667,0.001478490213647099,0.002261797516976957,0.04321299030107095,6.931120054823588,Medium shock
48329,Midland County,TX,48,0.08742490301761131,0.08189981825376068,0.08317788233983907,0.08166663268704084,7.305434018725488,7.247150897038733,7.660899695109268,7.493358291816602,0.022391839351245224,0.008010045452163439,-0.05552101861395187,0.022112363414697356,1533.3566576506466,1294.8872273610416,1175.2355804912465,1291.02923422119,0.04119535841813615,-0.16903561798187816,-0.09695498670567648,0.09397113470612695,0.06242820378209624,-0.03190527000133159,-0.00224010312224604,-0.063920129781871,7.166178887222796,Low shock
48339,Montgomery County,TX,48,0.08690368591007341,0.09743097505695,0.10590000723646875,0.10235671177959318,16.819101258593477,16.315133208057464,15.703298476385124,15.037804206876864,0.029151023423507283,0.030422125443683612,0.03822231044696345,0.04330347334494711,1372.4234711950785,1387.980985373366,1491.9430485484247,1638.6123243539198,0.014507260112338827,0.01127202853718412,0.07222916714678895,0.09377041012900289,0.07011014431313445,0.01097631746235983,0.01196102902451926,0.012889644324761473,7.235605441674186,High shock
48355,Nueces County,TX,48,0.05019449013004546,0.05493694270295431,0.0516405836546458,0.04950687387925882,4.296986038245108,4.28750812340974,4.407119323392548,4.428453596518673,0.00046927362825854857,0.002208148437873092,-0.027515554207807824,-0.004829186467237179,1124.2011945060183,1170.3097772182266,1277.3817451079483,1356.354783854025,0.014142998729840706,0.04019574649430879,0.0875439907626232,0.05998832392585207,0.04659678473216289,-0.01751108137058832,-0.001991987649547583,0.02716937261207475,7.06502375960043,Low shock
48367,Parker County,TX,48,0.10080582611464448,0.11743961978170961,0.12199757166235549,0.12033721809337689,7.7751154391578,7.510222810024427,7.085200651863924,6.707324422374622,0.034793472764251376,0.03466317165390542,0.058256940381369304,0.05480806673875094,1158.8275836957055,1195.5556381245804,1309.6860703216796,1467.6592739015175,0.049341276034670756,0.03120225615846106,0.09117642105802837,0.11388133348675034,0.06225711117582344,0.02180418135098172,0.012044671929689138,0.04027176609656591,7.086366325442865,High shock
48375,Potter County,TX,48,0.08001525809744987,0.0848883077741335,0.08636611167112748,0.08283886787651665,7.233474293345203,7.284231578221441,7.255647813431106,7.353517069732227,-0.012978469480430022,-0.0069924948390358566,0.0039317797408298105,-0.013398537316826165,699.4148433288568,723.148558374247,775.7269029651793,857.3145378876906,0.03131837122634629,0.033370628630805754,0.07018585309154712,0.1000043442279468,0.05275059873117094,0.005252103371734762,0.0021507068380303695,0.03234449992857602,6.583614675981485,Medium shock
48381,Randall County,TX,48,0.08787515006002401,0.0928128364176962,0.09363374195178477,0.08329205172443245,1.2557160484866081,1.2366064089092845,1.2009302002707298,1.1829545143732392,0.014807502333315625,0.015335105626549606,0.029274437415175214,0.015081288531133552,1092.1392768597802,1125.9574292171944,1214.6303193281663,1331.9584277881102,0.01864287383762875,0.030495309811573,0.07580604465414886,0.09221059469444093,0.05943922784969402,0.007106558993221768,-0.0018810964007515002,0.024569091824600875,7.026389000895405,Low shock
48397,Rockwall County,TX,48,0.11441782075021899,0.13218774044626827,0.13565772825598954,0.1361730976729974,25.73858976559669,24.561371578334303,23.145130861317874,21.882246112435343,0.041572468371573024,0.046816465262732976,0.05939051929787098,0.05610880019870912,1542.892254123227,1603.2427501663135,1749.1453400136186,1934.3550481418763,0.033868928608144167,0.03836955495778138,0.0870989944296019,0.10064667096293345,0.0577535909133049,0.01355519293113705,0.012612632366249849,0.036119241782962774,7.379783576057927,High shock
48423,Smith County,TX,48,0.06232987237371844,0.06989337675298073,0.07480270785802447,0.07131051134450081,3.5549296742173144,3.51136103407038,3.4909900414028048,3.421558296659022,0.01320744560246645,0.012331559529087599,0.005818345843131567,0.020089285870920293,1033.3483646278498,1048.3975892164224,1156.6212570414923,1281.1281459333547,0.026160725655530292,0.014458523844886884,0.09824015250193607,0.10223800829069951,0.0799294556461092,0.0001843132912489054,0.006944985037913062,0.020309624750208588,6.955018171958265,High shock
48439,Tarrant County,TX,48,0.059729033995082004,0.06331262090056083,0.06544365801555338,0.06397074061938839,6.769200897356947,6.698857982232767,6.678890639269943,6.598486022287519,0.009700048320437915,0.010445982660902686,0.0029851596640781963,0.012111669635656241,1219.4255123576688,1255.6013416026606,1380.695442340522,1538.0731198177034,0.04078413659657354,0.029234758149526918,0.09497270147677384,0.10794309614037623,0.0664484514355248,-0.0025246008408030818,0.003186371869649457,0.03500944737305023,7.135369893462498,Medium shock
48441,Taylor County,TX,48,0.06826363761278798,0.07222058679226769,0.0763289496374148,0.07574448373849758,4.690859339370643,4.655172413793103,4.502438821028058,4.464439499266261,0.0059682163649288356,0.007636845232829259,0.03335973825462801,0.00847553582790006,866.9192644941008,911.6668559571643,993.4025128678999,1078.9954193297342,0.04287341943272338,0.05032878191202261,0.08586129841385759,0.08264978772387366,0.03765444239649263,0.01411510624238499,0.005794604485428373,0.046601100672373,6.815274633819209,High shock
48451,Tom Green County,TX,48,0.06858619336269679,0.06539013882240306,0.06391894701138987,0.05964881609283318,5.743998526321078,5.716190317473544,5.753537251218224,5.768923498692321,0.00950673467645835,0.004853020103652739,-0.006512284709595306,-0.0026706546376011886,986.8024243554393,1011.6313171402321,1062.148170359884,1120.0158120992262,0.04441393050651499,0.024849630906553344,0.048729239839005345,0.05304936995247722,0.016257524189207118,-0.011771347063653792,-0.005204284540438406,0.034631780706534165,6.919319472343738,Low shock
48453,Travis County,TX,48,0.0823228162273384,0.08331069556356938,0.08632622715204633,0.08377024243481561,21.28666964517768,20.845780440337318,20.71255466555833,20.42107641896727,0.0213271794383747,0.02092948774071246,0.0064115287979173985,0.01417249670118359,1384.4977604873054,1397.3502839295609,1554.9081701151583,1761.731914602435,0.049488109955118986,0.009240342884896613,0.10683870034724752,0.12488087828640815,0.08649556289682003,-0.010836320839993085,0.0022314788979770628,0.0293642264200078,7.2423330679339735,Medium shock
48479,Webb County,TX,48,0.018543434008090092,0.018952810236910127,0.017344667972227168,0.016023527549916917,5.23541266412675,5.211015517806404,5.411368735976065,5.40694046386841,0.005998700673172763,0.004670915312370738,-0.03772730814684877,0.0008186625605119957,1020.9269526903557,1034.6231081325082,1084.2799248130148,1192.7232399168322,0.020509829399948387,0.01332622191229138,0.046878889235397736,0.09532302664123282,0.054182932282195395,-0.023789130785940138,-0.002064024361428069,0.016918025656119884,6.941792492650072,Low shock
48485,Wichita County,TX,48,0.06454546427157667,0.07099305390213352,0.07291425930205685,0.06963595816188711,1.4131551901336072,1.403851206786532,1.43765424031121,1.4360313315926891,0.0021333422118061662,0.006605605999391528,-0.023793463625914058,0.0011294964953183495,804.9264392038925,858.4362007712303,957.5539206248577,1071.3887847195701,0.04693511410239015,0.06436146943530918,0.10926967063021209,0.11232898208011122,0.05515103458631199,-0.0157014576708967,0.003505849645116882,0.05564829176884967,6.7551123628075365,High shock
48491,Williamson County,TX,48,0.10220283107243511,0.11039764989251184,0.11474004543311474,0.1076766292223067,15.742882584826882,15.07958987140996,14.454037031003965,13.8589531336228,0.04202853024732178,0.043046198404411484,0.04236841050632201,0.04204229542307836,1374.525802488865,1409.6850871234556,1589.7184737608898,1783.4486148994317,0.034420562949938116,0.025257536260105518,0.12019060304753193,0.11499197399198913,0.08775223891473871,-0.000332011361166451,0.004908096845237242,0.029839049605021817,7.251121615961937,High shock
49011,Davis County,UT,49,0.07084052836488527,0.07475377962720917,0.07569073899280206,0.06823292697360635,6.802625357440389,6.728242472830928,6.576799164090731,6.534428082089936,0.011748887371824779,0.010994658264371182,0.02276578362766557,0.006463350639737797,1216.1052349243598,1277.2272578282161,1430.4392010105203,1613.3384594685492,0.047740553319919776,0.04903820181634799,0.11329000719536975,0.12032407872217554,0.06841766539063876,0.003242794315603703,-0.0008353210128430183,0.048389377568133884,7.152446802476513,Low shock
49035,Salt Lake County,UT,49,0.047127854236212796,0.04960559781053378,0.05136912740145032,0.0470156844524255,8.718393557658695,8.666540256384078,8.514623471734248,8.512779282115073,0.008351821478280286,0.005965332465070361,0.01768456971699628,0.0002166143190525105,1209.3646873005441,1247.2162708244489,1394.0101217275203,1579.0666337217965,0.04844727550902839,0.030818914655724505,0.11127048867691869,0.12464936109799751,0.07832682980508165,0.0017920150463490714,0.0008256799035646217,0.039633095082376446,7.128669363540806,Medium shock
49049,Utah County,UT,49,0.057374658540909326,0.06472730345148071,0.06827749477233158,0.06226894700021459,12.3632359303103,12.071102618963874,11.456719142007048,11.18413188139327,0.021625154672408442,0.023912841459640788,0.052238000448488364,0.024080405123442006,1290.4522487471652,1335.613360968251,1500.1498846899003,1679.7116101846934,0.04001230950487766,0.034397895398408096,0.11617439348559078,0.11305709183266899,0.077410640207487,0.01539020471994057,0.0042222398900780694,0.03720510245164288,7.1971459117393275,High shock
49053,Washington County,UT,49,0.08592841272384083,0.09875434295801444,0.0954952952023488,0.08379339123983803,18.624464701188057,17.92194166986637,17.304308323716928,16.76022859454812,0.033644230519245255,0.03845026918659045,0.035070247237792174,0.031946772298635295,1336.5631631692856,1393.0608052180216,1584.3587452020795,1745.2226697828348,0.03958895667110429,0.04140182878209675,0.12867640390989799,0.09670240366745908,0.07219401106207801,-0.0025387400847041164,-0.0026970346198342265,0.04049539272660052,7.2392586233784915,Low shock
49057,Weber County,UT,49,0.06733362209895345,0.07204044190435965,0.07535565375185273,0.06789551229517374,9.269100431300062,9.164007949500872,9.02955707527882,8.932680175165144,0.016407749470456423,0.011402701955287142,0.014780316192338105,0.010786834413796242,1008.1215497159934,1078.1197866348216,1238.4007919579942,1391.224765527857,0.07413773803908619,0.06712983822570884,0.13860227771328315,0.1163636221036688,0.05684916177607846,-0.0011216504098046087,0.0019385510218566937,0.07063378813239751,6.98297386462294,Medium shock
50007,Chittenden County,VT,50,0.04731555866608096,0.05271596040419492,0.05409149729770876,0.05137374230948626,5.429544040312839,5.416722456879238,5.255760668013087,5.255171029245912,0.0009948943821740386,0.002364240157522346,0.030166174645707144,0.00011219533810624682,1484.819525331558,1529.9112547791399,1627.1989181070621,1816.1470299151076,0.021621567384952023,0.029916497203934966,0.061650351122058744,0.10985715907955296,0.059984722806362356,0.013459617722058503,0.0027168602684595755,0.025769032294443495,7.332965009291891,Medium shock
51003,Albemarle County,VA,51,0.08423546481970595,0.09730417935233877,0.09882810266963929,0.09039088842271743,8.940032591972178,8.87467013700611,8.622960608348993,8.550655230963473,0.009246664716432207,0.00733806780378643,0.028772683256946152,0.008420568539767359,1453.5877800977148,1494.7078621004532,1625.9845805154812,1784.7290442992662,0.03646747472051004,0.02789594636403603,0.08418275022146204,0.0931530797958171,0.05648620446636654,0.010304259638247437,0.0038396734601560123,0.032181710542273034,7.309686056763519,High shock
51013,Arlington County,VA,51,0.11686185209282152,0.1188182086323862,0.12669795581418172,0.12347623116054926,2.3197087150575526,2.303024750228012,2.3689576586302024,2.36650433502512,0.007283414718180836,0.007218256209430507,-0.028226684186915207,0.001036149726409974,2185.626929160499,2151.3059603989527,2169.3551632393196,2375.9514312377178,0.026517888467245676,-0.015827630319622976,0.008354882420100296,0.09096799629910546,0.04431631028579153,-0.02084610269405829,0.0072470631247616435,0.00534512907381135,7.673830360156135,High shock
51041,Chesterfield County,VA,51,0.07268991943860945,0.07819188878691218,0.08014350893946628,0.07501063012864043,8.817803133206557,8.69795810129939,8.400484187086008,8.237066800602712,0.013309221070244348,0.01368446401204082,0.03479895160604407,0.019645035759740637,1238.3752580718615,1291.8125509759436,1452.1393766164667,1615.22629770999,0.033235133390260074,0.04224606574410483,0.11699159075048815,0.10643716807824077,0.07397377984718201,0.01372515114174977,0.002136165421292552,0.03774059956718245,7.163801589432845,Medium shock
51059,Fairfax County,VA,51,0.06743558719870942,0.07213438635573274,0.07341754724124876,0.06747732245748865,1.3927951272129604,1.3946250022809288,1.4051792894958253,1.4087486362347703,0.0023205444533456188,-0.0013129526557378313,-0.007539339259837519,-0.0025369154772221236,1885.2056591213652,1895.459526584508,1961.184953260221,2136.085336427024,0.028805082017759887,0.005424385446426427,0.03408755517747153,0.08542601325595545,0.04264205048462033,-0.005541923267333715,0.0006624480721476173,0.017114733732093157,7.547216582359397,Low shock
51087,Henrico County,VA,51,0.07558584747823373,0.07573922949609876,0.07681607708602815,0.07206307028427744,5.759173325554189,5.737552656651666,5.7262979110226,5.7240556802659075,0.007837849402204,0.0037611915643029903,0.00196351987992216,0.00039164393788837515,1203.3202962266348,1241.5347758719959,1385.780261879768,1562.2355937433533,0.039403040596610595,0.03126368729005691,0.10991501023908068,0.11985452131840901,0.0795514018354111,-0.004621938574348228,-0.0012229648020134487,0.03533336394333375,7.124103615729493,Low shock
51095,James City County,VA,51,0.0890956257268092,0.09951074611217893,0.10706721742395794,0.09144657906529627,4.86738332595851,4.818842447044272,4.675525996674626,4.58991446068505,0.008259109701022282,0.01002274495776767,0.03019207393625578,0.018480281186777248,1378.5210572695278,1419.6448938130297,1542.6312630813761,1719.5592895851005,0.031731708841373774,0.029395538699895418,0.08308280523874512,0.10857846020976591,0.06526700895362092,0.015195250232121538,0.0049537123251330445,0.030563623770634596,7.258162044541838,High shock
51107,Loudoun County,VA,51,0.06984474589913318,0.07598331800933664,0.07488584232294603,0.06525368181725077,6.009082319365973,5.896628065395095,5.814387401927401,5.760272833139244,0.021705553200709105,0.018891371407979918,0.014045240680003346,0.009350592064805596,1948.9437236033111,1994.3523521476134,2115.611954004368,2337.480987984672,0.024414454208497638,0.02303181651082742,0.05902474848096251,0.09972973806284191,0.05565410791223968,-0.00860054593194004,-0.0028442698841364966,0.02372313535966253,7.598074641103468,Low shock
51121,Montgomery County,VA,51,,0.07162095776938322,0.07199157377336961,0.07333596987464966,,16.51573822808997,16.449366319795924,16.44304130491976,,-0.00487674782689318,0.004026803426844694,0.00038458814120900797,,1330.0005912187644,1415.176391409137,1524.9915624617408,,0.07467140142419915,0.062074794806730615,0.07473469566641455,-0.0062666561876265625,0.007082443610920031,0.0010428140546264036,0.07467140142419915,7.192934665741087,Medium shock
51153,Prince William County,VA,51,0.08019835882840066,0.08744823154467857,0.08702259878518386,0.07665657066638418,3.03747133161217,3.0134606851680115,2.952496332558638,2.942432629996797,0.010903402024197817,0.007936222849831864,0.020438120679109772,0.0034143625487406126,1586.2693286794126,1630.1832766188816,1758.1606209244394,1924.608929427862,0.02706394175450466,0.02730752302838635,0.07557571266165919,0.0904546327543505,0.05582944031655934,0.002506429176910352,-0.0019837104607556,0.027185732391445505,7.396447727123431,Low shock
51177,Spotsylvania County,VA,51,0.08641062880812629,0.0976907066635832,0.10478492190235446,0.09234014264258103,10.341011528285707,10.191478450548578,9.79840697763241,9.60988367341379,0.016403864285658543,0.014565765929596353,0.03933210592556158,0.0194277009951751,1348.8007795508752,1403.9292083174478,1610.9783480753679,1778.9685804458043,0.0323742980442594,0.04005899668197621,0.13756678114588805,0.0991920831186972,0.08216278476917482,0.013895088352740892,0.00651186453661301,0.036216647363117804,7.247030161888234,High shock
51179,Stafford County,VA,51,0.10904137604737413,0.11806424999457225,0.11795589514695314,0.10609807544040847,6.268899365956755,6.149998724066655,5.966528025351555,5.907984972635734,0.025582131815038878,0.01914892516654554,0.030286686415527342,0.009860366830137579,1547.8329437399154,1595.5796901072447,1757.01719168382,1938.5975655190214,0.03565103574224526,0.030381260417892797,0.09638048155645063,0.09834721344454245,0.0643476994204275,-0.0022920018679597476,-0.0015258277272924003,0.03301614808006903,7.374992391263381,Low shock
51199,York County,VA,51,0.12253497942386832,0.12975890375541335,0.1301464816021112,0.11576306529388766,4.170372854663964,4.133007702423445,4.022277227722772,4.018885953572031,0.0064806575790381515,0.009000046234339365,0.027157182365007415,0.0008434785553639301,1326.5954329899341,1360.0980808991933,1520.1506284025563,1646.377962231487,0.025988476566999097,0.024940979995293766,0.11125261212580906,0.07976827299855138,0.07004571428103379,0.006259978553496914,-0.003192168141641416,0.02546472828114643,7.215312094437928,Low shock
51510,Alexandria City,VA,51,0.1421931472041161,0.14444295100372395,0.14631546255025896,0.14281664817409473,0.6727444199937126,0.6741176618827414,0.6898552593404468,0.6901222225805411,0.00424035137786305,-0.0020391729537294623,-0.023077138312260104,-0.00038690956471754134,1783.0657625586528,1791.6426609339421,1821.6038231992363,1986.249725947613,0.02491763985704143,0.004798665411368752,0.016584447871641927,0.08653096631500912,0.03669955445912043,-0.012832613150555616,0.0012480062582568008,0.01485815263420509,7.490888165689495,Medium shock
51540,Charlottesville City,VA,51,0.1189098005490689,0.12487954009238028,0.12245336388699918,0.12128418549346016,4.01835754922488,4.046858359957401,4.15336860053338,4.196854567944866,-0.0029143457018552255,-0.007067617207241028,-0.025978849449105113,-0.010415616364944924,1345.5394207363545,1401.6616671084257,1489.950558258437,1629.2620040027266,0.037818872387176405,0.04086344892190663,0.06108449914625158,0.0893842169822241,0.03589319740969632,-0.013206251452476891,-2.5895630494932043e-05,0.03934116065454152,7.245413716865818,Low shock
51550,Chesapeake City,VA,51,0.09628860500364152,0.10440126272834016,0.10321693620822023,0.09714765265358605,4.596520824928791,4.566598248660991,4.480404189654556,4.46805223818521,0.010877888932407487,0.006531112908342962,0.01905529874643186,0.002760690497604301,1337.9048421529794,1385.3041832869158,1529.199031960923,1679.1381304853867,0.026075832751883077,0.03481490273700327,0.09882434735684154,0.09353655440476683,0.065735083136361,0.0022034937016428557,-0.00016263943508769418,0.030445367744443175,7.233675021428938,Low shock
51600,Fairfax City,VA,51,,0.12481686280069947,0.12588323728388875,0.10783692952121182,,0.4268214605830381,0.41062702747094815,0.40400775694893337,,0.005778754604044423,0.038680473940614135,0.016251248605591684,,1949.5234491799936,2042.065159767509,2216.54742821804,,0.016047350421766637,0.046376671338909325,0.08198914375971267,0.04813555712754436,0.021687106669058487,-0.007956779398149177,0.016047350421766637,7.575340236655003,Low shock
51610,Falls Church City,VA,51,,0.11635627530364373,0.12662877131613468,0.1288707119606043,,0.9568723942314264,0.9644530173601543,0.9662502588170336,,0.005482845617883925,-0.007891076045201117,-0.0018617485122387478,,1982.3124481453206,2015.6848859769027,2228.0947400508044,,-0.024864403672056667,0.01669496509105084,0.10018781219253459,0.08330579231384938,-0.010359257896603857,0.011393466334725766,-0.024864403672056667,7.5920193453239895,High shock
51630,Fredericksburg City,VA,51,0.16753428771648815,0.18667116747842022,0.1750479652630516,0.17446436379536512,3.5550693922198673,3.5263800352638004,3.6572071596863243,3.630270874057526,-0.003685004852371776,0.008102723662506861,-0.03642792598838973,0.0073925185571184215,1324.0537334784437,1390.9226872607526,1551.9561059436421,1705.5518813723293,0.03772442098362294,0.049269289817511996,0.10954880840123682,0.09437260334216013,0.05846385047113101,-0.016726563120703197,-0.0023465630682458216,0.04349685540056747,7.237722609689169,Low shock
51650,Hampton City,VA,51,0.11326076593039885,0.1168248018429581,0.1210745097245962,0.11111665602044075,1.5624074403175165,1.5576094017598772,1.5316492450638792,1.5305604317486108,0.0018380723208810679,0.0030756515639520643,0.01680711831638071,0.0007111292015018478,1039.0767913563643,1091.998202480165,1301.640758076189,1411.7334982090586,0.033149567953182135,0.04967661294604575,0.17561635901770511,0.0811927903535219,0.08699148423599956,0.006302261816524712,0.0010527989858400005,0.04141309044961394,6.995764510223061,Medium shock
51680,Lynchburg City,VA,51,0.09386980674438619,0.09077053671335417,0.09614801947199386,0.0971591798403506,4.415740095164704,4.4261350400313875,4.563035619485806,4.55646993487151,0.00806886827164277,-0.002351299808440288,-0.03046135628033575,0.0014399214320519604,859.1600116195488,909.5057337019925,992.3591552214974,1151.6356844273778,0.03801754936935442,0.05694612091321538,0.08718379122097808,0.14885345168811615,0.07053678631326221,-0.017369501655743136,0.004333427927302055,0.0474818351412849,6.812901302173591,High shock
51700,Newport News City,VA,51,0.1060509062010199,0.10510224978789386,0.10830098719398515,0.10327815595228201,0.8901945074998887,0.8935452524823804,0.8663118397756253,0.8696597456245244,0.004639758490759149,-0.003756993031132083,0.030952043767433324,-0.003857102302465165,982.3586327562576,1030.5197912567744,1196.0306630699313,1330.4508166592827,0.03317661294926033,0.04786215747985789,0.1489449665648266,0.10650955147580365,0.08720787380575601,0.013106088002670546,0.00021299357867669844,0.04051938521455911,6.93781860563544,Low shock
51710,Norfolk City,VA,51,0.11975861718868978,0.12414619307169783,0.12205287754673388,0.12030315899513247,4.93470344567105,4.950515438441864,5.117899021553082,5.168603101161861,-0.0024069768811454395,-0.003199121120466941,-0.03325230734528084,-0.009858451329723295,1113.1715708507688,1172.322985035085,1288.2800011373179,1426.9760856205946,0.0421404013789779,0.051774025568270154,0.09432075855395006,0.10224958361107728,0.05132795760888964,-0.018752330336695877,-0.0007743868592606368,0.04695721347362403,7.06674251667145,Low shock
51730,Petersburg City,VA,51,0.14692559537157465,0.14909979995554568,0.1484237773874457,0.13569105318612854,2.0592946098780764,2.069237338238192,1.8856065367693275,1.882732651963421,0.0006539581045945653,-0.004816601982197355,0.09293056444201042,0.0015252795563984733,825.2471501692337,861.0830304952259,990.163958801063,1091.110618157553,0.06686649058426308,0.04250801729851439,0.13967960963457848,0.09708082785519778,0.0636929648034994,0.04930924393800584,-0.005955282376773063,0.054687253941388736,6.758190934731984,Low shock
51740,Portsmouth City,VA,51,0.11140658996857179,0.11744975822455768,0.11892413107952138,0.114542628451895,2.9603941553361106,2.944454960355017,2.8673247859746858,2.887967489737401,-0.003135212453027947,0.0053986929665033045,0.026544262345408853,-0.007173499205586964,1033.4987274522593,1085.4151897199113,1189.2675246754852,1313.3206798923413,0.03397603342238131,0.0490127082920937,0.09137501499526657,0.09922120786850819,0.05380374057464987,0.008553641313173266,0.0023052056691434536,0.041494370857237506,6.989717856113942,Medium shock
51760,Richmond City,VA,51,0.11294640354319672,0.11531895403064624,0.12020812664606337,0.11588409519272591,4.428053863834098,4.405191494492434,4.503830236858325,4.479631470396336,0.006104463130855109,0.005176448624521157,-0.022144467969399173,0.005387416517107724,1151.6785089388964,1203.1322214621803,1291.8692831379133,1441.735975823903,0.048296676413870365,0.04370788950609672,0.07116188546982993,0.10975770007602659,0.04445750981294472,-0.014018981603833858,0.003913432132473152,0.04600228295998354,7.092683619712416,High shock
51770,Roanoke City,VA,51,0.08821188724292475,0.086206658473605,0.08779501591580396,0.07978360879195774,3.195049185615223,3.2001453693795554,3.2117527862208712,3.2460550702970603,0.002543143968303241,-0.0015937544352162547,-0.0036205907328685782,-0.010623607098152021,784.5008452741063,820.8853704046119,902.5133971410875,1030.974089396126,0.05170175862489934,0.04533582814442205,0.09480005678900127,0.13307581760009057,0.06541914380988523,-0.007596793682053793,-0.003419960504384034,0.0485187933846607,6.710383477785515,Low shock
51800,Suffolk City,VA,51,0.10221261815433973,0.11156350745597698,0.11767659417034433,0.11465486545602523,12.007325769151576,11.798153610256302,11.501292338353904,11.257188141344766,0.012452999347276617,0.017573898761817475,0.025483639217718235,0.021452535794798777,1219.465937210255,1273.5056621269011,1409.7184783763494,1561.5815896693277,0.03896831862332917,0.04336045502522712,0.10161656218716963,0.10230912347564214,0.060798456007127744,0.00845463845171146,0.009277667008026416,0.04116438682427814,7.149528740524195,High shock
51810,Virginia Beach City,VA,51,0.08131327379854382,0.08492906281477036,0.08425149095319923,0.07900261520925835,2.08090228633038,2.078757886758667,2.045493698876287,2.0612258800313796,0.0006169182246438254,0.0010310456491406939,0.016131367607087554,-0.00766171529942028,1302.648889317468,1357.0410928105732,1537.7092401234447,1688.5843697731789,0.03170182741745453,0.04090686396595267,0.12498714008129497,0.09359672431136268,0.07298758650462522,0.0034108442169413777,-0.0014941152254283052,0.0363043456917036,7.213061941477019,Low shock
53005,Benton County,WA,53,0.06844974905272529,0.07072393129579863,0.07103256292692056,0.06599986314180789,6.587550753527646,6.5156520980884185,6.3865450453231025,6.3196274943734165,0.014797468454540663,0.010974320988415442,0.02001385668429201,0.010533175027427788,1156.1498970949235,1198.7370329148632,1343.491271753157,1467.1456526208192,0.042336184987366465,0.03617309937368418,0.11400312241927946,0.08804712786829061,0.06177048296325971,0.0023876211343818454,-0.001070627139897723,0.03925464218052532,7.0890238089669735,Low shock
53011,Clark County,WA,53,0.06089020543387124,0.06510427392671307,0.0677382484238978,0.06319163443042008,10.264250282563243,10.107373230153058,9.797437683263002,9.718677005904357,0.014004003538415688,0.015401831223796236,0.031144289699485128,0.008071391893333058,1366.5675581635016,1414.0865672520122,1575.9523558491062,1739.8960587527208,0.04133767717147041,0.03418162314088047,0.10837597278201283,0.09896561517463187,0.06591114382214691,0.004904923415303131,0.0024677017468667933,0.03775965015617544,7.2542390661186325,Medium shock
53021,Franklin County,WA,53,,0.075044523856639,0.07474646923411933,0.06580378640658038,,6.3868143188256505,6.319952702289454,6.289180580633381,,0.016923233081552524,0.010523878105603401,0.004880935438986711,,1270.6614217868341,1391.0840832718811,1559.7696909813483,,0.04936756086996308,0.09054578973363814,0.11445481718708539,0.053132742590398685,-0.009220826309257468,-0.0047693960362891336,0.04936756086996308,7.147292848437575,Low shock
53025,Grant County,WA,53,0.0462386200287494,0.0529778824701872,0.05905771467629178,0.05277320281147788,5.553343745852857,5.474103665838172,5.41686996524839,5.355384918291001,0.015037104004804291,0.014371674774540821,0.010510396848619763,0.0114155699663403,1023.9095985648065,1099.3572429931462,1204.4918382640287,1337.799930158098,0.04749781366450545,0.07109744439989907,0.09133208254480873,0.10496865448230963,0.038852739481356924,-0.003741405982192525,0.006307207494416531,0.05929762903220226,7.002480963450654,High shock
53029,Island County,WA,53,0.10064537665516858,0.10827775598273832,0.104032622192121,0.09595692581668429,5.214191976003,5.173576394540424,5.081881095402325,5.133707113356867,0.011229387154704895,0.00781992570261103,0.01788272104513844,-0.010146544972053917,1332.8063569569738,1386.8166703432883,1523.2628775609644,1655.7577463081352,0.03865456490040575,0.03972419343817535,0.09384370863149627,0.08340409268627713,0.04943452148959615,-0.005656568392115702,-0.004466792314550799,0.03918937916929055,7.23476623446496,Low shock
53033,King County,WA,53,0.052854010935312605,0.051754784968979506,0.052730355907414546,0.05344135260433253,5.483956859124496,5.424490450970952,5.475858640556063,5.446051336880455,0.009452653498634334,0.010902926061802987,-0.00942512380455085,0.00545827199465343,1845.6726232379553,1860.3071787141887,1904.2584365801074,2109.2545739518214,0.03507895769149183,0.00789784744042965,0.023351036720457685,0.10224194192555647,0.041308086757046336,-0.01216121568516737,0.0007814563037274805,0.02148840256596074,7.52849690291785,Medium shock
53035,Kitsap County,WA,53,0.07613180630544415,0.07724903064632253,0.07916154341589086,0.07557228527927344,4.719077190882082,4.710635037593434,4.645882518827574,4.625413497568508,0.010024406582653356,0.0017905436220306825,0.013841378946045424,0.004415575660710047,1440.274293571971,1500.3648421150554,1708.3517798517848,1844.0805856527434,0.06594021949713813,0.0408747295139289,0.12982072765036978,0.0764517914664733,0.049728785052888025,0.0032210022010357164,0.0006764958716988095,0.053407474505533514,7.313463585591852,Low shock
53053,Pierce County,WA,53,0.07316867261529496,0.07627766665573663,0.07657407028597145,0.07231763927512923,5.434356571961061,5.385768527940999,5.3072993157228465,5.312586685720885,0.011960135236986247,0.008981110692355188,0.014676914419695208,-0.0009957490003547065,1347.535333669844,1426.956486503258,1593.2022214192193,1735.0770335868372,0.05902131942009348,0.057266599935156925,0.11020212159745135,0.08530584553782639,0.03961002389001367,-0.0036300402550004662,-0.0002773148549654464,0.0581439596776252,7.263299124021907,Low shock
53057,Skagit County,WA,53,,0.06978906228845304,0.06329341430652516,0.06248140987507436,,4.289351550971412,4.282279302316706,4.271942248823502,,0.012370815916584732,0.0016501527843573172,0.0024168320782980146,,1496.607376677619,1659.9896977805145,1852.89406677308,,0.06755752336830234,0.10361059858352117,0.10993738097809658,0.039216466412506534,-0.010337323485257066,-0.006901650197653278,0.06755752336830234,7.310956076591493,Low shock
53061,Snohomish County,WA,53,0.0582536205481196,0.06190181189897015,0.06502670587352699,0.06091551128771972,7.02809902080828,6.960559638628939,6.913073483100645,6.877251764526707,0.010150894973715907,0.00965638073468611,0.006845552358379692,0.005195207292098658,1593.2067733822212,1645.350883507945,1774.5802109364529,1963.20068235277,0.04384050894263414,0.032204840767027676,0.07561022955994545,0.10101224847038992,0.05028856416033678,-0.0038832580289618335,0.0028933923570784795,0.03802267485483091,7.405708943497956,Medium shock
53063,Spokane County,WA,53,0.05163962075919932,0.05405417773537158,0.055607939221361875,0.05196315507725251,6.070110736436558,6.0012305362298255,5.811075873952815,5.7663622803507115,0.016856094530941945,0.011412310568275075,0.03219880761120031,0.0077243022722424115,1025.3897782340644,1095.2720417221258,1301.1258344294324,1428.7652288940433,0.06505686056913351,0.06592996058788092,0.17222714382584314,0.09358067879644505,0.06741050073263688,0.00582735239211285,0.0009386479020217497,0.06549341057850722,6.998758051323395,Medium shock
53067,Thurston County,WA,53,0.08413805696073834,0.08762122898764285,0.08713917706942106,0.08209758284759304,4.008133645882601,3.9479858811047563,3.8934123864840577,3.887636912794377,0.01386697415647653,0.015120162657487057,0.013919552076789188,0.0014844976630197237,1373.766978873755,1471.2905441645423,1657.1104608473952,1810.1374871157784,0.058863366771866765,0.06858335067654586,0.11893546253367138,0.08832740274814288,0.039908073916700815,-0.006791543537077338,-0.0012612630156835503,0.06372335872420631,7.293895215825737,Low shock
53073,Whatcom County,WA,53,0.051350725227286856,0.052472333218226364,0.055670943242463175,0.053821075316350775,6.04351153383623,5.982269626346227,6.096135438308609,5.993113556925906,0.015765918609238483,0.010185190649984577,-0.01885500357264469,0.017043966150692924,1368.8963693737335,1455.7345080217892,1605.3870207656994,1783.1957983804257,0.062220805546126634,0.061505744362162496,0.09785427219091414,0.10504228491501788,0.039585003598821444,-0.013881073340587413,0.0028344800566503653,0.061863274954144565,7.283265868738425,Medium shock
54003,Berkeley County,WV,54,0.0687528085297602,0.07782225625417995,0.08146208444492573,0.07743364908887783,11.56132181938256,11.32446264073695,10.960532572515454,10.689524575085601,0.018145123405661323,0.02069997964286152,0.03266434857971667,0.025036622473418646,1147.7445072117105,1207.492670856595,1342.4151064927303,1498.5043167264084,0.035926693092721784,0.05074731840741897,0.10592427317208486,0.10999717845446,0.06462372006320205,0.009427934002306237,0.006160334374931686,0.04333700575007038,7.096301315824328,High shock
54011,Cabell County,WV,54,0.05201441307116454,0.05880197279015437,0.060391935179951006,0.054502442946378876,0.6637866306843532,0.6660188450578127,0.6530489893799246,0.6595664161755961,-0.01123193940996181,-0.0033572075175758442,0.019665817538925268,-0.00993052546519202,733.7351404615492,762.4702686697009,801.567274696372,855.6229583335312,0.026969496205290433,0.03841539637597613,0.050005388704888354,0.06526090535248219,0.02494070073805199,0.012162219500635452,0.00203899613250548,0.03269244629063328,6.636563515812774,Medium shock
54039,Kanawha County,WV,54,0.03573653010529709,0.040425050540436,0.040797166715007556,0.041119925618223536,1.524723503724922,1.5432361434982669,1.5274634559983826,1.5466496838466086,-0.011725175428267676,-0.012068518883816992,0.010273115754435125,-0.012482609520732879,861.9766850166048,887.7176901731199,918.0207666722946,970.1489734754656,0.01563005879909607,0.029425553220943534,0.033566236037700925,0.055229628595626856,0.02187012630664409,0.010792100272893457,0.002877755843749004,0.022527806010019802,6.7886537759743035,Medium shock
54061,Monongalia County,WV,54,0.06293123611273535,0.06447505829506602,0.06644680410541572,0.06829394588841103,0.21640744817982518,0.215317499695747,0.21591986556641413,0.2149974761165847,0.003308031346959339,0.005049283369658042,-0.0027936645149839734,0.004281057035116831,1043.878052270901,1075.2812890680486,1133.640763414255,1210.9351244456948,0.018124249789789992,0.02963961713264851,0.05285207640441847,0.06595852324436002,0.035523366363169995,-0.003434961098242262,0.0036672277930126784,0.02388193346121925,6.980337570582992,High shock
55025,Dane County,WI,55,0.043878396361937834,0.044922891917975036,0.04441797940950637,0.04711862183551222,8.70832321409985,8.631111818958404,8.492686210470454,8.399705508332776,0.009520430413370917,0.008905930940958484,0.01616798138472042,0.011008700570378949,1199.7396949422123,1236.744109143033,1290.2760452118048,1387.5207146110563,0.032899232361398134,0.030377595557379067,0.04237397607847626,0.07266231195883677,0.025879730059267914,0.004375160300384984,0.0013676564825528537,0.0316384139593886,7.120237486921243,Medium shock
55059,Kenosha County,WI,55,0.050988241180885664,0.053852691218130314,0.05413264817827774,0.053033410328922274,1.3312912346842602,1.3319895562588775,1.3419311933687224,1.3481510645024666,0.004167484353141404,-0.0005244070343568552,-0.007436034086721222,-0.004624306338186557,1228.1834849910053,1259.9525576008186,1314.6649410833534,1435.0943345960939,0.05985668059128102,0.025537831248392706,0.042507767951303066,0.0876487499373555,0.02238100302449242,-0.007851708871846164,0.001162563054092014,0.04269725591983686,7.13882934653888,Medium shock
55079,Milwaukee County,WI,55,0.03551634414806267,0.03584113392702868,0.0361486191115704,0.03622914712759772,0.790909503691087,0.7925791732626749,0.8103640038256971,0.8158348201351083,-0.0009467423852935752,-0.0021088501795745174,-0.022191130229309408,-0.006728374006799598,1080.8192920111564,1118.8341955402564,1179.0949868743553,1269.3746277946036,0.03058657308064916,0.03456788910281006,0.052459937578489324,0.07377717619595092,0.030541325795490515,-0.012931955835620457,0.0005101440820383801,0.03257723109172961,7.02004252534075,Low shock
55101,Racine County,WI,55,,0.05055948683402586,0.0500648668684747,0.04936284454378698,,1.1440128292867284,1.1399201038141524,1.143084593362965,,-0.0020509897344407335,0.00358393172937177,-0.0027722164385952652,,1007.5455354014317,1072.1617002801065,1178.2058787960325,,0.0399628891204431,0.06215968084136847,0.09431594864789439,0.03827492562418833,0.002456847379828986,-0.0008456311278950274,0.0399628891204431,6.91527248922773,Low shock
55133,Waukesha County,WI,55,0.04996277829251442,0.05541380749380623,0.05442883956437286,0.05200895179209223,2.9687673806375066,2.9568754123868706,2.9356551326300147,2.927319126532821,0.004558694794736695,0.004013736443809535,0.00720246465556329,0.0028436119095474055,1222.326918235087,1257.312635701695,1336.544015171108,1436.7050187777652,0.044072118158884344,0.02822026226894092,0.061110574780009586,0.07226512107955418,0.030541657715869253,0.0007368226632822328,0.0005306027850722206,0.03614619021391263,7.136731893418751,Low shock
55139,Winnebago County,WI,55,0.054037527640906406,0.057534265753846583,0.05840177197347793,0.058909755268524815,3.224661090447669,3.227855107760253,3.247742994489389,3.2456880389951257,0.005779148163982839,-0.000990006836200763,-0.0061424285278199875,0.0006329336685855225,729.7270012135968,777.3136253797192,849.7580084025562,931.4121268318125,0.06534000351848679,0.06317341193819015,0.08910770775799293,0.09175023751383993,0.026172264907577958,-0.0051493180935082705,0.0028698669236248836,0.06425670772833847,6.655843905195778,Medium shock
56021,Laramie County,WY,56,0.07174173454719693,0.07984470147787805,0.07647584973166369,0.07144044058301287,5.507435037300355,5.4674685620557675,5.454888075614667,5.457377878766831,0.0060363063630610725,0.007283280724063701,0.002303622271606187,-0.00045633110589093917,1028.4525984662826,1075.715884273068,1150.4118103570402,1235.9255154024092,0.042153081387082736,0.04493103777562091,0.06713359543734043,0.07170012036347906,0.025874798319057923,-0.005736147960704763,-0.0018350728551992102,0.04354205958135182,6.980741657781542,Low shock
56025,Natrona County,WY,56,0.05840458026984297,0.05918524212144504,0.054887578725840644,0.05764566785909173,2.608673840519728,2.5737796201200274,2.611916870722672,2.615595488097783,0.007477658620148375,0.013466497284346346,-0.014708897158028478,-0.0014074067088980513,977.680466905842,998.9496697807172,1034.600118037253,1122.7296089471831,0.052650684573883666,0.02152150108480022,0.03506587487962953,0.08174787844007714,0.02132078383051139,-0.018530229885710625,-0.0025282879031778144,0.03708609282934194,6.906704396779526,Low shock
