fips,RegionName,StateName,Metro,year,rent,months,log_rent,rent_growth,domestic_inflow,nonmigrant,irs_base_people,irs_inflow_rate,STNAME,CTYNAME,population,pop_growth,permits_2020,permit_rate_2020,state
01003,Baldwin County,AL,"Daphne-Fairhope-Foley, AL",2019,1156.5270496548271,12,7.053176870636904,0.04181393175393211,12468,162619,175087,0.07121031258745653,Alabama,Baldwin County,223565,0.024881501674290263,3614,16.16532104757006,01
01003,Baldwin County,AL,"Daphne-Fairhope-Foley, AL",2020,1206.1202651812746,12,7.095164094687719,0.04198722405081501,14892,165933,180825,0.08235586893405226,Alabama,Baldwin County,229287,0.025272294457790778,3614,15.761905384954227,01
01003,Baldwin County,AL,"Daphne-Fairhope-Foley, AL",2021,1398.020494933953,12,7.242812582867951,0.14764848818023246,15440,163060,178500,0.0864985994397759,Alabama,Baldwin County,239439,0.043324193154377966,3614,15.093614657595463,01
01003,Baldwin County,AL,"Daphne-Fairhope-Foley, AL",2022,1548.9446341363544,12,7.345329096806062,0.10251651393811123,14916,172625,187541,0.07953460843228947,Alabama,Baldwin County,246531,0.02918905910052949,3614,14.659414029067339,01
01031,Coffee County,AL,"Enterprise, AL",2019,889.6414526654195,12,6.790818519381733,0.043355912217420745,3946,35955,39901,0.09889476454224205,Alabama,Coffee County,52639,0.010349924348588502,269,5.110279450597466,01
01031,Coffee County,AL,"Enterprise, AL",2020,938.4950085083888,12,6.844277537427858,0.05345901804612474,4544,36614,41158,0.11040380970892658,Alabama,Coffee County,53230,0.011164857308534337,269,5.053541236145032,01
01031,Coffee County,AL,"Enterprise, AL",2021,1058.7253980268695,12,6.964821008885773,0.120543471457915,4148,36054,40202,0.10317894632107856,Alabama,Coffee County,54199,0.018040310906226154,269,4.963191202789719,01
01031,Coffee County,AL,"Enterprise, AL",2022,1197.824075625156,12,7.088261919499089,0.12344091061331586,4286,37027,41313,0.1037445840292402,Alabama,Coffee County,54840,0.011757396603220727,269,4.905178701677608,01
01073,Jefferson County,AL,"Birmingham-Hoover, AL",2019,983.7378081274945,12,6.8913594063917865,0.03849895654343971,21489,476504,497993,0.04315120895273628,Alabama,Jefferson County,658539,-0.0017189968510287201,1868,2.8365821917912224,01
01073,Jefferson County,AL,"Birmingham-Hoover, AL",2020,1022.5667191257256,12,6.930071136766909,0.03871173037512232,22256,476967,499223,0.0445812793080447,Alabama,Jefferson County,655342,-0.0048665081685754785,1868,2.8504200860008972,01
01073,Jefferson County,AL,"Birmingham-Hoover, AL",2021,1105.2955888882318,12,7.00786807943609,0.07779694266918113,22072,454700,476772,0.046294664955156765,Alabama,Jefferson County,669990,0.022105550126966023,1868,2.788101314944999,01
01073,Jefferson County,AL,"Birmingham-Hoover, AL",2022,1199.5507452139743,12,7.089702386690428,0.08183430725433816,21385,459765,481150,0.044445599085524264,Alabama,Jefferson County,665084,-0.007349438432333599,1868,2.808667777303318,01
01081,Lee County,AL,"Auburn-Opelika, AL",2019,1124.567932186364,12,7.025154180589696,0.048014288673023486,8579,106350,114929,0.07464608584430388,Alabama,Lee County,165015,0.004914641704882428,2221,13.45938248038057,01
01081,Lee County,AL,"Auburn-Opelika, AL",2020,1153.8245457353498,12,7.050837395418094,0.025683214828398526,9796,107947,117743,0.08319815190711974,Alabama,Lee County,166831,0.010944945115866744,2221,13.312873506722372,01
01081,Lee County,AL,"Auburn-Opelika, AL",2021,1233.8515115060618,12,7.117895866192609,0.06705847077451477,9880,105617,115497,0.08554334744625401,Alabama,Lee County,177596,0.0625299838065363,2221,12.505912295321968,01
01081,Lee County,AL,"Auburn-Opelika, AL",2022,1343.3322105974792,12,7.202908530488755,0.08501266429614596,9953,110887,120840,0.08236511089043363,Alabama,Lee County,180698,0.017315821686397115,2221,12.291226244894796,01
01083,Limestone County,AL,"Huntsville, AL",2022,1340.7744731578584,12,7.201002691030666,0.07201097159155001,7855,78850,86705,0.09059454472060435,Alabama,Limestone County,110868,0.032683696237324256,423,3.8153479813832667,01
01089,Madison County,AL,"Huntsville, AL",2019,902.4913268244203,12,6.805159079994011,0.07409661582686589,18167,284145,302312,0.060093545740824046,Alabama,Madison County,372547,0.013950137908905091,3918,10.516793854198262,01
01089,Madison County,AL,"Huntsville, AL",2020,1012.1798620634669,12,6.919861563367154,0.1147024833731427,20970,292298,313268,0.0669394895105788,Alabama,Madison County,379453,0.018367537641740483,3918,10.325389442170703,01
01089,Madison County,AL,"Huntsville, AL",2021,1166.3316072683594,12,7.06161872379139,0.1417571604242358,20515,284181,304696,0.06732940373355738,Alabama,Madison County,396671,0.04437647974887682,3918,9.877203022151859,01
01089,Madison County,AL,"Huntsville, AL",2022,1277.5812782995897,12,7.152723942989106,0.09110521919771664,20820,293908,314728,0.06615236013319438,Alabama,Madison County,403605,0.01732945515864337,3918,9.707511056602371,01
01097,Mobile County,AL,"Mobile, AL",2019,833.8390224185786,12,6.726040365045484,0.04250921423296017,9737,289289,299026,0.03256238587948874,Alabama,Mobile County,413516,-0.0018337967257373577,934,2.258679228856925,01
01097,Mobile County,AL,"Mobile, AL",2020,858.5331676329027,12,6.755225313991827,0.029184948946342715,10945,289767,300712,0.03639695123573386,Alabama,Mobile County,412716,-0.0019365027014277558,934,2.2630574050921215,01
01097,Mobile County,AL,"Mobile, AL",2021,969.471109141584,12,6.8767506744878695,0.1215253604960429,10708,279688,290396,0.03687378614030496,Alabama,Mobile County,413383,0.0016148189138132096,934,2.259405926223381,01
01097,Mobile County,AL,"Mobile, AL",2022,1074.3899951941773,12,6.9795083331721655,0.10275765868429598,10316,285270,295586,0.03490016441915381,Alabama,Mobile County,411398,-0.004813408244176642,934,2.2703075853553005,01
01101,Montgomery County,AL,"Montgomery, AL",2019,902.8518799434595,12,6.8055585088920525,0.020072432245381577,9249,155511,164760,0.056136198106336486,Alabama,Montgomery County,226074,-0.0024607648736818533,494,2.1851252244840187,01
01101,Montgomery County,AL,"Montgomery, AL",2020,936.8792280970036,12,6.842554381825469,0.03699587293341633,9688,156000,165688,0.05847134373038482,Alabama,Montgomery County,224639,-0.006367710045326547,494,2.1990838634431245,01
01101,Montgomery County,AL,"Montgomery, AL",2021,1024.6419951515293,12,6.9320985575395815,0.08954417571411266,9806,149339,159145,0.06161676458575513,Alabama,Montgomery County,226935,0.010168963604321846,494,2.176834776477846,01
01101,Montgomery County,AL,"Montgomery, AL",2022,1133.5643329095208,12,7.033122224322486,0.10102366678290409,9110,152209,161319,0.056471959285639015,Alabama,Montgomery County,226301,-0.0027976613222318036,494,2.1829333498305354,01
01115,Saint Clair County,AL,"Birmingham-Hoover, AL",2019,1248.3850649848725,12,7.129606046999905,0.025581166431154045,4752,64674,69426,0.06844697951775992,Alabama,St. Clair County,89735,0.010001371326602282,393,4.37956204379562,01
01115,Saint Clair County,AL,"Birmingham-Hoover, AL",2020,1299.2177707876056,12,7.169517647567874,0.03991160056796872,5622,66267,71889,0.0782038976755832,Alabama,St. Clair County,90739,0.011126371195725682,393,4.3311034946384686,01
01115,Saint Clair County,AL,"Birmingham-Hoover, AL",2021,1376.1564429629516,12,7.2270497060443875,0.05753205847651355,5948,64614,70562,0.08429466284969248,Alabama,St. Clair County,92874,0.023256482142830492,393,4.2315395051359905,01
01115,Saint Clair County,AL,"Birmingham-Hoover, AL",2022,1468.035872312407,12,7.291680645056016,0.06463093901162864,5840,66877,72717,0.0803113439773368,Alabama,St. Clair County,93881,0.010784287002334025,393,4.186150552294927,01
01117,Shelby County,AL,"Birmingham-Hoover, AL",2019,1207.143690188466,12,7.096012261392622,0.032711942733257615,12688,165439,178127,0.07123007741667461,Alabama,Shelby County,218176,0.01059327547078226,1483,6.797264593722499,01
01117,Shelby County,AL,"Birmingham-Hoover, AL",2020,1252.6139820429696,12,7.132987832445562,0.036975571052940026,15145,169111,184256,0.0821954237582494,Alabama,Shelby County,221428,0.01479540369405008,1483,6.697436638546164,01
01117,Shelby County,AL,"Birmingham-Hoover, AL",2021,1352.474216199338,12,7.209690946730667,0.07670311428510512,13908,164188,178096,0.07809271404186506,Alabama,Shelby County,227453,0.026846143431566105,1483,6.520028313541698,01
01117,Shelby County,AL,"Birmingham-Hoover, AL",2022,1462.9244998105785,12,7.288192793270544,0.07850184653987657,13080,169617,182697,0.07159395063958357,Alabama,Shelby County,230033,0.011279153250988827,1483,6.446901096799155,01
01125,Tuscaloosa County,AL,"Tuscaloosa, AL",2019,1052.2153441387586,12,6.958653072101192,0.03514694960176623,6978,137600,144578,0.04826460457330991,Alabama,Tuscaloosa County,210321,0.008182836019262396,1223,5.814921001706915,01
01125,Tuscaloosa County,AL,"Tuscaloosa, AL",2020,1082.1448308072092,12,6.986700305168839,0.02804723306764778,7312,139663,146975,0.049749957475761185,Alabama,Tuscaloosa County,210758,0.00207562075947898,1223,5.802863948224979,01
01125,Tuscaloosa County,AL,"Tuscaloosa, AL",2021,1139.0898850910482,12,7.037984876128972,0.05128457096013239,6962,133703,140665,0.0494934774108698,Alabama,Tuscaloosa County,235670,0.11172196557063607,1223,5.189459837908941,01
01125,Tuscaloosa County,AL,"Tuscaloosa, AL",2022,1240.2652676151397,12,7.123080561216367,0.08509568508739473,7348,136062,143410,0.05123771006205983,Alabama,Tuscaloosa County,236690,0.004318746656716499,1223,5.167096201782924,01
02020,Anchorage Borough,AK,"Anchorage, AK",2019,1222.7053572054017,12,7.108821188595851,0.012280926086454258,13799,221842,235641,0.058559418776868204,Alaska,Anchorage Municipality,288790,-0.008918180958833233,970,3.358842065168462,02
02020,Anchorage Borough,AK,"Anchorage, AK",2020,1249.2254720812637,12,7.130279015916105,0.02145782732025392,14588,226923,241511,0.06040304582399973,Alaska,Anchorage Municipality,287095,-0.005886608939684734,970,3.378672564830457,02
02020,Anchorage Borough,AK,"Anchorage, AK",2021,1315.1530470639755,12,7.181708323439568,0.05142930752346331,14202,213572,227774,0.06235127802119645,Alaska,Anchorage Municipality,289169,0.007198120843904476,970,3.3544397912639323,02
02020,Anchorage Borough,AK,"Anchorage, AK",2022,1444.4436441856158,12,7.275479505081958,0.09377118164239029,14317,216349,230666,0.06206809846271232,Alaska,Anchorage Municipality,286983,-0.007588311728840225,970,3.3799911493015267,02
04005,Coconino County,AZ,"Flagstaff, AZ",2019,1406.3291192752788,12,7.2487381269658036,0.021638199190794793,7259,92951,100210,0.07243788045105279,Arizona,Coconino County,143967,0.0073410559008078025,941,6.536220105996513,04
04005,Coconino County,AZ,"Flagstaff, AZ",2020,1474.999295963508,12,7.296412791460931,0.04767466449512714,8250,95434,103684,0.07956868947957255,Arizona,Coconino County,142481,-0.010375449160948236,941,6.604389357177449,04
04005,Coconino County,AZ,"Flagstaff, AZ",2021,1664.900209461426,12,7.417520466361013,0.1211076749000819,7865,90677,98542,0.07981368350551034,Arizona,Coconino County,142897,0.002915433527869382,941,6.585162739595653,04
04005,Coconino County,AZ,"Flagstaff, AZ",2022,1924.6417000886395,12,7.562495099573495,0.14497463321248283,7633,92446,100079,0.07626974689994905,Arizona,Coconino County,144223,0.009236621811885115,941,6.524618126096392,04
04013,Maricopa County,AZ,"Phoenix-Mesa-Chandler, AZ",2019,1229.298046182277,12,7.114198591297817,0.07668390787106905,162109,3219158,3381267,0.04794327096913672,Arizona,Maricopa County,4492261,0.01954641499223264,41895,9.326038714135265,04
04013,Maricopa County,AZ,"Phoenix-Mesa-Chandler, AZ",2020,1318.1731995358166,12,7.184002117305747,0.06980352600792994,179762,3347906,3527668,0.050957743188984904,Arizona,Maricopa County,4579081,0.019142184487336067,41895,9.149215748749585,04
04013,Maricopa County,AZ,"Phoenix-Mesa-Chandler, AZ",2021,1551.7993827280504,12,7.347170428681738,0.16316831137599141,173959,3233421,3407380,0.05105359543109368,Arizona,Maricopa County,4499438,-0.017545822882230055,41895,9.311162860783947,04
04013,Maricopa County,AZ,"Phoenix-Mesa-Chandler, AZ",2022,1738.0897788940422,12,7.46054196093195,0.11337153225021179,162037,3333868,3495905,0.04635051581779253,Arizona,Maricopa County,4555833,0.012455889864517289,41895,9.195903361690386,04
04015,Mohave County,AZ,"Lake Havasu City-Kingman, AZ",2019,975.9667102224589,12,6.88342847745276,0.0795465491906926,12556,130312,142868,0.08788532071562562,Arizona,Mohave County,213846,0.016383491134291717,1403,6.560796086903659,04
04015,Mohave County,AZ,"Lake Havasu City-Kingman, AZ",2020,1053.7080563735624,12,6.960070704370656,0.07664222691789568,14611,135375,149986,0.09741575880415505,Arizona,Mohave County,217206,0.015590082189202548,1403,6.459305912359695,04
04015,Mohave County,AZ,"Lake Havasu City-Kingman, AZ",2021,1236.6988113037671,12,7.120200859563566,0.16013015519290974,14859,133811,148670,0.09994618954731957,Arizona,Mohave County,217164,-0.00019338352156417216,1403,6.4605551564716075,04
04015,Mohave County,AZ,"Lake Havasu City-Kingman, AZ",2022,1370.3967107644996,12,7.222855546805993,0.10265468724242766,14038,138905,152943,0.09178582870742695,Arizona,Mohave County,220905,0.0170799163801707,1403,6.351146420406962,04
04019,Pima County,AZ,"Tucson, AZ",2019,981.9657072678168,12,6.889556386428834,0.06584807505865076,37308,743934,781242,0.04775472900842505,Arizona,Pima County,1049261,0.01103505340473987,4958,4.725230424079424,04
04019,Pima County,AZ,"Tucson, AZ",2020,1045.088675182695,12,6.951857017432949,0.0623006310041152,41194,765848,807042,0.05104319229978117,Arizona,Pima County,1061175,0.011290677912560554,4958,4.672179423751973,04
04019,Pima County,AZ,"Tucson, AZ",2021,1200.0460356556835,12,7.090115198086652,0.1382581806537031,40206,744549,784755,0.051233824569451615,Arizona,Pima County,1048914,-0.01162144155540723,4958,4.726793617017219,04
04019,Pima County,AZ,"Tucson, AZ",2022,1347.0749866314707,12,7.205690844223518,0.11557564613686644,39314,761960,801274,0.04906436499873951,Arizona,Pima County,1057476,0.008129593432716575,4958,4.688522481834103,04
04021,Pinal County,AZ,"Phoenix-Mesa-Chandler, AZ",2019,1208.5830146805272,12,7.0972038901140975,0.08079195776184545,34940,267836,302776,0.11539884270880123,Arizona,Pinal County,461640,0.03329221628042944,6324,13.698986223030934,04
04021,Pinal County,AZ,"Phoenix-Mesa-Chandler, AZ",2020,1343.9914668729743,12,7.203399172010093,0.10619528189599592,42939,290521,333460,0.12876806813410904,Arizona,Pinal County,480828,0.040724251246006204,6324,13.152312261349172,04
04021,Pinal County,AZ,"Phoenix-Mesa-Chandler, AZ",2021,1610.5899991003828,12,7.384355849917345,0.18095667790725134,43096,287638,330734,0.13030411146117424,Arizona,Pinal County,448993,-0.06850232037793091,6324,14.084852102371306,04
04021,Pinal County,AZ,"Phoenix-Mesa-Chandler, AZ",2022,1769.0734603639803,12,7.478211219789377,0.09385536987203213,41295,305972,347267,0.11891426481640928,Arizona,Pinal County,465037,0.03510967489403427,6324,13.598917935562117,04
04025,Yavapai County,AZ,"Prescott Valley-Prescott, AZ",2019,1258.5548955557665,12,7.1377194334538245,0.056986405109144656,14346,166956,181302,0.07912764337955455,Arizona,Yavapai County,236062,0.0153462029175504,1891,8.010607382806212,04
04025,Yavapai County,AZ,"Prescott Valley-Prescott, AZ",2020,1333.6386027147146,12,7.195666277264436,0.05794684381061188,17815,171714,189529,0.09399616945164065,Arizona,Yavapai County,240226,0.01748566453144562,1891,7.871754098224172,04
04025,Yavapai County,AZ,"Prescott Valley-Prescott, AZ",2021,1554.2869100658975,12,7.348772140698192,0.15310586343375565,17034,169754,186788,0.09119429513673255,Arizona,Yavapai County,242352,0.008811067865925892,1891,7.802700204660988,04
04025,Yavapai County,AZ,"Prescott Valley-Prescott, AZ",2022,1737.2742364301976,12,7.460072633129039,0.11130049243084716,16586,176608,193194,0.08585152748014949,Arizona,Yavapai County,246230,0.01587484369503578,1891,7.679811558299152,04
05007,Benton County,AR,"Fayetteville-Springdale-Rogers, AR",2019,1021.8850872590497,12,6.929404325360737,0.03471075703907722,18331,213475,231806,0.07907905748772681,Arkansas,Benton County,279835,0.02634137040518425,4300,15.366197938070648,05
05007,Benton County,AR,"Fayetteville-Springdale-Rogers, AR",2020,1070.6177219161352,12,6.975991071078521,0.046586745717783984,21024,223190,244214,0.08608843063870213,Arkansas,Benton County,288774,0.031444231507206766,4300,14.89053723673184,05
05007,Benton County,AR,"Fayetteville-Springdale-Rogers, AR",2021,1185.3173525213151,12,7.0777658257499265,0.10177475467140518,20557,219568,240125,0.08560957834461218,Arkansas,Benton County,294297,0.01894508624245006,4300,14.611090157222126,05
05007,Benton County,AR,"Fayetteville-Springdale-Rogers, AR",2022,1359.1468347559223,12,7.214612454492591,0.1368466287426644,20161,228422,248583,0.08110369574749682,Arkansas,Benton County,302822,0.028555712634444674,4300,14.19976091565342,05
05031,Craighead County,AR,"Jonesboro, AR",2019,978.7714618100708,12,6.886298174839898,0.028638722993850507,5213,73075,78288,0.06658747189863069,Arkansas,Craighead County,110772,0.015447483832033981,988,8.919221463907846,05
05031,Craighead County,AR,"Jonesboro, AR",2020,1012.2905873485394,12,6.919970950278892,0.03367277543899405,5769,74871,80640,0.07154017857142857,Arkansas,Craighead County,112245,0.013209947404417832,988,8.802173816205622,05
05031,Craighead County,AR,"Jonesboro, AR",2021,1078.2988850845857,12,6.98313997193088,0.06316902165198801,5475,74835,80310,0.06817332835263354,Arkansas,Craighead County,111794,-0.004026090182541964,988,8.837683596615202,05
05031,Craighead County,AR,"Jonesboro, AR",2022,1136.3454579878917,12,7.035572653393413,0.052432681462533104,5551,77091,82642,0.06716923598170421,Arkansas,Craighead County,112863,0.009516801775347972,988,8.753976059470332,05
05045,Faulkner County,AR,"Little Rock-North Little Rock-Conway, AR",2019,951.3741277490166,12,6.857907389755199,0.029662736397111367,5613,85984,91597,0.06127929954037796,Arkansas,Faulkner County,125828,0.003917763925590734,891,7.0810948278602535,05
05045,Faulkner County,AR,"Little Rock-North Little Rock-Conway, AR",2020,1005.5526183670304,12,6.913292538392522,0.055385148637323134,6610,88187,94797,0.06972794497716173,Arkansas,Faulkner County,126919,0.008633192688293434,891,7.020225498152365,05
05045,Faulkner County,AR,"Little Rock-North Little Rock-Conway, AR",2021,1105.671566723359,12,7.008208182035802,0.09491564364328031,6845,86195,93040,0.07357050730868443,Arkansas,Faulkner County,125608,-0.010383141431850262,891,7.09349722947583,05
05045,Faulkner County,AR,"Little Rock-North Little Rock-Conway, AR",2022,1197.4972242540716,12,7.087989011331713,0.07978082929591057,7068,88897,95965,0.07365185223779502,Arkansas,Faulkner County,127565,0.015460092340958909,891,6.984674479677027,05
05085,Lonoke County,AR,"Little Rock-North Little Rock-Conway, AR",2019,902.8156402342032,12,6.805518368933996,0.03575540307676839,4906,53738,58644,0.08365732214719324,Arkansas,Lonoke County,73648,0.001195587338765236,405,5.499131001520747,05
05085,Lonoke County,AR,"Little Rock-North Little Rock-Conway, AR",2020,929.3773164388268,11,6.8345148096807975,0.028996440746801078,5356,54738,60094,0.08912703431290978,Arkansas,Lonoke County,73921,0.0036999683055665145,405,5.478821985633311,05
05085,Lonoke County,AR,"Little Rock-North Little Rock-Conway, AR",2021,1023.1458381502861,12,6.930637315077709,0.09612250539691125,5363,53247,58610,0.09150315645794233,Arkansas,Lonoke County,74770,0.011419779631372862,405,5.416610940216665,05
05085,Lonoke County,AR,"Little Rock-North Little Rock-Conway, AR",2022,1125.109652950081,12,7.025635779177659,0.09499846409994994,5247,54480,59727,0.08784971620874982,Arkansas,Lonoke County,75199,0.005721197983211468,405,5.385709916355271,05
05119,Pulaski County,AR,"Little Rock-North Little Rock-Conway, AR",2019,837.521589323461,12,6.730447041663637,0.027787226699881096,16471,280411,296882,0.05547995499895581,Arkansas,Pulaski County,392318,0.0003416179979236489,1315,3.3518727155012007,05
05119,Pulaski County,AR,"Little Rock-North Little Rock-Conway, AR",2020,874.6168475441813,12,6.773785901935503,0.04333886027186651,17888,282997,300885,0.059451285374810973,Arkansas,Pulaski County,392980,0.0016859845735339718,1315,3.346226271057051,05
05119,Pulaski County,AR,"Little Rock-North Little Rock-Conway, AR",2021,961.4886076213794,12,6.8684827164109326,0.09469681447542921,18108,271974,290082,0.06242372846298633,Arkansas,Pulaski County,398108,0.012964605268715346,1315,3.303123775457916,05
05119,Pulaski County,AR,"Little Rock-North Little Rock-Conway, AR",2022,1035.651544478419,12,6.942786019213527,0.07430330280259412,17714,277507,295221,0.06000250659675294,Arkansas,Pulaski County,399387,0.0032075463709908547,1315,3.292545826479079,05
05125,Saline County,AR,"Little Rock-North Little Rock-Conway, AR",2019,1026.25941203553,12,6.933675832013771,0.022995598326409628,7184,90072,97256,0.07386690795426504,Arkansas,Saline County,122550,0.011514425709068021,433,3.5332517339861282,05
05125,Saline County,AR,"Little Rock-North Little Rock-Conway, AR",2020,1071.6661949802167,12,6.976969907860636,0.043294075846865177,7951,91681,99632,0.07980367753332263,Arkansas,Saline County,123968,0.011504357810407484,433,3.492836861125452,05
05125,Saline County,AR,"Little Rock-North Little Rock-Conway, AR",2021,1154.9867086919342,12,7.051844115263649,0.07487420740301332,7965,89003,96968,0.08214049995874928,Arkansas,Saline County,125382,0.011341609441485545,433,3.453446268204367,05
05125,Saline County,AR,"Little Rock-North Little Rock-Conway, AR",2022,1253.8299928947133,12,7.133958140147876,0.08211402488422692,8245,92328,100573,0.08198025314945363,Arkansas,Saline County,127415,0.016084398384760945,433,3.3983439940352396,05
05131,Sebastian County,AR,"Fort Smith, AR-OK",2019,698.3333649511718,12,6.548696588964268,0.026579924006579603,5812,90185,95997,0.06054355865287457,Arkansas,Sebastian County,127688,0.0008304932510085905,410,3.2109516947559675,05
05131,Sebastian County,AR,"Fort Smith, AR-OK",2020,727.9769865954678,12,6.59026943587761,0.04157284691334162,6519,91325,97844,0.0666264666203344,Arkansas,Sebastian County,127590,-0.0007677904466056873,410,3.2134179794654756,05
05131,Sebastian County,AR,"Fort Smith, AR-OK",2021,804.9909054581518,12,6.690830979787232,0.10056154390962213,6772,88407,95179,0.07115014866724803,Arkansas,Sebastian County,128342,0.005876577873340949,410,3.194589456296458,05
05131,Sebastian County,AR,"Fort Smith, AR-OK",2022,892.9644282793103,12,6.794546746129366,0.10371576634213397,6552,91043,97595,0.06713458681284902,Arkansas,Sebastian County,129109,0.005958433016203912,410,3.1756113051762465,05
05143,Washington County,AR,"Fayetteville-Springdale-Rogers, AR",2019,1084.9609269156526,12,6.989299253266804,0.03397120246847685,12012,166331,178343,0.06735335841608586,Arkansas,Washington County,239392,0.010654236135623663,2011,8.40044780109611,05
05143,Washington County,AR,"Fayetteville-Springdale-Rogers, AR",2020,1121.224094976387,12,7.022176309406122,0.03287705613931813,14064,171733,185797,0.07569551715043839,Arkansas,Washington County,243216,0.01584756171167001,2011,8.268370501940662,05
05143,Washington County,AR,"Fayetteville-Springdale-Rogers, AR",2021,1215.3369862309098,12,7.1027766722414425,0.08060036283532046,13640,167313,180953,0.075378689493957,Arkansas,Washington County,251767,0.03455411922598017,2011,7.987544038734227,05
05143,Washington County,AR,"Fayetteville-Springdale-Rogers, AR",2022,1347.6417106239458,12,7.206111462837273,0.10333479059583084,13898,172522,186420,0.0745520866859779,Arkansas,Washington County,256682,0.019333908027338254,2011,7.834596894211515,05
06001,Alameda County,CA,"San Francisco-Oakland-Berkeley, CA",2019,2534.8558145177203,12,7.837892036505394,0.024707117494540576,72989,1301572,1374561,0.053099862428804545,California,Alameda County,1668412,0.0010890529674796312,4120,2.4694140296281732,06
06001,Alameda County,CA,"San Francisco-Oakland-Berkeley, CA",2020,2532.3254202684266,12,7.836893298018499,-0.0009987384868956894,74732,1300092,1374824,0.05435750321495697,California,Alameda County,1662323,-0.0036562541200311216,4120,2.478459360786081,06
06001,Alameda County,CA,"San Francisco-Oakland-Berkeley, CA",2021,2531.8521158653652,12,7.836706375502033,-0.00018692251646523772,70611,1222860,1293471,0.05459032324652041,California,Alameda County,1644047,-0.011055136681413558,4120,2.506011081191718,06
06001,Alameda County,CA,"San Francisco-Oakland-Berkeley, CA",2022,2679.8542235919754,12,7.893517677843387,0.056811302341353453,68000,1241066,1309066,0.051945432850597294,California,Alameda County,1628259,-0.00964953919729794,4120,2.5303099813973087,06
06007,Butte County,CA,"Chico, CA",2019,1244.4839506010387,12,7.126476225461764,0.09155206830825247,6449,142520,148969,0.043290886023266584,California,Butte County,218726,-0.05169325828185656,1837,8.39863573603504,06
06007,Butte County,CA,"Chico, CA",2020,1288.3410837541985,12,7.161110688185924,0.03463446272415993,7487,141916,149403,0.050112782206515265,California,Butte County,212744,-0.027730239992319383,1837,8.634791110442597,06
06007,Butte County,CA,"Chico, CA",2021,1370.3682548791414,12,7.222834781883998,0.06172409369807408,7581,138120,145701,0.05203121461074392,California,Butte County,206336,-0.030583656936585157,1837,8.9029544044665,06
06007,Butte County,CA,"Chico, CA",2022,1460.6253912822683,12,7.286619973179962,0.06378519129596416,7849,141109,148958,0.0526927053263336,California,Butte County,207369,0.004993906995760966,1837,8.858604709479238,06
06013,Contra Costa County,CA,"San Francisco-Oakland-Berkeley, CA",2019,2241.097890363498,12,7.714721154401355,0.036769901080648815,49520,942323,991843,0.04992725663235008,California,Contra Costa County,1152883,0.0017736512033597052,2803,2.431296150606783,06
06013,Contra Costa County,CA,"San Francisco-Oakland-Berkeley, CA",2020,2292.9850911789467,12,7.7376097809523126,0.022888626550957802,53564,944663,998227,0.05365913765105532,California,Contra Costa County,1152333,-0.0004771787202901834,2803,2.432456590239106,06
06013,Contra Costa County,CA,"San Francisco-Oakland-Berkeley, CA",2021,2399.4035122071714,12,7.782975448865358,0.04536566791304519,53064,897175,950239,0.0558427932341232,California,Contra Costa County,1163941,0.010023077736194708,2803,2.40819766637656,06
06013,Contra Costa County,CA,"San Francisco-Oakland-Berkeley, CA",2022,2547.6530114934103,12,7.842927826686045,0.05995237782068763,48081,922646,970727,0.049530918579580044,California,Contra Costa County,1157019,-0.005964790882210025,2803,2.422604987472116,06
06017,El Dorado County,CA,"Sacramento-Roseville-Folsom, CA",2019,1699.2578675949246,12,7.437946886255708,0.04709708982940075,10501,151997,162498,0.06462233381333925,California,El Dorado County,193057,0.01110480131467817,619,3.2063069456170976,06
06017,El Dorado County,CA,"Sacramento-Roseville-Folsom, CA",2020,1801.5007272547598,12,7.496375333882077,0.05842844762636901,12974,152008,164982,0.07863888181741038,California,El Dorado County,192925,-0.0006839697454594784,619,3.208500712712194,06
06017,El Dorado County,CA,"Sacramento-Roseville-Folsom, CA",2021,2094.210156070176,12,7.6469317474596785,0.1505564135776014,12879,146249,159128,0.08093484490473078,California,El Dorado County,193704,0.0040297083465148376,619,3.1955974063519594,06
06017,El Dorado County,CA,"Sacramento-Roseville-Folsom, CA",2022,2240.087759060973,12,7.714270322233862,0.06733857477418326,11018,150528,161546,0.06820348383742092,California,El Dorado County,192787,-0.004745268172957395,619,3.2107974085389577,06
06019,Fresno County,CA,"Fresno, CA",2019,1287.9783440522267,12,7.160829092898901,0.06862926406691727,22344,760068,782412,0.028557844204843485,California,Fresno County,997847,0.006584762461470106,3130,3.1367534301350806,06
06019,Fresno County,CA,"Fresno, CA",2020,1367.537220979899,12,7.220766752192563,0.059937659293662016,23242,781795,805037,0.028870722712123792,California,Fresno County,1000918,0.0030728999322562345,3130,3.1271292953069083,06
06019,Fresno County,CA,"Fresno, CA",2021,1586.360287020805,12,7.369197543496384,0.14843079130382097,22880,749580,772460,0.029619656681252104,California,Fresno County,1013103,0.012100319385586644,3130,3.089518045055636,06
06019,Fresno County,CA,"Fresno, CA",2022,1742.8318082600845,12,7.463266545316168,0.0940690018197845,22059,773651,795710,0.02772241143130035,California,Fresno County,1015359,0.0022243462585649354,3130,3.082653524516944,06
06029,Kern County,CA,"Bakersfield, CA",2019,1134.0740020699861,12,7.033571739715823,0.054122531918412875,25506,663734,689240,0.0370059775985143,California,Kern County,898898,0.005891177842340056,2502,2.7834081286197097,06
06029,Kern County,CA,"Bakersfield, CA",2020,1206.4256872762546,12,7.095417289530536,0.0618455498147128,27405,681943,709348,0.03863406959630534,California,Kern County,901362,0.0027373840874300726,2502,2.7757992904071838,06
06029,Kern County,CA,"Bakersfield, CA",2021,1359.2217261063852,12,7.214667554710832,0.11925026518029647,28476,658011,686487,0.041480756372662554,California,Kern County,912709,0.012510147603917332,2502,2.7412899401671287,06
06029,Kern County,CA,"Bakersfield, CA",2022,1560.2163659870141,12,7.352579786771684,0.13791223206085146,25663,680071,705734,0.03636355907466553,California,Kern County,916751,0.004418797434137645,2502,2.729203458736342,06
06037,Los Angeles County,CA,"Los Angeles-Long Beach-Anaheim, CA",2019,2190.214212493976,12,7.691754631951267,0.04253402247078508,181981,7668042,7850023,0.02318222507118769,California,Los Angeles County,10011602,-0.004974918265816086,20903,2.0878776443570173,06
06037,Los Angeles County,CA,"Los Angeles-Long Beach-Anaheim, CA",2020,2213.561987337008,12,7.702358255998295,0.01060362404702797,181699,7629454,7811153,0.02326148265179289,California,Los Angeles County,9943046,-0.006871208124596961,20903,2.1022732872803767,06
06037,Los Angeles County,CA,"Los Angeles-Long Beach-Anaheim, CA",2021,2308.406650604849,12,7.744312803877908,0.04195454787961328,174839,7260542,7435381,0.02351446415456047,California,Los Angeles County,9809462,-0.013525982282111215,20903,2.13090177626459,06
06037,Los Angeles County,CA,"Los Angeles-Long Beach-Anaheim, CA",2022,2556.4932763511993,12,7.846391784495551,0.10207898061764276,180146,7387364,7567510,0.02380518823232477,California,Los Angeles County,9719765,-0.009185988850084925,20903,2.150566397438621,06
06041,Marin County,CA,"San Francisco-Oakland-Berkeley, CA",2019,2898.8683336378763,12,7.972075710035068,0.025523102242019924,10812,210025,220837,0.04895918709274261,California,Marin County,259085,-0.003875376593118318,155,0.598259258544493,06
06041,Marin County,CA,"San Francisco-Oakland-Berkeley, CA",2020,2952.922496454281,12,7.990550635701659,0.018474925666590813,12585,206415,219000,0.05746575342465753,California,Marin County,257332,-0.006789113190604823,155,0.6023347271229385,06
06041,Marin County,CA,"San Francisco-Oakland-Berkeley, CA",2021,3081.0814984150797,12,8.033035950182907,0.04248531448124737,11649,197274,208923,0.055757384299478754,California,Marin County,259278,0.00753376513882742,155,0.5978139294502426,06
06041,Marin County,CA,"San Francisco-Oakland-Berkeley, CA",2022,3292.318263906327,12,8.099347235102782,0.06631128491987504,9990,200885,210875,0.047374036751630114,California,Marin County,256154,-0.012122019021546748,155,0.6051047416788339,06
06047,Merced County,CA,"Merced, CA",2019,1262.7529687099102,12,7.14104951233325,0.06334149346923201,10363,207852,218215,0.047489860916985545,California,Merced County,277114,0.012275795123693811,1019,3.6771870060697043,06
06047,Merced County,CA,"Merced, CA",2020,1332.7538001679611,12,7.195002607072252,0.05395309473900145,11704,216331,228035,0.05132545442585568,California,Merced County,279252,0.007685626095375042,1019,3.649033847564207,06
06047,Merced County,CA,"Merced, CA",2021,1546.0991385320121,12,7.343490352920639,0.14848774584838687,11795,205966,217761,0.05416488719283986,California,Merced County,284610,0.019005222108049225,1019,3.5803380063947157,06
06047,Merced County,CA,"Merced, CA",2022,1707.5148358025033,12,7.442794280017743,0.09930392709710478,11073,216943,228016,0.048562381587257036,California,Merced County,290210,0.019484976777292218,1019,3.511250473794838,06
06053,Monterey County,CA,"Salinas, CA",2019,1962.8202236828163,12,7.58213760764892,0.0463707495450878,13645,357205,370850,0.03679385196170959,California,Monterey County,433380,4.845749413462386e-05,753,1.7375051917485809,06
06053,Monterey County,CA,"Salinas, CA",2020,2036.4016308354223,12,7.61893962287024,0.036802015221319984,14527,354219,368746,0.03939568158027477,California,Monterey County,430906,-0.005724972421566221,753,1.747480889103424,06
06053,Monterey County,CA,"Salinas, CA",2021,2192.4368600212442,12,7.692768925665754,0.07382930279551392,13963,330902,344865,0.040488307018688476,California,Monterey County,437158,0.014404716944776297,753,1.722489351676053,06
06053,Monterey County,CA,"Salinas, CA",2022,2384.680878149625,12,7.776820590659078,0.08405166499332406,13022,342205,355227,0.036658249513691246,California,Monterey County,432884,-0.009824892086085057,753,1.739496031269347,06
06055,Napa County,CA,"Napa, CA",2019,2246.900396359273,12,7.71730694381489,0.032660413587199955,5288,114725,120013,0.04406189329489305,California,Napa County,137678,-0.006818751130182932,770,5.5927599180696985,06
06055,Napa County,CA,"Napa, CA",2020,2326.2824997591765,12,7.752026778738687,0.03471983492379671,5911,114077,119988,0.049263259659299265,California,Napa County,135965,-0.012520125685730576,770,5.663222152759902,06
06055,Napa County,CA,"Napa, CA",2021,2474.402032497884,12,7.813754042780919,0.061727264042231944,5633,104129,109762,0.051320129006395654,California,Napa County,136265,0.0022040195528951756,770,5.650754045426192,06
06055,Napa County,CA,"Napa, CA",2022,2682.1739192506743,12,7.894382908588775,0.08062886580785644,5061,107052,112113,0.04514195499183859,California,Napa County,134370,-0.014004330339501436,770,5.730445784029173,06
06059,Orange County,CA,"Los Angeles-Long Beach-Anaheim, CA",2019,2185.1680893422904,12,7.689448033331598,0.029484529960194017,98228,2567866,2666094,0.03684341212275336,California,Orange County,3170851,-0.0014899718029468545,6027,1.900751564800743,06
06059,Orange County,CA,"Los Angeles-Long Beach-Anaheim, CA",2020,2221.2942273338736,11,7.70584529028195,0.016397256950351213,104941,2560049,2664990,0.039377633687180814,California,Orange County,3166857,-0.0012603927251735314,6027,1.9031487686371693,06
06059,Orange County,CA,"Los Angeles-Long Beach-Anaheim, CA",2021,2464.3394250784254,12,7.809679068850668,0.10383377856871867,103638,2441185,2544823,0.040725032742945186,California,Orange County,3160611,-0.0019742500566515275,6027,1.9069097715599925,06
06059,Orange County,CA,"Los Angeles-Long Beach-Anaheim, CA",2022,2812.6769528981386,12,7.941891961119515,0.13221289226884636,96296,2509438,2605734,0.03695542215744201,California,Orange County,3150372,-0.0032448222356986633,6027,1.913107404458902,06
06061,Placer County,CA,"Sacramento-Roseville-Folsom, CA",2019,1893.785792570179,12,7.546333169446161,0.047715526816931586,24546,318888,343434,0.07147224794283617,California,Placer County,398918,0.01562079781240655,3169,7.943988488862373,06
06061,Placer County,CA,"Sacramento-Roseville-Folsom, CA",2020,1962.0153630885034,12,7.5817274704149895,0.035394300968828674,28367,323622,351989,0.0805905866376506,California,Placer County,402950,0.010056602785969204,3169,7.864499317533193,06
06061,Placer County,CA,"Sacramento-Roseville-Folsom, CA",2021,2219.1801812955136,12,7.704893118958106,0.12316564854311629,28818,313862,342680,0.08409594957394653,California,Placer County,413047,0.024748903168402947,3169,7.672250373444185,06
06061,Placer County,CA,"Sacramento-Roseville-Folsom, CA",2022,2363.060467342844,12,7.767712866086273,0.06281974712816751,26782,327755,354537,0.07554077571593373,California,Placer County,418074,0.012097062410077797,3169,7.579997799432636,06
06065,Riverside County,CA,"Riverside-San Bernardino-Ontario, CA",2019,1678.8686852643295,12,7.425875443932212,0.05200872597109729,106551,1808362,1914913,0.05564273677185334,California,Riverside County,2465569,0.009105361769966791,10103,4.0976342580556455,06
06065,Riverside County,CA,"Riverside-San Bernardino-Ontario, CA",2020,1771.7571181562362,12,7.479727055267302,0.05385161133508998,123687,1849711,1973398,0.06267716902520425,California,Riverside County,2489188,0.009533940375206384,10103,4.058753296255647,06
06065,Riverside County,CA,"Riverside-San Bernardino-Ontario, CA",2021,2061.9523584190697,12,7.631408559760558,0.15168150449325601,123885,1780031,1903916,0.06506852193058937,California,Riverside County,2453399,-0.014482142856525826,10103,4.117960429591763,06
06065,Riverside County,CA,"Riverside-San Bernardino-Ontario, CA",2022,2318.810898852523,12,7.748809789666936,0.11740122990637758,112975,1855694,1968669,0.05738648802820586,California,Riverside County,2474241,0.008459272303337428,10103,4.083272405557906,06
06067,Sacramento County,CA,"Sacramento-Roseville-Folsom, CA",2019,1563.4150784383753,12,7.354627860384965,0.051149685314330284,56339,1185808,1242147,0.04535614544816354,California,Sacramento County,1551660,0.00783515966395143,6170,3.976386579534176,06
06067,Sacramento County,CA,"Sacramento-Roseville-Folsom, CA",2020,1641.7481200625461,12,7.403516879988986,0.04888901960402148,60985,1222332,1283317,0.04752138403839425,California,Sacramento County,1559146,0.004812909870004489,6170,3.957294570232679,06
06067,Sacramento County,CA,"Sacramento-Roseville-Folsom, CA",2021,1830.102811737929,12,7.512127425534914,0.10861054554592808,58484,1170089,1228573,0.04760319492614602,California,Sacramento County,1588810,0.018847072881101212,6170,3.8834095958610533,06
06067,Sacramento County,CA,"Sacramento-Roseville-Folsom, CA",2022,1983.037484309837,12,7.592385031170105,0.08025760563519047,53736,1201657,1255393,0.04280412587930632,California,Sacramento County,1584380,-0.002792144736400104,6170,3.894267789292973,06
06071,San Bernardino County,CA,"Riverside-San Bernardino-Ontario, CA",2019,1612.2859366950418,12,7.3854082874203595,0.05080087916811582,92386,1620090,1712476,0.05394878526764755,California,San Bernardino County,2177279,0.005366005139864072,5129,2.3556925869399374,06
06071,San Bernardino County,CA,"Riverside-San Bernardino-Ontario, CA",2020,1709.7954525963535,12,7.444129023977153,0.05872073655679344,99919,1652980,1752899,0.057002143306602374,California,San Bernardino County,2189183,0.005452482807232428,5129,2.3428831669166077,06
06071,San Bernardino County,CA,"Riverside-San Bernardino-Ontario, CA",2021,1985.211381439576,12,7.593480676841913,0.14935165286475982,98256,1597407,1695663,0.057945476194267376,California,San Bernardino County,2193087,0.0017817254677527927,5129,2.338712508897276,06
06071,San Bernardino County,CA,"Riverside-San Bernardino-Ontario, CA",2022,2214.2849749312277,12,7.702684819949943,0.1092041431080304,91922,1650769,1742691,0.052747159421836685,California,San Bernardino County,2194908,0.0008299918776302206,5129,2.3367722018417174,06
06073,San Diego County,CA,"San Diego-Chula Vista-Carlsbad, CA",2019,2018.0716724119493,12,7.609897716839818,0.037445665073503775,106478,2649661,2756139,0.0386330297564818,California,San Diego County,3330459,-0.00060753945096792,9472,2.8440524264072913,06
06073,San Diego County,CA,"San Diego-Chula Vista-Carlsbad, CA",2020,2068.597643863168,12,7.634626189942362,0.024728473102544335,116814,2676037,2792851,0.041826076650705674,California,San Diego County,3332427,0.000590735023001443,9472,2.8423728411755156,06
06073,San Diego County,CA,"San Diego-Chula Vista-Carlsbad, CA",2021,2286.8887775377634,12,7.734947560368721,0.10032137042635902,113935,2576529,2690464,0.04234771400026167,California,San Diego County,3274432,-0.017556448423325932,9472,2.8927154388913863,06
06073,San Diego County,CA,"San Diego-Chula Vista-Carlsbad, CA",2022,2640.134682504516,12,7.87858521093928,0.14363765057055922,109348,2626129,2735477,0.039974015500770066,California,San Diego County,3277176,0.0008376570028136854,9472,2.8902933501282813,06
06075,San Francisco County,CA,"San Francisco-Oakland-Berkeley, CA",2019,3484.8538258974822,12,8.156181378526576,0.026294999940242647,42548,639873,682421,0.06234860884996212,California,San Francisco County,878826,-0.0009667319868835733,2004,2.2803148746168187,06
06075,San Francisco County,CA,"San Francisco-Oakland-Berkeley, CA",2020,3290.2145990612858,10,8.098708069310387,-0.05747330921618854,38072,618122,656194,0.05801942718159569,California,San Francisco County,866606,-0.014002492980269565,2004,2.3124695651772544,06
06075,San Francisco County,CA,"San Francisco-Oakland-Berkeley, CA",2021,3080.094440134675,12,8.032715537878927,-0.06599253143146022,38651,572443,611094,0.06324886187722348,California,San Francisco County,811935,-0.0651641451948688,2004,2.4681778713813296,06
06075,San Francisco County,CA,"San Francisco-Oakland-Berkeley, CA",2022,3307.0332342785446,12,8.103806762607299,0.07109122472837193,41328,577572,618900,0.06677653902084343,California,San Francisco County,807774,-0.005137971269855157,2004,2.480891932644527,06
06077,San Joaquin County,CA,"Stockton, CA",2019,1689.1661126581591,12,7.431990261680582,0.04934231213086271,30497,592173,622670,0.04897778919813063,California,San Joaquin County,761571,0.01186281422082125,3914,5.139376368060233,06
06077,San Joaquin County,CA,"Stockton, CA",2020,1806.3174503410264,12,7.499045493912877,0.06705523223229459,33939,610369,644308,0.05267511811121389,California,San Joaquin County,767967,0.008363358453401304,3914,5.096573160044637,06
06077,San Joaquin County,CA,"Stockton, CA",2021,2050.825661214416,12,7.625997752613793,0.12695225870091686,35263,583707,618970,0.05697045091038338,California,San Joaquin County,788354,0.026200464084631392,3914,4.964774707808928,06
06077,San Joaquin County,CA,"Stockton, CA",2022,2198.315092181859,12,7.69544647873024,0.06944872611644648,32864,609147,642011,0.05118915407991452,California,San Joaquin County,794293,0.007505183249996605,3914,4.927652642035118,06
06079,San Luis Obispo County,CA,"San Luis Obispo-Paso Robles, CA",2019,1986.7007750346572,12,7.594230639885512,0.03469195394984581,10321,209437,219758,0.04696529819164717,California,San Luis Obispo County,282728,-0.0018445951892474,911,3.222178206615546,06
06079,San Luis Obispo County,CA,"San Luis Obispo-Paso Robles, CA",2020,2056.1772124214936,12,7.62860381567268,0.034373175787167476,11864,209450,221314,0.05360709218576321,California,San Luis Obispo County,282249,-0.0016956446537435,911,3.2276465107050867,06
06079,San Luis Obispo County,CA,"San Luis Obispo-Paso Robles, CA",2021,2221.3779298631266,12,7.705882971446034,0.07727915577335409,12013,203481,215494,0.055746331684408845,California,San Luis Obispo County,279464,-0.00991617719671467,911,3.2598116394240404,06
06079,San Luis Obispo County,CA,"San Luis Obispo-Paso Robles, CA",2022,2443.9354601822724,12,7.801364912488741,0.09548194104270724,10672,208055,218727,0.0487914157831452,California,San Luis Obispo County,282046,0.009196695334367178,911,3.229969579430306,06
06081,San Mateo County,CA,"San Francisco-Oakland-Berkeley, CA",2019,3109.9930872643145,12,8.042375782426216,0.03136917131191552,36494,631560,668054,0.05462732054594389,California,San Mateo County,764810,-0.00469600789937985,1074,1.4042703416534825,06
06081,San Mateo County,CA,"San Francisco-Oakland-Berkeley, CA",2020,3059.168925590942,12,8.025898565114247,-0.016477217311969383,36288,624080,660368,0.05495117873670438,California,San Mateo County,758308,-0.008537801399997491,1074,1.416311050391134,06
06081,San Mateo County,CA,"San Francisco-Oakland-Berkeley, CA",2021,2959.1341060465807,12,7.99265197278133,-0.033246592332917047,33723,577593,611316,0.05516459572463341,California,San Mateo County,739149,-0.025590111124701664,1074,1.453022327027433,06
06081,San Mateo County,CA,"San Francisco-Oakland-Berkeley, CA",2022,3183.1291586521183,12,8.065620004106382,0.07296803132505225,33514,586572,620086,0.05404734182032815,California,San Mateo County,728929,-0.013923190865220647,1074,1.473394528136485,06
06083,Santa Barbara County,CA,"Santa Maria-Santa Barbara, CA",2019,2157.2819460271585,12,7.676604349959803,0.04935173324994402,13097,344799,357896,0.036594429666718824,California,Santa Barbara County,445464,0.000734335610884429,1027,2.3054612718423937,06
06083,Santa Barbara County,CA,"Santa Maria-Santa Barbara, CA",2020,2268.771672866947,12,7.726993850746353,0.05038950078655002,14068,345447,359515,0.03913049525054588,California,Santa Barbara County,444766,-0.0015681343990525676,1027,2.3090793810677974,06
06083,Santa Barbara County,CA,"Santa Maria-Santa Barbara, CA",2021,2576.953485238087,12,7.854363160523644,0.12736930977729166,13403,328039,341442,0.03925410465027735,California,Santa Barbara County,437521,-0.016423596520148465,1027,2.3473159002653587,06
06083,Santa Barbara County,CA,"Santa Maria-Santa Barbara, CA",2022,2992.902131191508,12,8.00399880808369,0.14963564756004555,12361,335835,348196,0.035500120621718805,California,Santa Barbara County,443915,0.014508398017825996,1027,2.3135059639795905,06
06085,Santa Clara County,CA,"San Jose-Sunnyvale-Santa Clara, CA",2019,2971.532715860747,12,7.99683316462689,0.024220707906972727,67039,1612496,1679535,0.039915214627858304,California,Santa Clara County,1922411,-0.004967844347131489,5357,2.7866049455605486,06
06085,Santa Clara County,CA,"San Jose-Sunnyvale-Santa Clara, CA",2020,2915.127205789248,12,7.977668736182124,-0.019164428444766735,63960,1605303,1669263,0.03831631085095638,California,Santa Clara County,1907105,-0.007993742031237261,5357,2.8089696162508098,06
06085,Santa Clara County,CA,"San Jose-Sunnyvale-Santa Clara, CA",2021,2869.7973943116335,12,7.961996711945266,-0.015672024236857318,63939,1493667,1557606,0.041049533707497275,California,Santa Clara County,1885173,-0.011566791529627807,5357,2.841649015766723,06
06085,Santa Clara County,CA,"San Jose-Sunnyvale-Santa Clara, CA",2022,3130.639270281714,12,8.048992502386728,0.08699579044146155,66899,1513782,1580681,0.04232289753593546,California,Santa Clara County,1878335,-0.003633847742351648,5357,2.8519939201473647,06
06087,Santa Cruz County,CA,"Santa Cruz-Watsonville, CA",2019,2565.4973865923143,12,7.849907651707681,0.027749843710370925,9177,210093,219270,0.041852510603365714,California,Santa Cruz County,272870,-0.003084620884369116,244,0.8941987026789313,06
06087,Santa Cruz County,CA,"Santa Cruz-Watsonville, CA",2020,2620.176982233481,12,7.870997144944506,0.02108949323682552,10393,206421,216814,0.04793509644211167,California,Santa Cruz County,269925,-0.010851348660875004,244,0.903954802259887,06
06087,Santa Cruz County,CA,"Santa Cruz-Watsonville, CA",2021,2823.2458922724322,12,7.94564252763856,0.07464538269405363,9926,194398,204324,0.04857970674027525,California,Santa Cruz County,260475,-0.03563725533495621,244,0.9367501679623764,06
06087,Santa Cruz County,CA,"Santa Cruz-Watsonville, CA",2022,3153.2017839914183,12,8.056173654957323,0.11053112731876347,8782,200209,208991,0.04202094827049969,California,Santa Cruz County,264240,0.014350893784286,244,0.9234029669996973,06
06089,Shasta County,CA,"Redding, CA",2019,1073.9583506821061,12,6.979106494691261,0.07176991479404116,7168,126635,133803,0.05357129511296458,California,Shasta County,179645,-0.00011689038200302093,393,2.1876478610593115,06
06089,Shasta County,CA,"Redding, CA",2020,1138.732968160946,12,7.037671491852829,0.058564997161568044,7566,129385,136951,0.055246036903710084,California,Shasta County,179027,-0.0034460488221839114,393,2.1951996067632256,06
06089,Shasta County,CA,"Redding, CA",2021,1247.844792647811,12,7.129173176329886,0.09150168447705642,7587,126807,134394,0.05645341309879905,California,Shasta County,182135,0.01721153789719665,393,2.157740137809866,06
06089,Shasta County,CA,"Redding, CA",2022,1360.43605243952,12,7.215560554134076,0.08638737780419081,7165,128464,135629,0.052827935028644316,California,Shasta County,180937,-0.006599265973523671,393,2.1720267275349983,06
06095,Solano County,CA,"Vallejo, CA",2019,1868.403332357654,12,7.532839512161823,0.054277026456516886,21560,346503,368063,0.058576928406278275,California,Solano County,447434,0.0033648092729681167,1733,3.873196940777858,06
06095,Solano County,CA,"Vallejo, CA",2020,1942.9987439674703,12,7.571987802937432,0.039148290775608885,22332,352000,374332,0.05965827126721734,California,Solano County,446935,-0.001115870634555094,1733,3.87752133979214,06
06095,Solano County,CA,"Vallejo, CA",2021,2100.4901688121477,12,7.64992601019484,0.07793820725740819,21694,335522,357216,0.0607307623398728,California,Solano County,450653,0.008284471861486509,1733,3.8455308186121027,06
06095,Solano County,CA,"Vallejo, CA",2022,2235.6060808389097,12,7.712267647394935,0.062341637200094446,20898,341330,362228,0.05769294477511402,California,Solano County,448885,-0.0039309118160737455,1733,3.860677010815688,06
06097,Sonoma County,CA,"Santa Rosa-Petaluma, CA",2019,2064.5623278027497,12,7.632673535135746,0.002295471931141435,14012,390385,404397,0.03464911955331024,California,Sonoma County,492318,-0.009909746102117367,1395,2.8335344228730213,06
06097,Sonoma County,CA,"Santa Rosa-Petaluma, CA",2020,2103.8786238392354,12,7.65153788390423,0.018864348768484085,16392,390663,407055,0.040269742418100746,California,Sonoma County,489819,-0.0050889140579322145,1395,2.847990788434095,06
06097,Sonoma County,CA,"Santa Rosa-Petaluma, CA",2021,2214.3493144536606,12,7.702713876096029,0.05117599219179869,16374,371526,387900,0.04221191028615623,California,Sonoma County,484519,-0.010879288860927261,1395,2.8791440583341417,06
06097,Sonoma County,CA,"Santa Rosa-Petaluma, CA",2022,2396.0341488327786,12,7.781570211568157,0.07885633547212834,15551,384022,399573,0.03891904608169221,California,Sonoma County,482669,-0.0038255277281695754,1395,2.8901793983040136,06
06099,Stanislaus County,CA,"Modesto, CA",2019,1377.4203579825823,12,7.2279677230090575,0.05178446138657122,18392,427067,445459,0.04128775038780225,California,Stanislaus County,549761,0.0034729849342340913,552,1.0040726788549934,06
06099,Stanislaus County,CA,"Modesto, CA",2020,1477.6294239799129,12,7.298194342046205,0.07022661903714766,19107,438294,457401,0.041772973823843845,California,Stanislaus County,550081,0.0005819017804924442,552,1.0034885771368216,06
06099,Stanislaus County,CA,"Modesto, CA",2021,1655.3102021609518,12,7.411743703577612,0.11354936153140649,19099,414136,433235,0.044084619202049695,California,Stanislaus County,552723,0.004791431758579989,552,0.9986919306777535,06
06099,Stanislaus County,CA,"Modesto, CA",2022,1822.506683318524,12,7.507968130991878,0.09622442741426607,17695,427907,445602,0.039710324459944074,California,Stanislaus County,551226,-0.0027120834704970065,552,1.0014041427653992,06
06107,Tulare County,CA,"Visalia, CA",2019,1120.9861868882297,12,7.021964100862638,0.03947970786034549,10745,362205,372950,0.028810832551280332,California,Tulare County,465751,0.0031654919285646343,1575,3.381635251454103,06
06107,Tulare County,CA,"Visalia, CA",2020,1178.2330006231111,12,7.071771138051224,0.04980703718858592,11943,371095,383038,0.031179674079334165,California,Tulare County,468680,0.0062690762459514104,1575,3.3605018349406843,06
06107,Tulare County,CA,"Visalia, CA",2021,1357.4727465335488,12,7.213379975388181,0.14160883733695684,11916,355239,367155,0.0324549577154063,California,Tulare County,477176,0.017965162781013788,1575,3.3006689355709424,06
06107,Tulare County,CA,"Visalia, CA",2022,1528.4669300707112,12,7.332020505552651,0.11864053016447063,10697,368920,379617,0.028178400861921356,California,Tulare County,477884,0.0014826296351913015,1575,3.295778891948674,06
06111,Ventura County,CA,"Oxnard-Thousand Oaks-Ventura, CA",2019,2117.7403300403753,12,7.658104917153378,0.031528605432842305,26979,696371,723350,0.0372972972972973,California,Ventura County,844203,-0.0035697748419227793,1501,1.778008370024745,06
06111,Ventura County,CA,"Oxnard-Thousand Oaks-Ventura, CA",2020,2187.1236926508095,12,7.69034257721679,0.03223766006341222,29635,692450,722085,0.041040874689267884,California,Ventura County,841387,-0.0033412664050356256,1501,1.7839591056196493,06
06111,Ventura County,CA,"Oxnard-Thousand Oaks-Ventura, CA",2021,2419.729985999366,12,7.791411236892343,0.10106865967555301,29006,659467,688473,0.04213091871431414,California,Ventura County,839471,-0.0022797890480443783,1501,1.788030795584362,06
06111,Ventura County,CA,"Oxnard-Thousand Oaks-Ventura, CA",2022,2658.2103850690273,12,7.885408387784592,0.0939971508922488,26998,675737,702735,0.03841846499747415,California,Ventura County,832871,-0.007893163319558028,1501,1.8021998604825957,06
06113,Yolo County,CA,"Sacramento-Roseville-Folsom, CA",2019,1816.945245409862,12,7.504911933330041,0.05453547441240847,9652,152788,162440,0.05941886234917508,California,Yolo County,220019,-0.00028629791993495246,1206,5.4813447929497,06
06113,Yolo County,CA,"Sacramento-Roseville-Folsom, CA",2020,1883.6972269584148,12,7.540991734662237,0.036079801332196126,10782,153886,164668,0.06547720261374401,California,Yolo County,219728,-0.0013234884716748496,1206,5.488604092332338,06
06113,Yolo County,CA,"Sacramento-Roseville-Folsom, CA",2021,2017.205971295217,12,7.6094686503881634,0.06847691572592662,11031,147057,158088,0.06977759222711401,California,Yolo County,213141,-0.03043649925422187,1206,5.658226244598645,06
06113,Yolo County,CA,"Sacramento-Roseville-Folsom, CA",2022,2179.2408012858727,12,7.686731838836946,0.07726318844878222,10081,152245,162326,0.06210342150980126,California,Yolo County,222018,0.040804541132763106,1206,5.431992000648596,06
08001,Adams County,CO,"Denver-Aurora-Lakewood, CO",2019,1468.4487017067713,12,7.291961817585057,0.04346230355680891,38702,378204,416906,0.09283147759926698,Colorado,Adams County,516575,0.009902226701184347,4027,7.795576634564196,08
08001,Adams County,CO,"Denver-Aurora-Lakewood, CO",2020,1511.9010388911065,12,7.321123104128658,0.029161286543600617,41218,385788,427006,0.09652791764050155,Colorado,Adams County,519883,0.006383300109506607,4027,7.74597361329376,08
08001,Adams County,CO,"Denver-Aurora-Lakewood, CO",2021,1631.4195819685267,12,7.397205823962596,0.07608271983393866,40025,368500,408525,0.09797442017012423,Colorado,Adams County,523544,0.007017290185153513,4027,7.691808138379964,08
08001,Adams County,CO,"Denver-Aurora-Lakewood, CO",2022,1784.9087733297795,12,7.487122585529438,0.08991676156684125,40941,386001,426942,0.09589358741936845,Colorado,Adams County,527509,0.007544850371720813,4027,7.633992974527449,08
08005,Arapahoe County,CO,"Denver-Aurora-Lakewood, CO",2019,1465.1943532077767,12,7.289743176957686,0.035981431540871966,52479,485062,537541,0.09762790187167118,Colorado,Arapahoe County,656051,0.005588323116946015,4116,6.273902486239637,08
08005,Arapahoe County,CO,"Denver-Aurora-Lakewood, CO",2020,1494.5610604014346,12,7.309587837631724,0.01984466067403723,56206,492609,548815,0.10241338155844866,Colorado,Arapahoe County,657452,0.0021332277601047167,4116,6.260533088347134,08
08005,Arapahoe County,CO,"Denver-Aurora-Lakewood, CO",2021,1618.3490003450445,12,7.389161772965169,0.07957393533344526,53917,470221,524138,0.10286794699105961,Colorado,Arapahoe County,656855,-0.0009084636101910348,4116,6.266223139048954,08
08005,Arapahoe County,CO,"Denver-Aurora-Lakewood, CO",2022,1781.7398793558307,12,7.485345626195134,0.09618385322996481,51359,487424,538783,0.09532409151736414,Colorado,Arapahoe County,656269,-0.0008925281068670188,4116,6.271818415923958,08
08013,Boulder County,CO,"Boulder, CO",2019,1696.0951118826033,12,7.436083894898877,0.036237283326590486,20115,237878,257993,0.07796723166907629,Colorado,Boulder County,326020,0.0017867618628901738,1634,5.011962456291025,08
08013,Boulder County,CO,"Boulder, CO",2020,1734.7153044602194,12,7.458598589268492,0.022514694369615285,21199,238801,260000,0.08153461538461539,Colorado,Boulder County,327171,0.003524240815659496,1634,4.99433018207604,08
08013,Boulder County,CO,"Boulder, CO",2021,1859.5285696168378,12,7.528078277386295,0.06947968811780303,20491,228576,249067,0.0822710355045028,Colorado,Boulder County,327084,-0.0002659513508120881,1634,4.995658607574812,08
08013,Boulder County,CO,"Boulder, CO",2022,2035.4937098500177,12,7.618493677714735,0.09041540032843987,19717,234737,254454,0.07748748300282172,Colorado,Boulder County,327339,0.000779312502482199,1634,4.991766944971421,08
08014,Broomfield County,CO,"Denver-Aurora-Lakewood, CO",2019,1616.0309585390605,12,7.387728396409333,0.026702370405159215,8815,53200,62015,0.14214302991211802,Colorado,Broomfield County,70617,0.016937455057016493,427,6.046702635342765,08
08014,Broomfield County,CO,"Denver-Aurora-Lakewood, CO",2020,1636.110624791595,12,7.400077133942394,0.01234873753306065,9408,54805,64213,0.146512388457166,Colorado,Broomfield County,72236,0.022667627875796015,427,5.9111800210421395,08
08014,Broomfield County,CO,"Denver-Aurora-Lakewood, CO",2021,1772.1087276569153,12,7.479925488005521,0.0798483540631274,8744,52923,61667,0.1417938281414695,Colorado,Broomfield County,75411,0.04301461637727222,427,5.662303907917943,08
08014,Broomfield County,CO,"Denver-Aurora-Lakewood, CO",2022,1950.6669987748403,12,7.575926643725568,0.09600115572004686,8990,55069,64059,0.14033937463900467,Colorado,Broomfield County,76195,0.010342690774455932,427,5.604042259990813,08
08031,Denver County,CO,"Denver-Aurora-Lakewood, CO",2019,1577.7195781266303,12,7.363735778469946,0.037025402162291776,63338,476054,539392,0.11742480422401519,Colorado,Denver County,725508,0.01271718455611115,5059,6.9730450939203985,08
08031,Denver County,CO,"Denver-Aurora-Lakewood, CO",2020,1584.2479318027854,12,7.3678650827287555,0.004129304258809086,65684,482485,548169,0.11982436073546662,Colorado,Denver County,735538,0.013730105099062584,5059,6.877958718652198,08
08031,Denver County,CO,"Denver-Aurora-Lakewood, CO",2021,1680.0769674493256,12,7.426594885305809,0.05872980257705329,62858,462070,524928,0.1197459461107047,Colorado,Denver County,711467,-0.03327316867169827,5059,7.110660086834667,08
08031,Denver County,CO,"Denver-Aurora-Lakewood, CO",2022,1845.629824248089,12,7.520575866377921,0.09398098107211261,64504,475766,540270,0.11939215577396486,Colorado,Denver County,713453,0.0027875267186736608,5059,7.0908665322032425,08
08035,Douglas County,CO,"Denver-Aurora-Lakewood, CO",2019,1733.3483882129613,12,7.457810301371168,0.02728815767757098,29829,287763,317592,0.09392239099221643,Colorado,Douglas County,351842,0.02318029329228466,3370,9.578162925404017,08
08035,Douglas County,CO,"Denver-Aurora-Lakewood, CO",2020,1761.6708850481552,12,7.474018004173469,0.01620770280230044,34521,296233,330754,0.1043706198564492,Colorado,Douglas County,360750,0.02500298646168453,3370,9.341649341649342,08
08035,Douglas County,CO,"Denver-Aurora-Lakewood, CO",2021,1915.4696006063011,12,7.557718093801406,0.0837000896279374,32672,287855,320527,0.10193213052254568,Colorado,Douglas County,369783,0.024731149447330125,3370,9.11345302515259,08
08035,Douglas County,CO,"Denver-Aurora-Lakewood, CO",2022,2094.962051782301,12,7.6472907184844505,0.08957262468304439,32758,301499,334257,0.09800243525191694,Colorado,Douglas County,375937,0.016505229058489945,3370,8.964267949151054,08
08041,El Paso County,CO,"Colorado Springs, CO",2019,1294.727863515768,12,7.166055808047025,0.053443693923614255,49157,537093,586250,0.0838498933901919,Colorado,El Paso County,721929,0.01280168039610352,6819,9.445527191732152,08
08041,El Paso County,CO,"Colorado Springs, CO",2020,1367.7573896819542,12,7.220927735730989,0.05487192768396376,55043,555176,610219,0.09020204221763006,Colorado,El Paso County,728310,0.008799985627929274,6819,9.362771347365818,08
08041,El Paso County,CO,"Colorado Springs, CO",2021,1523.788670658971,12,7.328955059084751,0.1080273233537623,52557,536260,588817,0.08925863213867806,Colorado,El Paso County,737287,0.012250451204860013,6819,9.248772865926025,08
08041,El Paso County,CO,"Colorado Springs, CO",2022,1660.0081510651423,12,7.41457779161874,0.08562273253398889,52480,553011,605491,0.08667346005142934,Colorado,El Paso County,740596,0.004478034498747618,6819,9.207449135561088,08
08059,Jefferson County,CO,"Denver-Aurora-Lakewood, CO",2019,1499.7202191195775,12,7.313033849106225,0.03718216107400618,41629,444256,485885,0.08567665188264713,Colorado,Jefferson County,582800,0.004769420139945524,2161,3.7079615648593,08
08059,Jefferson County,CO,"Denver-Aurora-Lakewood, CO",2020,1535.0254205543167,12,7.3363022205058765,0.023268371399651322,45043,447460,492503,0.09145731091993348,Colorado,Jefferson County,583283,0.0008284144912877878,2161,3.7048911077470117,08
08059,Jefferson County,CO,"Denver-Aurora-Lakewood, CO",2021,1656.5776194057225,12,7.412509078116199,0.07620685761032231,42330,427404,469734,0.09011483094687632,Colorado,Jefferson County,580703,-0.004433050268929151,2161,3.7213515342610592,08
08059,Jefferson County,CO,"Denver-Aurora-Lakewood, CO",2022,1833.4131847709489,12,7.513934636933556,0.10142555881735671,42319,437957,480276,0.08811391783058074,Colorado,Jefferson County,575811,-0.00845995669230426,2161,3.7529675535896327,08
08067,La Plata County,CO,"Durango, CO",2022,1812.3433312268014,12,7.502375945049022,0.10741440624076848,3231,40616,43847,0.07368805163409127,Colorado,La Plata County,56553,0.006813248264759153,253,4.473679557229501,08
08069,Larimer County,CO,"Fort Collins, CO",2019,1450.2677894881415,12,7.279503500768539,0.03853227707642404,21109,261392,282501,0.07472185939164817,Colorado,Larimer County,357241,0.01749620367387905,2565,7.180026928600021,08
08069,Larimer County,CO,"Fort Collins, CO",2020,1485.3579884321935,12,7.303411091835489,0.023907591066950395,23821,266180,290001,0.08214109606518598,Colorado,Larimer County,360428,0.008881590119923288,2565,7.116539225587358,08
08069,Larimer County,CO,"Fort Collins, CO",2021,1589.8563529390492,12,7.371398947069515,0.06798785523402628,24095,256823,280918,0.08577236061768914,Colorado,Larimer County,362747,0.006413407401289817,2565,7.071044005877375,08
08069,Larimer County,CO,"Fort Collins, CO",2022,1737.1833864873824,12,7.460020337229825,0.08862139016030923,23891,267379,291270,0.08202355203076184,Colorado,Larimer County,367577,0.013227198943779328,2565,6.978129752405619,08
08077,Mesa County,CO,"Grand Junction, CO",2019,1114.6206842980637,12,7.016269432560647,0.06890919990572719,6599,114213,120812,0.054622057411515414,Colorado,Mesa County,154552,0.007879452636357698,1004,6.496195455251307,08
08077,Mesa County,CO,"Grand Junction, CO",2020,1171.6944963340175,12,7.066206267499997,0.04993683493934942,7632,117127,124759,0.06117394336280348,Colorado,Mesa County,155603,0.006777282473834134,1004,6.452317757369716,08
08077,Mesa County,CO,"Grand Junction, CO",2021,1310.7978328639865,12,7.178391263530637,0.11218499603064025,7243,114058,121301,0.059710966933496014,Colorado,Mesa County,157439,0.011730189893668808,1004,6.377073025108137,08
08077,Mesa County,CO,"Grand Junction, CO",2022,1457.413486428789,12,7.284418558952656,0.10602729542201939,7132,117837,124969,0.057070153398042715,Colorado,Mesa County,158531,0.006912076131817102,1004,6.333146198535302,08
08097,Pitkin County,CO,"Glenwood Springs, CO",2022,9446.875898288099,12,9.153439373056205,0.24891922279629597,1057,12847,13904,0.07602128883774453,Colorado,Pitkin County,16847,-0.028670346599684038,72,4.2737579390989495,08
08101,Pueblo County,CO,"Pueblo, CO",2019,896.3286439970492,12,6.798307135899137,0.058451173190372074,6846,116392,123238,0.05555104756649735,Colorado,Pueblo County,168409,0.004970499811692619,579,3.438058536063987,08
08101,Pueblo County,CO,"Pueblo, CO",2020,964.881005011011,12,6.872004782866157,0.07369764696702052,7792,119908,127700,0.06101801096319499,Colorado,Pueblo County,169823,0.008361173618268936,579,3.4094321734982893,08
08101,Pueblo County,CO,"Pueblo, CO",2021,1082.3950879458846,12,6.986931538732723,0.11492675586656542,7615,117303,124918,0.06095998975327815,Colorado,Pueblo County,169316,-0.0029899267126491935,579,3.419641380613764,08
08101,Pueblo County,CO,"Pueblo, CO",2022,1185.803828714783,12,7.078176160071211,0.09124462133848876,7230,121112,128342,0.056333857973227784,Colorado,Pueblo County,169472,0.0009209299681547378,579,3.416493580060423,08
08123,Weld County,CO,"Greeley, CO",2019,1315.3982070491127,12,7.181894717820185,0.04276539165271931,22872,241849,264721,0.08640039891055111,Colorado,Weld County,324703,0.029196074959521923,4185,12.88870136709547,08
08123,Weld County,CO,"Greeley, CO",2020,1346.600715711011,12,7.205338707605923,0.02344398978573814,25968,254855,280823,0.09247105828226321,Colorado,Weld County,333983,0.02817917511381829,4185,12.530577903665757,08
08123,Weld County,CO,"Greeley, CO",2021,1438.1501842599628,12,7.271112972507634,0.06577426490171057,26428,248568,274996,0.09610321604677886,Colorado,Weld County,339897,0.01755253706003934,4185,12.312553508857096,08
08123,Weld County,CO,"Greeley, CO",2022,1557.2663961085793,12,7.350687252965376,0.0795742804577424,26411,263096,289507,0.0912275005440283,Colorado,Weld County,350266,0.03005023529191142,4185,11.948062329772231,08
10001,Kent County,DE,"Dover, DE",2019,1139.9923383982923,12,7.038776820662704,0.029082385161227187,8925,133079,142004,0.06285034224388046,Delaware,Kent County,181492,0.014082786023813298,2136,11.76911379013951,10
10001,Kent County,DE,"Dover, DE",2020,1189.4080611641566,12,7.081211034754282,0.04243421409157744,9860,137037,146897,0.06712186089572966,Delaware,Kent County,183643,0.01178207995926428,2136,11.631262830600676,10
10001,Kent County,DE,"Dover, DE",2021,1378.5349409107712,12,7.228776577194322,0.1475655424400406,10118,131889,142007,0.07125000880238298,Delaware,Kent County,185043,0.007594574944766563,2136,11.543262917267878,10
10001,Kent County,DE,"Dover, DE",2022,1495.7187428218215,12,7.310362134723908,0.08158555752958563,10066,136052,146118,0.06888952764204273,Delaware,Kent County,187758,0.014565669087474475,2136,11.376346147700763,10
10003,New Castle County,DE,"Philadelphia-Camden-Wilmington, PA-NJ-DE-MD",2019,1246.3305594716915,12,7.127958960688735,0.034464392201091876,19159,430140,449299,0.04264198228796414,Delaware,New Castle County,559941,0.00350292506849037,1796,3.207480788154466,10
10003,New Castle County,DE,"Philadelphia-Camden-Wilmington, PA-NJ-DE-MD",2020,1297.5820217555934,12,7.168257828267937,0.040298867579201314,20233,435971,456204,0.04435077289984305,Delaware,New Castle County,561531,0.002835560879546506,1796,3.198398663653476,10
10003,New Castle County,DE,"Philadelphia-Camden-Wilmington, PA-NJ-DE-MD",2021,1439.8472325819914,12,7.272292298457537,0.10403447018960055,20654,415046,435700,0.04740417718613725,Delaware,New Castle County,572029,0.01852270747989948,1796,3.1397009592171026,10
10003,New Castle County,DE,"Philadelphia-Camden-Wilmington, PA-NJ-DE-MD",2022,1621.1548285475435,12,7.390894031392586,0.11860173293504861,21184,425907,447091,0.047381852911375984,Delaware,New Castle County,575254,0.005621992994447211,1796,3.122099107524676,10
11001,District of Columbia,DC,"Washington-Arlington-Alexandria, DC-VA-MD-WV",2019,2166.190152331248,12,7.680725213334267,0.03142514514028516,38236,442822,481058,0.07948313924724254,District of Columbia,District of Columbia,708253,0.005814233314985984,7370,10.405886032251187,11
11001,District of Columbia,DC,"Washington-Arlington-Alexandria, DC-VA-MD-WV",2020,2163.2843588145042,10,7.679382882321309,-0.001342331012958553,37786,444616,482402,0.07832886264982318,District of Columbia,District of Columbia,712816,0.00642194809968899,7370,10.339274090368342,11
11001,District of Columbia,DC,"Washington-Arlington-Alexandria, DC-VA-MD-WV",2021,2158.4812224086204,12,7.67716011558712,-0.0022227667341887525,35836,420774,456610,0.07848273143382756,District of Columbia,District of Columbia,669037,-0.06338395756740312,7370,11.015833205039483,11
11001,District of Columbia,DC,"Washington-Arlington-Alexandria, DC-VA-MD-WV",2022,2314.577440073785,12,7.74698241857385,0.0698223029867302,38582,427413,465995,0.08279487977338813,District of Columbia,District of Columbia,670949,0.0028537630954428295,7370,10.984441440407542,11
12001,Alachua County,FL,"Gainesville, FL",2019,1133.4724602756974,12,7.033041173468657,0.058334907482581855,12585,170247,182832,0.06883368338146495,Florida,Alachua County,269489,0.0011101232114363313,1767,6.556853897561682,12
12001,Alachua County,FL,"Gainesville, FL",2020,1178.314359699894,12,7.071840187439482,0.038799013970824525,13481,172650,186131,0.07242748386888805,Florida,Alachua County,271218,0.006395352355642814,1767,6.515054310554609,12
12001,Alachua County,FL,"Gainesville, FL",2021,1300.6013562787991,12,7.170582018244595,0.09874183080511312,14224,168115,182339,0.0780085445242104,Florida,Alachua County,281889,0.03859045088416835,1767,6.268424805508551,12
12001,Alachua County,FL,"Gainesville, FL",2022,1487.0215216147615,12,7.304530419532798,0.13394840128820285,14706,171600,186306,0.07893465588869923,Florida,Alachua County,284041,0.007605217509269124,1767,6.220932893490729,12
12005,Bay County,FL,"Panama City, FL",2019,1344.737349286492,12,7.203953993625548,0.24688971869099596,9405,120556,129961,0.07236786420541547,Florida,Bay County,173895,-0.07027443298333935,2846,16.36619799304178,12
12005,Bay County,FL,"Panama City, FL",2020,1315.5160258394856,12,7.181984282724263,-0.021969710901285744,12739,122120,134859,0.09446162288019339,Florida,Bay County,171322,-0.014906842051207292,2846,16.611993789472454,12
12005,Bay County,FL,"Panama City, FL",2021,1475.7079399734846,12,7.296893112934352,0.1149088302100898,13655,122056,135711,0.10061822549388037,Florida,Bay County,179520,0.04674179559506442,2846,15.853386809269162,12
12005,Bay County,FL,"Panama City, FL",2022,1641.1198099098722,12,7.403134098729582,0.10624098579523,13183,128940,142123,0.09275768172639193,Florida,Bay County,185210,0.0312036941003786,2846,15.366340910318018,12
12009,Brevard County,FL,"Palm Bay-Melbourne-Titusville, FL",2019,1271.5684854933882,12,7.148006445380517,0.04531217982162428,30133,449214,479347,0.06286260266570981,Florida,Brevard County,601024,0.010110437110018466,4739,7.884876477478436,12
12009,Brevard County,FL,"Palm Bay-Melbourne-Titusville, FL",2020,1329.4743613196945,12,7.1925389260440955,0.04453248066357851,34031,459987,494018,0.06888615394580765,Florida,Brevard County,608459,0.01229466417505165,4739,7.7885280684483265,12
12009,Brevard County,FL,"Palm Bay-Melbourne-Titusville, FL",2021,1522.2898876066863,12,7.3279709852044705,0.13543205916037504,36378,451517,487895,0.07456112483218726,Florida,Brevard County,617900,0.01539710070973399,4739,7.669525813238388,12
12009,Brevard County,FL,"Palm Bay-Melbourne-Titusville, FL",2022,1769.580336899322,12,7.478497699658755,0.15052671445428434,37471,465504,502975,0.0744987325413788,Florida,Brevard County,630707,0.02051478032021592,4739,7.513790080021309,12
12011,Broward County,FL,"Miami-Fort Lauderdale-Pompano Beach, FL",2019,1627.1904996205028,12,7.394610186794276,0.03213168200219396,81596,1461100,1542696,0.05289182055310962,Florida,Broward County,1955475,0.00380015177319315,4428,2.26441146013117,12
12011,Broward County,FL,"Miami-Fort Lauderdale-Pompano Beach, FL",2020,1678.382081342637,12,7.425585561549913,0.030975374755636942,84675,1462390,1547065,0.05473267121937346,Florida,Broward County,1958105,0.0013440381420135594,4428,2.2613700491035975,12
12011,Broward County,FL,"Miami-Fort Lauderdale-Pompano Beach, FL",2022,2300.3014443528696,12,7.7407954560913845,0.3152098945414714,87547,1427769,1515316,0.05777474797336001,Florida,Broward County,1946889,0.0058282740171584635,4428,2.2743977699807227,12
12015,Charlotte County,FL,"Punta Gorda, FL",2019,1284.6167898234576,12,7.15821573481726,0.03688914004716537,14858,125147,140005,0.10612478125781222,Florida,Charlotte County,189669,0.023822527416280437,2933,15.463781640647655,12
12015,Charlotte County,FL,"Punta Gorda, FL",2020,1357.9560452657813,12,7.21373594033839,0.05552020552113035,18068,128922,146990,0.12291992652561398,Florida,Charlotte County,194711,0.026235960290131644,2933,15.06335029864774,12
12015,Charlotte County,FL,"Punta Gorda, FL",2021,1554.2850070694585,12,7.348770916344058,0.13503497600566838,19452,129292,148744,0.13077502285806486,Florida,Charlotte County,194934,0.0011446317768601943,2933,15.04611817333046,12
12015,Charlotte County,FL,"Punta Gorda, FL",2022,1887.3173639035458,12,7.542911715595744,0.19414079925168526,18754,134872,153626,0.12207569031283767,Florida,Charlotte County,202582,0.03848370311857252,2933,14.478087885399493,12
12017,Citrus County,FL,"Homosassa Springs, FL",2019,1113.0751739701338,12,7.014881890746845,0.03818903525040085,9694,102418,112112,0.08646710432424719,Florida,Citrus County,150153,0.01498318717085212,927,6.173702823120417,12
12017,Citrus County,FL,"Homosassa Springs, FL",2020,1180.1180924577407,12,7.073369790806224,0.05848790005937854,11808,104774,116582,0.10128493249386698,Florida,Citrus County,153010,0.018848504483999662,927,6.058427553754656,12
12017,Citrus County,FL,"Homosassa Springs, FL",2021,1373.0232036257212,12,7.224770305571069,0.15140051476484562,12634,104711,117345,0.1076654309940773,Florida,Citrus County,158167,0.03314815812749039,927,5.860893865344857,12
12017,Citrus County,FL,"Homosassa Springs, FL",2022,1565.118577908449,12,7.355716868735553,0.13094656316448372,12699,109622,122321,0.10381700607418187,Florida,Citrus County,162508,0.02707579446601649,927,5.704334555837251,12
12019,Clay County,FL,"Jacksonville, FL",2019,1276.704004031653,12,7.152037039056723,0.04084100469609986,17929,166214,184143,0.09736454820438463,Florida,Clay County,219014,0.014311053688105702,1432,6.5383948058115005,12
12019,Clay County,FL,"Jacksonville, FL",2020,1341.6748733626102,12,7.2016740179578544,0.04963697890113128,19860,170693,190553,0.10422297208650612,Florida,Clay County,221770,0.01250515406603725,1432,6.457140280470758,12
12019,Clay County,FL,"Jacksonville, FL",2021,1531.6605686718885,12,7.334107764833157,0.13243374687530274,19463,166572,186035,0.10462009836858656,Florida,Clay County,222648,0.003951240239143061,1432,6.4316769070461,12
12019,Clay County,FL,"Jacksonville, FL",2022,1699.5416572803788,12,7.438113880327607,0.1040061154944496,20227,172143,192370,0.10514633258824141,Florida,Clay County,226634,0.017744332449957767,1432,6.318557674488383,12
12021,Collier County,FL,"Naples-Marco Island, FL",2019,1746.7463981421322,12,7.465510135396446,0.033320098563584644,22362,289017,311379,0.07181601842128083,Florida,Collier County,385917,0.01899153831858591,4473,11.590575175491104,12
12021,Collier County,FL,"Naples-Marco Island, FL",2020,1800.9314630515457,12,7.496059289511008,0.030549154114561716,26190,294137,320327,0.08176020129430238,Florida,Collier County,392973,0.018118586782364332,4473,11.382461390477207,12
12021,Collier County,FL,"Naples-Marco Island, FL",2021,2132.420470627903,12,7.665012984709273,0.1689536951982653,29355,286420,315775,0.09296176074736759,Florida,Collier County,387226,-0.014732405310699193,4473,11.551393759716548,12
12021,Collier County,FL,"Naples-Marco Island, FL",2022,2674.1056899155337,12,7.891370281905303,0.2263572971960297,27009,295296,322305,0.08379950667845674,Florida,Collier County,397516,0.026226682948266244,4473,11.252377262802,12
12031,Duval County,FL,"Jacksonville, FL",2019,1142.9694187045113,12,7.04138490814774,0.04388412725222146,48735,703717,752452,0.0647682509980703,Florida,Duval County,959853,0.009824600753896462,9134,9.51604047703138,12
12031,Duval County,FL,"Jacksonville, FL",2020,1189.863665300008,12,7.0815940125674945,0.04020910441975456,51691,718013,769704,0.06715698502281396,Florida,Duval County,966728,0.0071370258325078595,9134,9.448366034706764,12
12031,Duval County,FL,"Jacksonville, FL",2021,1361.3489349144413,9,7.216231351065791,0.13463733849829662,55468,697798,753266,0.07363667018025505,Florida,Duval County,1002774,0.03660826497518599,9134,9.1087323763879,12
12031,Duval County,FL,"Jacksonville, FL",2022,1540.6018128964054,12,7.339928406665158,0.12369705559936683,55546,714457,770003,0.07213738128293007,Florida,Duval County,1017011,0.014097773571180028,9134,8.981220458775766,12
12033,Escambia County,FL,"Pensacola-Ferry Pass-Brent, FL",2019,1068.7277432602714,12,6.974224195014497,0.06131507691792937,18218,220217,238435,0.07640656782770985,Florida,Escambia County,319379,0.0110889058233834,2210,6.91967850109118,12
12033,Escambia County,FL,"Pensacola-Ferry Pass-Brent, FL",2020,1146.6132073635201,12,7.044567839127217,0.07034364411271987,19736,224895,244631,0.08067661089559378,Florida,Escambia County,322364,0.009302856525351899,2210,6.855604223796702,12
12033,Escambia County,FL,"Pensacola-Ferry Pass-Brent, FL",2021,1371.6520451770775,12,7.223771164734055,0.17920332560683772,18259,217581,235840,0.0774211329715061,Florida,Escambia County,323459,0.0033910252477493685,2210,6.832396068744416,12
12033,Escambia County,FL,"Pensacola-Ferry Pass-Brent, FL",2022,1532.0974403883054,12,7.334392951664549,0.11062178693049418,19229,222622,241851,0.07950763073131804,Florida,Escambia County,323860,0.0012389565308446038,2210,6.823936268758105,12
12035,Flagler County,FL,"Deltona-Daytona Beach-Ormond Beach, FL",2019,1265.2827370998568,12,7.143050883776341,0.04369434037012532,8952,83317,92269,0.09702066782993204,Florida,Flagler County,115481,0.0269086337524147,1862,16.123864531827746,12
12035,Flagler County,FL,"Deltona-Daytona Beach-Ormond Beach, FL",2020,1325.293004693758,12,7.189388849591376,0.046337965815035354,11132,85579,96711,0.1151058307741622,Florida,Flagler County,118451,0.025393358684528522,1862,15.719580248372747,12
12035,Flagler County,FL,"Deltona-Daytona Beach-Ormond Beach, FL",2021,1523.6227062835678,12,7.32884613754116,0.13945728794978418,12108,85855,97963,0.12359768484019477,Florida,Flagler County,120974,0.02107627352461172,1862,15.391737067469043,12
12035,Flagler County,FL,"Deltona-Daytona Beach-Ormond Beach, FL",2022,1789.2928801569312,12,7.489575781767858,0.16072964422669767,11453,91860,103313,0.1108572977263268,Florida,Flagler County,126758,0.04670411037582589,1862,14.689408163587307,12
12053,Hernando County,FL,"Tampa-St. Petersburg-Clearwater, FL",2019,1168.8183625716226,12,7.063748570932195,0.057397598977507513,13528,131961,145489,0.09298297465787791,Florida,Hernando County,194290,0.01785886936045422,1100,5.661639816768748,12
12053,Hernando County,FL,"Tampa-St. Petersburg-Clearwater, FL",2020,1249.8073120772535,12,7.130744668075765,0.06699609714357013,15396,136522,151918,0.10134414618412564,Florida,Hernando County,198792,0.02290716370905166,1100,5.533421868083223,12
12053,Hernando County,FL,"Tampa-St. Petersburg-Clearwater, FL",2021,1497.7693284216791,12,7.311732165852677,0.18098749777691125,16827,134654,151481,0.11108323816188169,Florida,Hernando County,200693,0.009517325302715207,1100,5.481008306218951,12
12053,Hernando County,FL,"Tampa-St. Petersburg-Clearwater, FL",2022,1751.2120386471936,12,7.46806342069804,0.15633125484536325,16703,141281,157984,0.10572589629329553,Florida,Hernando County,206935,0.030628357025387132,1100,5.315678836349578,12
12055,Highlands County,FL,"Sebring-Avon Park, FL",2019,964.5174511293516,12,6.871627925628809,0.03895875175418073,5679,67776,73455,0.07731264039207678,Florida,Highlands County,105890,0.01366360997575633,384,3.6264047596562468,12
12055,Highlands County,FL,"Sebring-Avon Park, FL",2020,1020.6313727433389,12,6.928176707666866,0.0565487820380568,6454,68333,74787,0.0862984208485432,Florida,Highlands County,106639,0.00704847903978667,384,3.600933992254241,12
12055,Highlands County,FL,"Sebring-Avon Park, FL",2021,1167.3470794890861,12,7.062488999798606,0.13431229213173967,7136,67410,74546,0.09572612883320367,Florida,Highlands County,103279,-0.03201523440736764,384,3.718084024825957,12
12055,Highlands County,FL,"Sebring-Avon Park, FL",2022,1352.6867575424146,12,7.209848084398685,0.14735908460007963,6985,69757,76742,0.09101925933647807,Florida,Highlands County,105649,0.022688214727155653,384,3.6346770911224904,12
12057,Hillsborough County,FL,"Tampa-St. Petersburg-Clearwater, FL",2019,1332.4443804142873,12,7.1947704143915585,0.04209947594899077,77116,1057942,1135058,0.06794014050383329,Florida,Hillsborough County,1476431,0.014380580329184767,12392,8.393213092924762,12
12057,Hillsborough County,FL,"Tampa-St. Petersburg-Clearwater, FL",2020,1387.642516916813,12,7.235361555240776,0.040591140849217666,83625,1082889,1166514,0.07168795230918788,Florida,Hillsborough County,1497957,0.014474490770062687,12392,8.272600615371468,12
12057,Hillsborough County,FL,"Tampa-St. Petersburg-Clearwater, FL",2021,1617.0121789714601,12,7.388335391380196,0.15297383613942017,86944,1056759,1143703,0.07601973589297222,Florida,Hillsborough County,1484607,-0.008952088978151806,12392,8.346990146213779,12
12057,Hillsborough County,FL,"Tampa-St. Petersburg-Clearwater, FL",2022,1895.5103035747027,12,7.547243370749952,0.1589079793697561,86371,1083043,1169414,0.07385835982808484,Florida,Hillsborough County,1513473,0.01925691911055516,12392,8.187790598180475,12
12061,Indian River County,FL,"Sebastian-Vero Beach, FL",2019,1315.7298648836015,12,7.182146820969237,0.04914808060701237,10002,117141,127143,0.07866732734008164,Florida,Indian River County,159739,0.017148941862881628,1162,7.274366310043258,12
12061,Indian River County,FL,"Sebastian-Vero Beach, FL",2020,1406.8160666801407,12,7.249084321262605,0.06693750029336787,11329,119553,130882,0.08655888510261152,Florida,Indian River County,162518,0.017247531569235974,1162,7.149977233291082,12
12061,Indian River County,FL,"Sebastian-Vero Beach, FL",2021,1635.6100016324892,12,7.399771103434183,0.1506867821715785,11948,118060,130008,0.09190203679773552,Florida,Indian River County,163869,0.008278563275167627,1162,7.091030030085007,12
12061,Indian River County,FL,"Sebastian-Vero Beach, FL",2022,1946.5225774354212,12,7.573799765973955,0.17402866253977134,11474,122719,134193,0.08550371479883452,Florida,Indian River County,167267,0.02052400994678294,1162,6.946976988886033,12
12069,Lake County,FL,"Orlando-Kissimmee-Sanford, FL",2019,1351.3205058269555,12,7.208837545817496,0.05751181872587985,28891,266350,295241,0.09785565012989389,Florida,Lake County,366941,0.02722442306072992,3923,10.691092028418737,12
12069,Lake County,FL,"Orlando-Kissimmee-Sanford, FL",2020,1412.6221391678016,12,7.253202929489556,0.04436538367206033,31985,274841,306826,0.1042447510967128,Florida,Lake County,375492,0.02303609386242833,3923,10.447626047958412,12
12069,Lake County,FL,"Orlando-Kissimmee-Sanford, FL",2021,1575.430620357177,12,7.362283923640687,0.10908099415113082,34813,271097,305910,0.11380144486940603,Florida,Lake County,396352,0.054065539265124585,3923,9.897767640884869,12
12069,Lake County,FL,"Orlando-Kissimmee-Sanford, FL",2022,1837.597202458019,12,7.516214128984754,0.15393020534406698,33674,284994,318668,0.10567110597863608,Florida,Lake County,410090,0.03407394248860207,3923,9.566192786949207,12
12071,Lee County,FL,"Cape Coral-Fort Myers, FL",2019,1278.636422568619,12,7.153549494215512,0.032178344804896675,43480,541383,584863,0.07434219637761322,Florida,Lee County,772268,0.022403316937850803,10673,13.820331801913326,12
12071,Lee County,FL,"Cape Coral-Fort Myers, FL",2020,1337.8645197711633,12,7.198829979785051,0.04528048556953923,50457,555061,605518,0.08332865414405517,Florida,Lee County,790767,0.02367172049083166,10673,13.497022511055722,12
12071,Lee County,FL,"Cape Coral-Fort Myers, FL",2021,1564.158247914804,12,7.355103097517955,0.15627311773290398,58695,548857,607552,0.09660901453702728,Florida,Lee County,790888,0.00015300429011055883,10673,13.494957566684537,12
12071,Lee County,FL,"Cape Coral-Fort Myers, FL",2022,1913.1603751844402,12,7.55651180031445,0.2014087027964946,53757,568298,622055,0.08641840351737387,Florida,Lee County,822391,0.03905958623917627,10673,12.978011675711432,12
12073,Leon County,FL,"Tallahassee, FL",2019,1010.5321306468678,12,6.91823233311884,0.0524742920932777,12915,185859,198774,0.06497328624467989,Florida,Leon County,293866,0.006695474258240353,1897,6.455323174508109,12
12073,Leon County,FL,"Tallahassee, FL",2020,1035.230185207555,12,6.942379082138716,0.024146749019876346,13922,191239,205161,0.06785890105819332,Florida,Leon County,295460,0.005409582768034937,1897,6.420496852365803,12
12073,Leon County,FL,"Tallahassee, FL",2021,1122.9132520039134,12,7.023681705097521,0.08130262295880453,17951,190389,208340,0.08616204281462993,Florida,Leon County,296007,0.0018496387996229657,1897,6.408632228291898,12
12073,Leon County,FL,"Tallahassee, FL",2022,1294.9716548690521,12,7.1662440857620835,0.14256238066456284,13712,190380,204092,0.06718538698234129,Florida,Leon County,297282,0.00429808057391412,1897,6.381146520811889,12
12081,Manatee County,FL,"North Port-Sarasota-Bradenton, FL",2019,1416.668710947338,12,7.256063416270962,0.039641884050128695,25917,284026,309943,0.0836186008395092,Florida,Manatee County,402977,0.022419447958963445,5052,12.536695642679359,12
12081,Manatee County,FL,"North Port-Sarasota-Bradenton, FL",2020,1473.6626621763874,12,7.295506187789402,0.039442771518440445,30881,290561,321442,0.09607020862239533,Florida,Manatee County,411219,0.02024643094144274,5052,12.285424554799267,12
12081,Manatee County,FL,"North Port-Sarasota-Bradenton, FL",2021,1738.9317047093027,12,7.461026240845483,0.1655200530560803,34151,287892,322043,0.10604484494306661,Florida,Manatee County,413716,0.006053828788955329,5052,12.211275367643506,12
12081,Manatee County,FL,"North Port-Sarasota-Bradenton, FL",2022,2071.1010550774236,12,7.635835655510503,0.1748094146650203,32860,300228,333088,0.09865260831972332,Florida,Manatee County,429169,0.03667103266008809,5052,11.771586484578336,12
12083,Marion County,FL,"Ocala, FL",2019,1062.499163344188,12,6.968379113357497,0.049500841838899134,21240,257158,278398,0.07629365153485299,Florida,Marion County,365997,0.017549411499832246,3827,10.456369860955144,12
12083,Marion County,FL,"Ocala, FL",2020,1136.4838543757614,12,7.035694436747129,0.06731532338963131,24981,264356,289337,0.08633876759626317,Florida,Marion County,373513,0.02032767321092699,3827,10.245961987936163,12
12083,Marion County,FL,"Ocala, FL",2021,1320.789643097855,12,7.185985051189541,0.15029061444241254,27344,262230,289574,0.09442836718766187,Florida,Marion County,385135,0.03064111231792843,3827,9.936775416412427,12
12083,Marion County,FL,"Ocala, FL",2022,1537.1123657791366,12,7.337660848074681,0.1516757968851401,28992,274718,303710,0.09545948437654342,Florida,Marion County,396437,0.028923215985148687,3827,9.653488448353711,12
12085,Martin County,FL,"Port St. Lucie, FL",2019,1409.8747368246366,12,7.251256140294321,0.0490489873317026,10436,116855,127291,0.08198537210014847,Florida,Martin County,161212,0.0034237139382717885,544,3.3744386273974643,12
12085,Martin County,FL,"Port St. Lucie, FL",2020,1471.6747993573829,12,7.294156350531838,0.042900210237517555,11407,117553,128960,0.0884537841191067,Florida,Martin County,162088,0.005419128634622794,544,3.356201569517793,12
12085,Martin County,FL,"Port St. Lucie, FL",2021,1718.5929320379462,12,7.449261172242914,0.15510482171107576,12068,114505,126573,0.09534418872903384,Florida,Martin County,160197,-0.011735089756696127,544,3.3958188979818598,12
12085,Martin County,FL,"Port St. Lucie, FL",2022,2039.9089053602872,12,7.620660431606079,0.1713992593631648,11086,118405,129491,0.08561212748376335,Florida,Martin County,161987,0.011111777231693765,544,3.3582941841011933,12
12086,Miami-Dade County,FL,"Miami-Fort Lauderdale-Pompano Beach, FL",2019,1816.8168088969007,12,7.504841242673308,0.02120946669657542,62015,2053818,2115833,0.029309969170534727,Florida,Miami-Dade County,2711612,0.0007013048578414782,9831,3.625518695152551,12
12086,Miami-Dade County,FL,"Miami-Fort Lauderdale-Pompano Beach, FL",2020,1839.9524765281346,12,7.517495022295644,0.012653779622335826,64946,2045647,2110593,0.030771446697681646,Florida,Miami-Dade County,2707303,-0.0015903556000438357,9831,3.6312891464309685,12
12086,Miami-Dade County,FL,"Miami-Fort Lauderdale-Pompano Beach, FL",2021,2140.596233277359,12,7.668839682891322,0.15134466059567853,71776,1948648,2020424,0.03552521648921216,Florida,Miami-Dade County,2669748,-0.0139688504608948,9831,3.6823700214402257,12
12086,Miami-Dade County,FL,"Miami-Fort Lauderdale-Pompano Beach, FL",2022,2683.501201131461,12,7.894877639215614,0.22603795632429158,70311,1995946,2066257,0.03402819687967179,Florida,Miami-Dade County,2673056,0.0012383012450793984,9831,3.6778129601474867,12
12087,Monroe County,FL,"Key West, FL",2019,2261.149982282042,12,7.723628804568002,0.047876973819872326,5702,57377,63079,0.09039458456855688,Florida,Monroe County,73897,-0.006272826941337684,377,5.101695603339784,12
12087,Monroe County,FL,"Key West, FL",2020,2336.8975545933286,12,7.756579497289328,0.032950692721326114,6314,58005,64319,0.09816694911301482,Florida,Monroe County,73900,4.059622320440326e-05,377,5.101488497970229,12
12087,Monroe County,FL,"Key West, FL",2021,2671.93951815981,12,7.8905598989811185,0.13398040169179026,6170,56111,62281,0.09906713122782229,Florida,Monroe County,82220,0.10668575351557585,377,4.585259061055704,12
12087,Monroe County,FL,"Key West, FL",2022,3182.147910342102,12,8.06531169126873,0.17475179228761206,5561,56166,61727,0.09009023603933448,Florida,Monroe County,81618,-0.0073487555903835045,377,4.619079124702885,12
12089,Nassau County,FL,"Jacksonville, FL",2019,1348.9995634261318,12,7.207118532579929,0.05578610519796534,6772,68167,74939,0.09036683168977434,Florida,Nassau County,88583,0.030488419259663502,1438,16.233363060632403,12
12089,Nassau County,FL,"Jacksonville, FL",2020,1429.6057454669578,12,7.265153982770381,0.05803545019045231,8168,70798,78966,0.10343692221968949,Florida,Nassau County,91113,0.028160528802718687,1438,15.782599629032081,12
12089,Nassau County,FL,"Jacksonville, FL",2021,1667.4193368987474,12,7.41903240294582,0.15387842017543907,8613,70366,78979,0.10905430557489966,Florida,Nassau County,94399,0.03542998546051024,1438,15.233212216231104,12
12089,Nassau County,FL,"Jacksonville, FL",2022,1891.6041108858888,12,7.545180483999485,0.12614808105366482,8774,74269,83043,0.10565610587286105,Florida,Nassau County,97826,0.03565991050502504,1438,14.699568621838775,12
12091,Okaloosa County,FL,"Crestview-Fort Walton Beach-Destin, FL",2019,1270.5884534680936,12,7.147235421327025,0.08435475397643799,17666,158932,176598,0.1000351079853679,Florida,Okaloosa County,211411,0.017560132664890205,993,4.697011981401157,12
12091,Okaloosa County,FL,"Crestview-Fort Walton Beach-Destin, FL",2020,1340.0724868959019,12,7.200478986180326,0.05324356485330117,18728,162387,181115,0.1034039146398697,Florida,Okaloosa County,212820,0.006642631872516347,993,4.665914857626163,12
12091,Okaloosa County,FL,"Crestview-Fort Walton Beach-Destin, FL",2021,1562.5323773498465,12,7.3540631028997705,0.15358411671944427,18736,157512,176248,0.10630475239435341,Florida,Okaloosa County,213641,0.0038502982184205337,993,4.647984235235746,12
12091,Okaloosa County,FL,"Crestview-Fort Walton Beach-Destin, FL",2022,1792.3557496036738,12,7.4912860948163855,0.13722299191661502,18657,162277,180934,0.10311494799208551,Florida,Okaloosa County,216464,0.013127215628998101,993,4.58736787641363,12
12095,Orange County,FL,"Orlando-Kissimmee-Sanford, FL",2019,1398.96740840826,12,7.243489678045482,0.046450909848090305,81236,1007944,1089180,0.0745845498448374,Florida,Orange County,1395371,0.008430335625714491,12196,8.740327841126122,12
12095,Orange County,FL,"Orlando-Kissimmee-Sanford, FL",2020,1426.1596655446394,12,7.262740562128966,0.0192508840834833,85027,1024241,1109268,0.07665144942430503,Florida,Orange County,1404396,0.006446987380952507,12196,8.684160308061259,12
12095,Orange County,FL,"Orlando-Kissimmee-Sanford, FL",2021,1589.79346092985,12,7.3713593879904415,0.10861882586147598,90565,994340,1084905,0.08347735516012923,Florida,Orange County,1427761,0.01650016584651759,12196,8.542045902640568,12
12095,Orange County,FL,"Orlando-Kissimmee-Sanford, FL",2022,1868.8351392787836,12,7.5330705955814805,0.16171120759103896,88755,1020888,1109643,0.07998518442417966,Florida,Orange County,1451761,0.016669819340279446,12196,8.400831817358366,12
12097,Osceola County,FL,"Orlando-Kissimmee-Sanford, FL",2019,1482.4116205804614,12,7.3014255139720365,0.04353077875435485,34338,272855,307193,0.11177989081782462,Florida,Osceola County,374170,0.01837066803258125,5848,15.62925942753294,12
12097,Osceola County,FL,"Orlando-Kissimmee-Sanford, FL",2020,1513.068063431161,12,7.32189469852085,0.020469184548813857,39002,283146,322148,0.12106857717570806,Florida,Osceola County,385315,0.029350941983093293,5848,15.17719268650325,12
12097,Osceola County,FL,"Orlando-Kissimmee-Sanford, FL",2021,1717.3007664178715,12,7.448509015282077,0.12661431676122703,43520,282353,325873,0.13354895925713392,Florida,Osceola County,403990,0.04732894360187423,5848,14.47560583182752,12
12097,Osceola County,FL,"Orlando-Kissimmee-Sanford, FL",2022,2001.25083089846,12,7.601527679500575,0.1530186642184974,40558,302646,343204,0.11817461334949476,Florida,Osceola County,422543,0.04490109158686373,5848,13.840011549120444,12
12099,Palm Beach County,FL,"Miami-Fort Lauderdale-Pompano Beach, FL",2019,1624.2570562706196,12,7.392805794076659,0.039420609798367146,63787,1110177,1173964,0.05433471554494005,Florida,Palm Beach County,1497800,0.010042917593453993,7499,5.006676458806249,12
12099,Palm Beach County,FL,"Miami-Fort Lauderdale-Pompano Beach, FL",2020,1703.441104039428,12,7.4404056630013935,0.04759986892473478,69731,1115251,1184982,0.058845619595909476,Florida,Palm Beach County,1507600,0.0065216175777145224,7499,4.974131069249137,12
12099,Palm Beach County,FL,"Miami-Fort Lauderdale-Pompano Beach, FL",2021,2022.3169673768682,12,7.611999146630697,0.17159348362930338,75412,1075074,1150486,0.06554795103982143,Florida,Palm Beach County,1503435,-0.002766492356546024,7499,4.987911017104165,12
12099,Palm Beach County,FL,"Miami-Fort Lauderdale-Pompano Beach, FL",2022,2436.264736964006,12,7.798221299839496,0.1862221532087993,70850,1103970,1174820,0.060307110876559815,Florida,Palm Beach County,1519867,0.01087034097553996,7499,4.933984355210028,12
12101,Pasco County,FL,"Tampa-St. Petersburg-Clearwater, FL",2019,1294.3586090368913,12,7.165770568843704,0.04704274104391448,43584,381697,425281,0.10248282900011992,Florida,Pasco County,554032,0.027267572441875387,5373,9.697995783637047,12
12101,Pasco County,FL,"Tampa-St. Petersburg-Clearwater, FL",2020,1368.6625897985414,12,7.22158933019119,0.05581876134748587,49793,398811,448604,0.11099544364294567,Florida,Pasco County,570412,0.02913645993496594,5373,9.419507303492914,12
12101,Pasco County,FL,"Tampa-St. Petersburg-Clearwater, FL",2021,1617.238155658346,12,7.388475131142968,0.1668858009517784,53460,398986,452446,0.11815774700185215,Florida,Pasco County,585191,0.025579382923265115,5373,9.181617625698276,12
12101,Pasco County,FL,"Tampa-St. Petersburg-Clearwater, FL",2022,1882.361886149268,12,7.540282589731155,0.15180745858818678,52596,421858,474454,0.11085584693142012,Florida,Pasco County,609141,0.040111478335010275,5373,8.820617886499184,12
12103,Pinellas County,FL,"Tampa-St. Petersburg-Clearwater, FL",2019,1277.7335534416563,12,7.152843126066162,0.04909579720621515,47825,687479,735304,0.06504112584726861,Florida,Pinellas County,975367,0.002077272377940531,1483,1.5204533267990408,12
12103,Pinellas County,FL,"Tampa-St. Petersburg-Clearwater, FL",2020,1344.327631089244,12,7.203649264507131,0.050806138440969484,51083,693243,744326,0.06862987454421852,Florida,Pinellas County,976802,0.0014701598667556937,1483,1.5182196596649067,12
12103,Pinellas County,FL,"Tampa-St. Petersburg-Clearwater, FL",2021,1585.7993279743298,11,7.368843867061144,0.16519460255401253,52723,672335,725058,0.0727155620653796,Florida,Pinellas County,959583,-0.017785155202712843,1483,1.5454629771473651,12
12103,Pinellas County,FL,"Tampa-St. Petersburg-Clearwater, FL",2022,1869.1158812179312,12,7.533220807255275,0.1643769401941313,51610,677971,729581,0.07073923251839069,Florida,Pinellas County,961792,0.0022993959776620443,1483,1.5419134282672344,12
12105,Polk County,FL,"Lakeland-Winter Haven, FL",2019,1258.6884084854933,12,7.137825512138898,0.054944537099282265,45651,504481,550132,0.08298190252521213,Florida,Polk County,724967,0.024961109127783487,9492,13.093009750788656,12
12105,Polk County,FL,"Lakeland-Winter Haven, FL",2020,1329.3343298723937,12,7.192433592066593,0.05460807992769556,52023,525125,577148,0.09013805817571922,Florida,Polk County,744552,0.026656558641539263,9492,12.748605873061921,12
12105,Polk County,FL,"Lakeland-Winter Haven, FL",2021,1506.5331150222198,12,7.3175663397573905,0.12513274769079707,58798,522383,581181,0.1011698593037281,Florida,Polk County,755598,0.014726793501834479,9492,12.562235474418937,12
12105,Polk County,FL,"Lakeland-Winter Haven, FL",2022,1731.0711333036295,12,7.456495648094813,0.13892930833742234,60301,552005,612306,0.09848180484920938,Florida,Polk County,788382,0.04247325524697665,9492,12.039848702786214,12
12109,Saint Johns County,FL,"Jacksonville, FL",2019,1469.3629708062124,12,7.2925842326550985,0.03439610281983185,23688,204925,228613,0.1036161548118436,Florida,St. Johns County,265068,0.04262457114877982,5090,19.202619705132268,12
12109,Saint Johns County,FL,"Jacksonville, FL",2020,1534.8626341482625,12,7.336196166862678,0.04361193420757914,29063,216081,245144,0.1185548086022909,Florida,St. Johns County,278715,0.0502033575101386,5090,18.26238272070036,12
12109,Saint Johns County,FL,"Jacksonville, FL",2021,1761.094441957612,12,7.4736907367899335,0.13749456992725584,29712,218325,248037,0.11978857992960727,Florida,St. Johns County,293251,0.05083914323461869,5090,17.35714456216688,12
12109,Saint Johns County,FL,"Jacksonville, FL",2022,2018.8910209103087,12,7.610303640090467,0.13661290330053344,27937,233674,261611,0.10678832312096968,Florida,St. Johns County,307072,0.04605335018972667,5090,16.57591704877032,12
12111,Saint Lucie County,FL,"Port St. Lucie, FL",2019,1452.9426014319608,12,7.281346159302017,0.04398156042725265,22564,232318,254882,0.08852724005618286,Florida,St. Lucie County,328063,0.023822731371035744,4694,14.308227383155065,12
12111,Saint Lucie County,FL,"Port St. Lucie, FL",2020,1528.1821918682665,12,7.3318341981343575,0.05048803883234054,26153,238593,264746,0.09878525076866128,Florida,St. Lucie County,337186,0.027429043767888572,4694,13.921099927043235,12
12111,Saint Lucie County,FL,"Port St. Lucie, FL",2021,1832.5297357812417,12,7.513452660522053,0.18161846238769552,29425,237514,266939,0.11023117641109018,Florida,St. Lucie County,344246,0.02072181119958394,4694,13.635597799248211,12
12111,Saint Lucie County,FL,"Port St. Lucie, FL",2022,2142.28850703933,12,7.669629932432295,0.15617727191024233,30150,253245,283395,0.1063886095379241,Florida,St. Lucie County,358886,0.04164827123382331,4694,13.079362248736366,12
12113,Santa Rosa County,FL,"Pensacola-Ferry Pass-Brent, FL",2019,1293.8439952755555,12,7.1653729077276385,0.06042953966017439,15112,132976,148088,0.10204743125709038,Florida,Santa Rosa County,184587,0.027539086562683224,2181,11.815566643371419,12
12113,Santa Rosa County,FL,"Pensacola-Ferry Pass-Brent, FL",2020,1384.063320129089,12,7.232778886669404,0.06740597894176581,17225,137859,155084,0.11106884011245519,Florida,Santa Rosa County,189139,0.024361297430703033,2181,11.531201920280852,12
12113,Santa Rosa County,FL,"Pensacola-Ferry Pass-Brent, FL",2021,1605.4768577224702,12,7.381176099051635,0.14839721238223103,17225,136470,153695,0.11207261134064218,Florida,Santa Rosa County,193750,0.024086473748996085,2181,11.256774193548386,12
12113,Santa Rosa County,FL,"Pensacola-Ferry Pass-Brent, FL",2022,1839.14962272917,12,7.517058582213227,0.13588248316159213,16678,142673,159351,0.10466203538101423,Florida,Santa Rosa County,198199,0.02270290824102439,2181,11.004091847082982,12
12115,Sarasota County,FL,"North Port-Sarasota-Bradenton, FL",2019,1512.9012601362504,12,7.3217844506780985,0.03401302021468666,29564,310637,340201,0.08690156701479419,Florida,Sarasota County,435006,0.01883345529707725,4437,10.199859312285348,12
12115,Sarasota County,FL,"North Port-Sarasota-Bradenton, FL",2020,1563.2785448914192,12,7.354540526246421,0.032756075568322274,35443,315479,350922,0.10099965234439562,Florida,Sarasota County,443465,0.019259056838347277,4437,10.005299178063659,12
12115,Sarasota County,FL,"North Port-Sarasota-Bradenton, FL",2021,1853.9138078662615,12,7.525054255221092,0.17051372897467143,39424,312819,352243,0.1119227351572636,Florida,Sarasota County,448636,0.011592987596547033,4437,9.889977621055822,12
12115,Sarasota County,FL,"North Port-Sarasota-Bradenton, FL",2022,2212.8358217415494,12,7.702030149202072,0.17697589398097957,35440,323178,358618,0.09882381810171269,Florida,Sarasota County,462552,0.030547114532957664,4437,9.592435012712084,12
12117,Seminole County,FL,"Orlando-Kissimmee-Sanford, FL",2019,1343.1848540271187,12,7.202798829662769,0.04132702659175358,34171,350563,384734,0.08881720877281446,Florida,Seminole County,471791,0.007651215109154563,2532,5.366783173057561,12
12117,Seminole County,FL,"Orlando-Kissimmee-Sanford, FL",2020,1384.6988124826896,12,7.233237931061319,0.03043910139854944,35995,354464,390459,0.09218637552214189,Florida,Seminole County,474171,0.005031925218670352,2532,5.339845751849016,12
12117,Seminole County,FL,"Orlando-Kissimmee-Sanford, FL",2021,1549.9306010197542,12,7.345965435375285,0.11272750431396616,36139,343743,379882,0.09513217262202474,Florida,Seminole County,470857,-0.007013577554744188,2532,5.37742881596748,12
12117,Seminole County,FL,"Orlando-Kissimmee-Sanford, FL",2022,1796.4235684926261,12,7.493553060974227,0.14758762559894212,35350,351243,386593,0.0914398346581547,Florida,Seminole County,478623,0.016358792576063763,2532,5.290176192953536,12
12127,Volusia County,FL,"Deltona-Daytona Beach-Ormond Beach, FL",2019,1191.4814629433108,12,7.082952738669818,0.05650933109087397,30510,386623,417133,0.07314213931767566,Florida,Volusia County,554065,0.012619334867665088,4581,8.267982998384667,12
12127,Volusia County,FL,"Deltona-Daytona Beach-Ormond Beach, FL",2020,1250.3608641178994,12,7.131187479927353,0.04823474125753435,34401,395336,429737,0.08005128718262565,Florida,Volusia County,561497,0.013324422947837533,4581,8.158547596870509,12
12127,Volusia County,FL,"Deltona-Daytona Beach-Ormond Beach, FL",2021,1404.6277039216675,12,7.247527567239414,0.11634008731206169,37269,391132,428401,0.0869955952483771,Florida,Volusia County,566368,0.008637612275819606,4581,8.088380699474547,12
12127,Volusia County,FL,"Deltona-Daytona Beach-Ormond Beach, FL",2022,1625.4178116944931,12,7.3935201766043885,0.14599260936497416,36830,405864,442694,0.0831951641540206,Florida,Volusia County,579665,0.02320630685805547,4581,7.902840433698774,12
12131,Walton County,FL,"Crestview-Fort Walton Beach-Destin, FL",2019,1441.1238361408125,12,7.2731785299481855,0.08994852900742334,6794,49697,56491,0.12026694517710786,Florida,Walton County,74127,0.04487618580321495,1762,23.770016323336975,12
12131,Walton County,FL,"Crestview-Fort Walton Beach-Destin, FL",2020,1489.7928424364911,12,7.306392357351854,0.033213827403668184,7789,52296,60085,0.1296330198884913,Florida,Walton County,76648,0.03344367394442216,1762,22.98820582402672,12
12131,Walton County,FL,"Crestview-Fort Walton Beach-Destin, FL",2021,1864.367975075162,12,7.530677387283456,0.22428502993160215,8664,52442,61106,0.14178640395378522,Florida,Walton County,80021,0.04306558787821224,1762,22.019219954761873,12
12131,Walton County,FL,"Crestview-Fort Walton Beach-Destin, FL",2022,2082.1038375932617,12,7.641134121895352,0.11045673461189587,7688,56693,64381,0.11941411285938398,Florida,Walton County,83404,0.04140716961848945,1762,21.126085079852285,12
13013,Barrow County,GA,"Atlanta-Sandy Springs-Alpharetta, GA",2019,1301.1395236578016,12,7.17099571615804,0.05333791109870489,6721,58994,65715,0.1022749752720079,Georgia,Barrow County,83581,0.03007161003094616,935,11.186752970172646,13
13013,Barrow County,GA,"Atlanta-Sandy Springs-Alpharetta, GA",2020,1393.613937503732,12,7.239655607127255,0.0686598909692151,7586,61632,69218,0.10959576988644572,Georgia,Barrow County,85588,0.023728864871680244,935,10.924428658223114,13
13013,Barrow County,GA,"Atlanta-Sandy Springs-Alpharetta, GA",2021,1579.1714055794898,12,7.364655561612733,0.12499995448547807,8277,59868,68145,0.12146158925819943,Georgia,Barrow County,86727,0.013220167586180054,935,10.780956334244237,13
13013,Barrow County,GA,"Atlanta-Sandy Springs-Alpharetta, GA",2022,1790.3669069711266,12,7.490175853791622,0.12552029217888894,8199,64308,72507,0.11307873722537135,Georgia,Barrow County,89245,0.028620142690586547,935,10.476777410499189,13
13015,Bartow County,GA,"Atlanta-Sandy Springs-Alpharetta, GA",2019,1047.0292017215654,12,6.953712101333137,0.0626724225806452,6569,77043,83612,0.0785652777113333,Georgia,Bartow County,107757,0.011846389326207074,861,7.990200172610596,13
13015,Bartow County,GA,"Atlanta-Sandy Springs-Alpharetta, GA",2020,1132.3185616086782,12,7.032022634022053,0.07831053268891619,7404,78947,86351,0.08574307188104364,Georgia,Bartow County,109426,0.015369829643736566,861,7.86833110960832,13
13015,Bartow County,GA,"Atlanta-Sandy Springs-Alpharetta, GA",2021,1324.5379493264143,12,7.188818960114741,0.1567963260926879,7433,76833,84266,0.08820876747442623,Georgia,Bartow County,110936,0.013704936736901985,861,7.76123170116103,13
13015,Bartow County,GA,"Atlanta-Sandy Springs-Alpharetta, GA",2022,1516.6836227182232,12,7.324281403028606,0.1354624429138651,7382,79719,87101,0.08475218424587548,Georgia,Bartow County,112815,0.016795850494911946,861,7.631963834596464,13
13021,Bibb County,GA,"Macon-Bibb County, GA",2019,816.6670683080688,12,6.70523150667634,0.045064521918854794,6630,103859,110489,0.06000597344532035,Georgia,Bibb County,153191,0.0007967087210420942,157,1.0248643849834522,13
13021,Bibb County,GA,"Macon-Bibb County, GA",2020,860.3591421287965,12,6.757349909200474,0.052118402524133245,7053,104250,111303,0.06336756421659794,Georgia,Bibb County,152737,-0.002968020797569082,157,1.0279107223528026,13
13021,Bibb County,GA,"Macon-Bibb County, GA",2021,994.6967967316672,12,6.902437963817069,0.14508805461659513,7624,99768,107392,0.070992252681764,Georgia,Bibb County,155980,0.02101030585538055,157,1.006539299910245,13
13021,Bibb County,GA,"Macon-Bibb County, GA",2022,1082.9857933816522,12,6.987477129077141,0.08503916526007238,8015,103150,111165,0.0721000314847299,Georgia,Bibb County,156126,0.0009355796469758815,157,1.0055980426066127,13
13029,Bryan County,GA,"Savannah, GA",2019,1397.9510127273622,12,7.242762881212254,0.027409349556975826,5040,31594,36634,0.1375771141562483,Georgia,Bryan County,39692,0.039597686345274496,516,13.000100775975007,13
13029,Bryan County,GA,"Savannah, GA",2020,1445.3405652438225,12,7.27610025806696,0.03333737685470606,5940,32401,38341,0.15492553663180408,Georgia,Bryan County,40755,0.026428875494426407,516,12.661023187338976,13
13029,Bryan County,GA,"Savannah, GA",2021,1593.5657205947718,12,7.373729375928025,0.09762911786106443,5897,32812,38709,0.15234183264873802,Georgia,Bryan County,46974,0.14201572560741127,516,10.984800102184188,13
13029,Bryan County,GA,"Savannah, GA",2022,1823.7252915560075,12,7.508636551592241,0.13490717566421662,5376,34848,40224,0.13365155131264916,Georgia,Bryan County,48218,0.026138138173276815,516,10.701397818242151,13
13045,Carroll County,GA,"Atlanta-Sandy Springs-Alpharetta, GA",2019,1067.5238280294066,12,6.973097066192685,0.053631109826541845,6404,80897,87301,0.07335540257270821,Georgia,Carroll County,120115,0.016968699697477163,817,6.801814927361279,13
13045,Carroll County,GA,"Atlanta-Sandy Springs-Alpharetta, GA",2020,1170.9361418141136,12,7.065558829074114,0.09246176288142838,7505,82923,90428,0.08299420533463087,Georgia,Carroll County,121633,0.012558697086536341,817,6.716927149704439,13
13045,Carroll County,GA,"Atlanta-Sandy Springs-Alpharetta, GA",2021,1355.7164718897875,12,7.212085355110955,0.14652652603684135,8117,80609,88726,0.09148389423618782,Georgia,Carroll County,121595,-0.00031246402806495155,817,6.71902627575147,13
13045,Carroll County,GA,"Atlanta-Sandy Springs-Alpharetta, GA",2022,1514.3230287039103,12,7.3227237723381675,0.11063841722721257,8135,85530,93665,0.08685207921849143,Georgia,Carroll County,124530,0.023850800467426936,817,6.560668112101501,13
13051,Chatham County,GA,"Savannah, GA",2019,1127.0934863282105,12,7.0273974620885875,0.04301631429209252,15726,188096,203822,0.07715555729999705,Georgia,Chatham County,290185,0.0014276947572646748,1754,6.044419939004428,13
13051,Chatham County,GA,"Savannah, GA",2020,1175.062015159682,12,7.0690762040448085,0.04167874195622101,17506,190061,207567,0.08433903269787586,Georgia,Chatham County,289463,-0.002491168341439476,1754,6.059496377775398,13
13051,Chatham County,GA,"Savannah, GA",2021,1327.293860849025,11,7.190897457328779,0.12182125328397042,18555,183931,202486,0.09163596495560186,Georgia,Chatham County,295690,0.02128412594568907,1754,5.931888126077987,13
13051,Chatham County,GA,"Savannah, GA",2022,1576.028598474901,12,7.362663416493603,0.17176595916482373,18799,191247,210046,0.08949944297915695,Georgia,Chatham County,301025,0.017881709550536584,1754,5.826758574869197,13
13057,Cherokee County,GA,"Atlanta-Sandy Springs-Alpharetta, GA",2019,1407.9180637718912,12,7.249867341680862,0.05039178746931139,17820,200225,218045,0.08172624916874957,Georgia,Cherokee County,259475,0.020236134870675215,2394,9.226322381732343,13
13057,Cherokee County,GA,"Atlanta-Sandy Springs-Alpharetta, GA",2020,1469.0919188340902,12,7.292399746601665,0.042532404920802236,20214,205360,225574,0.08961139138375877,Georgia,Cherokee County,265274,0.022102895228213626,2394,9.024631136108326,13
13057,Cherokee County,GA,"Atlanta-Sandy Springs-Alpharetta, GA",2021,1692.3804854173297,12,7.433891388064076,0.14149164146241144,20232,199149,219381,0.09222311868393343,Georgia,Cherokee County,274732,0.035032822954290666,2394,8.713946682585211,13
13057,Cherokee County,GA,"Atlanta-Sandy Springs-Alpharetta, GA",2022,1889.8965598668663,12,7.544277376326763,0.11038598826268675,19710,211747,231457,0.08515620612035929,Georgia,Cherokee County,281194,0.02324874554841294,2394,8.51369517130522,13
13059,Clarke County,GA,"Athens-Clarke County, GA",2019,1069.299134498882,12,6.974758698353214,0.07327834160579538,6690,67390,74080,0.09030777537796976,Georgia,Clarke County,128238,0.00829236948490042,635,4.9517303763315095,13
13059,Clarke County,GA,"Athens-Clarke County, GA",2020,1148.758987707018,12,7.046437497540938,0.07167879918772435,7131,67593,74724,0.09543118676730368,Georgia,Clarke County,127795,-0.003460494874316211,635,4.968895496693924,13
13059,Clarke County,GA,"Athens-Clarke County, GA",2021,1273.64229293302,12,7.149636021929641,0.10319852438870303,7193,65163,72356,0.09941124440267565,Georgia,Clarke County,129206,0.010980612351284336,635,4.914632447409563,13
13059,Clarke County,GA,"Athens-Clarke County, GA",2022,1436.0727911625536,12,7.269667438548083,0.12003141661844197,6888,68097,74985,0.09185837167433487,Georgia,Clarke County,129726,0.0040165039397717095,635,4.894932395973051,13
13063,Clayton County,GA,"Atlanta-Sandy Springs-Alpharetta, GA",2019,976.1188296943459,12,6.883584330737961,0.07384699876172363,26007,188763,214770,0.1210923313311915,Georgia,Clayton County,292404,0.010917645790197383,954,3.2626092666310993,13
13063,Clayton County,GA,"Atlanta-Sandy Springs-Alpharetta, GA",2020,1069.4889571133915,12,6.974936203189483,0.09135187245152121,26597,190904,217501,0.12228449524370003,Georgia,Clayton County,292646,0.0008272797668631426,954,3.2599112921413584,13
13063,Clayton County,GA,"Atlanta-Sandy Springs-Alpharetta, GA",2021,1261.878017795854,12,7.140356380581512,0.1654201773920292,24530,185060,209590,0.1170380266234076,Georgia,Clayton County,299210,0.022181980562217873,954,3.18839610975569,13
13063,Clayton County,GA,"Atlanta-Sandy Springs-Alpharetta, GA",2022,1429.8914303916854,12,7.265353797568654,0.12499741698714217,22505,191485,213990,0.10516846581615963,Georgia,Clayton County,298399,-0.002714150884139954,954,3.197061652351382,13
13067,Cobb County,GA,"Atlanta-Sandy Springs-Alpharetta, GA",2019,1257.902537993812,12,7.137200960486334,0.049969786420846596,48414,556427,604841,0.08004417689938348,Georgia,Cobb County,761060,0.005173266848268909,2494,3.2770083830447008,13
13067,Cobb County,GA,"Atlanta-Sandy Springs-Alpharetta, GA",2020,1313.6165357525063,12,7.180539326737468,0.04333836625113374,50358,558188,608546,0.08275134500925156,Georgia,Cobb County,762944,0.0024724357150383014,2494,3.268916198305511,13
13067,Cobb County,GA,"Atlanta-Sandy Springs-Alpharetta, GA",2021,1518.9440043340671,12,7.325770638410087,0.14523131167261916,50771,531929,582700,0.08713059893598764,Georgia,Cobb County,766662,0.004861392178547419,2494,3.2530632795156142,13
13067,Cobb County,GA,"Atlanta-Sandy Springs-Alpharetta, GA",2022,1687.525672457228,12,7.43101863593895,0.10524799752886338,48376,553157,601533,0.0804211905248756,Georgia,Cobb County,771840,0.006731248384626909,2494,3.2312396351575456,13
13073,Columbia County,GA,"Augusta-Richmond County, GA-SC",2019,1167.7533786839415,12,7.062836992706177,0.03919967687317971,12298,116780,129078,0.09527572475557415,Georgia,Columbia County,157129,0.017526963138957186,1402,8.922604993349413,13
13073,Columbia County,GA,"Augusta-Richmond County, GA-SC",2020,1247.9206307208153,12,7.129233949728153,0.06639695702197645,14465,120139,134604,0.10746337404534784,Georgia,Columbia County,160377,0.020460169604948675,1402,8.741901893663057,13
13073,Columbia County,GA,"Augusta-Richmond County, GA-SC",2021,1374.9616320157002,12,7.226181105722766,0.0969471559946129,13393,117084,130477,0.10264644343447504,Georgia,Columbia County,159662,-0.004468212871408639,1402,8.781049968057522,13
13073,Columbia County,GA,"Augusta-Richmond County, GA-SC",2022,1519.5893822034752,12,7.3261954340578646,0.10001432833509849,13179,122045,135224,0.09746050996864462,Georgia,Columbia County,162471,0.01744044354691532,1402,8.629232293763195,13
13077,Coweta County,GA,"Atlanta-Sandy Springs-Alpharetta, GA",2019,1238.3206629308918,12,7.121511436612474,0.04851952855788433,9211,110567,119778,0.0769005994423016,Georgia,Coweta County,148504,0.016573858421578436,1014,6.828098906426763,13
13077,Coweta County,GA,"Atlanta-Sandy Springs-Alpharetta, GA",2020,1299.1574869002475,12,7.169471246350659,0.04795980973818459,10419,112948,123367,0.08445532435740515,Georgia,Coweta County,150849,0.015667442574418544,1014,6.721953741821292,13
13077,Coweta County,GA,"Atlanta-Sandy Springs-Alpharetta, GA",2021,1527.5619640822686,12,7.331428255906959,0.16195700955629988,10884,110057,120941,0.08999429473875692,Georgia,Coweta County,149973,-0.005824058587029057,1014,6.761217019063431,13
13077,Coweta County,GA,"Atlanta-Sandy Springs-Alpharetta, GA",2022,1721.379379613053,12,7.450881213296789,0.11945295738983042,10797,115029,125826,0.08580897429783987,Georgia,Coweta County,152879,0.019191480938342664,1014,6.632696446209094,13
13089,Dekalb County,GA,"Atlanta-Sandy Springs-Alpharetta, GA",2019,1262.004385003896,12,7.140456517741632,0.06609212266664954,54248,503584,557832,0.09724791693556482,Georgia,DeKalb County,759932,0.005830643277734637,2225,2.9278935483701174,13
13089,Dekalb County,GA,"Atlanta-Sandy Springs-Alpharetta, GA",2020,1327.9544773106406,12,7.191395050315283,0.05093853257365044,55228,506057,561285,0.09839564570583571,Georgia,DeKalb County,762009,0.002729411047361907,2225,2.9199130194000333,13
13089,Dekalb County,GA,"Atlanta-Sandy Springs-Alpharetta, GA",2021,1512.9592448569003,12,7.321822776781077,0.13042772646579426,53979,481262,535241,0.10084989752279815,Georgia,DeKalb County,759113,-0.003807720221029598,2225,2.931052425659948,13
13089,Dekalb County,GA,"Atlanta-Sandy Springs-Alpharetta, GA",2022,1697.0888573298841,12,7.4366696252835,0.114846848502423,52561,495301,547862,0.09593839324501426,Georgia,DeKalb County,761779,0.0035058409546913083,2225,2.920794613660917,13
13095,Dougherty County,GA,"Albany, GA",2019,557.5600776582395,12,6.323570260143977,0.04594078453983386,3961,54971,58932,0.06721305911898459,Georgia,Dougherty County,87854,-0.015731460895789695,165,1.8781159651239556,13
13095,Dougherty County,GA,"Albany, GA",2020,599.806674681034,12,6.396607394430774,0.07303713428679703,4065,54510,58575,0.06939820742637644,Georgia,Dougherty County,86477,-0.015797863126156386,165,1.9080217861396673,13
13095,Dougherty County,GA,"Albany, GA",2021,672.2547331246386,12,6.510637335845108,0.11402994141433442,3928,52572,56500,0.06952212389380531,Georgia,Dougherty County,82235,-0.050297480434245756,165,2.006444944366754,13
13095,Dougherty County,GA,"Albany, GA",2022,754.3435313129911,12,6.625847876069348,0.11521054022423982,3723,54627,58350,0.06380462724935733,Georgia,Dougherty County,82895,0.007993744498195454,165,1.9904698715242173,13
13097,Douglas County,GA,"Atlanta-Sandy Springs-Alpharetta, GA",2019,1216.119324637131,12,7.103420186525225,0.05565477262092955,12224,98949,111173,0.10995475520135285,Georgia,Douglas County,146680,0.009728103025102186,747,5.092718843741478,13
13097,Douglas County,GA,"Atlanta-Sandy Springs-Alpharetta, GA",2020,1304.8147297215512,12,7.173816340116132,0.07039615359090678,13285,101070,114355,0.1161733199247956,Georgia,Douglas County,147988,0.008877846192660854,747,5.047706570803038,13
13097,Douglas County,GA,"Atlanta-Sandy Springs-Alpharetta, GA",2021,1493.4856416074188,12,7.308868023687901,0.13505168357176878,13148,96324,109472,0.1201037708272435,Georgia,Douglas County,145748,-0.015252086386261965,747,5.125284738041002,13
13097,Douglas County,GA,"Atlanta-Sandy Springs-Alpharetta, GA",2022,1651.3572893016017,12,7.409352828321751,0.10048480463385001,12590,100045,112635,0.11177697873662716,Georgia,Douglas County,147453,0.011630377924745972,747,5.066021037211858,13
13113,Fayette County,GA,"Atlanta-Sandy Springs-Alpharetta, GA",2019,1519.1915236385223,12,7.325933579992333,0.033298818074873004,8779,92559,101338,0.086630878841106,Georgia,Fayette County,114645,0.011510009601654048,564,4.919534214313751,13
13113,Fayette County,GA,"Atlanta-Sandy Springs-Alpharetta, GA",2020,1585.8038299315006,12,7.368846705976951,0.04291312598461783,9834,93920,103754,0.09478188792721244,Georgia,Fayette County,115821,0.010205498484790354,564,4.869583236200689,13
13113,Fayette County,GA,"Atlanta-Sandy Springs-Alpharetta, GA",2021,1850.1128041976065,12,7.523001891455405,0.1541551854784542,9640,89464,99104,0.09727155311591863,Georgia,Fayette County,120715,0.04138649959637064,564,4.672161703185188,13
13113,Fayette County,GA,"Atlanta-Sandy Springs-Alpharetta, GA",2022,2021.1941706884072,12,7.611443789329094,0.08844189787368872,9219,93388,102607,0.08984767121151578,Georgia,Fayette County,121981,0.01043289945584469,564,4.623670899566326,13
13117,Forsyth County,GA,"Atlanta-Sandy Springs-Alpharetta, GA",2019,1546.5096163651576,12,7.343755810253323,0.04110229769462759,18657,198059,216716,0.08608962882297569,Georgia,Forsyth County,244624,0.03027076011684393,2485,10.158447249656616,13
13117,Forsyth County,GA,"Atlanta-Sandy Springs-Alpharetta, GA",2020,1600.702658054606,12,7.378197973108908,0.03444216285558532,21029,204886,225915,0.09308368191576478,Georgia,Forsyth County,250847,0.02512085370224071,2485,9.906436991472889,13
13117,Forsyth County,GA,"Atlanta-Sandy Springs-Alpharetta, GA",2021,1818.6749245014507,12,7.505863451443185,0.12766547833427655,21794,200210,222004,0.09816940235311075,Georgia,Forsyth County,260783,0.03884545235834658,2485,9.52899537163082,13
13117,Forsyth County,GA,"Atlanta-Sandy Springs-Alpharetta, GA",2022,2057.551257256947,12,7.629271844637974,0.12340839319478913,20400,212337,232737,0.08765258639580299,Georgia,Forsyth County,267312,0.024727871636576637,2485,9.296253067576464,13
13121,Fulton County,GA,"Atlanta-Sandy Springs-Alpharetta, GA",2019,1415.5153257688582,12,7.2552489315995645,0.05875467225965636,79403,733895,813298,0.09763088068580028,Georgia,Fulton County,1065019,0.012759706975401741,4289,4.0271582009335045,13
13121,Fulton County,GA,"Atlanta-Sandy Springs-Alpharetta, GA",2020,1454.3403169803316,12,7.282307686401567,0.027058754802002483,83320,740585,823905,0.10112816404803952,Georgia,Fulton County,1077402,0.011559948205508874,4289,3.9808725062697117,13
13121,Fulton County,GA,"Atlanta-Sandy Springs-Alpharetta, GA",2021,1624.0650588602805,12,7.392687580793765,0.11037989439219764,81724,698594,780318,0.10473166068192712,Georgia,Fulton County,1062451,-0.013974084477421655,4289,4.036892054315917,13
13121,Fulton County,GA,"Atlanta-Sandy Springs-Alpharetta, GA",2022,1812.2889912206947,12,7.502345961314796,0.10965838052103116,78983,723753,802736,0.09839224851009547,Georgia,Fulton County,1073698,0.010530261632588633,4289,3.994605559477619,13
13135,Gwinnett County,GA,"Atlanta-Sandy Springs-Alpharetta, GA",2019,1302.5877535637019,12,7.1721081445355575,0.04776766594642545,55748,705993,761741,0.07318498019668103,Georgia,Gwinnett County,937399,0.009999702724137194,4551,4.854923037041857,13
13135,Gwinnett County,GA,"Atlanta-Sandy Springs-Alpharetta, GA",2020,1366.1250560717247,12,7.219733585041196,0.04762544050563822,59512,713538,773050,0.07698337753056077,Georgia,Gwinnett County,942627,0.005561639547499553,4551,4.827996651910035,13
13135,Gwinnett County,GA,"Atlanta-Sandy Springs-Alpharetta, GA",2021,1586.8233882384177,12,7.369489427779359,0.14975584273816356,59081,681588,740669,0.07976707544125648,Georgia,Gwinnett County,965338,0.023807640824877296,4551,4.714410910996977,13
13135,Gwinnett County,GA,"Atlanta-Sandy Springs-Alpharetta, GA",2022,1757.5130411048751,12,7.471655043916109,0.1021656161367499,56900,715410,772310,0.07367507866012353,Georgia,Gwinnett County,976173,0.01116152572384621,4551,4.662083462664917,13
13139,Hall County,GA,"Gainesville, GA",2019,1189.248456023263,12,7.081076837033863,0.059056947367307266,11125,155292,166417,0.06685014151198496,Georgia,Hall County,204310,0.014365329137678629,1706,8.35005628701483,13
13139,Hall County,GA,"Gainesville, GA",2020,1242.5952633119114,12,7.1249574257053085,0.04388058867144551,12924,157994,170918,0.07561520729238583,Georgia,Hall County,206591,0.01110254504544983,1706,8.257862152755928,13
13139,Hall County,GA,"Gainesville, GA",2021,1445.9890187695803,12,7.2765488084779655,0.15159138277265694,13900,150966,164866,0.08431089490859243,Georgia,Hall County,207080,0.002364198736529488,1706,8.238361985706007,13
13139,Hall County,GA,"Gainesville, GA",2022,1614.7018370211574,12,7.386905597572664,0.11035678909469837,13972,160447,174419,0.08010595175984268,Georgia,Hall County,212621,0.026406046042112052,1706,8.023666524002804,13
13151,Henry County,GA,"Atlanta-Sandy Springs-Alpharetta, GA",2019,1240.7943470448497,12,7.1235070559564395,0.0627926976075921,20158,167585,187743,0.10737018157800823,Georgia,Henry County,234671,0.020657550722535944,1867,7.955818997660555,13
13151,Henry County,GA,"Atlanta-Sandy Springs-Alpharetta, GA",2020,1345.4871508548015,12,7.204511420403637,0.08100436444719783,21838,171685,193523,0.11284446809939903,Georgia,Henry County,239139,0.018860439603244572,1867,7.807174906644253,13
13151,Henry County,GA,"Atlanta-Sandy Springs-Alpharetta, GA",2021,1580.2122097477238,12,7.36531442696915,0.16080300656551305,21374,165892,187266,0.1141371097796717,Georgia,Henry County,245085,0.024560116319120695,1867,7.617765265112103,13
13151,Henry County,GA,"Atlanta-Sandy Springs-Alpharetta, GA",2022,1735.9329450654968,12,7.459300268359943,0.09398584139079258,21679,172660,194339,0.1115524933235223,Georgia,Henry County,248472,0.013725073981026625,1867,7.513925110273995,13
13153,Houston County,GA,"Warner Robins, GA",2019,1003.5119202592506,12,6.911261046849699,0.04621297728674545,10336,117415,127751,0.0809073901574156,Georgia,Houston County,157427,0.015510935718669572,1219,7.743271484561098,13
13153,Houston County,GA,"Warner Robins, GA",2020,1070.267663063698,12,6.975664048569038,0.06440300171933888,11517,120661,132178,0.08713250313970555,Georgia,Houston County,160110,0.016899220257414527,1219,7.613515707950784,13
13153,Houston County,GA,"Warner Robins, GA",2021,1187.0138169978043,12,7.079196034809658,0.1035319862406201,10780,118370,129150,0.08346883468834689,Georgia,Houston County,167228,0.04349707173092199,1219,7.289449135312268,13
13153,Houston County,GA,"Warner Robins, GA",2022,1359.6210045694693,12,7.214961266782847,0.13576523197318924,11255,123338,134593,0.08362247665183183,Georgia,Houston County,169775,0.015115880254970904,1219,7.180091297305257,13
13179,Liberty County,GA,"Hinesville, GA",2019,991.7095151842638,12,6.89943023696733,0.03185337501203023,8599,40840,49439,0.17393151155969983,Georgia,Liberty County,62813,0.031142371187920403,421,6.7024342094789295,13
13179,Liberty County,GA,"Hinesville, GA",2020,1039.9161705912259,12,6.9468953836859,0.047465146718570494,9639,41562,51201,0.1882580418351204,Georgia,Liberty County,63004,0.003036158018771218,421,6.682115421243096,13
13179,Liberty County,GA,"Hinesville, GA",2021,1216.8073254439885,12,7.103985761180075,0.15709037749417476,9487,40888,50375,0.18832754342431762,Georgia,Liberty County,66800,0.05850486410311184,421,6.302395209580839,13
13179,Liberty County,GA,"Hinesville, GA",2022,1424.6713165649824,12,7.261696411055668,0.15771064987559313,9040,43174,52214,0.17313364231815223,Georgia,Liberty County,67919,0.016612738148335637,421,6.198560049470693,13
13185,Lowndes County,GA,"Valdosta, GA",2021,988.3545309809975,11,6.896041470406561,0.09337953773690177,7127,74517,81644,0.08729361618734996,Georgia,Lowndes County,118916,0.005464125845415779,1276,10.730263379192033,13
13185,Lowndes County,GA,"Valdosta, GA",2022,1139.644409894868,12,7.03847157158617,0.14243010117960875,7464,78165,85629,0.08716673089724275,Georgia,Lowndes County,119499,0.004890641629376802,1276,10.67791362270814,13
13215,Muscogee County,GA,"Columbus, GA-AL",2019,797.5087530253022,12,6.681492810179084,0.04777008675663108,13103,132190,145293,0.09018328481069288,Georgia,Muscogee County,196074,0.00876973932854952,1342,6.844354682415823,13
13215,Muscogee County,GA,"Columbus, GA-AL",2020,866.7624521533562,12,6.7647649509498,0.08327214077071599,13543,133060,146603,0.09237873713361937,Georgia,Muscogee County,196442,0.0018750833485619012,1342,6.831532971564125,13
13215,Muscogee County,GA,"Columbus, GA-AL",2021,972.4950619144997,12,6.8798649977568305,0.11510004680703023,12194,128023,140217,0.08696520393390245,Georgia,Muscogee County,205060,0.04293539689690995,1342,6.544426021652199,13
13215,Muscogee County,GA,"Columbus, GA-AL",2022,1071.2034121043012,12,6.976537979682104,0.0966729819252734,11824,131081,142905,0.08274028200552815,Georgia,Muscogee County,202432,-0.012898591558760941,1342,6.629386658235852,13
13217,Newton County,GA,"Atlanta-Sandy Springs-Alpharetta, GA",2019,1192.1701944349647,12,7.083530617999366,0.06007352704953561,8900,76617,85517,0.10407287439924226,Georgia,Newton County,111894,0.021116160524044858,857,7.659034443312421,13
13217,Newton County,GA,"Atlanta-Sandy Springs-Alpharetta, GA",2020,1301.6297395316687,12,7.17137240408547,0.08784178608610382,10099,77934,88033,0.11471834425726717,Georgia,Newton County,113295,0.012443041856156967,857,7.564323226973829,13
13217,Newton County,GA,"Atlanta-Sandy Springs-Alpharetta, GA",2021,1514.8695460050594,12,7.3230846059884565,0.15171220190298662,10266,76429,86695,0.11841513351404348,Georgia,Newton County,115341,0.0178979217352353,857,7.430141926981732,13
13217,Newton County,GA,"Atlanta-Sandy Springs-Alpharetta, GA",2022,1693.3782028183623,12,7.4344807492807385,0.11139614329228209,9723,80123,89846,0.10821850722347127,Georgia,Newton County,117752,0.02068775972152892,857,7.278008016848971,13
13223,Paulding County,GA,"Atlanta-Sandy Springs-Alpharetta, GA",2021,1732.416930748305,12,7.457272782294509,0.13534467370186665,16114,122936,139050,0.1158863718087019,Georgia,Paulding County,173989,0.0036274899572230623,1893,10.879998160803268,13
13223,Paulding County,GA,"Atlanta-Sandy Springs-Alpharetta, GA",2022,1898.0438761756095,12,7.548579095960428,0.09130631366591935,15426,128541,143967,0.10714955510637854,Georgia,Paulding County,178753,0.02701288582470518,1893,10.590032055406063,13
13245,Richmond County,GA,"Augusta-Richmond County, GA-SC",2019,909.0096793772586,12,6.812355742500608,0.04297532414702587,11616,128889,140505,0.08267321447635316,Georgia,Richmond County,202639,0.0030247189860048707,644,3.1780654266947628,13
13245,Richmond County,GA,"Augusta-Richmond County, GA-SC",2020,973.2077327299077,12,6.880597556551771,0.06824181405116292,12601,129586,142187,0.08862272922278408,Georgia,Richmond County,202079,-0.0027673607666898192,644,3.1868724607702927,13
13245,Richmond County,GA,"Augusta-Richmond County, GA-SC",2021,1098.5049797352567,12,7.001705425028097,0.12110786847632582,12652,125938,138590,0.09129085792625731,Georgia,Richmond County,205274,0.015686962014459738,644,3.137270185215858,13
13245,Richmond County,GA,"Augusta-Richmond County, GA-SC",2022,1200.2570551367528,12,7.090291025449806,0.08858560042170982,12309,129333,141642,0.08690219002838141,Georgia,Richmond County,206344,0.0051990068954452795,644,3.1210018221998217,13
13247,Rockdale County,GA,"Atlanta-Sandy Springs-Alpharetta, GA",2019,1126.7134937070741,12,7.02706026140716,0.0709931054926285,8094,60292,68386,0.11835755856461849,Georgia,Rockdale County,90639,0.0026181929550208594,269,2.9678173854521788,13
13247,Rockdale County,GA,"Atlanta-Sandy Springs-Alpharetta, GA",2020,1220.9579702516828,12,7.107391051119946,0.08033078971278673,8666,60723,69389,0.12489011226563287,Georgia,Rockdale County,90939,0.0033043680729072378,269,2.95802680917978,13
13247,Rockdale County,GA,"Atlanta-Sandy Springs-Alpharetta, GA",2021,1432.7512833644603,12,7.267351849166543,0.15996079804659669,8672,57800,66472,0.13046094596220964,Georgia,Rockdale County,93888,0.031913630445382424,269,2.8651158827539196,13
13247,Rockdale County,GA,"Atlanta-Sandy Springs-Alpharetta, GA",2022,1591.3900704180166,12,7.372363171397776,0.105011322231233,8305,59848,68153,0.12185817205405484,Georgia,Rockdale County,94945,0.011195194056863755,269,2.8332192321870555,13
15003,Honolulu County,HI,"Urban Honolulu, HI",2019,2144.21211888135,12,7.670527453342251,0.024299859628336584,36658,767929,804587,0.04556126310765647,Hawaii,Honolulu County,973491,-0.007761348754721453,1621,1.665141228835192,15
15003,Honolulu County,HI,"Urban Honolulu, HI",2020,2157.2243720750384,12,7.676577661412897,0.006050208070646157,38742,786322,825064,0.04695635732500751,Hawaii,Honolulu County,963826,-0.009977799383699804,1621,1.6818388381305338,15
15003,Honolulu County,HI,"Urban Honolulu, HI",2021,2308.7957005078188,12,7.74448132579846,0.06790366438556283,35689,734861,770550,0.04631626760106417,Hawaii,Honolulu County,1004163,0.040998857278328416,1621,1.6142797533866513,15
15003,Honolulu County,HI,"Urban Honolulu, HI",2022,2467.1858923451578,12,7.810833465269473,0.0663521394710136,36663,743950,780613,0.04696693496008906,Hawaii,Honolulu County,994828,-0.009339779777626234,1621,1.6294273985050682,15
15009,Maui County,HI,"Kahului-Wailuku-Lahaina, HI",2022,3026.748922895959,12,8.015244359726205,0.1380741610024474,4974,127037,132011,0.03767867829196052,Hawaii,Maui County,164359,-0.0026613536348865097,526,3.2003115132119326,15
16001,Ada County,ID,"Boise City, ID",2019,1239.4681266985874,12,7.122437636500477,0.07167730690813823,28763,369858,398621,0.07215625870187471,Idaho,Ada County,481880,0.02674912727861134,6060,12.575744998754876,16
16001,Ada County,ID,"Boise City, ID",2020,1323.0582870724481,12,7.187701219888589,0.06526358338811189,34280,388358,422638,0.08110960207080291,Idaho,Ada County,494399,0.02564776308906147,6060,12.257306345684357,16
16001,Ada County,ID,"Boise City, ID",2021,1587.860768443821,12,7.3701429606608215,0.18244174077223274,32531,376829,409360,0.07946794997068594,Idaho,Ada County,513025,0.03698169343911317,6060,11.812289849422543,16
16001,Ada County,ID,"Boise City, ID",2022,1722.9371830957446,12,7.451785777996665,0.08164281733584389,29519,394506,424025,0.06961617829137433,Idaho,Ada County,519004,0.011587013338456131,6060,11.676210587972347,16
16019,Bonneville County,ID,"Idaho Falls, ID",2019,909.1067600566461,12,6.812462535088116,0.07048484475606287,7668,95774,103442,0.07412849712882581,Idaho,Bonneville County,119286,0.022251677795106062,880,7.3772278389752355,16
16019,Bonneville County,ID,"Idaho Falls, ID",2020,988.1638201184136,12,6.895848493839387,0.08338595875127108,9076,104510,113586,0.07990421354744423,Idaho,Bonneville County,122134,0.02359483162999787,880,7.205200844973554,16
16019,Bonneville County,ID,"Idaho Falls, ID",2021,1173.8751603269818,12,7.068065657704031,0.17221716386464347,8319,97327,105646,0.0787441076803665,Idaho,Bonneville County,128064,0.04741133632901651,880,6.871564217891054,16
16019,Bonneville County,ID,"Idaho Falls, ID",2022,1320.1406837882134,12,7.185493588528753,0.11742793082472236,7928,101463,109391,0.07247396952217276,Idaho,Bonneville County,129543,0.011482733395187239,880,6.793111167720371,16
16027,Canyon County,ID,"Boise City, ID",2019,1052.8014058066553,12,6.959209895872835,0.08214452257495708,15803,166702,182505,0.08658940850935591,Idaho,Canyon County,230270,0.029760585746075208,3395,14.74356190558909,16
16027,Canyon County,ID,"Boise City, ID",2020,1127.3607000145694,12,7.027634516085274,0.068424620212439,19126,179874,199000,0.0961105527638191,Idaho,Canyon County,237053,0.029031211356418396,3395,14.321691773569624,16
16027,Canyon County,ID,"Boise City, ID",2021,1342.9057285898516,12,7.2025909994130535,0.17495648332777947,19386,174946,194332,0.09975711668690694,Idaho,Canyon County,243710,0.027695249021608248,3395,13.930491157523285,16
16027,Canyon County,ID,"Boise City, ID",2022,1497.349814895245,12,7.311452034406077,0.10886103499302369,17781,186059,203840,0.08723018053375196,Idaho,Canyon County,250892,0.029043573803246403,3395,13.531718827224463,16
16055,Kootenai County,ID,"Coeur d'Alene, ID",2019,1136.3911696622538,12,7.03561287950128,0.06606838851630936,10786,129497,140283,0.07688743468559982,Idaho,Kootenai County,165656,0.026777564570767964,2929,17.68121891147921,16
16055,Kootenai County,ID,"Coeur d'Alene, ID",2020,1235.974000843786,12,7.119614602880368,0.08400172337908796,14251,136887,151138,0.09429130992867446,Idaho,Kootenai County,170628,0.029572399164514707,2929,17.1659985465457,16
16055,Kootenai County,ID,"Coeur d'Alene, ID",2021,1548.9371463925524,12,7.3453242627004816,0.22570965982011337,13708,133296,147004,0.0932491632880738,Idaho,Kootenai County,180058,0.05379327300776282,2929,16.266980639571695,16
16055,Kootenai County,ID,"Coeur d'Alene, ID",2022,1692.7047811898954,12,7.4340829907848445,0.08875872808436291,11884,140681,152565,0.07789466784649166,Idaho,Kootenai County,183290,0.017790576773755618,2929,15.980140760543403,16
16065,Madison County,ID,"Rexburg, ID",2022,1087.169192530434,12,6.991332525910828,0.15209264339901463,4108,27026,31134,0.1319457827455515,Idaho,Madison County,54958,0.015882956538952442,648,11.790822082317407,16
17019,Champaign County,IL,"Champaign-Urbana, IL",2019,969.1637292791202,12,6.87643356488172,0.03778070896678987,6893,136329,143222,0.04812808088142883,Illinois,Champaign County,209612,-0.002829799562592328,1509,7.199015323550179,17
17019,Champaign County,IL,"Champaign-Urbana, IL",2020,987.7803078174794,12,6.895460312513481,0.019026747631761154,7806,137535,145341,0.05370817594484695,Illinois,Champaign County,209192,-0.0020057121746734907,1509,7.213468966308462,17
17019,Champaign County,IL,"Champaign-Urbana, IL",2021,1031.196446301362,12,6.938475005441152,0.04301469292767113,7695,132761,140456,0.05478584040553625,Illinois,Champaign County,206605,-0.012443732793816054,1509,7.3037922605938865,17
17019,Champaign County,IL,"Champaign-Urbana, IL",2022,1130.4039794287726,12,7.030330351736355,0.09185534629520298,7598,133979,141577,0.05366690917310015,Illinois,Champaign County,206169,-0.0021125369434553676,1509,7.319238100781398,17
17031,Cook County,IL,"Chicago-Naperville-Elgin, IL-IN-WI",2019,1651.6344680367938,12,7.409520663276366,0.02709902166576761,116742,4065373,4182115,0.02791458388877398,Illinois,Cook County,5145326,-0.004978717349967354,5579,1.0842850384990184,17
17031,Cook County,IL,"Chicago-Naperville-Elgin, IL-IN-WI",2020,1655.7518825878162,12,7.412010494364482,0.00248983108811629,114715,4053549,4168264,0.027521049530452008,Illinois,Cook County,5108284,-0.007225194081527775,5579,1.0921475783257155,17
17031,Cook County,IL,"Chicago-Naperville-Elgin, IL-IN-WI",2021,1692.7783589278395,12,7.434126457395021,0.0221159630305392,107740,3766014,3873754,0.02781281413326711,Illinois,Cook County,5180919,0.014118917977937073,5579,1.076835982187716,17
17031,Cook County,IL,"Chicago-Naperville-Elgin, IL-IN-WI",2022,1851.1740060565314,12,7.523575314668685,0.08944885727366358,114360,3811801,3926161,0.029127689873135614,Illinois,Cook County,5111566,-0.013476638470345748,5579,1.0914463395366507,17
17037,DeKalb County,IL,"Chicago-Naperville-Elgin, IL-IN-WI",2019,839.133177785592,12,6.732369427822143,0.030843690192384976,5048,75487,80535,0.06268082200285591,Illinois,DeKalb County,105131,0.005187930650960126,152,1.445815221009978,17
17037,DeKalb County,IL,"Chicago-Naperville-Elgin, IL-IN-WI",2020,887.0211926058699,12,6.787868874477226,0.055499446655082885,5274,75914,81188,0.0649603389663497,Illinois,DeKalb County,104491,-0.0061062482811902186,152,1.4546707371926768,17
17037,DeKalb County,IL,"Chicago-Naperville-Elgin, IL-IN-WI",2021,920.758873208802,12,6.825198192214718,0.03732931773749204,5084,72728,77812,0.06533696602066519,Illinois,DeKalb County,100482,-0.039122336313635486,152,1.5127087438546207,17
17037,DeKalb County,IL,"Chicago-Naperville-Elgin, IL-IN-WI",2022,1003.9859329587788,12,6.911733289156287,0.08653509694156902,5031,74130,79161,0.0635540228142646,Illinois,DeKalb County,100223,-0.0025809037519533007,152,1.5166179419893637,17
17043,DuPage County,IL,"Chicago-Naperville-Elgin, IL-IN-WI",2019,1453.7173035605458,12,7.281879212478,0.023928955158904586,43087,796352,839439,0.05132832760927238,Illinois,DuPage County,922761,-0.00545455210072987,1671,1.8108697701788439,17
17043,DuPage County,IL,"Chicago-Naperville-Elgin, IL-IN-WI",2020,1490.6466560890578,12,7.30696530216509,0.025086089687090585,47294,791816,839110,0.05636209793710002,Illinois,DuPage County,917481,-0.005738391460266001,1671,1.821291122104981,17
17043,DuPage County,IL,"Chicago-Naperville-Elgin, IL-IN-WI",2021,1592.6286331114873,12,7.373141158508573,0.06617585634348266,46458,739114,785572,0.05913907318488948,Illinois,DuPage County,926848,0.010157711058864649,1671,1.8028846153846154,17
17043,DuPage County,IL,"Chicago-Naperville-Elgin, IL-IN-WI",2022,1753.9717664749935,12,7.469638076152059,0.09649691764348578,45215,758706,803921,0.056243088562184594,Illinois,DuPage County,921664,-0.005608850351384476,1671,1.813025137143254,17
17089,Kane County,IL,"Chicago-Naperville-Elgin, IL-IN-WI",2019,1434.9859397551425,12,7.26891033006568,0.029529068411722648,24150,437648,461798,0.05229559244518166,Illinois,Kane County,532293,-0.0010233483910653263,1272,2.389661333137952,17
17089,Kane County,IL,"Chicago-Naperville-Elgin, IL-IN-WI",2020,1473.081606709078,12,7.295111816631392,0.02620148656571253,26817,436165,462982,0.05792233823345184,Illinois,Kane County,531010,-0.002413236156865395,1272,2.395435114216305,17
17089,Kane County,IL,"Chicago-Naperville-Elgin, IL-IN-WI",2021,1583.0430369791713,12,7.367104246485029,0.07199242985363696,25676,408147,433823,0.0591854281584886,Illinois,Kane County,516292,-0.028108356558094627,1272,2.463722079753318,17
17089,Kane County,IL,"Chicago-Naperville-Elgin, IL-IN-WI",2022,1743.3514440418203,12,7.463564656888612,0.09646041040358266,24840,421058,445898,0.055707807615194505,Illinois,Kane County,514139,-0.0041788399865669845,1272,2.4740391217161117,17
17091,Kankakee County,IL,"Kankakee, IL",2022,1071.5220288934197,12,6.9768353736322295,0.07695991046733486,3483,81310,84793,0.041076503956694536,Illinois,Kankakee County,105998,-0.005710188937431582,93,0.8773750448121662,17
17093,Kendall County,IL,"Chicago-Naperville-Elgin, IL-IN-WI",2019,1652.9055513543979,12,7.410289958471965,0.02946715779192033,9289,108263,117552,0.07902034844154077,Illinois,Kendall County,128900,0.00964293047168141,559,4.336695112490302,17
17093,Kendall County,IL,"Chicago-Naperville-Elgin, IL-IN-WI",2020,1705.311853436863,12,7.441503278234054,0.031213319762089853,10874,110974,121848,0.08924233471210032,Illinois,Kendall County,130638,0.013393229353095393,559,4.278999984690519,17
17093,Kendall County,IL,"Chicago-Naperville-Elgin, IL-IN-WI",2021,1849.4812822373042,12,7.522660490776476,0.08115721254242114,10540,106525,117065,0.09003545039080853,Illinois,Kendall County,135015,0.03295574407892232,559,4.140280709550791,17
17093,Kendall County,IL,"Chicago-Naperville-Elgin, IL-IN-WI",2022,2009.6670890615233,12,7.605724360002824,0.08306386922634879,9985,111917,121902,0.08191005889977195,Illinois,Kendall County,137494,0.01819439641373677,559,4.065631954848938,17
17097,Lake County,IL,"Chicago-Naperville-Elgin, IL-IN-WI",2019,1422.219926288962,12,7.259974258242113,0.023162622000610256,27539,600164,627703,0.043872659522098824,Illinois,Lake County,697134,-0.004752479091763462,780,1.1188666741257778,17
17097,Lake County,IL,"Chicago-Naperville-Elgin, IL-IN-WI",2020,1460.96061277838,12,7.286849452303368,0.026875194061255492,31060,595842,626902,0.0495452239744011,Illinois,Lake County,693593,-0.00509231164993551,780,1.1245788236040446,17
17097,Lake County,IL,"Chicago-Naperville-Elgin, IL-IN-WI",2021,1560.1160970227338,12,7.352515518642884,0.06566606633951544,31583,559934,591517,0.05339322453961594,Illinois,Lake County,712570,0.026992819787853506,780,1.0946292995775853,17
17097,Lake County,IL,"Chicago-Naperville-Elgin, IL-IN-WI",2022,1729.5038870475773,12,7.455589875872574,0.1030743572296906,29584,574575,604159,0.048967242067071745,Illinois,Lake County,709899,-0.003755446535812723,780,1.0987478500462742,17
17111,McHenry County,IL,"Chicago-Naperville-Elgin, IL-IN-WI",2019,1424.0328448023556,12,7.261248156876118,0.030922337499645458,13685,266637,280322,0.04881885831294012,Illinois,McHenry County,307439,-0.002293757828471854,585,1.9028164936784207,17
17111,McHenry County,IL,"Chicago-Naperville-Elgin, IL-IN-WI",2020,1474.5469680985268,12,7.296106081324501,0.034857924448383315,15739,266151,281890,0.05583383589343361,Illinois,McHenry County,305888,-0.005057671702759947,585,1.9124646929595146,17
17111,McHenry County,IL,"Chicago-Naperville-Elgin, IL-IN-WI",2021,1586.6002209176488,12,7.369348780107556,0.073242698783055,15955,252866,268821,0.059351761953121224,Illinois,McHenry County,311543,0.01831834855281933,585,1.8777504228950739,17
17111,McHenry County,IL,"Chicago-Naperville-Elgin, IL-IN-WI",2022,1720.4613116114426,12,7.450347738272379,0.08099895816482316,15037,260304,275341,0.054612280771842915,Illinois,McHenry County,311558,4.814628769089779e-05,585,1.8776600183593424,17
17113,McLean County,IL,"Bloomington, IL",2019,860.2451785984239,11,6.7572174400102405,0.03021303113671081,5865,129244,135109,0.043409395377065924,Illinois,McLean County,171272,-0.0063787901074157105,265,1.547246485123079,17
17113,McLean County,IL,"Bloomington, IL",2020,906.8516523390157,12,6.809978878126078,0.05276143811583722,6403,130191,136594,0.04687614390090341,Illinois,McLean County,171256,-9.34230194999941e-05,265,1.547391040313916,17
17113,McLean County,IL,"Bloomington, IL",2021,986.723771401037,12,6.8943901333951905,0.08441125526911275,6329,125258,131587,0.04809745643566614,Illinois,McLean County,171109,-0.0008587326919133886,265,1.548720406290727,17
17113,McLean County,IL,"Bloomington, IL",2022,1147.595403491,12,7.0454240787759055,0.15103394538071502,6213,126920,133133,0.04666761809618952,Illinois,McLean County,170918,-0.0011168710064080045,265,1.5504510935068279,17
17119,Madison County,IL,"St. Louis, MO-IL",2019,790.1828759744807,12,6.672264407247013,0.022366078303454273,8910,206914,215824,0.04128363852027578,Illinois,Madison County,263609,-0.0033024703839306113,442,1.6767257567078513,17
17119,Madison County,IL,"St. Louis, MO-IL",2020,815.6760896295204,12,6.704017327175573,0.03175291992856,9487,207615,217102,0.04369835376919605,Illinois,Madison County,262635,-0.0037017091394808688,442,1.682944009747368,17
17119,Madison County,IL,"St. Louis, MO-IL",2021,858.9563558721667,12,6.755718112628484,0.05170078545291101,9512,200381,209893,0.04531832886280152,Illinois,Madison County,264867,0.008462577660047543,442,1.6687620579385125,17
17119,Madison County,IL,"St. Louis, MO-IL",2022,941.8550635653652,12,6.847851402404641,0.09213328977615642,9306,203144,212450,0.04380324782301718,Illinois,Madison County,263572,-0.0049012377677915,442,1.6769611339596013,17
17143,Peoria County,IL,"Peoria, IL",2019,717.7377269765233,12,6.576104219553723,0.034818019693411806,6562,141362,147924,0.04436061761445066,Illinois,Peoria County,179359,-0.007852716593935938,60,0.33452461264837563,17
17143,Peoria County,IL,"Peoria, IL",2020,749.5820848778249,12,6.619515831062605,0.04341161150888251,7201,142601,149802,0.048070119224042404,Illinois,Peoria County,177652,-0.0095628034337647,60,0.33773895030734247,17
17143,Peoria County,IL,"Peoria, IL",2021,797.7574196648729,12,6.681804565854522,0.06228873479191677,7040,135386,142426,0.04942917725696151,Illinois,Peoria County,179638,0.01111713428427663,60,0.33400505460982644,17
17143,Peoria County,IL,"Peoria, IL",2022,881.6610324160192,12,6.781807665149451,0.10000309929492879,7193,136002,143195,0.05023220084500157,Illinois,Peoria County,178000,-0.009160164487608924,60,0.33707865168539325,17
17161,Rock Island County,IL,"Davenport-Moline-Rock Island, IA-IL",2022,898.389692921502,12,6.800603930653058,0.07825291400436818,4962,108203,113165,0.04384747934432024,Illinois,Rock Island County,141559,-0.009589432389070396,113,0.7982537316595907,17
17163,Saint Clair County,IL,"St. Louis, MO-IL",2019,880.4344044429281,12,6.780415427083831,0.03525532891317251,10628,197309,207937,0.051111634773994045,Illinois,St. Clair County,259889,-0.006680497310341593,561,2.158613869767478,17
17163,Saint Clair County,IL,"St. Louis, MO-IL",2020,915.0957681619674,12,6.819028724456446,0.03861329737261521,11965,197999,209964,0.05698595949781867,Illinois,St. Clair County,258046,-0.007116753178328494,561,2.1740309867232974,17
17163,Saint Clair County,IL,"St. Louis, MO-IL",2021,990.3312549515898,12,6.89803948812342,0.07901076366697346,11219,189080,200299,0.05601126316157345,Illinois,St. Clair County,254958,-0.012039037892103366,561,2.200362412632669,17
17163,Saint Clair County,IL,"St. Louis, MO-IL",2022,1083.9649714042826,12,6.988380867274785,0.09034137915136498,11054,190393,201447,0.05487299388921155,Illinois,St. Clair County,252265,-0.010618703428162846,561,2.223851901769964,17
17167,Sangamon County,IL,"Springfield, IL",2019,772.8257094231088,12,6.6500535502319895,0.029207057396196667,5731,158833,164564,0.034825356700128825,Illinois,Sangamon County,194882,-0.004709697354188691,322,1.652281893658727,17
17167,Sangamon County,IL,"Springfield, IL",2020,796.8703541692339,12,6.680691998267658,0.03063844803566873,6366,159555,165921,0.03836765689695699,Illinois,Sangamon County,193882,-0.005144520611510828,322,1.6608039941820283,17
17167,Sangamon County,IL,"Springfield, IL",2021,846.6562703209025,12,6.741294792120543,0.06060279385288503,6081,153571,159652,0.03808909377896926,Illinois,Sangamon County,195371,0.007650588500419886,322,1.6481463472060849,17
17167,Sangamon County,IL,"Springfield, IL",2022,926.0897805348351,12,6.83097118516753,0.08967639304698682,5943,155516,161459,0.036808106082658755,Illinois,Sangamon County,194151,-0.006264108262438839,322,1.6585029178319968,17
17197,Will County,IL,"Chicago-Naperville-Elgin, IL-IN-WI",2019,1503.4097128521,12,7.315490949313227,0.029647324342157333,31543,586083,617626,0.05107136033780961,Illinois,Will County,690176,-0.001097667928126711,1775,2.571807770771513,17
17197,Will County,IL,"Chicago-Naperville-Elgin, IL-IN-WI",2020,1557.2227051202674,12,7.350659196364826,0.035168247051599266,35571,587333,622904,0.05710510768914632,Illinois,Will County,688726,-0.002103123404653573,1775,2.577222291593464,17
17197,Will County,IL,"Chicago-Naperville-Elgin, IL-IN-WI",2021,1692.8302428393706,12,7.434157107075855,0.08349791071102874,35055,554863,589918,0.05942351309843063,Illinois,Will County,699176,0.015058984684449328,1775,2.5387027014657253,17
17197,Will County,IL,"Chicago-Naperville-Elgin, IL-IN-WI",2022,1840.1080519140698,12,7.517579572745195,0.08342246566934008,33688,570757,604445,0.0557337723035181,Illinois,Will County,698046,-0.0016174956397296825,1775,2.5428123648011733,17
17201,Winnebago County,IL,"Rockford, IL",2019,765.251124710082,12,6.640204047553396,0.045443591313889975,8978,223680,232658,0.038588829956416715,Illinois,Winnebago County,282465,-0.003967831539966937,149,0.5274989821747827,17
17201,Winnebago County,IL,"Rockford, IL",2020,808.98606058513,12,6.6957816864837545,0.05557763893035883,9713,224988,234701,0.04138457015521877,Illinois,Winnebago County,281295,-0.004150708385719071,149,0.5296930268934747,17
17201,Winnebago County,IL,"Rockford, IL",2021,884.4569905357312,12,6.784973886680692,0.08919220019693785,9782,214690,224472,0.04357781816885848,Illinois,Winnebago County,283333,0.007218943624977214,149,0.5258829716270255,17
17201,Winnebago County,IL,"Rockford, IL",2022,963.3132831080017,12,6.870378678839069,0.08540479215837671,9682,217915,227597,0.0425401037799268,Illinois,Winnebago County,281542,-0.006341247184067811,149,0.5292283211741055,17
18003,Allen County,IN,"Fort Wayne, IN",2019,784.3057275106236,12,6.664798902895798,0.041555496376731504,12509,307448,319957,0.0390958785086746,Indiana,Allen County,379006,0.010423363988717682,1694,4.469586233463323,18
18003,Allen County,IN,"Fort Wayne, IN",2020,820.70373764362,12,6.7101621888395275,0.04536328594372918,13750,319541,333291,0.04125523941540576,Indiana,Allen County,382187,0.008357981530574321,1694,4.432385193635576,18
18003,Allen County,IN,"Fort Wayne, IN",2021,913.4157878646846,12,6.817191185323092,0.10702899648356468,13009,305569,318578,0.04083458368123348,Indiana,Allen County,389163,0.018088261366759895,1694,4.352931804924928,18
18003,Allen County,IN,"Fort Wayne, IN",2022,1036.8833452795986,12,6.943974709403795,0.12678352408070293,12752,314962,327714,0.03891197812726951,Indiana,Allen County,391644,0.006354984906041139,1694,4.325356701494214,18
18005,Bartholomew County,IN,"Columbus, IN",2020,965.1486147399897,12,6.872282094393353,0.019760517130397837,4153,67946,72099,0.057601353694226,Indiana,Bartholomew County,84447,0.004557600910272797,169,2.001255225170817,18
18005,Bartholomew County,IN,"Columbus, IN",2021,1024.9709500221709,12,6.932419549729098,0.060137455335745216,4146,64798,68944,0.06013576235785565,Indiana,Bartholomew County,82729,-0.020553913028694026,169,2.042814490686458,18
18005,Bartholomew County,IN,"Columbus, IN",2022,1145.3061107511198,12,7.04342722589203,0.11100767616293172,4171,66018,70189,0.05942526606733249,Indiana,Bartholomew County,83394,0.008006158715238243,169,2.0265246900256613,18
18011,Boone County,IN,"Indianapolis-Carmel-Anderson, IN",2020,1362.7687403557368,12,7.217273747716088,0.02294683305888423,5777,59656,65433,0.0882887839469381,Indiana,Boone County,69347,0.0208659637186841,692,9.978802255324672,18
18011,Boone County,IN,"Indianapolis-Carmel-Anderson, IN",2021,1512.3495688883952,12,7.321419726372478,0.10414597865639053,5511,58115,63626,0.08661553452990915,Indiana,Boone County,73080,0.05243184451666849,692,9.469074986316366,18
18011,Boone County,IN,"Indianapolis-Carmel-Anderson, IN",2022,1665.2951624086772,12,7.417757661423164,0.09633793505068589,5821,60760,66581,0.08742734413721633,Indiana,Boone County,74309,0.01667734343001115,692,9.31246551561722,18
18035,Delaware County,IN,"Muncie, IN",2019,614.261457535376,12,6.42042066411357,0.060404313054863934,3864,75339,79203,0.04878603083216545,Indiana,Delaware County,113769,-0.0030629239302406575,171,1.5030456451230125,18
18035,Delaware County,IN,"Muncie, IN",2020,638.8126371096106,12,6.459611198721282,0.03919053460771149,4160,76189,80349,0.051774135334602796,Indiana,Delaware County,113454,-0.002772608422501932,171,1.5072187847056957,18
18035,Delaware County,IN,"Muncie, IN",2021,707.3645906904136,12,6.561546219949451,0.10193502122816955,4168,73967,78135,0.05334357202278108,Indiana,Delaware County,112057,-0.012389798020837617,171,1.52600908466227,18
18035,Delaware County,IN,"Muncie, IN",2022,774.5945685732062,12,6.6523397551443795,0.09079353519492805,4290,75544,79834,0.05373650324423178,Indiana,Delaware County,112163,0.0009455000258373758,171,1.5245669249217657,18
18057,Hamilton County,IN,"Indianapolis-Carmel-Anderson, IN",2019,1258.048738395318,12,7.137317179272478,0.03219712350446535,21697,288426,310123,0.06996256324103663,Indiana,Hamilton County,337955,0.021897702623084214,3807,11.264813362725807,18
18057,Hamilton County,IN,"Indianapolis-Carmel-Anderson, IN",2020,1304.7777974022003,12,7.173788035069294,0.03647085579681608,24704,297489,322193,0.07667453979447102,Indiana,Hamilton County,344238,0.018420528088450183,3807,11.059209035609085,18
18057,Hamilton County,IN,"Indianapolis-Carmel-Anderson, IN",2021,1433.681870689926,12,7.268001149051205,0.0942131139819109,24107,289016,313123,0.07698891489925684,Indiana,Hamilton County,357620,0.038137691533659535,3807,10.64537777529221,18
18057,Hamilton County,IN,"Indianapolis-Carmel-Anderson, IN",2022,1596.2541173106674,12,7.375414986707975,0.10741383765676993,22953,302195,325148,0.0705924686604254,Indiana,Hamilton County,365463,0.021694072728402958,3807,10.416923190582905,18
18059,Hancock County,IN,"Indianapolis-Carmel-Anderson, IN",2020,1256.1967457145222,12,7.135843979437815,0.03507886772743252,6357,65740,72097,0.08817287820575058,Indiana,Hancock County,79553,0.01767825281893387,761,9.565949744195693,18
18059,Hancock County,IN,"Indianapolis-Carmel-Anderson, IN",2021,1358.4746840487076,12,7.214117793469141,0.07827381403132616,6547,63738,70285,0.09314932062317706,Indiana,Hancock County,81891,0.028965628507327423,761,9.29284048308117,18
18059,Hancock County,IN,"Indianapolis-Carmel-Anderson, IN",2022,1496.157262060958,12,7.310655274708025,0.09653748123888395,6919,66438,73357,0.09431956050547323,Indiana,Hancock County,83117,0.014860159032316744,761,9.155768374700724,18
18063,Hendricks County,IN,"Indianapolis-Carmel-Anderson, IN",2019,1243.2825833619365,12,7.125510405465323,0.03612490742506136,11987,139456,151443,0.0791518921310328,Indiana,Hendricks County,169924,0.018801621913405953,1371,8.068312892822675,18
18063,Hendricks County,IN,"Indianapolis-Carmel-Anderson, IN",2020,1310.2048766182459,12,7.1779387983319465,0.0524283928666236,13680,144298,157978,0.08659433592019142,Indiana,Hendricks County,173251,0.019390131792984988,1371,7.913374237378139,18
18063,Hendricks County,IN,"Indianapolis-Carmel-Anderson, IN",2021,1444.1124086104448,12,7.275250161721075,0.09731136338912894,13484,140298,153782,0.0876825636290333,Indiana,Hendricks County,179800,0.037103711978392795,1371,7.625139043381535,18
18063,Hendricks County,IN,"Indianapolis-Carmel-Anderson, IN",2022,1581.9825797415042,12,7.366434136725571,0.09118397500449582,12831,146928,159759,0.08031472405310498,Indiana,Hendricks County,183119,0.01829109269192486,1371,7.486934725506365,18
18067,Howard County,IN,"Kokomo, IN",2019,603.7565737144432,12,6.403171093047372,0.030966529895647632,3354,65668,69022,0.04859320216742488,Indiana,Howard County,82660,0.0038909375811808644,162,1.959835470602468,18
18067,Howard County,IN,"Kokomo, IN",2020,635.5924805722364,12,6.4545576041524235,0.05138651110505155,3523,66325,69848,0.05043809414729126,Indiana,Howard County,82732,0.0008706588534916904,162,1.9581298651066095,18
18067,Howard County,IN,"Kokomo, IN",2021,676.7053460451098,12,6.517235943377078,0.0626783392246546,3684,64320,68004,0.054173283924475034,Indiana,Howard County,83650,0.01103495949575617,162,1.936640765092648,18
18067,Howard County,IN,"Kokomo, IN",2022,759.1030033448914,12,6.632137477469765,0.11490153409268711,3681,65719,69400,0.05304034582132565,Indiana,Howard County,83546,-0.001244049061138952,162,1.9390515404687239,18
18081,Johnson County,IN,"Indianapolis-Carmel-Anderson, IN",2019,1129.4953786581082,12,7.0295262444062026,0.029451403705796686,10970,126728,137698,0.07966709756132986,Indiana,Johnson County,158332,0.012910458918822698,1114,7.035848722936614,18
18081,Johnson County,IN,"Indianapolis-Carmel-Anderson, IN",2020,1194.343273011565,12,7.085351750967464,0.05582550656126184,12182,130485,142667,0.08538765096343233,Indiana,Johnson County,160607,0.01426629283478853,1114,6.936185844950718,18
18081,Johnson County,IN,"Indianapolis-Carmel-Anderson, IN",2021,1310.3396234260892,12,7.178041637118283,0.09268988615081852,11553,126551,138104,0.08365434744829983,Indiana,Johnson County,164394,0.02330559849247571,1114,6.776403031740818,18
18081,Johnson County,IN,"Indianapolis-Carmel-Anderson, IN",2022,1425.6618822943028,12,7.262391463668882,0.08434982655059908,11823,130915,142738,0.08283008028695932,Indiana,Johnson County,165686,0.007828445215080748,1114,6.723561435486402,18
18089,Lake County,IN,"Chicago-Naperville-Elgin, IL-IN-WI",2019,917.5049851125665,12,6.821658013279159,0.040533612937227126,18962,376213,395175,0.047983804643512366,Indiana,Lake County,486244,0.002730751046680524,1512,3.109549937891264,18
18089,Lake County,IN,"Chicago-Naperville-Elgin, IL-IN-WI",2020,962.2499138669763,12,6.869274202651746,0.047616189372586604,20749,382423,403172,0.0514643874078557,Indiana,Lake County,487536,0.0026535783403502933,1512,3.1013094417643003,18
18089,Lake County,IN,"Chicago-Naperville-Elgin, IL-IN-WI",2021,1075.4178957333568,12,6.980464605238938,0.1111904025871917,19132,363509,382641,0.04999986932921459,Indiana,Lake County,499257,0.0237568593639228,1512,3.0285003515223625,18
18089,Lake County,IN,"Chicago-Naperville-Elgin, IL-IN-WI",2022,1165.9680944364911,12,7.061307003274043,0.08084239803510496,19485,372058,391543,0.04976464909345844,Indiana,Lake County,499657,0.0008008697873478354,1512,3.0260758880592085,18
18095,Madison County,IN,"Indianapolis-Carmel-Anderson, IN",2019,651.0277828554349,12,6.478552318495212,0.04591654761228359,5132,95639,100771,0.05092735013049389,Indiana,Madison County,129416,-0.0007183547668176971,274,2.1172034369784263,18
18095,Madison County,IN,"Indianapolis-Carmel-Anderson, IN",2020,694.8251603947929,12,6.5436602461390345,0.06510792764382245,5946,97444,103390,0.05751039752393849,Indiana,Madison County,129681,0.002045566659623077,274,2.1128769827499787,18
18095,Madison County,IN,"Indianapolis-Carmel-Anderson, IN",2021,769.8891883100663,12,6.646246593205879,0.10258634706684422,6372,94192,100564,0.06336263474006602,Indiana,Madison County,130841,0.00890525687661281,274,2.0941448017058875,18
18095,Madison County,IN,"Indianapolis-Carmel-Anderson, IN",2022,852.2393111236689,12,6.747867368990015,0.10162077578413609,6734,96384,103118,0.0653038266839931,Indiana,Madison County,131383,0.00413387616579719,274,2.0855057351407718,18
18097,Marion County,IN,"Indianapolis-Carmel-Anderson, IN",2019,916.8110091199229,12,6.820901354090736,0.042842640242708896,39520,705781,745301,0.05302555611759544,Indiana,Marion County,963829,0.004637073948094539,2344,2.4319666662862396,18
18097,Marion County,IN,"Indianapolis-Carmel-Anderson, IN",2020,977.4726034916156,12,6.884970264348202,0.06406891025746564,41923,714718,756641,0.05540672525015166,Indiana,Marion County,966183,0.0024393642809350524,2344,2.426041443494659,18
18097,Marion County,IN,"Indianapolis-Carmel-Anderson, IN",2021,1065.9648768642799,12,6.971635655650404,0.08666539130220219,41297,682837,724134,0.05702950006490511,Indiana,Marion County,971543,0.005532272024723284,2344,2.4126569796704826,18
18097,Marion County,IN,"Indianapolis-Carmel-Anderson, IN",2022,1185.1701609325648,12,7.077641638984036,0.10600598333363198,40947,696043,736990,0.055559776930487526,Indiana,Marion County,969223,-0.0023908097164611064,2344,2.418432084257183,18
18105,Monroe County,IN,"Bloomington, IN",2019,1032.7893574310228,12,6.940018534900547,0.05323892689835574,5658,84972,90630,0.06242965905329361,Indiana,Monroe County,148178,0.0051896499628387716,619,4.177408252237174,18
18105,Monroe County,IN,"Bloomington, IN",2020,1075.051843108744,12,6.980124165546589,0.04010563064604167,5804,85772,91576,0.0633790512798113,Indiana,Monroe County,148219,0.0002766559733160534,619,4.176252707142809,18
18105,Monroe County,IN,"Bloomington, IN",2021,1149.6731486165195,12,7.0472329623652055,0.06710879681861659,5836,82817,88653,0.06582969555457796,Indiana,Monroe County,140176,-0.05579213384860715,619,4.4158771829699806,18
18105,Monroe County,IN,"Bloomington, IN",2022,1280.1919496159703,12,7.1547653063081675,0.10753234394296207,6020,84519,90539,0.06649068357282498,Indiana,Monroe County,139621,-0.003967167109736991,619,4.433430501142378,18
18127,Porter County,IN,"Chicago-Naperville-Elgin, IL-IN-WI",2019,987.7039793392391,12,6.895383036800609,0.03247445701335927,8283,138654,146937,0.05637109781743196,Indiana,Porter County,170599,0.005595965767760447,580,3.3997854618139614,18
18127,Porter County,IN,"Chicago-Naperville-Elgin, IL-IN-WI",2020,1047.0219689729743,12,6.9537051934326115,0.05832215663200291,9703,140831,150534,0.06445719903809106,Indiana,Porter County,170980,0.002230817222400816,580,3.392209615159668,18
18127,Porter County,IN,"Chicago-Naperville-Elgin, IL-IN-WI",2021,1140.3032044451163,12,7.039049474836612,0.08534428140400063,9007,135366,144373,0.062387011421803244,Indiana,Porter County,174551,0.02067037195402044,580,3.322811098189068,18
18127,Porter County,IN,"Chicago-Naperville-Elgin, IL-IN-WI",2022,1250.508914616826,12,7.131305879134188,0.09225640429757576,8105,138633,146738,0.05523449958429309,Indiana,Porter County,174848,0.0017000625161074367,580,3.3171669106881407,18
18141,Saint Joseph County,IN,"South Bend-Mishawaka, IN-MI",2019,828.1125342281198,12,6.719149056053736,0.04255979218456041,9802,206872,216674,0.04523846885182348,Indiana,St. Joseph County,271695,0.0027052145286479146,286,1.0526509505143635,18
18141,Saint Joseph County,IN,"South Bend-Mishawaka, IN-MI",2020,880.6589241122366,12,6.780670404678584,0.06152134862484804,10651,211365,222016,0.047974019890458346,Indiana,St. Joseph County,271484,-0.0007769078355863712,286,1.053469081050817,18
18141,Saint Joseph County,IN,"South Bend-Mishawaka, IN-MI",2021,1006.555706011978,12,6.914289589809578,0.13361918513099447,10632,200458,211090,0.05036714197735563,Indiana,St. Joseph County,272286,0.002949778698823735,286,1.05036615911211,18
18141,Saint Joseph County,IN,"South Bend-Mishawaka, IN-MI",2022,1125.6266440776521,12,7.026095176520072,0.1118055867104939,10159,204861,215020,0.04724676774253558,Indiana,St. Joseph County,272282,-1.4690543697071234e-05,286,1.05038158967541,18
18157,Tippecanoe County,IN,"Lafayette-West Lafayette, IN",2019,881.783900933766,12,6.781947015707693,0.04623699939133896,7207,123884,131091,0.05497707699231831,Indiana,Tippecanoe County,194881,0.006052732678396566,1317,6.75797024851063,18
18157,Tippecanoe County,IN,"Lafayette-West Lafayette, IN",2020,915.4728955174245,12,6.81944075746922,0.03749374176152731,8014,127363,135377,0.05919764804952097,Indiana,Tippecanoe County,196115,0.006312105991638006,1317,6.715447569028376,18
18157,Tippecanoe County,IN,"Lafayette-West Lafayette, IN",2021,971.0208191226301,12,6.878347908970463,0.05890715150124315,7770,122039,129809,0.05985717477216526,Indiana,Tippecanoe County,187423,-0.04533312746574403,1317,7.026885707730641,18
18157,Tippecanoe County,IN,"Lafayette-West Lafayette, IN",2022,1081.620076194864,12,6.986215266687131,0.10786735771666756,7674,124760,132434,0.0579458447226543,Indiana,Tippecanoe County,188237,0.0043337127933877895,1317,6.996499094226959,18
18163,Vanderburgh County,IN,"Evansville, IN-KY",2019,642.9717032900944,12,6.466100715944377,0.03902902659415197,6842,133828,140670,0.04863865785170968,Indiana,Vanderburgh County,181561,0.0021834671753797608,675,3.7177587697798535,18
18163,Vanderburgh County,IN,"Evansville, IN-KY",2020,674.0051982086711,12,6.513237823358339,0.047137107413962376,7608,135939,143547,0.053000062697235055,Indiana,Vanderburgh County,182447,0.00486803449201112,675,3.699704571738642,18
18163,Vanderburgh County,IN,"Evansville, IN-KY",2021,732.5711736009474,12,6.596560501496503,0.08332267813816419,7115,132305,139420,0.05103285038014632,Indiana,Vanderburgh County,180165,-0.012586622211649967,675,3.746565648155857,18
18163,Vanderburgh County,IN,"Evansville, IN-KY",2022,789.7878624532513,12,6.671764380860635,0.07520387936413186,7146,135229,142375,0.05019139596136962,Indiana,Vanderburgh County,179563,-0.0033469763931606167,675,3.7591263233516927,18
18167,Vigo County,IN,"Terre Haute, IN",2022,800.819189641445,12,6.685635190802618,0.09722130780760718,3900,73416,77316,0.050442340524600345,Indiana,Vigo County,106082,-0.00032045542645064984,58,0.5467468562055768,18
19013,Black Hawk County,IA,"Waterloo-Cedar Falls, IA",2019,847.9997862194342,12,6.742880383692148,0.023984705577636767,4093,96096,100189,0.04085278823024484,Iowa,Black Hawk County,131089,-0.0051739077138783784,268,2.0444125746630153,19
19013,Black Hawk County,IA,"Waterloo-Cedar Falls, IA",2020,865.8015719684057,12,6.763655750631556,0.02077536693940818,3988,97917,101905,0.039134488003532704,Iowa,Black Hawk County,130786,-0.002314082178239474,268,2.049148991482269,19
19013,Black Hawk County,IA,"Waterloo-Cedar Falls, IA",2021,911.5777869199893,12,6.815176929939926,0.05152117930837008,4069,94451,98520,0.04130125862768981,Iowa,Black Hawk County,130576,-0.001606966928559217,268,2.0524445533635585,19
19013,Black Hawk County,IA,"Waterloo-Cedar Falls, IA",2022,958.6645123607826,12,6.865541182980577,0.05036425304065073,4144,95849,99993,0.041442901003070215,Iowa,Black Hawk County,130052,-0.004021062249977447,268,2.0607141758681142,19
19049,Dallas County,IA,"Des Moines-West Des Moines, IA",2019,1253.8931702385798,12,7.134008526366585,0.018263303841737688,8616,78276,86892,0.09915757492059107,Iowa,Dallas County,93631,0.03956296607383791,1155,12.335658061966656,19
19049,Dallas County,IA,"Des Moines-West Des Moines, IA",2020,1275.0291288424924,12,7.150724303482532,0.016715777115947184,9600,81968,91568,0.10484011881880133,Iowa,Dallas County,96963,0.03496793720515079,1155,11.91176015593577,19
19049,Dallas County,IA,"Des Moines-West Des Moines, IA",2021,1320.5471595986903,12,7.185801444540363,0.03507714105783144,10012,81770,91782,0.10908456995925127,Iowa,Dallas County,104174,0.07173311559397,1155,11.087219459750035,19
19049,Dallas County,IA,"Des Moines-West Des Moines, IA",2022,1414.8815878543692,12,7.254801123080534,0.06899967854017053,9213,85950,95163,0.09681283692191293,Iowa,Dallas County,108146,0.03741958801664502,1155,10.680006657666487,19
19103,Johnson County,IA,"Iowa City, IA",2019,1040.607200060733,12,6.9475596679757725,0.013431309073670405,6501,104527,111028,0.05855279749252441,Iowa,Johnson County,152480,0.009733735738656435,956,6.269674711437565,19
19103,Johnson County,IA,"Iowa City, IA",2020,1052.649329035137,12,6.959065435810896,0.011505767835123137,7459,106785,114244,0.06529008087952103,Iowa,Johnson County,153740,0.0082294240150933,956,6.218290620528164,19
19103,Johnson County,IA,"Iowa City, IA",2021,1094.0460274794682,12,6.997638054747234,0.03857261893633801,6952,104050,111002,0.06262950217113206,Iowa,Johnson County,155035,0.008388033959434438,956,6.166349533976199,19
19103,Johnson County,IA,"Iowa City, IA",2022,1148.3842782552583,12,7.046111258023678,0.04847320327644411,7121,106524,113645,0.06266003783712439,Iowa,Johnson County,156915,0.012053359583413581,956,6.092470445782748,19
19113,Linn County,IA,"Cedar Rapids, IA",2019,846.0772934425833,12,6.74061071884015,0.03002438346923153,7853,180974,188827,0.04158833217707213,Iowa,Linn County,227241,0.005210677550349985,606,2.6667722814104846,19
19113,Linn County,IA,"Cedar Rapids, IA",2020,876.4306433716571,12,6.775857572162145,0.03524685332199429,8285,184103,192388,0.0430640164667235,Iowa,Linn County,227854,0.002693944652122582,606,2.659597812634406,19
19113,Linn County,IA,"Cedar Rapids, IA",2021,913.6610120644069,12,6.817459618703894,0.04160204654174926,7228,177255,184483,0.039179761820872384,Iowa,Linn County,229445,0.006958276398432162,606,2.641155832552464,19
19113,Linn County,IA,"Cedar Rapids, IA",2022,960.5806108387915,12,6.867537904599358,0.050078285895463814,7826,179067,186893,0.04187422749915727,Iowa,Linn County,228940,-0.0022033888731591844,606,2.6469817419411203,19
19153,Polk County,IA,"Des Moines-West Des Moines, IA",2019,984.7588269996896,12,6.892396765506896,0.021442088035615647,18779,387906,406685,0.046175787157136355,Iowa,Polk County,491031,0.009841952530608822,4580,9.32731334681517,19
19153,Polk County,IA,"Des Moines-West Des Moines, IA",2020,1006.2899612303112,12,6.914025540968144,0.021628775461247862,21151,396389,417540,0.05065622455333621,Iowa,Polk County,494281,0.006596919121008682,4580,9.265984328752268,19
19153,Polk County,IA,"Des Moines-West Des Moines, IA",2021,1046.3748396115852,12,6.953086935700156,0.039061394732012644,24286,383960,408246,0.05948864165233707,Iowa,Polk County,497842,0.007178576229147637,4580,9.199705930797322,19
19153,Polk County,IA,"Des Moines-West Des Moines, IA",2022,1117.1322185350077,12,7.018520161388194,0.06543322568803767,20842,390564,411406,0.05066041817571936,Iowa,Polk County,501184,0.006690541520605109,4580,9.138360362661219,19
19163,Scott County,IA,"Davenport-Moline-Rock Island, IA-IL",2019,783.3846985365908,12,6.663623888920209,0.020669436570344146,6682,137138,143820,0.04646085384508413,Iowa,Scott County,173400,0.0021996492895652864,439,2.5317185697808537,19
19163,Scott County,IA,"Davenport-Moline-Rock Island, IA-IL",2020,805.1283092262346,12,6.691001655060421,0.027377766140212145,7502,138864,146366,0.05125507289944386,Iowa,Scott County,173216,-0.001061693731873703,439,2.5344079068908183,19
19163,Scott County,IA,"Davenport-Moline-Rock Island, IA-IL",2021,851.3610805273483,12,6.746836340025214,0.05583468496479327,7358,133601,140959,0.052199575763165175,Iowa,Scott County,174225,0.005808196710015423,439,2.5197302338929544,19
19163,Scott County,IA,"Davenport-Moline-Rock Island, IA-IL",2022,906.6379105260412,12,6.809743153787387,0.06290681376217311,7157,135570,142727,0.05014468180512447,Iowa,Scott County,173751,-0.0027243275005606193,439,2.5266041634292753,19
19169,Story County,IA,"Ames, IA",2019,818.7418526101578,12,6.707768835889456,0.01453469183863998,4061,58981,63042,0.06441737254528727,Iowa,Story County,97441,0.007127070695542415,220,2.2577765006516763,19
19169,Story County,IA,"Ames, IA",2020,833.7639790332404,12,6.725950363545938,0.018181527656482288,4768,60204,64972,0.07338545835128979,Iowa,Story County,98237,0.008135859838565906,220,2.239482068874253,19
19169,Story County,IA,"Ames, IA",2021,863.4889169154061,12,6.760981062432453,0.03503069888651478,4396,58212,62608,0.07021466905187836,Iowa,Story County,99679,0.014572096412821978,220,2.20708474202189,19
19169,Story County,IA,"Ames, IA",2022,900.1496439237552,12,6.80256102052921,0.041579958096757075,4681,59390,64071,0.07305957453450079,Iowa,Story County,98257,-0.014368527855317836,220,2.2390262271390333,19
20045,Douglas County,KS,"Lawrence, KS",2019,874.8568156379346,12,6.774060233696316,0.02633511826445556,5813,77514,83327,0.06976130185894128,Kansas,Douglas County,122269,0.007734155697487921,414,3.385976821598279,20
20045,Douglas County,KS,"Lawrence, KS",2020,915.0128231516505,12,6.818938079550709,0.04487784585439325,6268,79112,85380,0.07341297727805107,Kansas,Douglas County,122530,0.002132362459786208,414,3.378764384232433,20
20045,Douglas County,KS,"Lawrence, KS",2021,960.916560692514,12,6.867887579698674,0.04894950014796429,5714,76664,82378,0.06936317948966957,Kansas,Douglas County,119493,-0.025098105711370167,414,3.4646380959554115,20
20045,Douglas County,KS,"Lawrence, KS",2022,1037.22123354488,12,6.944300525441926,0.07641294574325208,5956,78611,84567,0.07042936369978833,Kansas,Douglas County,120007,0.004292282164071182,414,3.4497987617388985,20
20061,Geary County,KS,"Manhattan, KS",2019,853.4408465749899,12,6.749276232949229,0.008329687607937508,6099,25449,31548,0.19332445796880943,Kansas,Geary County,31992,-0.03096108202473502,16,0.5001250312578145,20
20061,Geary County,KS,"Manhattan, KS",2020,888.1449308358143,12,6.789134940075494,0.039858707126264825,6517,26517,33034,0.19728158866622267,Kansas,Geary County,32218,0.007039431031255816,16,0.4966167980631945,20
20061,Geary County,KS,"Manhattan, KS",2021,937.5412619531517,12,6.8432607696260614,0.05412582955056777,6234,24994,31228,0.19962853849109774,Kansas,Geary County,36116,0.11421067786946004,16,0.44301694539816144,20
20061,Geary County,KS,"Manhattan, KS",2022,995.0245451645882,12,6.902767405361454,0.059506635735392166,5867,25229,31096,0.18867378440957036,Kansas,Geary County,35529,-0.01638671603776487,16,0.45033634495764024,20
20091,Johnson County,KS,"Kansas City, MO-KS",2019,1219.8767586471429,12,7.106505115122348,0.030227432295705903,28443,500528,528971,0.053770433539834885,Kansas,Johnson County,602948,0.00649423701709928,3080,5.108234872659002,20
20091,Johnson County,KS,"Kansas City, MO-KS",2020,1265.1267222042513,12,7.142927571799909,0.03642245667756061,30119,508891,539010,0.0558783696035324,Kansas,Johnson County,607220,0.007060206095918176,3080,5.072296696419749,20
20091,Johnson County,KS,"Kansas City, MO-KS",2021,1340.1393370211138,12,7.200528870390692,0.05760129859078322,29785,488575,518360,0.0574600663631453,Kansas,Johnson County,614889,0.012550600096366438,3080,5.009034150879264,20
20091,Johnson County,KS,"Kansas City, MO-KS",2022,1490.0191110876847,12,7.306544225090595,0.10601535469990253,28571,503609,532180,0.05368672253748732,Kansas,Johnson County,619091,0.006810509476299131,3080,4.975035980170928,20
20103,Leavenworth County,KS,"Kansas City, MO-KS",2020,891.1297119269584,12,6.792489997039982,0.02894960101767996,7748,58191,65939,0.11750254022657304,Kansas,Leavenworth County,82246,0.004081464269516388,356,4.32847798069207,20
20103,Leavenworth County,KS,"Kansas City, MO-KS",2021,948.1773064398168,12,6.854541516876209,0.06205151983622681,7104,56653,63757,0.11142305942876861,Kansas,Leavenworth County,82398,0.0018464085321490131,356,4.320493215854754,20
20103,Leavenworth County,KS,"Kansas City, MO-KS",2022,1028.5570652444214,12,6.935912191505629,0.08137067462942049,6948,57943,64891,0.10707185896349262,Kansas,Leavenworth County,82922,0.006339242133886813,356,4.293191191722341,20
20155,Reno County,KS,"Hutchinson, KS",2019,554.528401001451,12,6.318118024597705,0.023827688804911595,2007,46660,48667,0.04123944356545503,Kansas,Reno County,61963,-0.006434718082873658,39,0.6294078724400045,20
20155,Reno County,KS,"Hutchinson, KS",2020,574.2234332756484,12,6.353018577156663,0.034900552558958076,2381,47849,50230,0.047401951025283696,Kansas,Reno County,61793,-0.0027473432710891643,39,0.6311394494522032,20
20155,Reno County,KS,"Hutchinson, KS",2021,593.8861071114549,12,6.3866875621087935,0.03366898495213011,2394,45775,48169,0.04970001453216799,Kansas,Reno County,61499,-0.00476917492218476,39,0.6341566529537066,20
20155,Reno County,KS,"Hutchinson, KS",2022,648.4663118972552,11,6.474610054677416,0.08792249256862217,2166,46449,48615,0.04455414995371799,Kansas,Reno County,61552,0.0008614314922663624,39,0.6336106056667533,20
20161,Riley County,KS,"Manhattan, KS",2019,887.6315936942477,12,6.788556784943049,-0.003745041210082789,4771,36075,40846,0.11680458306810948,Kansas,Riley County,72762,-0.027971577263956604,225,3.0922734394326707,20
20161,Riley County,KS,"Manhattan, KS",2020,894.5007912638904,12,6.796265787536298,0.007709002593249359,5418,36200,41618,0.13018405497621222,Kansas,Riley County,73202,0.006028902095678745,225,3.0736865112975056,20
20161,Riley County,KS,"Manhattan, KS",2021,918.9262618461256,12,6.823205881754696,0.02694009421839727,5059,35320,40379,0.12528789717427374,Kansas,Riley County,71871,-0.018349897603426868,225,3.130609007805652,20
20161,Riley County,KS,"Manhattan, KS",2022,965.7264082886658,12,6.872880572864545,0.0496746911098489,5076,36503,41579,0.12208085812549604,Kansas,Riley County,71563,-0.004294664771247625,225,3.1440828361024553,20
20173,Sedgwick County,KS,"Wichita, KS",2019,810.6372046819143,12,6.697820610848706,0.02648996697714967,16298,402733,419031,0.03889449706584954,Kansas,Sedgwick County,516579,0.005244292221435742,1637,3.168924791754988,20
20173,Sedgwick County,KS,"Wichita, KS",2020,845.5292387371777,12,6.7399627493340555,0.042142138485349534,17038,417054,434092,0.039249744293836326,Kansas,Sedgwick County,519907,0.006421719997760533,1637,3.1486400452388597,20
20173,Sedgwick County,KS,"Wichita, KS",2021,905.2175047447032,12,6.808175251558159,0.06821250222410313,16536,398938,415474,0.03980032444870196,Kansas,Sedgwick County,524423,0.008648661150115089,1637,3.1215259437515135,20
20173,Sedgwick County,KS,"Wichita, KS",2022,982.0710033414488,12,6.889663610568957,0.0814883590107982,16484,407674,424158,0.03886287656958021,Kansas,Sedgwick County,525368,0.0018003588433348483,1637,3.1159111327678883,20
20177,Shawnee County,KS,"Topeka, KS",2019,792.4874389229976,12,6.675176655686389,0.046047195216049275,5245,136699,141944,0.03695119201938793,Kansas,Shawnee County,176735,-0.0027630336344035555,385,2.1784026932978757,20
20177,Shawnee County,KS,"Topeka, KS",2020,815.7275603162761,12,6.704080427054961,0.02890377136857225,5920,139616,145536,0.04067722075637643,Kansas,Shawnee County,175999,-0.004173122342143287,385,2.1875124290478922,20
20177,Shawnee County,KS,"Topeka, KS",2021,875.3310095215193,12,6.7746021114175194,0.07052168436255801,6035,134273,140308,0.04301251532343131,Kansas,Shawnee County,178403,0.013566722944188925,385,2.1580354590449713,20
20177,Shawnee County,KS,"Topeka, KS",2022,977.7294980684222,12,6.885233044935518,0.11063093351799846,5740,136260,142000,0.0404225352112676,Kansas,Shawnee County,177537,-0.004865998251149861,385,2.1685620462213513,20
20209,Wyandotte County,KS,"Kansas City, MO-KS",2019,865.253635504164,12,6.763022684187256,0.043966298756054734,8514,115020,123534,0.06892029724610228,Kansas,Wyandotte County,166009,0.0013743635184226832,212,1.27703919667006,20
20209,Wyandotte County,KS,"Kansas City, MO-KS",2020,919.0920717696682,12,6.823386304246637,0.06036362005938134,8888,117380,126268,0.07038996420312352,Kansas,Wyandotte County,165265,-0.004491757583780398,212,1.2827882491755664,20
20209,Wyandotte County,KS,"Kansas City, MO-KS",2021,989.6147525582948,12,6.897315728564468,0.07392942431783123,8357,110723,119080,0.07017971111857575,Kansas,Wyandotte County,167262,0.012011199142881068,212,1.267472587915964,20
20209,Wyandotte County,KS,"Kansas City, MO-KS",2022,1096.9759312257188,12,7.0003125194928,0.1029967909283318,7901,114030,121931,0.06479894366485964,Kansas,Wyandotte County,165626,-0.009829210855324177,212,1.2799922717447745,20
21015,Boone County,KY,"Cincinnati, OH-KY-IN",2019,1185.7660409355822,12,7.078144292758603,0.0417459424835851,8982,106091,115073,0.07805479999652394,Kentucky,Boone County,133670,0.012791874503621514,817,6.112067030747363,21
21015,Boone County,KY,"Cincinnati, OH-KY-IN",2020,1236.208367230071,12,7.119804205710656,0.041659912952052736,9949,109513,119462,0.08328171301334315,Kentucky,Boone County,135396,0.012829741960928231,817,6.034151673609265,21
21015,Boone County,KY,"Cincinnati, OH-KY-IN",2021,1362.9961688075318,12,7.2174406208397075,0.09763641512905163,9194,105108,114302,0.08043603786460429,Kentucky,Boone County,137747,0.017214851267166154,817,5.931163655106826,21
21015,Boone County,KY,"Cincinnati, OH-KY-IN",2022,1472.0914084201038,12,7.294439395472297,0.07699877463258975,8645,108817,117462,0.073598270078834,Kentucky,Boone County,139045,0.00937895253359855,817,5.87579560573915,21
21037,Campbell County,KY,"Cincinnati, OH-KY-IN",2019,993.1178405303589,12,6.900849328233261,0.04192079192421705,4769,68789,73558,0.06483319285461812,Kentucky,Campbell County,93841,-0.0015865329072823897,235,2.5042358883643607,21
21037,Campbell County,KY,"Cincinnati, OH-KY-IN",2020,1093.2836378116326,12,6.996940958455983,0.09609163022272238,5206,69677,74883,0.06952178732155496,Kentucky,Campbell County,94020,0.0019056648710567003,235,2.4994681982556903,21
21037,Campbell County,KY,"Cincinnati, OH-KY-IN",2021,1166.7755807365345,12,7.061999309369126,0.0650583509131426,5195,66606,71801,0.07235275274717623,Kentucky,Campbell County,92828,-0.012759207175472298,235,2.5315637523161114,21
21037,Campbell County,KY,"Cincinnati, OH-KY-IN",2022,1254.0446832577634,12,7.134129353139989,0.07213004377086296,4902,68858,73760,0.0664587852494577,Kentucky,Campbell County,93272,0.004771637210478019,235,2.519512822712068,21
21047,Christian County,KY,"Clarksville, TN-KY",2019,709.3202050394547,12,6.564307053689052,0.05037293501315965,6366,47052,53418,0.11917331236661799,Kentucky,Christian County,71577,0.007587002518869568,88,1.2294452128477025,21
21047,Christian County,KY,"Clarksville, TN-KY",2020,764.723460571173,12,6.639514279024028,0.07520722533497626,7172,48378,55550,0.1291089108910891,Kentucky,Christian County,71478,-0.0013840832659379743,88,1.2311480455524777,21
21047,Christian County,KY,"Clarksville, TN-KY",2021,864.7640839826004,12,6.762456734452618,0.12294245542859006,6392,45900,52292,0.1222366710013004,Kentucky,Christian County,73180,0.023532449545781375,88,1.2025143481825635,21
21047,Christian County,KY,"Clarksville, TN-KY",2022,974.7589424027229,12,6.882190201868045,0.11973346741542734,6774,46809,53583,0.12642069313028387,Kentucky,Christian County,72286,-0.012291686797549772,88,1.2173864925435076,21
21067,Fayette County,KY,"Lexington-Fayette, KY",2019,989.4076071863036,12,6.89710638745043,0.03324614916231994,13800,220202,234002,0.058973854924316886,Kentucky,Fayette County,323922,0.004098879863050797,1437,4.43625317205994,21
21067,Fayette County,KY,"Lexington-Fayette, KY",2020,1021.6395790021307,12,6.929164046139103,0.032057658688673385,14613,222257,236870,0.06169206737873095,Kentucky,Fayette County,324735,0.0025067190386192095,1437,4.425146658044252,21
21067,Fayette County,KY,"Lexington-Fayette, KY",2021,1115.6786395466568,12,7.017218144078096,0.08805409793899255,14100,212715,226815,0.06216520071423848,Kentucky,Fayette County,320519,-0.013067908132615713,1437,4.483353560943345,21
21067,Fayette County,KY,"Lexington-Fayette, KY",2022,1241.416913345984,12,7.124008678299488,0.10679053422139173,13573,218945,232518,0.05837397534814509,Kentucky,Fayette County,320281,-0.0007428215073144173,1437,4.486685129620552,21
21073,Franklin County,KY,"Frankfort, KY",2022,895.3524675187888,12,6.797217459205467,0.08996572566619498,2544,38679,41223,0.06171312131577032,Kentucky,Franklin County,51548,-0.0032151254671735074,97,1.8817412896717622,21
21111,Jefferson County,KY,"Louisville/Jefferson County, KY-IN",2019,969.9902390055149,12,6.877286008565885,0.0324889073344794,24461,577317,601778,0.04064788011525845,Kentucky,Jefferson County,767785,-0.0011988356720671334,1264,1.646294209967634,21
21111,Jefferson County,KY,"Louisville/Jefferson County, KY-IN",2020,1007.9408706163695,12,6.915664786807935,0.03837877824205016,26814,581428,608242,0.044084426922179,Kentucky,Jefferson County,767452,-0.00043380924928548836,1264,1.6470085425538015,21
21111,Jefferson County,KY,"Louisville/Jefferson County, KY-IN",2021,1065.5708314539186,12,6.971265926526645,0.055601139718709724,25804,558927,584731,0.04412969382502382,Kentucky,Jefferson County,777251,0.012687398736375144,1264,1.6262442891678492,21
21111,Jefferson County,KY,"Louisville/Jefferson County, KY-IN",2022,1177.8534796710285,12,7.07144897589076,0.10018304936411582,25381,569805,595186,0.04264381218644256,Kentucky,Jefferson County,773095,-0.0053613966884800135,1264,1.6349866445908976,21
21113,Jessamine County,KY,"Lexington-Fayette, KY",2022,1084.3158880031588,12,6.988704549145072,0.10585115421906899,3517,39877,43394,0.08104807116191179,Kentucky,Jessamine County,54236,0.011739857940323617,239,4.406667158345011,21
21117,Kenton County,KY,"Cincinnati, OH-KY-IN",2019,973.0244618820548,12,6.880409222550409,0.06547683108669844,9582,125734,135316,0.07081202518549173,Kentucky,Kenton County,167333,0.004984523581294198,311,1.8585694393813534,21
21117,Kenton County,KY,"Cincinnati, OH-KY-IN",2020,1041.04805372666,12,6.947983228670288,0.0675740061198784,10385,128529,138914,0.07475848366615316,Kentucky,Kenton County,167949,0.0036745228977910216,311,1.8517526153772872,21
21117,Kenton County,KY,"Cincinnati, OH-KY-IN",2021,1125.685459564617,12,7.026147426483001,0.078164197812713,9978,122653,132631,0.07523128077146368,Kentucky,Kenton County,169698,0.010360024779346944,311,1.8326674445190867,21
21117,Kenton County,KY,"Cincinnati, OH-KY-IN",2022,1247.3900891654673,12,7.12880871886683,0.10266129238382948,9696,126447,136143,0.0712192327185386,Kentucky,Kenton County,170280,0.0034237542930508624,311,1.826403570589617,21
21151,Madison County,KY,"Richmond-Berea, KY",2020,756.8760466502976,12,6.6291994971639365,0.021491192316313246,5326,62719,68045,0.07827173194209715,Kentucky,Madison County,94265,0.012446521771771302,404,4.28579005993741,21
21151,Madison County,KY,"Richmond-Berea, KY",2021,814.671671217163,12,6.702785174669765,0.07358567750582878,5132,61674,66806,0.07681944735502799,Kentucky,Madison County,93474,-0.008426642100198833,404,4.3220574705265635,21
21151,Madison County,KY,"Richmond-Berea, KY",2022,903.0407532086491,12,6.805767683305205,0.10298250863543945,5260,64393,69653,0.07551720672476418,Kentucky,Madison County,95151,0.017781780650077295,404,4.245882859875356,21
21227,Warren County,KY,"Bowling Green, KY",2019,944.7365982216553,12,6.850906156600171,0.02467456866803186,6019,91460,97479,0.06174663260804891,Kentucky,Warren County,132759,0.013903176337084489,970,7.306472630857418,21
21227,Warren County,KY,"Bowling Green, KY",2020,971.0654337808058,12,6.878393854054639,0.02748769745446822,6535,94320,100855,0.0647959942491696,Kentucky,Warren County,134510,0.013103091286359003,970,7.211359750204446,21
21227,Warren County,KY,"Bowling Green, KY",2021,1038.0276783710267,12,6.945077728467655,0.06668387441301515,7085,92897,99982,0.07086275529595328,Kentucky,Warren County,137225,0.01998336871546158,970,7.068682820185826,21
21227,Warren County,KY,"Bowling Green, KY",2022,1160.8188350369826,12,7.056880927348903,0.11180319888124846,6627,97276,103903,0.06378064155991646,Kentucky,Warren County,140046,0.020349025634152085,970,6.926295645716407,21
22005,Ascension Parish,LA,"Baton Rouge, LA",2019,1413.6329182234413,12,7.253918207536448,-0.006630289458413152,6463,95355,101818,0.06347600620715395,Louisiana,Ascension Parish,126798,0.0145935803878956,902,7.113676871874951,22
22005,Ascension Parish,LA,"Baton Rouge, LA",2020,1440.9358043746017,12,7.2730480456488085,0.019129838112360353,7014,97835,104849,0.06689620311114078,Louisiana,Ascension Parish,128665,0.01461685833687909,902,7.0104535032837205,22
22005,Ascension Parish,LA,"Baton Rouge, LA",2021,1520.5388987269937,10,7.32682008964253,0.05377204399372193,7046,94383,101429,0.06946731210994883,Louisiana,Ascension Parish,128571,-0.0007308464148412241,902,7.015578940818692,22
22005,Ascension Parish,LA,"Baton Rouge, LA",2022,1626.0472420439037,12,7.393907343833234,0.06708725419070394,6854,97331,104185,0.06578682151941258,Louisiana,Ascension Parish,130485,0.014776996697506206,902,6.912671954630801,22
22015,Bossier Parish,LA,"Shreveport-Bossier City, LA",2019,1075.1680272227288,12,6.9802322327407405,0.009826643754788478,8638,90898,99536,0.0867826715962064,Louisiana,Bossier Parish,127377,0.0017601073180273374,623,4.89099287940523,22
22015,Bossier Parish,LA,"Shreveport-Bossier City, LA",2020,1110.442602414942,12,7.012513955744709,0.03228172300396892,9728,92265,101993,0.09537909464375006,Louisiana,Bossier Parish,127275,-0.0008010932995201614,623,4.894912590846592,22
22015,Bossier Parish,LA,"Shreveport-Bossier City, LA",2021,1207.9722851595247,12,7.096698435482834,0.08418447973812437,9092,89655,98747,0.09207368325113674,Louisiana,Bossier Parish,129323,0.01596305106761875,623,4.81739520425601,22
22015,Bossier Parish,LA,"Shreveport-Bossier City, LA",2022,1282.1286321470448,12,7.156276969535365,0.05957853405253122,8570,90852,99422,0.08619822574480497,Louisiana,Bossier Parish,129153,-0.0013154027802375623,623,4.8237361888612735,22
22017,Caddo Parish,LA,"Shreveport-Bossier City, LA",2019,827.4157145541735,12,6.7183072465399345,0.005838116840736873,8820,170381,179201,0.04921847534332956,Louisiana,Caddo Parish,240431,-0.011060302683613799,255,1.0605953475217422,22
22017,Caddo Parish,LA,"Shreveport-Bossier City, LA",2020,861.8210573224809,12,6.7590476590007516,0.040740412460817055,9294,169567,178861,0.05196213819670023,Louisiana,Caddo Parish,237479,-0.012353947581885905,255,1.0737791552095133,22
22017,Caddo Parish,LA,"Shreveport-Bossier City, LA",2021,917.1669922650034,12,6.821289562836188,0.06224190383543604,8871,161329,170200,0.05212103407755582,Louisiana,Caddo Parish,232658,-0.020509634395869725,255,1.096029364990673,22
22017,Caddo Parish,LA,"Shreveport-Bossier City, LA",2022,970.8741808635306,12,6.878196883029947,0.056907320193759325,8890,161835,170725,0.05207204568750915,Louisiana,Caddo Parish,228934,-0.016135811709940384,255,1.1138581425214253,22
22019,Calcasieu Parish,LA,"Lake Charles, LA",2019,945.523903616899,12,6.851739169235207,-0.024774591082584507,7381,149401,156782,0.04707810845632789,Louisiana,Calcasieu Parish,204038,0.0026058486816289417,1144,5.606798733569237,22
22019,Calcasieu Parish,LA,"Lake Charles, LA",2020,921.8753695465166,11,6.826410040392123,-0.025329128843084803,6809,146328,153137,0.044463454292561565,Louisiana,Calcasieu Parish,203310,-0.003574343190946294,1144,5.626875215188628,22
22019,Calcasieu Parish,LA,"Lake Charles, LA",2021,1131.2661357146198,11,7.031092758527545,0.20468271813542227,6114,134045,140159,0.04362188657167931,Louisiana,Calcasieu Parish,204914,0.007858471107295983,1144,5.582829870091843,22
22019,Calcasieu Parish,LA,"Lake Charles, LA",2022,1026.7600872116022,12,6.934163577197079,-0.09692918133046557,6771,135763,142534,0.047504455077385044,Louisiana,Calcasieu Parish,202288,-0.01289795435388541,1144,5.655303329905877,22
22033,East Baton Rouge Parish,LA,"Baton Rouge, LA",2019,1085.5785119616137,12,6.989868314626912,-0.0006321128526547426,14972,305380,320352,0.04673609030066926,Louisiana,East Baton Rouge Parish,441471,-0.0028251833161778706,1363,3.0874055147450226,22
22033,East Baton Rouge Parish,LA,"Baton Rouge, LA",2020,1096.4915900923497,12,6.999870898054112,0.010002583427199951,15642,307461,323103,0.04841180676131141,Louisiana,East Baton Rouge Parish,439729,-0.003953704650960788,1363,3.0996363669441864,22
22033,East Baton Rouge Parish,LA,"Baton Rouge, LA",2021,1164.7698193157782,12,7.060278766491847,0.0604078684377356,16105,290522,306627,0.0525230980963842,Louisiana,East Baton Rouge Parish,453596,0.031048305961032696,1363,3.0048765862132822,22
22033,East Baton Rouge Parish,LA,"Baton Rouge, LA",2022,1258.2812755084103,12,7.137502001702342,0.07722323521049468,15736,295104,310840,0.05062411530047613,Louisiana,East Baton Rouge Parish,450091,-0.007757149490078774,1363,3.0282765040847295,22
22051,Jefferson Parish,LA,"New Orleans-Metairie, LA",2019,1126.0333668843452,12,7.026456441372791,0.0327790351110826,16742,311162,327904,0.05105762662242608,Louisiana,Jefferson Parish,434096,-0.0012454921591213974,594,1.3683609155578491,22
22051,Jefferson Parish,LA,"New Orleans-Metairie, LA",2020,1173.4327691602211,12,7.0676887227766265,0.04123228140383528,17221,311677,328898,0.05235969814349738,Louisiana,Jefferson Parish,432346,-0.004039514196358951,594,1.3738996081841859,22
22051,Jefferson Parish,LA,"New Orleans-Metairie, LA",2021,1257.057182808614,12,7.1365286990500625,0.06883997627343597,16039,293636,309675,0.051793008799547915,Louisiana,Jefferson Parish,434134,0.004127048605498729,594,1.3682411421358383,22
22051,Jefferson Parish,LA,"New Orleans-Metairie, LA",2022,1388.9810481152574,12,7.236325698395786,0.09979699934572395,15217,293428,308645,0.04930259683455102,Louisiana,Jefferson Parish,426030,-0.018843475880490956,594,1.39426800929512,22
22055,Lafayette Parish,LA,"Lafayette, LA",2019,1044.4170609874873,12,6.951214172374703,0.010099613529626517,10285,176970,187255,0.05492510213345438,Louisiana,Lafayette Parish,244798,0.005345185993991919,2110,8.619351465289748,22
22055,Lafayette Parish,LA,"Lafayette, LA",2020,1072.0553454382734,12,6.977332968505402,0.026118796130698563,11995,180377,192372,0.06235314910693864,Louisiana,Lafayette Parish,246518,0.007001632458962348,2110,8.559212714690204,22
22055,Lafayette Parish,LA,"Lafayette, LA",2021,1163.2989960122493,12,7.059015209770899,0.08168224126549717,11937,174536,186473,0.06401462946378296,Louisiana,Lafayette Parish,244880,-0.006666718491960211,2110,8.616465207448547,22
22055,Lafayette Parish,LA,"Lafayette, LA",2022,1244.5339187214859,12,7.1265163763349815,0.06750116656408256,11512,179017,190529,0.060421248208934075,Louisiana,Lafayette Parish,247714,0.011506560244813002,2110,8.517887563884157,22
22063,Livingston Parish,LA,"Baton Rouge, LA",2020,1135.7276328975593,12,7.035028810760852,0.016937620980272072,8522,102032,110554,0.07708450169148108,Louisiana,Livingston Parish,143737,0.015254521210653849,937,6.518850400384035,22
22063,Livingston Parish,LA,"Baton Rouge, LA",2021,1227.698923947584,12,7.112896902708105,0.07786809194725297,8393,99994,108387,0.07743548580549328,Louisiana,Livingston Parish,146121,0.016449804788402744,937,6.412493755175506,22
22063,Livingston Parish,LA,"Baton Rouge, LA",2022,1312.1151648979535,12,7.1793957437752,0.06649884106709525,8433,103405,111838,0.07540370893613978,Louisiana,Livingston Parish,148056,0.01315553498166544,937,6.328686442967525,22
22071,Orleans Parish,LA,"New Orleans-Metairie, LA",2019,1319.4789430939843,12,7.184992197569727,0.03337095800311296,17152,225416,242568,0.07071006892912503,Louisiana,Orleans Parish,391172,-0.0008534800269703879,1360,3.4767314633971753,22
22071,Orleans Parish,LA,"New Orleans-Metairie, LA",2020,1358.8044891240681,12,7.214360540022558,0.029368342452831264,17327,226459,243786,0.07107463102885317,Louisiana,Orleans Parish,389476,-0.004345115002859501,1360,3.491871129414906,22
22071,Orleans Parish,LA,"New Orleans-Metairie, LA",2021,1434.4922937527347,12,7.268566263328032,0.054205723305473796,16724,213879,230603,0.07252290733424976,Louisiana,Orleans Parish,377346,-0.03163970751790046,1360,3.6041192963487094,22
22071,Orleans Parish,LA,"New Orleans-Metairie, LA",2022,1566.4633173184186,12,7.356575693149293,0.08800942982126081,15768,212138,227906,0.06918641896220372,Louisiana,Orleans Parish,369917,-0.019883882286707788,1360,3.6765004041447136,22
22103,Saint Tammany Parish,LA,"New Orleans-Metairie, LA",2019,1139.9919342392673,12,7.038776466134799,0.013479275621018694,12395,196261,208656,0.05940399509240089,Louisiana,St. Tammany Parish,261303,0.010405921161117604,1665,6.37191306644011,22
22103,Saint Tammany Parish,LA,"New Orleans-Metairie, LA",2020,1162.4043535473331,12,7.05824585755819,0.019469391423391436,14217,200103,214320,0.06633538633818589,Louisiana,St. Tammany Parish,263446,0.008167759876405611,1665,6.320080775566909,22
22103,Saint Tammany Parish,LA,"New Orleans-Metairie, LA",2021,1295.3037334003131,12,7.166500489798954,0.10825463224076426,14345,191275,205620,0.06976461433712673,Louisiana,St. Tammany Parish,270147,0.025117841893392168,1665,6.16331108618641,22
22103,Saint Tammany Parish,LA,"New Orleans-Metairie, LA",2022,1456.082626861521,12,7.283504976364533,0.1170044865655786,13001,197023,210024,0.061902449243895936,Louisiana,St. Tammany Parish,273237,0.011373295157854457,1665,6.093611040964437,22
23005,Cumberland County,ME,"Portland-South Portland, ME",2019,1558.6619826885872,12,7.351583028800806,0.04776236673146528,13410,235826,249236,0.053804426326854865,Maine,Cumberland County,296052,0.0057214149619877475,1624,5.48552281355978,23
23005,Cumberland County,ME,"Portland-South Portland, ME",2020,1660.3161741769209,12,7.414763329585812,0.0631803007850058,15195,237988,253183,0.06001587784329911,Maine,Cumberland County,298111,0.006930785801655404,1624,5.447635276792873,23
23005,Cumberland County,ME,"Portland-South Portland, ME",2021,1847.2961203096754,12,7.521478292367331,0.1067149627815196,14931,229996,244927,0.0609610210389218,Maine,Cumberland County,306107,0.026468813661340462,1624,5.305334409209852,23
23005,Cumberland County,ME,"Portland-South Portland, ME",2022,2048.7782056626806,12,7.624998897217783,0.103520604850452,14355,240843,255198,0.05625044083417582,Maine,Cumberland County,308837,0.008878915592221759,1624,5.258437298639736,23
23011,Kennebec County,ME,"Augusta-Waterville, ME",2019,872.2209947850612,12,6.771042826186449,0.06351313977580642,4935,92248,97183,0.050780486299044074,Maine,Kennebec County,122241,0.001268791584996265,348,2.8468353498417063,23
23011,Kennebec County,ME,"Augusta-Waterville, ME",2020,938.9249496803077,12,6.844735550220957,0.07369272403450822,5810,94115,99925,0.05814360770577934,Maine,Kennebec County,122955,0.0058239287600816425,348,2.8303037696718314,23
23011,Kennebec County,ME,"Augusta-Waterville, ME",2021,1071.9675978294792,12,6.977251115268599,0.13251556504764217,5830,91530,97360,0.059880854560394416,Maine,Kennebec County,125752,0.022493278652833126,348,2.7673516126980084,23
23011,Kennebec County,ME,"Augusta-Waterville, ME",2022,1194.595644792639,12,7.085563034546238,0.10831191927763939,5811,95955,101766,0.05710158599139202,Maine,Kennebec County,126535,0.006207236314727638,348,2.7502272098628837,23
23019,Penobscot County,ME,"Bangor, ME",2019,961.1090485570577,12,6.868087876577405,0.036751905153118436,5031,108369,113400,0.044365079365079364,Maine,Penobscot County,151823,0.00016467899161476396,337,2.219690033789347,23
23019,Penobscot County,ME,"Bangor, ME",2020,1018.1994569436474,12,6.9257911081187,0.05770323154129464,5742,109643,115385,0.04976383412055293,Maine,Penobscot County,151655,-0.00110716438859626,337,2.2221489565131383,23
23019,Penobscot County,ME,"Bangor, ME",2021,1125.139030201423,12,7.02566188940411,0.09987078128540983,5641,106552,112193,0.050279429197900044,Maine,Penobscot County,153359,0.01117337386383177,337,2.1974582515535444,23
23019,Penobscot County,ME,"Bangor, ME",2022,1248.94981279498,12,7.13005832740872,0.10439643800460985,6118,111822,117940,0.05187383415295913,Maine,Penobscot County,154728,0.008887158565411113,337,2.1780156144976988,23
23031,York County,ME,"Portland-South Portland, ME",2019,1260.1549437897067,12,7.13898996364685,0.04733380115139063,9764,165859,175623,0.0555963626632047,Maine,York County,207978,0.00935712676446343,1108,5.327486561078575,23
23031,York County,ME,"Portland-South Portland, ME",2020,1358.0530402548873,12,7.2138073649810135,0.07481740133416359,11527,168201,179728,0.06413580521677201,Maine,York County,209066,0.005217686710905056,1108,5.299761797709814,23
23031,York County,ME,"Portland-South Portland, ME",2021,1496.8018063383613,12,7.311085981759232,0.09727861677821892,11277,163494,174771,0.06452443483186569,Maine,York County,215025,0.028104308850048554,1108,5.152889198930358,23
23031,York County,ME,"Portland-South Portland, ME",2022,1711.5420533349104,12,7.445150028708348,0.13406404694911522,10814,171331,182145,0.059370281918251944,Maine,York County,216950,0.008912611806817239,1108,5.107167550126758,23
24003,Anne Arundel County,MD,"Baltimore-Columbia-Towson, MD",2019,1674.3159770542463,12,7.423159988944739,0.026672091678955567,33936,457198,491134,0.06909723211995097,Maryland,Anne Arundel County,579895,0.007362850171663382,1976,3.407513429155278,24
24003,Anne Arundel County,MD,"Baltimore-Columbia-Towson, MD",2020,1718.5920350399977,12,7.449260650305365,0.026100661360626276,36781,463679,500460,0.0734943851656476,Maryland,Anne Arundel County,582777,0.004957556219917336,1976,3.390662294496866,24
24003,Anne Arundel County,MD,"Baltimore-Columbia-Towson, MD",2021,1863.6260423431793,12,7.530279354057914,0.08101870375254894,35717,439214,474931,0.07520460866946987,Maryland,Anne Arundel County,592085,0.015845596769406,1976,3.3373586562740147,24
24003,Anne Arundel County,MD,"Baltimore-Columbia-Towson, MD",2022,2021.6257158143333,12,7.611657276518571,0.081377922460657,32672,455557,488229,0.06691941691296502,Maryland,Anne Arundel County,593347,0.0021291824023048633,1976,3.3302603704071987,24
24005,Baltimore County,MD,"Baltimore-Columbia-Towson, MD",2019,1300.4787081111765,12,7.170487712675618,0.029242686508129445,39692,638878,678570,0.0584935968286249,Maryland,Baltimore County,828503,-5.310642407962973e-05,1447,1.7465235491000033,24
24005,Baltimore County,MD,"Baltimore-Columbia-Towson, MD",2020,1330.970693272987,12,7.193663799574929,0.023176086899311166,41400,648663,690063,0.059994522239273804,Maryland,Baltimore County,826017,-0.0030051034388804965,1447,1.7517799270475063,24
24005,Baltimore County,MD,"Baltimore-Columbia-Towson, MD",2021,1465.1700558399823,12,7.289726593786174,0.09606279421124508,38967,607797,646764,0.06024917898955415,Maryland,Baltimore County,850691,0.02943360598013811,1447,1.7009701524995562,24
24005,Baltimore County,MD,"Baltimore-Columbia-Towson, MD",2022,1574.3830497296601,12,7.361618760062226,0.07189216627605166,36806,624195,661001,0.05568221530678471,Maryland,Baltimore County,845986,-0.005546149397190447,1447,1.7104301962443822,24
24013,Carroll County,MD,"Baltimore-Columbia-Towson, MD",2019,1312.9769000290646,12,7.180052280872378,0.035538235252412065,7376,144121,151497,0.04868743275444398,Maryland,Carroll County,168774,0.0020937447409110632,488,2.8914406247407776,24
24013,Carroll County,MD,"Baltimore-Columbia-Towson, MD",2020,1328.0986763791086,12,7.191503631778277,0.011451350905899105,8484,145559,154043,0.05507553085826685,Maryland,Carroll County,169092,0.0018824036387279364,488,2.886002886002886,24
24013,Carroll County,MD,"Baltimore-Columbia-Towson, MD",2021,1438.829318024708,12,7.271585088333847,0.08008145655557009,8659,138358,147017,0.05889795057714414,Maryland,Carroll County,174313,0.03040958829424234,488,2.799561707962114,24
24013,Carroll County,MD,"Baltimore-Columbia-Towson, MD",2022,1566.1036115054987,12,7.356346037520108,0.08476094918626131,8390,143607,151997,0.05519845786429995,Maryland,Carroll County,175472,0.006626952222642757,488,2.7810704841798124,24
24015,Cecil County,MD,"Philadelphia-Camden-Wilmington, PA-NJ-DE-MD",2022,1563.4119216307474,12,7.354625841208575,0.11692684296337852,4999,77719,82718,0.06043424647597863,Maryland,Cecil County,104870,0.007792272084873986,234,2.2313340326118047,24
24017,Charles County,MD,"Washington-Arlington-Alexandria, DC-VA-MD-WV",2019,1653.553532584885,12,7.410681907213705,0.02224363194850465,10256,126781,137037,0.07484110130840575,Maryland,Charles County,163733,0.011387909758918013,735,4.489015653533496,24
24017,Charles County,MD,"Washington-Arlington-Alexandria, DC-VA-MD-WV",2020,1737.8712459972774,12,7.460416221376478,0.049734314162773074,11724,130051,141775,0.0826944101569388,Maryland,Charles County,164436,0.004284384419932508,735,4.469824126103773,24
24017,Charles County,MD,"Washington-Arlington-Alexandria, DC-VA-MD-WV",2021,1952.744630614151,12,7.576991164833138,0.11657494345665942,11267,121840,133107,0.08464618690226659,Maryland,Charles County,168927,0.026945232189861557,735,4.350991848549966,24
24017,Charles County,MD,"Washington-Arlington-Alexandria, DC-VA-MD-WV",2022,2075.804478026207,12,7.638104057782069,0.0611128929489313,10740,125920,136660,0.07858919947314504,Maryland,Charles County,170111,0.006984496211460467,735,4.3207082434410475,24
24021,Frederick County,MD,"Washington-Arlington-Alexandria, DC-VA-MD-WV",2019,1502.0135389227119,12,7.314561846213357,0.02633040749614146,15133,214797,229930,0.06581568303396686,Maryland,Frederick County,260609,0.01902413918074153,2577,9.888376840400753,24
24021,Frederick County,MD,"Washington-Arlington-Alexandria, DC-VA-MD-WV",2020,1556.4070322147336,12,7.350135259356895,0.035573413143538346,18079,221025,239104,0.0756114494111349,Maryland,Frederick County,265161,0.01731598889269037,2577,9.718623779515086,24
24021,Frederick County,MD,"Washington-Arlington-Alexandria, DC-VA-MD-WV",2021,1708.4509222225759,12,7.443342345490183,0.09320708613328765,19041,212711,231752,0.08216110324829991,Maryland,Frederick County,280647,0.056760463186234844,2577,9.182353632855508,24
24021,Frederick County,MD,"Washington-Arlington-Alexandria, DC-VA-MD-WV",2022,1898.671865130823,12,7.548909902375092,0.10556755688490949,17142,225717,242859,0.0705841661210826,Maryland,Frederick County,287540,0.024264329134242146,2577,8.962231341726369,24
24025,Harford County,MD,"Baltimore-Columbia-Towson, MD",2019,1344.0031511995558,12,7.203407865722872,0.032812747738073966,12325,210264,222589,0.0553711099829731,Maryland,Harford County,255594,0.006712778260272501,1198,4.687120980930695,24
24025,Harford County,MD,"Baltimore-Columbia-Towson, MD",2020,1389.076738961764,12,7.236394588860909,0.032986723138036744,13573,213964,227537,0.05965183684411766,Maryland,Harford County,256805,0.004726793981792099,1198,4.665018204474212,24
24025,Harford County,MD,"Baltimore-Columbia-Towson, MD",2021,1512.7780765312052,12,7.321703025258279,0.08530843639737018,13161,203202,216363,0.060828330167357635,Maryland,Harford County,263302,0.024984620340385177,1198,4.549908470121761,24
24025,Harford County,MD,"Baltimore-Columbia-Towson, MD",2022,1638.356569224101,12,7.401448926451914,0.07974590119363434,11980,210412,222392,0.053868844203028884,Maryland,Harford County,263815,0.001946437553574043,1198,4.541060970756022,24
24027,Howard County,MD,"Baltimore-Columbia-Towson, MD",2019,1744.8535402792493,12,7.4644259000420545,0.025382208475035917,21066,268134,289200,0.07284232365145228,Maryland,Howard County,325951,0.009419870346885517,1062,3.258158434856773,24
24027,Howard County,MD,"Baltimore-Columbia-Towson, MD",2020,1771.1039768541805,12,7.479358346874881,0.014932446832826685,22474,270487,292961,0.07671328265537052,Maryland,Howard County,328200,0.0068761153349417015,1062,3.2358318098720296,24
24027,Howard County,MD,"Baltimore-Columbia-Towson, MD",2021,1896.6104525880628,12,7.54782359965877,0.06846525278388871,21492,255750,277242,0.07752072196853291,Maryland,Howard County,335328,0.021485978636539116,1062,3.167048382479244,24
24027,Howard County,MD,"Baltimore-Columbia-Towson, MD",2022,2056.4323283154267,12,7.628727880888078,0.0809042812293077,19982,267212,287194,0.06957666246509328,Maryland,Howard County,335366,0.00011331546141946092,1062,3.1666895272627515,24
24031,Montgomery County,MD,"Washington-Arlington-Alexandria, DC-VA-MD-WV",2019,1851.2953465952796,12,7.523640860404374,0.029478970971201335,44299,861874,906173,0.04888580878044259,Maryland,Montgomery County,1051129,0.0022238919830392945,1486,1.4137180117759094,24
24031,Montgomery County,MD,"Washington-Arlington-Alexandria, DC-VA-MD-WV",2020,1850.044025347791,12,7.522964715274507,-0.0006761451298666898,45829,863718,909547,0.05038662103222813,Maryland,Montgomery County,1051816,0.0006533694646684296,1486,1.4127946332818668,24
24031,Montgomery County,MD,"Washington-Arlington-Alexandria, DC-VA-MD-WV",2021,1915.1830096795127,12,7.5575684634608455,0.03460374818633838,44213,801849,846062,0.0522573995759176,Maryland,Montgomery County,1056193,0.004152739661170912,1486,1.406939830125744,24
24031,Montgomery County,MD,"Washington-Arlington-Alexandria, DC-VA-MD-WV",2022,2091.6906371951395,12,7.645727935279822,0.08815947181897688,42796,837089,879885,0.04863817430686965,Maryland,Montgomery County,1053067,-0.0029640748780952464,1486,1.4111162917459192,24
24033,Prince Georges County,MD,"Washington-Arlington-Alexandria, DC-VA-MD-WV",2019,1553.8656161251545,12,7.3485010510783795,0.028801609582639998,44522,686492,731014,0.060904442322582054,Maryland,Prince George's County,911562,0.00020845516150203025,2721,2.9849862104826657,24
24033,Prince Georges County,MD,"Washington-Arlington-Alexandria, DC-VA-MD-WV",2020,1611.0804276857527,12,7.384660306006385,0.036159254928005424,44782,694565,739347,0.06056966485290398,Maryland,Prince George's County,909612,-0.0021414765917064926,2721,2.991385337924302,24
24033,Prince Georges County,MD,"Washington-Arlington-Alexandria, DC-VA-MD-WV",2021,1698.1161394173168,12,7.437274762304543,0.05261445629815853,39578,640175,679753,0.05822409022100675,Maryland,Prince George's County,956451,0.050211424169633645,2721,2.8448922108921417,24
24033,Prince Georges County,MD,"Washington-Arlington-Alexandria, DC-VA-MD-WV",2022,1815.6220216156844,12,7.504183399620719,0.06690863731617558,38051,658847,696898,0.05460052977623698,Maryland,Prince George's County,946980,-0.009951585492196102,2721,2.8733447380092505,24
24037,Saint Marys County,MD,"California-Lexington Park, MD",2019,1209.9955516759744,12,7.098371962283181,0.0253288671614591,5921,89561,95482,0.06201168806686077,Maryland,St. Mary's County,113764,0.007198591373528629,555,4.878520445835237,24
24037,Saint Marys County,MD,"California-Lexington Park, MD",2020,1282.110930726116,12,7.1562631631647085,0.057891200881527105,6539,91586,98125,0.06663949044585987,Maryland,St. Mary's County,114687,0.008080551385567958,555,4.839258154803945,24
24037,Saint Marys County,MD,"California-Lexington Park, MD",2021,1428.2692740499904,12,7.264218692384857,0.10795552922014817,6251,86162,92413,0.0676419984201357,Maryland,St. Mary's County,114650,-0.00032266926244872707,555,4.840819886611427,24
24037,Saint Marys County,MD,"California-Lexington Park, MD",2022,1501.3135127183207,12,7.314095679056046,0.04987698667118945,5784,89234,95018,0.060872676755983075,Maryland,St. Mary's County,114783,0.001159379992397902,555,4.835210789054128,24
24043,Washington County,MD,"Hagerstown-Martinsburg, MD-WV",2019,880.2924735025762,12,6.780254208507075,0.03455751451901268,6736,114079,120815,0.05575466622522038,Maryland,Washington County,151066,0.002432357502970106,284,1.879972991937299,24
24043,Washington County,MD,"Hagerstown-Martinsburg, MD-WV",2020,926.4305720314081,12,6.831339107171674,0.05108489866459909,7046,116596,123642,0.056987107940667414,Maryland,Washington County,151146,0.0005294296842528468,284,1.8789779418575419,24
24043,Washington County,MD,"Hagerstown-Martinsburg, MD-WV",2021,1037.1257452998934,12,6.944208459605277,0.11286935243360308,7332,110953,118285,0.06198588155725578,Maryland,Washington County,155143,0.026101015150866047,284,1.8305692167870933,24
24043,Washington County,MD,"Hagerstown-Martinsburg, MD-WV",2022,1170.2192985946692,12,7.064946444924412,0.12073798531913482,7429,114654,122083,0.060852043282029436,Maryland,Washington County,155257,0.0007345361155000063,284,1.829225091300231,24
24045,Wicomico County,MD,"Salisbury, MD-DE",2019,1046.8957427582125,12,6.953584628795131,0.044660400674169765,4432,72689,77121,0.05746813448995734,Maryland,Wicomico County,104005,0.005853355381296055,300,2.884476707850584,24
24045,Wicomico County,MD,"Salisbury, MD-DE",2020,1115.7103403262793,12,7.017246557572928,0.06366192877779753,4486,74129,78615,0.05706290148190549,Maryland,Wicomico County,103990,-0.00014423423665022028,300,2.8848927781517455,24
24045,Wicomico County,MD,"Salisbury, MD-DE",2021,1200.7332137336373,12,7.090687660629299,0.07344110305637042,4681,71100,75781,0.06177010068486824,Maryland,Wicomico County,104114,0.0011917119774267348,300,2.8814568645907372,24
24045,Wicomico County,MD,"Salisbury, MD-DE",2022,1352.4374702812088,12,7.209663776957757,0.11897611632845795,4313,73194,77507,0.05564658675990556,Maryland,Wicomico County,104486,0.0035666384884773805,300,2.871198055241851,24
24510,Baltimore City,MD,"Baltimore-Columbia-Towson, MD",2019,1321.3868177593079,12,7.186437083580616,0.02200357136484765,27993,346518,374511,0.07474546809038987,Maryland,Baltimore city,594601,-0.014426192840639729,1621,2.7261979041407596,24
24510,Baltimore City,MD,"Baltimore-Columbia-Towson, MD",2020,1346.4080086791334,12,7.205195591075731,0.018758507495115317,29415,349416,378831,0.07764676069276273,Maryland,Baltimore city,586131,-0.014347278283873166,1621,2.7655933571164124,24
24510,Baltimore City,MD,"Baltimore-Columbia-Towson, MD",2021,1442.1926793201076,12,7.273919928419372,0.06872433734364058,29649,330321,359970,0.08236519709975831,Maryland,Baltimore city,576578,-0.016432684305176082,1621,2.811414934319381,24
24510,Baltimore City,MD,"Baltimore-Columbia-Towson, MD",2022,1565.2933914462076,12,7.355828555976498,0.08190862755712658,28068,332987,361055,0.07773884865186745,Maryland,Baltimore city,569107,-0.013042164119992705,1621,2.8483220202879247,24
25001,Barnstable County,MA,"Barnstable Town, MA",2020,1877.7297713039382,12,7.537818757670356,0.10112736779772291,12920,180954,193874,0.06664122058656653,Massachusetts,Barnstable County,213164,0.0011312244949976957,592,2.77720440599726,25
25001,Barnstable County,MA,"Barnstable Town, MA",2021,2078.8861731079182,11,7.639587535569292,0.10176877789893535,12363,174623,186986,0.06611724941974266,Massachusetts,Barnstable County,232315,0.08603238686698234,592,2.5482642102317974,25
25001,Barnstable County,MA,"Barnstable Town, MA",2022,2319.593162390975,12,7.749147088244438,0.1095595526751465,10625,182914,193539,0.05489849591038499,Massachusetts,Barnstable County,232078,-0.0010206873082747592,592,2.5508665190151585,25
25003,Berkshire County,MA,"Pittsfield, MA",2022,1290.5177484937701,11,7.1627987722557025,0.07446541122260619,3384,95305,98689,0.03428953581452847,Massachusetts,Berkshire County,127547,-0.006478533774004092,211,1.6542921432883564,25
25005,Bristol County,MA,"Providence-Warwick, RI-MA",2019,1208.1823176935948,12,7.096872292349734,0.05591820341342579,17824,440512,458336,0.038888501012357746,Massachusetts,Bristol County,565096,0.0005593534303578451,694,1.2281099140676983,25
25005,Bristol County,MA,"Providence-Warwick, RI-MA",2020,1293.2726495109264,12,7.164931222367167,0.06805893001743257,19230,441369,460599,0.04174998208854123,Massachusetts,Bristol County,566765,0.0029491275159347907,694,1.2244933967340963,25
25005,Bristol County,MA,"Providence-Warwick, RI-MA",2021,1424.1110905000241,12,7.261303101920656,0.09637187955348914,18379,426269,444648,0.041333819110847235,Massachusetts,Bristol County,579756,0.022662569637097008,694,1.1970553129247476,25
25005,Bristol County,MA,"Providence-Warwick, RI-MA",2022,1589.7784414197686,12,7.371349940485844,0.11004683856518849,18417,442259,460676,0.039978205940834774,Massachusetts,Bristol County,579744,-2.069857697328814e-05,694,1.1970800905227135,25
25009,Essex County,MA,"Boston-Cambridge-Newton, MA-NH",2019,1789.521618499941,12,7.489703610881889,0.037112859806274656,25549,639043,664592,0.038443135036232756,Massachusetts,Essex County,789725,0.0011428225155913907,1359,1.7208521953844693,25
25009,Essex County,MA,"Boston-Cambridge-Newton, MA-NH",2020,1858.1463563561801,12,7.527334687184425,0.03763107630253604,27869,638742,666611,0.04180699088373879,Massachusetts,Essex County,791263,0.0019456194293265838,1359,1.7175073268938392,25
25009,Essex County,MA,"Boston-Cambridge-Newton, MA-NH",2021,2003.7115268179575,12,7.6027565031495135,0.07542181596508879,27039,610408,637447,0.042417644133551494,Massachusetts,Essex County,807360,0.020139262429431426,1359,1.6832639714625446,25
25009,Essex County,MA,"Boston-Cambridge-Newton, MA-NH",2022,2202.085586789691,12,7.6971601842791975,0.094403681129684,26108,636319,662427,0.03941264471405906,Massachusetts,Essex County,806499,-0.001067007813801979,1359,1.6850609858164733,25
25013,Hampden County,MA,"Springfield, MA",2019,1080.4289500763227,12,6.985113417261353,0.04381752924444271,10335,354014,364349,0.028365660397036908,Massachusetts,Hampden County,465749,-0.0049816770834336666,320,0.687065350650243,25
25013,Hampden County,MA,"Springfield, MA",2020,1134.8099422152268,12,7.034220464101135,0.049107046839782065,11017,355029,366046,0.03009731017413112,Massachusetts,Hampden County,463986,-0.0037924830475173366,320,0.6896759816028932,25
25013,Hampden County,MA,"Springfield, MA",2021,1221.4131551149026,12,7.107763791252486,0.07354332715135126,10787,338492,349279,0.030883620257730927,Massachusetts,Hampden County,462862,-0.0024254258541027696,320,0.6913507697758727,25
25013,Hampden County,MA,"Springfield, MA",2022,1353.1133962623462,12,7.210163435643579,0.10239964439109261,11370,348421,359791,0.03160167986414335,Massachusetts,Hampden County,460758,-0.004555994108848438,320,0.6945077459317038,25
25015,Hampshire County,MA,"Springfield, MA",2022,1967.6909033906832,12,7.584616003991561,0.10255868127459866,6282,107352,113634,0.05528274988119753,Massachusetts,Hampshire County,162518,-0.0037464038463443927,349,2.1474544358163405,25
25017,Middlesex County,MA,"Boston-Cambridge-Newton, MA-NH",2019,2464.654664917574,12,7.809806981294393,0.03016982336390228,63823,1266991,1330814,0.047957866388541145,Massachusetts,Middlesex County,1611263,0.0017106805522963953,4443,2.757464175618754,25
25017,Middlesex County,MA,"Boston-Cambridge-Newton, MA-NH",2020,2452.6314895170794,12,7.804916804484303,-0.0048901768100906295,66783,1257324,1324107,0.05043625628442414,Massachusetts,Middlesex County,1609379,-0.0011699532049203043,4443,2.7606921676000495,25
25017,Middlesex County,MA,"Boston-Cambridge-Newton, MA-NH",2021,2507.3077087336947,12,7.826964830448354,0.0220480259640512,66725,1190295,1257020,0.0530818920940001,Massachusetts,Middlesex County,1617262,0.004886205613752637,4443,2.7472357601922264,25
25017,Middlesex County,MA,"Boston-Cambridge-Newton, MA-NH",2022,2786.898052143492,12,7.9326844470294295,0.10571961658107565,66713,1231668,1298381,0.051381682264296846,Massachusetts,Middlesex County,1616794,-0.00028941985127417524,4443,2.748030979827981,25
25021,Norfolk County,MA,"Boston-Cambridge-Newton, MA-NH",2019,2255.324423218527,12,7.721049109978305,0.033617018294693324,36801,573970,610771,0.060253351910945344,Massachusetts,Norfolk County,707164,0.00501279764050544,1924,2.720726733826948,25
25021,Norfolk County,MA,"Boston-Cambridge-Newton, MA-NH",2020,2261.224542804631,12,7.723661778627175,0.002612668648869665,38055,573172,611227,0.0622600114196526,Massachusetts,Norfolk County,709409,0.0031696239862473163,1924,2.7121167055957844,25
25021,Norfolk County,MA,"Boston-Cambridge-Newton, MA-NH",2021,2322.5442198324067,12,7.75041851026235,0.026756731635175335,36669,543915,580584,0.06315881939564301,Massachusetts,Norfolk County,724471,0.021009504317763827,1924,2.655730871214997,25
25021,Norfolk County,MA,"Boston-Cambridge-Newton, MA-NH",2022,2569.4449834263437,12,7.851445194810313,0.10102668454796238,35399,565302,600701,0.05892948405279831,Massachusetts,Norfolk County,725469,0.0013766089046516328,1924,2.652077483669185,25
25023,Plymouth County,MA,"Boston-Cambridge-Newton, MA-NH",2019,1786.8315708045463,12,7.48819925822972,0.04074521364878336,20128,426564,446692,0.04506013091794794,Massachusetts,Plymouth County,521841,0.00567488351902945,1343,2.5735808416739965,25
25023,Plymouth County,MA,"Boston-Cambridge-Newton, MA-NH",2020,1881.0616183267864,12,7.539591587045609,0.051392328815889066,22626,425602,448228,0.05047877419527562,Massachusetts,Plymouth County,523738,0.003628615497172305,1343,2.564259228851067,25
25023,Plymouth County,MA,"Boston-Cambridge-Newton, MA-NH",2021,2053.0884987481986,12,7.627100523127455,0.08750893608184551,21731,408885,430616,0.05046491537704126,Massachusetts,Plymouth County,533059,0.01764055294420075,1343,2.5194209271393975,25
25023,Plymouth County,MA,"Boston-Cambridge-Newton, MA-NH",2022,2235.2483212536886,12,7.712107606582236,0.08500708345478092,20277,425781,446058,0.045458213954239136,Massachusetts,Plymouth County,533248,0.00035449453483771265,1343,2.518527964474316,25
25025,Suffolk County,MA,"Boston-Cambridge-Newton, MA-NH",2019,2588.598134048462,12,7.858871747173828,0.03324307627421064,40455,501091,541546,0.07470279533040591,Massachusetts,Suffolk County,805915,0.002350402153391329,3696,4.586091585340886,25
25025,Suffolk County,MA,"Boston-Cambridge-Newton, MA-NH",2020,2574.2338800519656,9,7.853307246519377,-0.00556450065445091,40160,493709,533869,0.0752244464466002,Massachusetts,Suffolk County,801582,-0.005391002899699515,3696,4.610881980882804,25
25025,Suffolk County,MA,"Boston-Cambridge-Newton, MA-NH",2021,2581.722959779319,12,7.856212268895161,0.00290502237578405,39237,464324,503561,0.07791906045146467,Massachusetts,Suffolk County,774514,-0.034351539116929786,3696,4.7720247794100565,25
25025,Suffolk County,MA,"Boston-Cambridge-Newton, MA-NH",2022,2860.5341993200655,12,7.958763669351173,0.10255140045601152,41830,477134,518964,0.08060289345696425,Massachusetts,Suffolk County,768812,-0.007389269596567161,3696,4.807417157900762,25
25027,Worcester County,MA,"Worcester, MA-CT",2019,1389.3719653767719,12,7.236607100551809,0.05663261273514397,24492,662444,686936,0.03565397649853844,Massachusetts,Worcester County,829327,0.0008238986552058236,1681,2.026944739529763,25
25027,Worcester County,MA,"Worcester, MA-CT",2020,1471.408031955492,12,7.293975066199788,0.057367965647979524,26270,663112,689382,0.03810659402189207,Massachusetts,Worcester County,829212,-0.00013867626891261864,1681,2.0272258481546332,25
25027,Worcester County,MA,"Worcester, MA-CT",2021,1597.4149926965595,12,7.376141972126335,0.08216690592654619,26113,635000,661113,0.03949854260920599,Massachusetts,Worcester County,862224,0.03903924545765136,1681,1.9496093822486964,25
25027,Worcester County,MA,"Worcester, MA-CT",2022,1784.8282761221592,12,7.48707748573272,0.11093551360638543,26044,659157,685201,0.038009284866776315,Massachusetts,Worcester County,862873,0.0007524214935372697,1681,1.9481430059811815,25
26021,Berrien County,MI,"Niles, MI",2020,917.3649177855818,12,6.821505340517962,0.044764830835617,6616,120249,126865,0.052149923146651955,Michigan,Berrien County,153025,-0.0021346257987246986,260,1.6990687796111745,26
26021,Berrien County,MI,"Niles, MI",2021,991.207655174402,11,6.898924053423126,0.077418712905164,6041,114974,121015,0.049919431475436926,Michigan,Berrien County,153352,0.0021346257987246986,260,1.695445771819083,26
26021,Berrien County,MI,"Niles, MI",2022,1088.0928449172216,12,6.992181759176888,0.09325770575376158,5946,117459,123405,0.04818281268992342,Michigan,Berrien County,152835,-0.0033770244414998984,260,1.7011810122027025,26
26049,Genesee County,MI,"Flint, MI",2019,730.5605911168792,12,6.593812172469551,0.04572870909396176,12563,305556,318119,0.03949151103832214,Michigan,Genesee County,405702,-0.0022749441075617938,485,1.1954587357222788,26
26049,Genesee County,MI,"Flint, MI",2020,766.1901006107532,12,6.641430312071824,0.04761813960227279,12894,308790,321684,0.040082814190323425,Michigan,Genesee County,404794,-0.0022406042222780087,485,1.1981402886406418,26
26049,Genesee County,MI,"Flint, MI",2021,857.1996275650339,12,6.753670829120832,0.11224051704900795,13215,296247,309462,0.04270314287376156,Michigan,Genesee County,404627,-0.000412640646510809,485,1.198634792043042,26
26049,Genesee County,MI,"Flint, MI",2022,940.9420124106045,12,6.846881514318468,0.09321068519763553,12759,301879,314638,0.04055136378949777,Michigan,Genesee County,401923,-0.00670512709861093,485,1.2066987955404394,26
26065,Ingham County,MI,"Lansing-East Lansing, MI",2019,816.9915943318006,12,6.705628806351508,0.04425908682046753,12453,190149,202602,0.06146533597891433,Michigan,Ingham County,291426,0.0005457419393977148,571,1.9593310137050226,26
26065,Ingham County,MI,"Lansing-East Lansing, MI",2020,860.7305356515707,12,6.757781488720511,0.05215268236900261,13578,192689,206267,0.0658273015072697,Michigan,Ingham County,290609,-0.0028073931519436712,571,1.964839354596726,26
26065,Ingham County,MI,"Lansing-East Lansing, MI",2021,936.2601074127853,12,6.841893330407641,0.08411184168712982,12913,184345,197258,0.06546249074815723,Michigan,Ingham County,271224,-0.06903367333670651,571,2.105270919977583,26
26065,Ingham County,MI,"Lansing-East Lansing, MI",2022,1030.67066719762,12,6.9379650025300075,0.09607167212236689,12690,187952,200642,0.0632469772031778,Michigan,Ingham County,283477,0.0441859434029368,571,2.0142727628696506,26
26075,Jackson County,MI,"Jackson, MI",2019,727.2524082911604,12,6.589273608873658,0.053825928584959826,4817,116809,121626,0.03960501866377255,Michigan,Jackson County,158357,-0.0014954995830347428,159,1.0040604457018003,26
26075,Jackson County,MI,"Jackson, MI",2020,776.153061172016,12,6.654349744511594,0.0650761356379359,5198,118657,123855,0.04196843082636954,Michigan,Jackson County,156920,-0.009115856539311906,159,1.013255161865919,26
26075,Jackson County,MI,"Jackson, MI",2021,844.1210760603423,12,6.738295939355065,0.08394619484347121,5416,114119,119535,0.04530890534153177,Michigan,Jackson County,160162,0.02044968166007699,159,0.9927448458435834,26
26075,Jackson County,MI,"Jackson, MI",2022,923.4595765216994,12,6.828127026641964,0.08983108728689881,5385,116655,122040,0.04412487708947886,Michigan,Jackson County,159758,-0.002525632750398188,159,0.9952553236770615,26
26077,Kalamazoo County,MI,"Kalamazoo-Portage, MI",2019,913.3213451300265,12,6.817087784857819,0.047497321029785766,9430,194904,204334,0.04614993099533117,Michigan,Kalamazoo County,265531,0.001549041016351893,496,1.8679551540121493,26
26077,Kalamazoo County,MI,"Kalamazoo-Portage, MI",2020,949.3808557302747,12,6.855810041315505,0.03872225645768612,10068,198886,208954,0.048182853642428476,Michigan,Kalamazoo County,265988,0.0017196002875277117,496,1.8647457780050227,26
26077,Kalamazoo County,MI,"Kalamazoo-Portage, MI",2021,1022.9985407086912,12,6.930493339468391,0.07468329815288666,10001,190291,200292,0.04993209913526252,Michigan,Kalamazoo County,260523,-0.020760045939555383,496,1.9038626148171178,26
26077,Kalamazoo County,MI,"Kalamazoo-Portage, MI",2022,1121.8349044704005,12,7.022720931290131,0.09222759182173945,10055,194239,204294,0.04921828345423752,Michigan,Kalamazoo County,260892,0.0014153795406777192,496,1.9011698327277187,26
26081,Kent County,MI,"Grand Rapids-Kentwood, MI",2019,1111.058242366356,12,7.013068211637631,0.04972892441687726,22324,523045,545369,0.04093375311027946,Michigan,Kent County,656800,0.004828936549884588,1692,2.5761266747868454,26
26081,Kent County,MI,"Grand Rapids-Kentwood, MI",2020,1161.7589309953128,12,7.057690455471853,0.04462224383422253,23415,533596,557011,0.042036871803249845,Michigan,Kent County,658708,0.0029007825690321454,1692,2.568664719420441,26
26081,Kent County,MI,"Grand Rapids-Kentwood, MI",2021,1261.9078958782454,12,7.140380057773964,0.08268960230211064,22848,510000,532848,0.042879019908116385,Michigan,Kent County,658852,0.00021858587172296495,1692,2.5681033069642347,26
26081,Kent County,MI,"Grand Rapids-Kentwood, MI",2022,1398.8675819455395,12,7.243418318252566,0.10303826047860198,22962,523490,546452,0.04202015913566059,Michigan,Kent County,658920,0.00010320449980838475,1692,2.5678382808231652,26
26093,Livingston County,MI,"Detroit-Warren-Dearborn, MI",2019,1484.3749451526785,12,7.302749050273231,0.041170475814239715,9318,162187,171505,0.05433077752835194,Michigan,Livingston County,192058,0.004168879320188168,677,3.5249768299159627,26
26093,Livingston County,MI,"Detroit-Warren-Dearborn, MI",2020,1516.1151903002865,12,7.323906546363434,0.021157496090202343,10559,165279,175838,0.06004959110089969,Michigan,Livingston County,192335,0.0014412335705777934,677,3.519900174175267,26
26093,Livingston County,MI,"Detroit-Warren-Dearborn, MI",2021,1678.6783211180148,12,7.425762049155516,0.10185550279208222,10462,157292,167754,0.062365129892580806,Michigan,Livingston County,195333,0.015467151109096022,677,3.4658762216317776,26
26093,Livingston County,MI,"Detroit-Warren-Dearborn, MI",2022,1830.0451727446234,12,7.5120959300907115,0.08633388093519567,9592,163381,172973,0.05545374133535291,Michigan,Livingston County,196134,0.004092304678856351,677,3.451721782046968,26
26099,Macomb County,MI,"Detroit-Warren-Dearborn, MI",2019,967.1297383218158,12,6.874332652246854,0.03561953341648838,30612,709208,739820,0.041377632397069555,Michigan,Macomb County,872389,0.00034394243201418817,1613,1.848945825772677,26
26099,Macomb County,MI,"Detroit-Warren-Dearborn, MI",2020,1019.7197304535448,12,6.927283094455855,0.052950442209001025,31322,715635,746957,0.041932802022070885,Michigan,Macomb County,870791,-0.001833431369835381,1613,1.8523388505393372,26
26099,Macomb County,MI,"Detroit-Warren-Dearborn, MI",2021,1128.0246451751266,12,7.028223280378837,0.10094018592298237,30213,681326,711539,0.04246148138050058,Michigan,Macomb County,877646,0.00784132928334813,1613,1.8378708499782372,26
26099,Macomb County,MI,"Detroit-Warren-Dearborn, MI",2022,1235.011839772303,12,7.118835835876288,0.09061255549745084,30576,702231,732807,0.04172449226058157,Michigan,Macomb County,874235,-0.0038941050338241467,1613,1.8450416649985417,26
26125,Oakland County,MI,"Detroit-Warren-Dearborn, MI",2019,1253.5706697513053,12,7.133751293951976,0.03557811161190205,48241,1021332,1069573,0.04510304579491068,Michigan,Oakland County,1257726,0.0002019721714656697,2475,1.9678371918844009,26
26125,Oakland County,MI,"Detroit-Warren-Dearborn, MI",2020,1292.2724327261947,12,7.164157523357624,0.03040622940564841,51607,1028950,1080557,0.047759627673505424,Michigan,Oakland County,1253459,-0.0033983988488888173,2475,1.9745360638042408,26
26125,Oakland County,MI,"Detroit-Warren-Dearborn, MI",2021,1417.0650703470722,12,7.256343159841043,0.0921856364834186,50313,974112,1024425,0.04911340508089904,Michigan,Oakland County,1272630,0.015178695659802344,2475,1.9447914947785296,26
26125,Oakland County,MI,"Detroit-Warren-Dearborn, MI",2022,1525.842739942175,12,7.330302152760849,0.07395899291980612,48402,999436,1047838,0.046192254909632975,Michigan,Oakland County,1271025,-0.0012619637592390376,2475,1.9472473004071518,26
26139,Ottawa County,MI,"Grand Rapids-Kentwood, MI",2019,1123.0087906818137,12,7.023766782563383,0.038945427844253366,13606,238251,251857,0.05402271924147433,Michigan,Ottawa County,291460,0.0064780843304461655,1636,5.6131201537089135,26
26139,Ottawa County,MI,"Grand Rapids-Kentwood, MI",2020,1177.975363955239,12,7.071552450542281,0.04778566797889816,14846,245308,260154,0.05706619925121274,Michigan,Ottawa County,294635,0.010834527025743057,1636,5.5526329186960135,26
26139,Ottawa County,MI,"Grand Rapids-Kentwood, MI",2021,1311.0109915678488,12,7.178553867838278,0.10700141729599633,13873,235011,248884,0.05574082705195995,Michigan,Ottawa County,298393,0.012674107478117591,1636,5.482702342213122,26
26139,Ottawa County,MI,"Grand Rapids-Kentwood, MI",2022,1435.8349594436413,12,7.269501812253571,0.09094794441529341,14168,242453,256621,0.05520982304643813,Michigan,Ottawa County,300918,0.008426392775795932,1636,5.436697040389741,26
26145,Saginaw County,MI,"Saginaw, MI",2022,857.6412613545675,12,6.754185901746113,0.08693860084190952,6358,142783,149141,0.04263079904251681,Michigan,Saginaw County,188373,-0.006049413905726553,245,1.3006110217494014,26
26161,Washtenaw County,MI,"Ann Arbor, MI",2019,1495.4462617649751,12,7.3101799441345,0.038511246204557814,16232,258309,274541,0.05912413810687657,Michigan,Washtenaw County,368242,-0.006242660265801447,1065,2.8921198559642844,26
26161,Washtenaw County,MI,"Ann Arbor, MI",2020,1515.4512928154961,12,7.3234685566316555,0.013288612497155405,17271,262495,279766,0.06173373462107618,Michigan,Washtenaw County,366473,-0.0048154819717147745,1065,2.906080393371408,26
26161,Washtenaw County,MI,"Ann Arbor, MI",2021,1618.6311471618417,12,7.389336100149554,0.06586754351789814,17006,249081,266087,0.06391142746545303,Michigan,Washtenaw County,365013,-0.00399187937641976,1065,2.9177043009427064,26
26161,Washtenaw County,MI,"Ann Arbor, MI",2022,1780.1202646799102,12,7.484436205430674,0.09510010528112023,17028,254487,271515,0.06271476713993702,Michigan,Washtenaw County,366504,0.004076465932392637,1065,2.905834588435597,26
26163,Wayne County,MI,"Detroit-Warren-Dearborn, MI",2019,916.0098249973103,12,6.820027090596204,0.052814768073110585,46649,1271442,1318091,0.03539133489265916,Michigan,Wayne County,1750093,-0.003294392164097104,1996,1.1405108185679276,26
26163,Wayne County,MI,"Detroit-Warren-Dearborn, MI",2020,968.1780934979328,12,6.875416051240464,0.05538896064425991,51852,1296621,1348473,0.03845238280632983,Michigan,Wayne County,1740623,-0.005425834260249118,1996,1.1467158597812392,26
26163,Wayne County,MI,"Detroit-Warren-Dearborn, MI",2021,1083.6071133010455,12,6.988050674697557,0.11263462345709296,45207,1219319,1264526,0.03575015460338499,Michigan,Wayne County,1774807,0.019448589500933977,1996,1.1246293258928999,26
26163,Wayne County,MI,"Detroit-Warren-Dearborn, MI",2022,1192.099085696745,12,7.083470969755073,0.09542029505751604,44353,1248142,1292495,0.034315800061122094,Michigan,Wayne County,1758942,-0.00897919268970071,1996,1.1347730624432186,26
27003,Anoka County,MN,"Minneapolis-St. Paul-Bloomington, MN-WI",2019,1269.4599338352568,12,7.146346840060044,0.042058374759611716,20171,295171,315342,0.06396547240773509,Minnesota,Anoka County,357538,0.009933437686616031,1670,4.670832191263586,27
27003,Anoka County,MN,"Minneapolis-St. Paul-Bloomington, MN-WI",2020,1316.1960069916604,12,7.182501042277606,0.036154202217561604,23423,302882,326305,0.07178253474510045,Minnesota,Anoka County,359921,0.0066429127326745885,1670,4.639907090722687,27
27003,Anoka County,MN,"Minneapolis-St. Paul-Bloomington, MN-WI",2021,1406.242649989191,12,7.248676639264718,0.0661755969871125,22390,288252,310642,0.07207653826591381,Minnesota,Anoka County,367802,0.021660186969082673,1670,4.540486457387399,27
27003,Anoka County,MN,"Minneapolis-St. Paul-Bloomington, MN-WI",2022,1478.9362401218532,12,7.29907835165432,0.05040171238960145,20880,296856,317736,0.06571493315205076,Minnesota,Anoka County,369108,0.003544534250726983,1670,4.524421036661357,27
27019,Carver County,MN,"Minneapolis-St. Paul-Bloomington, MN-WI",2019,1495.4405054320644,12,7.310176094886194,0.03386606901875133,6683,91666,98349,0.0679518856317807,Minnesota,Carver County,105128,0.014593064132292,690,6.5634274408340305,27
27019,Carver County,MN,"Minneapolis-St. Paul-Bloomington, MN-WI",2020,1544.7602257552444,12,7.342623983602134,0.0324478887159394,7304,93628,100932,0.07236555304561487,Minnesota,Carver County,106565,0.013576472271864759,690,6.4749214094684,27
27019,Carver County,MN,"Minneapolis-St. Paul-Bloomington, MN-WI",2021,1642.5644738136607,12,7.404014003051785,0.061390019449651057,7164,90549,97713,0.073316754167818,Minnesota,Carver County,108859,0.021298339240058084,690,6.338474540460596,27
27019,Carver County,MN,"Minneapolis-St. Paul-Bloomington, MN-WI",2022,1751.2308810241893,12,7.468074180260681,0.06406017720889601,6710,93616,100326,0.06688196479476906,Minnesota,Carver County,110120,0.0115172134211452,690,6.265891754449691,27
27037,Dakota County,MN,"Minneapolis-St. Paul-Bloomington, MN-WI",2019,1307.5630835552129,12,7.175920442236173,0.042415827966827635,23949,365287,389236,0.0615282245218839,Minnesota,Dakota County,429453,0.00931316495437251,2165,5.041296719315035,27
27037,Dakota County,MN,"Minneapolis-St. Paul-Bloomington, MN-WI",2020,1359.4829026992677,12,7.214859687825197,0.03893924558902473,25988,372336,398324,0.06524336971912313,Minnesota,Dakota County,431807,0.005466423291009548,2165,5.013814041921506,27
27037,Dakota County,MN,"Minneapolis-St. Paul-Bloomington, MN-WI",2021,1419.2929926498402,12,7.257914134105565,0.04305444628036792,25011,355319,380330,0.06576131254436936,Minnesota,Dakota County,442730,0.024981374265362177,2165,4.890113613263162,27
27037,Dakota County,MN,"Minneapolis-St. Paul-Bloomington, MN-WI",2022,1495.816799075609,12,7.310427690524565,0.05251355641900002,24298,363113,387411,0.06271892124900945,Minnesota,Dakota County,443272,0.0012234736887943853,2165,4.884134346405818,27
27053,Hennepin County,MN,"Minneapolis-St. Paul-Bloomington, MN-WI",2019,1428.3884575146938,12,7.264302134978244,0.043859534653104326,58322,999272,1057594,0.055145925563117794,Minnesota,Hennepin County,1265159,0.0056579546778774414,7694,6.08144905106789,27
27053,Hennepin County,MN,"Minneapolis-St. Paul-Bloomington, MN-WI",2020,1455.7643590568848,12,7.283286374351829,0.01898423937358462,58392,1016419,1074811,0.05432769110104009,Minnesota,Hennepin County,1268408,0.002564764840242262,7694,6.065871549217602,27
27053,Hennepin County,MN,"Minneapolis-St. Paul-Bloomington, MN-WI",2021,1482.127507871173,12,7.301233839854849,0.017947465503019622,55400,956612,1012012,0.05474243388418319,Minnesota,Hennepin County,1270055,0.0012976357985987619,7694,6.058005361972513,27
27053,Hennepin County,MN,"Minneapolis-St. Paul-Bloomington, MN-WI",2022,1556.547302831989,12,7.35022537993192,0.04899154007707107,55629,966610,1022239,0.05441878073522924,Minnesota,Hennepin County,1257066,-0.010279772423082534,7694,6.120601464044052,27
27109,Olmsted County,MN,"Rochester, MN",2019,1293.3463816111253,12,7.164988232772899,0.041108104888317065,6914,132995,139909,0.04941783587903566,Minnesota,Olmsted County,158188,0.01128425424483126,673,4.254431436012845,27
27109,Olmsted County,MN,"Rochester, MN",2020,1307.4802275872464,12,7.175857073520525,0.010868840747626507,7543,136752,144295,0.05227485359853079,Minnesota,Olmsted County,159298,0.006992462803028232,673,4.224786249670429,27
27109,Olmsted County,MN,"Rochester, MN",2021,1374.624012402852,12,7.225935527182429,0.050078453661903666,7113,131183,138296,0.05143315786429108,Minnesota,Olmsted County,163742,0.027515356450706463,673,4.110124464095956,27
27109,Olmsted County,MN,"Rochester, MN",2022,1486.2873547068377,12,7.30403658121772,0.0781010540352911,7459,133494,140953,0.052918348669414625,Minnesota,Olmsted County,164036,0.0017938975699571813,673,4.102757931185837,27
27123,Ramsey County,MN,"Minneapolis-St. Paul-Bloomington, MN-WI",2019,1237.3278673199682,12,7.120709387652767,0.040094743881263106,30686,414191,444877,0.06897636874911492,Minnesota,Ramsey County,549632,0.001332687820363887,2929,5.329020144387518,27
27123,Ramsey County,MN,"Minneapolis-St. Paul-Bloomington, MN-WI",2020,1272.161709734755,12,7.148472866114315,0.02776347846154792,31811,425301,457112,0.06959125991004393,Minnesota,Ramsey County,547903,-0.0031506993951033735,2929,5.345836763076676,27
27123,Ramsey County,MN,"Minneapolis-St. Paul-Bloomington, MN-WI",2021,1302.542986739559,12,7.172073776337866,0.02360091022355082,29751,394532,424283,0.07012065060348871,Minnesota,Ramsey County,544025,-0.007103062298748242,2929,5.3839437525849,27
27123,Ramsey County,MN,"Minneapolis-St. Paul-Bloomington, MN-WI",2022,1360.5655988245387,12,7.215655773763992,0.04358199742612623,29853,399803,429656,0.06948116632841157,Minnesota,Ramsey County,537303,-0.012433020490247415,2929,5.451300290525086,27
27137,Saint Louis County,MN,"Duluth, MN-WI",2019,1041.5742430480184,12,6.948488542892045,0.021951018606239714,5914,146667,152581,0.038759740727875684,Minnesota,St. Louis County,199212,-0.0031975008573930097,297,1.4908740437323051,27
27137,Saint Louis County,MN,"Duluth, MN-WI",2020,1085.4736096839729,12,6.989771677354432,0.04128313446238696,6591,149378,155969,0.04225839750206772,Minnesota,St. Louis County,198538,-0.003389066725921097,297,1.4959352869475868,27
27137,Saint Louis County,MN,"Duluth, MN-WI",2021,1147.2645571495111,12,7.045135741927944,0.05536406457351184,6717,144191,150908,0.044510562726959475,Minnesota,St. Louis County,199521,0.004938976374017301,297,1.4885651134467048,27
27137,Saint Louis County,MN,"Duluth, MN-WI",2022,1229.3056391060084,12,7.114204767912435,0.06906902598449083,6605,147072,153677,0.04297975624198806,Minnesota,St. Louis County,199558,0.00018542694607326382,297,1.4882891189528857,27
27139,Scott County,MN,"Minneapolis-St. Paul-Bloomington, MN-WI",2019,1303.6419793388393,12,7.172917149067527,0.052268413712723394,9242,125973,135215,0.06835040491069777,Minnesota,Scott County,149004,0.011237097014282327,614,4.12069474644976,27
27139,Scott County,MN,"Minneapolis-St. Paul-Bloomington, MN-WI",2020,1351.3317657389402,12,7.208845878307844,0.0359287292403172,10745,129004,139749,0.07688784892915156,Minnesota,Scott County,150689,0.011244959044917735,614,4.074617258061305,27
27139,Scott County,MN,"Minneapolis-St. Paul-Bloomington, MN-WI",2021,1437.174985244362,12,7.270434649886362,0.06158877157851794,9856,124518,134374,0.07334752258621459,Minnesota,Scott County,153611,0.019205322465079888,614,3.997109581996081,27
27139,Scott County,MN,"Minneapolis-St. Paul-Bloomington, MN-WI",2022,1533.0174815397195,12,7.334993282289978,0.06455863240361559,8940,127842,136782,0.06535947712418301,Minnesota,Scott County,154423,0.005272157494548679,614,3.9760916443794,27
27145,Stearns County,MN,"St. Cloud, MN",2019,893.699143524606,12,6.795369190039126,0.054220985930752974,7401,124781,132182,0.055990982130698586,Minnesota,Stearns County,161076,0.006490010634600196,498,3.091708261938464,27
27145,Stearns County,MN,"St. Cloud, MN",2020,930.5395189080558,11,6.835764545796312,0.04039535575718656,8335,128263,136598,0.06101846293503565,Minnesota,Stearns County,162038,0.005954572333370933,498,3.073353164072625,27
27145,Stearns County,MN,"St. Cloud, MN",2021,989.6394461363337,12,6.897340680971346,0.061576135175033464,8022,123221,131243,0.06112325990719505,Minnesota,Stearns County,159204,-0.01764447690409021,498,3.1280621089922365,27
27145,Stearns County,MN,"St. Cloud, MN",2022,1104.8649288590984,12,7.007478370153777,0.11013768918243105,7397,126797,134194,0.0551216894943142,Minnesota,Stearns County,160242,0.006498773834975324,498,3.107799453326843,27
27163,Washington County,MN,"Minneapolis-St. Paul-Bloomington, MN-WI",2019,1472.6951298767526,12,7.294849422791599,0.03782368014384385,17155,222607,239762,0.0715501205361984,Minnesota,Washington County,262541,0.013698896895114387,2684,10.223165143729933,27
27163,Washington County,MN,"Minneapolis-St. Paul-Bloomington, MN-WI",2020,1535.0935370464338,12,7.336346594351365,0.041497171559766066,19125,228252,247377,0.07731114857080489,Minnesota,Washington County,265476,0.011117180804442128,2684,10.11014178306137,27
27163,Washington County,MN,"Minneapolis-St. Paul-Bloomington, MN-WI",2021,1644.8917677317356,12,7.405429866342953,0.06908327199158748,18634,220356,238990,0.07796978953094272,Minnesota,Washington County,272865,0.027452726266439242,2684,9.836365968519232,27
27163,Washington County,MN,"Minneapolis-St. Paul-Bloomington, MN-WI",2022,1749.0994649345714,12,7.466856343003973,0.06142647666101997,17784,227976,245760,0.07236328125,Minnesota,Washington County,276169,0.012035829784752039,2684,9.718686746159054,27
27171,Wright County,MN,"Minneapolis-St. Paul-Bloomington, MN-WI",2020,1252.0550320897921,12,7.13254150603732,0.04574932325709291,9643,124302,133945,0.07199223561909739,Minnesota,Wright County,140249,0.012245885498456843,1388,9.896683755320895,27
27171,Wright County,MN,"Minneapolis-St. Paul-Bloomington, MN-WI",2021,1347.4056766242354,12,7.205936301538491,0.07339479550117112,9749,118519,128268,0.0760049271837091,Minnesota,Wright County,145204,0.034720235968007884,1388,9.558965317759842,27
27171,Wright County,MN,"Minneapolis-St. Paul-Bloomington, MN-WI",2022,1460.212899041303,12,7.286337525332662,0.08040122379417092,9097,123267,132364,0.06872714635399353,Minnesota,Wright County,148118,0.019869603168146455,1388,9.370906979570343,27
28033,DeSoto County,MS,"Memphis, TN-MS-AR",2019,1177.3673088393232,12,7.071036130656902,0.024245184946969367,11984,141034,153018,0.07831758355226183,Mississippi,DeSoto County,185385,0.016199771873754543,1694,9.137740378131996,28
28033,DeSoto County,MS,"Memphis, TN-MS-AR",2020,1245.3770347680522,12,7.127193602223408,0.05615747156650652,13283,144695,157978,0.08408132777981744,Mississippi,DeSoto County,188275,0.015468916277606937,1694,8.997477094675343,28
28033,DeSoto County,MS,"Memphis, TN-MS-AR",2021,1414.410059337771,12,7.2544678039464445,0.12727420172303638,12604,140939,153543,0.08208775391909758,Mississippi,DeSoto County,189004,0.0038645188694363952,1694,8.962773274639689,28
28033,DeSoto County,MS,"Memphis, TN-MS-AR",2022,1554.8454382306297,12,7.34913142303691,0.09466361909046572,12492,144834,157326,0.07940200602570459,Mississippi,DeSoto County,191144,0.011258891831378293,1694,8.862428326288033,28
28047,Harrison County,MS,"Gulfport-Biloxi, MS",2019,895.6550552438462,12,6.797555355863176,0.04493368735060432,12070,139796,151866,0.07947796083389304,Mississippi,Harrison County,207859,0.007281362896215171,1703,8.193053945222482,28
28047,Harrison County,MS,"Gulfport-Biloxi, MS",2020,954.6302471041986,12,6.861324089701704,0.06376873383852733,13277,142469,155746,0.08524777522376177,Mississippi,Harrison County,208801,0.004521680050775245,1703,8.156091206459738,28
28047,Harrison County,MS,"Gulfport-Biloxi, MS",2021,1056.546700545006,12,6.962761039150652,0.10143694944894843,13093,138869,151962,0.08615969781919164,Mississippi,Harrison County,209485,0.0032704924844679795,1703,8.129460343222666,28
28047,Harrison County,MS,"Gulfport-Biloxi, MS",2022,1196.2649374699179,12,7.086959429602405,0.1241983904517534,11971,141354,153325,0.0780759823903473,Mississippi,Harrison County,210443,0.004562694852376481,1703,8.092452588111746,28
28049,Hinds County,MS,"Jackson, MS",2019,902.5354855380347,12,6.8052080085897755,0.017441705781950034,7721,162485,170206,0.045362678166457115,Mississippi,Hinds County,231919,-0.01687991407189493,196,0.8451226505805907,28
28049,Hinds County,MS,"Jackson, MS",2020,938.1694084763058,12,6.8439305387504135,0.03872253016063798,8376,161018,169394,0.04944685171847881,Mississippi,Hinds County,227966,-0.017191677744927247,196,0.8597773352166551,28
28049,Hinds County,MS,"Jackson, MS",2021,989.5443436803395,12,6.8972445782682446,0.05331403951783109,7778,151817,159595,0.04873586265233873,Mississippi,Hinds County,222464,-0.024431204264693918,196,0.8810414269275029,28
28049,Hinds County,MS,"Jackson, MS",2022,1056.0827538905812,12,6.962321826622484,0.065077248354239,7208,150669,157877,0.04565579533434256,Mississippi,Hinds County,217555,-0.022313598637991205,196,0.9009216060306589,28
28059,Jackson County,MS,"Gulfport-Biloxi, MS",2019,840.9488960081395,12,6.73453089238126,0.036964890771179704,7053,103264,110317,0.06393393583944451,Mississippi,Jackson County,143387,0.001745054958341541,546,3.8078765857434775,28
28059,Jackson County,MS,"Gulfport-Biloxi, MS",2020,888.933069375386,12,6.790021945137907,0.05549105275664701,7991,104739,112730,0.07088618823738135,Mississippi,Jackson County,143802,0.0028900848490742703,546,3.796887386823549,28
28059,Jackson County,MS,"Gulfport-Biloxi, MS",2021,989.5010822213139,12,6.897200858747241,0.10717891360933418,7811,101288,109099,0.07159552333201954,Mississippi,Jackson County,144459,0.004558376871230507,546,3.7796191306875997,28
28059,Jackson County,MS,"Gulfport-Biloxi, MS",2022,1111.4911423169513,12,7.013457764246947,0.11625690549970624,7421,103130,110551,0.06712738916879991,Mississippi,Jackson County,144963,0.003482807177460856,546,3.766478342749529,28
28089,Madison County,MS,"Jackson, MS",2021,1258.4751278736587,12,7.137656051069513,0.07995126935340124,6895,82856,89751,0.07682365656092968,Mississippi,Madison County,109991,0.028776044607372597,633,5.755016319517051,28
28089,Madison County,MS,"Jackson, MS",2022,1366.002203916908,12,7.219643653538591,0.08198760246907799,6515,84829,91344,0.07132378700297776,Mississippi,Madison County,111271,0.011570123014294609,633,5.688813796946195,28
28121,Rankin County,MS,"Jackson, MS",2019,1136.894887835432,12,7.036056042542518,0.03667485370466306,7246,113486,120732,0.06001722824106285,Mississippi,Rankin County,155342,0.006879449906193713,294,1.8925982670494779,28
28121,Rankin County,MS,"Jackson, MS",2020,1173.8840220492223,12,7.068073206793654,0.03201716425113599,8058,115229,123287,0.06535968918052998,Mississippi,Rankin County,155975,0.0040666001043252464,294,1.8849174547203076,28
28121,Rankin County,MS,"Jackson, MS",2021,1258.4199119744035,12,7.137612174866183,0.06953896807252846,8112,111751,119863,0.0676772648774017,Mississippi,Rankin County,158123,0.013677473183600242,294,1.8593120545398203,28
28121,Rankin County,MS,"Jackson, MS",2022,1381.1827291893042,12,7.230695461230668,0.09308328636448504,7693,113513,121206,0.06347045525799053,Mississippi,Rankin County,158978,0.005392616686616947,294,1.8493124834882815,28
29019,Boone County,MO,"Columbia, MO",2019,871.6174097915565,12,6.77035057739089,0.02572848067188982,7740,122641,130381,0.059364477953075985,Missouri,Boone County,181084,0.008401476828543863,921,5.086037419098319,29
29019,Boone County,MO,"Columbia, MO",2020,903.2225191943327,12,6.805968945202155,0.035618367811264484,8784,124389,133173,0.06595931607758329,Missouri,Boone County,182991,0.010475959296257997,921,5.033034411528436,29
29019,Boone County,MO,"Columbia, MO",2021,969.541070277353,12,6.876822836113817,0.07085389091166228,8525,121537,130062,0.06554566283772355,Missouri,Boone County,186115,0.016927790922865782,921,4.948553313811353,29
29019,Boone County,MO,"Columbia, MO",2022,1095.1825251703733,12,6.998676318012733,0.1218534818989161,8774,125341,134115,0.06542146665175409,Missouri,Boone County,187721,0.008592055767891793,921,4.9062172053206625,29
29037,Cass County,MO,"Kansas City, MO-KS",2019,1188.7833108840707,12,7.080685635241189,0.040597415192507036,6474,83369,89843,0.07205903631891188,Missouri,Cass County,105731,0.009292934742960668,1108,10.47942419914689,29
29037,Cass County,MO,"Kansas City, MO-KS",2020,1239.2373068982931,12,7.122251394280783,0.04156575903959325,7766,85362,93128,0.08339060218194314,Missouri,Cass County,106806,0.010115971970110493,1108,10.373949029080762,29
29037,Cass County,MO,"Kansas City, MO-KS",2021,1338.6576200315594,12,7.1994226147360685,0.0771712204552859,7240,82695,89935,0.08050258520042253,Missouri,Cass County,109780,0.027464258398392616,1108,10.092913098925123,29
29037,Cass County,MO,"Kansas City, MO-KS",2022,1455.504568132246,12,7.283107901712011,0.08368528697594257,7056,85042,92098,0.0766140415644205,Missouri,Cass County,110357,0.0052422020956246485,1108,10.040142446786339,29
29043,Christian County,MO,"Springfield, MO",2022,1241.9590412874102,12,7.124445283920177,0.10989632399490734,7227,71372,78599,0.09194773470400387,Missouri,Christian County,93122,0.01630453250001196,638,6.85122742209145,29
29047,Clay County,MO,"Kansas City, MO-KS",2019,1025.8044341569919,12,6.933232397578885,0.034756579145786226,16128,194952,211080,0.07640704945992041,Missouri,Clay County,250522,0.014976552749201844,367,1.464941202768619,29
29047,Clay County,MO,"Kansas City, MO-KS",2020,1075.450332912751,12,6.980494767179092,0.047262369600207244,17251,199226,216477,0.07968975918919793,Missouri,Clay County,253463,0.011671114751155898,367,1.447943092285659,29
29047,Clay County,MO,"Kansas City, MO-KS",2021,1165.4048764906731,12,7.060823839092422,0.08032907191333027,15748,192853,208601,0.07549340607187885,Missouri,Clay County,255871,0.009455555455099685,367,1.4343165110543985,29
29047,Clay County,MO,"Kansas City, MO-KS",2022,1273.0235973664073,12,7.149150135201318,0.08832629610889597,15868,197113,212981,0.07450429850550049,Missouri,Clay County,256930,0.0041302630278128305,367,1.4284046238275017,29
29077,Greene County,MO,"Springfield, MO",2019,804.2697189119468,12,6.689934684204573,0.05776078651102701,13979,205684,219663,0.0636383915361258,Missouri,Greene County,293499,0.007074392375603367,1327,4.521310123714221,29
29077,Greene County,MO,"Springfield, MO",2020,855.1831873106831,12,6.751315700152157,0.061381015947583606,15228,210248,225476,0.06753712146747326,Missouri,Greene County,294997,0.005090954689261906,1327,4.498350830686413,29
29077,Greene County,MO,"Springfield, MO",2021,968.9987318282051,12,6.876263303147088,0.12494760299493102,15720,204575,220295,0.07135885971084228,Missouri,Greene County,301098,0.020470606357520182,1327,4.407202970461444,29
29077,Greene County,MO,"Springfield, MO",2022,1074.4926951462269,12,6.979603917684609,0.10334061453752152,15361,210724,226085,0.06794347258774355,Missouri,Greene County,303197,0.006946966106058383,1327,4.376692381520925,29
29095,Jackson County,MO,"Kansas City, MO-KS",2019,964.3501845032009,12,6.871454490579685,0.04227338683775983,30356,508438,538794,0.0563406422491713,Missouri,Jackson County,704350,0.003614104473001589,4767,6.767942074252857,29
29095,Jackson County,MO,"Kansas City, MO-KS",2020,1015.6935273314489,12,6.923326936306709,0.05187244572702365,32542,518045,550587,0.05910419243461978,Missouri,Jackson County,705925,0.0022336078492593003,4767,6.7528420157948785,29
29095,Jackson County,MO,"Kansas City, MO-KS",2021,1096.4354084003605,12,6.999819659055238,0.07649272274852947,32095,497969,530064,0.0605492921609466,Missouri,Jackson County,717875,0.016786459628885808,4767,6.640431830053979,29
29095,Jackson County,MO,"Kansas City, MO-KS",2022,1195.71912000095,12,7.086503057431582,0.08668339837634331,31498,506693,538191,0.058525690693452696,Missouri,Jackson County,716218,-0.0023108692914348694,4767,6.655794744058373,29
29099,Jefferson County,MO,"St. Louis, MO-IL",2019,911.6875952172649,12,6.815297382287109,0.04133255502716793,9397,179207,188604,0.049823969799155904,Missouri,Jefferson County,225402,0.0033151313084864853,833,3.6956193822592525,29
29099,Jefferson County,MO,"St. Louis, MO-IL",2020,950.4897176827377,12,6.856977344071694,0.04167996178458555,10928,182347,193275,0.05654119777519079,Missouri,Jefferson County,226543,0.0050492976985587745,833,3.6770061312863342,29
29099,Jefferson County,MO,"St. Louis, MO-IL",2021,1018.4725190352316,12,6.926059253501403,0.06908190942970904,10460,175307,185767,0.05630709437090549,Missouri,Jefferson County,227993,0.006380154349415079,833,3.653620944502682,29
29099,Jefferson County,MO,"St. Louis, MO-IL",2022,1122.8813820692928,12,7.023653323219553,0.09759406971814943,10447,181026,191473,0.05456121750847378,Missouri,Jefferson County,229220,0.005367314339807194,833,3.634063345257831,29
29101,Johnson County,MO,"Warrensburg, MO",2019,717.3195687364769,12,6.575521443865071,0.03973623643231239,3793,36262,40055,0.09469479465734615,Missouri,Johnson County,54187,0.008692886397815514,43,0.7935482680347684,29
29101,Johnson County,MO,"Warrensburg, MO",2020,746.1167036567967,12,6.614882027186648,0.0393605833215771,4138,37473,41611,0.09944485833072986,Missouri,Johnson County,54219,0.0005903732437211318,43,0.7930799166343901,29
29101,Johnson County,MO,"Warrensburg, MO",2021,805.5420244966986,12,6.691515373194915,0.07663334600826666,3959,36464,40423,0.09793929198723499,Missouri,Johnson County,54194,-0.00046119931084120935,43,0.7934457689043067,29
29101,Johnson County,MO,"Warrensburg, MO",2022,866.9203734346374,12,6.764947131080314,0.07343175788539913,4000,37681,41681,0.09596698735634941,Missouri,Johnson County,54449,0.0046942825266427235,43,0.7897298389318445,29
29165,Platte County,MO,"Kansas City, MO-KS",2019,1117.5682485385034,12,7.01891039714055,0.03252527620236645,9034,79903,88937,0.10157752116666854,Missouri,Platte County,104726,0.017074842197217777,431,4.115501403662892,29
29165,Platte County,MO,"Kansas City, MO-KS",2020,1164.5276321896129,12,7.0600708178446006,0.04116042070405079,9931,81978,91909,0.10805253022010902,Missouri,Platte County,106532,0.017097993895291097,431,4.045732737581196,29
29165,Platte County,MO,"Kansas City, MO-KS",2021,1250.7969997914706,12,7.131536226949111,0.07146540910451016,9384,79895,89279,0.10510870417455392,Missouri,Platte County,108744,0.020551086531813922,431,3.963437063194291,29
29165,Platte County,MO,"Kansas City, MO-KS",2022,1364.3114224254894,12,7.218405127904585,0.08686890095547461,9333,82629,91962,0.10148757095321981,Missouri,Platte County,110570,0.01665230852136368,431,3.897983178077236,29
29183,Saint Charles County,MO,"St. Louis, MO-IL",2019,1131.798541131779,12,7.031563275727012,0.029701705259107314,19015,332004,351019,0.0541708568482048,Missouri,St. Charles County,401625,0.007419927804342308,2896,7.210706504824152,29
29183,Saint Charles County,MO,"St. Louis, MO-IL",2020,1172.5809480825646,12,7.066962536813748,0.03539926108673619,20875,335779,356654,0.05853011602281202,Missouri,St. Charles County,406204,0.011336679027605712,2896,7.1294226546267385,29
29183,Saint Charles County,MO,"St. Louis, MO-IL",2021,1275.4227568577105,12,7.151032976640061,0.08407043982631279,19830,323861,343691,0.05769717566069522,Missouri,St. Charles County,410465,0.010435166918092875,2896,7.055412763573021,29
29183,Saint Charles County,MO,"St. Louis, MO-IL",2022,1417.0826528743557,12,7.256355567470426,0.10532259083036521,19261,333963,353224,0.05452913731796254,Missouri,St. Charles County,413798,0.008087268665262215,2896,6.998583850091107,29
29189,Saint Louis County,MO,"St. Louis, MO-IL",2019,990.3531032693762,12,6.89806154950609,0.035548453011078784,41881,793465,835346,0.05013611126407501,Missouri,St. Louis County,995467,-0.00043487715405987615,1232,1.237610086522205,29
29189,Saint Louis County,MO,"St. Louis, MO-IL",2020,1031.5593261329966,12,6.938826845285914,0.04076529577982413,44293,794338,838631,0.052815839147372326,Missouri,St. Louis County,994020,-0.0014546466050333606,1232,1.2394116818575078,29
29189,Saint Louis County,MO,"St. Louis, MO-IL",2021,1117.0749229604105,12,7.018468871985752,0.07964202669983855,41281,748750,790031,0.05225237996989991,Missouri,St. Louis County,998439,0.0044357321737429345,1232,1.2339261587337835,29
29189,Saint Louis County,MO,"St. Louis, MO-IL",2022,1222.38222698513,12,7.108556878863764,0.09008800687801166,39409,766239,805648,0.04891590371973865,Missouri,St. Louis County,990791,-0.007689445347129009,1232,1.2434509397037317,29
29510,Saint Louis City,MO,"St. Louis, MO-IL",2019,969.2204569177717,12,6.8764920957334175,0.034957653040033065,19329,180235,199564,0.09685614639915015,Missouri,St. Louis city,300887,-0.009177168624914245,422,1.4025198828796193,29
29510,Saint Louis City,MO,"St. Louis, MO-IL",2020,1016.2967751276827,12,6.923920686988714,0.047428591255296304,19734,178924,198658,0.09933654823868156,Missouri,St. Louis city,297645,-0.010833277775200045,422,1.4177963681566967,29
29510,Saint Louis City,MO,"St. Louis, MO-IL",2021,1076.136555232315,12,6.981132642736536,0.057211955747821897,18094,169523,187617,0.09644115405320414,Missouri,St. Louis city,293622,-0.013608275392108737,422,1.4372220065253967,29
29510,Saint Louis City,MO,"St. Louis, MO-IL",2022,1179.5878991136055,12,7.072920418422587,0.09178777568605145,17779,169376,187155,0.09499612620555155,Missouri,St. Louis city,286193,-0.02562681741066264,422,1.474529425946826,29
30013,Cascade County,MT,"Great Falls, MT",2019,796.5328315259558,12,6.680268348244417,0.028984038350428065,4217,62246,66463,0.06344883619457442,Montana,Cascade County,81393,-0.004449927354821526,151,1.8551963928101924,30
30013,Cascade County,MT,"Great Falls, MT",2020,828.3110146584386,12,6.719388705425302,0.03912035718088447,4636,63594,68230,0.06794665103326983,Montana,Cascade County,81346,-0.0005776120205567281,151,1.8562682860865931,30
30013,Cascade County,MT,"Great Falls, MT",2021,933.7952490008162,12,6.839257194711531,0.11986848928622962,4749,61723,66472,0.07144361535684197,Montana,Cascade County,84551,0.038643240391605715,151,1.7859043654125912,30
30013,Cascade County,MT,"Great Falls, MT",2022,1091.7873315659233,12,6.995571386025094,0.1563141913135624,4493,63221,67714,0.06635260064388457,Montana,Cascade County,85001,0.005308118531235806,151,1.7764496888271901,30
30031,Gallatin County,MT,"Bozeman, MT",2022,2102.198129781568,12,7.650738804740665,0.12823024667673177,7352,88618,95970,0.07660727310617901,Montana,Gallatin County,124938,0.014836828148881764,2038,16.312090797035328,30
30063,Missoula County,MT,"Missoula, MT",2019,927.4613316219933,12,6.832451102638905,0.04827733312649496,6083,85209,91292,0.06663234456469351,Montana,Missoula County,120066,0.00926269565786697,789,6.571385737844186,30
30063,Missoula County,MT,"Missoula, MT",2020,991.316838960316,12,6.899034199639576,0.06658309700067111,6875,87816,94691,0.07260457699253361,Montana,Missoula County,121630,0.012942058042863636,789,6.486886458932829,30
30063,Missoula County,MT,"Missoula, MT",2021,1197.6238058067943,12,7.08809471083604,0.1890605111964634,6471,85935,92406,0.07002792026491786,Montana,Missoula County,119841,-0.01481778543697132,789,6.583723433549453,30
30063,Missoula County,MT,"Missoula, MT",2022,1346.3121711753056,12,7.205124408407301,0.11702969757126169,6023,88727,94750,0.06356728232189973,Montana,Missoula County,121011,0.009715586362295525,789,6.520068423531745,30
30111,Yellowstone County,MT,"Billings, MT",2019,932.1383624651036,12,6.837481261247438,0.031376569920723796,6646,126147,132793,0.05004781878562876,Montana,Yellowstone County,161349,0.00765867735757908,1397,8.658250128603214,30
30111,Yellowstone County,MT,"Billings, MT",2020,982.6127854042247,12,6.890215131459609,0.052733870212170686,7596,130084,137680,0.055171411969785006,Montana,Yellowstone County,162990,0.010119128459624704,1397,8.571077980244185,30
30111,Yellowstone County,MT,"Billings, MT",2021,1099.1423773899144,12,7.002285497777679,0.11207036631807021,8105,126639,134744,0.060151101347740904,Montana,Yellowstone County,167438,0.02692428425770288,1397,8.343386805862469,30
30111,Yellowstone County,MT,"Billings, MT",2022,1239.8980209781892,12,7.122784414070472,0.12049891629279319,7556,130299,137855,0.054811214682093504,Montana,Yellowstone County,169870,0.01442030514197512,1397,8.22393595102137,30
31055,Douglas County,NE,"Omaha-Council Bluffs, NE-IA",2019,998.0087863980883,12,6.90576208027881,0.034453384840126944,22881,453649,476530,0.048015864688477114,Nebraska,Douglas County,570860,0.007626315885191914,3240,5.675647269032687,31
31055,Douglas County,NE,"Omaha-Council Bluffs, NE-IA",2020,1042.2451982621867,12,6.949132509661962,0.0433704293831525,24146,470162,494308,0.04884808661806,Nebraska,Douglas County,574332,0.006063630619303595,3240,5.641336369904515,31
31055,Douglas County,NE,"Omaha-Council Bluffs, NE-IA",2021,1106.424296484612,12,7.008888740055755,0.059756230393793075,22440,447376,469816,0.04776337970609771,Nebraska,Douglas County,585452,0.019176572139574688,3240,5.534185552359544,31
31055,Douglas County,NE,"Omaha-Council Bluffs, NE-IA",2022,1205.2261317804043,12,7.094422489547141,0.08553374949138615,22897,457242,480139,0.04768827360410215,Nebraska,Douglas County,586106,0.0011164621263883845,3240,5.528010291653728,31
31109,Lancaster County,NE,"Lincoln, NE",2019,956.4042129798828,12,6.863180640614077,0.023225260960344052,9868,244547,254415,0.03878702120551068,Nebraska,Lancaster County,318403,0.0063991396340785656,1968,6.180846285996049,31
31109,Lancaster County,NE,"Lincoln, NE",2020,989.50788671181,12,6.897207735411878,0.03402709479780075,10941,253532,264473,0.041369062248320244,Nebraska,Lancaster County,320650,0.007032309558479,1968,6.137533135817869,31
31109,Lancaster County,NE,"Lincoln, NE",2021,1049.9098065295575,12,6.956459540918799,0.05925180550692133,10428,243785,254213,0.04102071884600709,Nebraska,Lancaster County,323404,0.008552130055441864,1968,6.085267962053654,31
31109,Lancaster County,NE,"Lincoln, NE",2022,1138.445196370679,12,7.037418747648374,0.0809592067295748,10712,249610,260322,0.04114903849847497,Nebraska,Lancaster County,324434,0.00317980997680678,1968,6.0659486983485085,31
31153,Sarpy County,NE,"Omaha-Council Bluffs, NE-IA",2019,1006.7343215917182,12,6.914467026321715,0.0400964423670116,14267,153133,167400,0.08522700119474313,Nebraska,Sarpy County,186893,0.015024581885489496,1650,8.828581059750768,31
31153,Sarpy County,NE,"Omaha-Council Bluffs, NE-IA",2020,1054.0096955422732,12,6.96035692786571,0.04588990154399486,16075,157859,173934,0.09242011337633815,Nebraska,Sarpy County,188856,0.010448559324183648,1650,8.736815351378828,31
31153,Sarpy County,NE,"Omaha-Council Bluffs, NE-IA",2021,1133.8859750512504,12,7.0334059281309065,0.0730490002651969,15378,152603,167981,0.09154606771003863,Nebraska,Sarpy County,193826,0.025976029484098717,1650,8.512789821798933,31
31153,Sarpy County,NE,"Omaha-Council Bluffs, NE-IA",2022,1235.0148210013358,12,7.118838249800866,0.08543232166995995,15200,158433,173633,0.08754096283540572,Nebraska,Sarpy County,196427,0.013330011628468696,1650,8.400067200537604,31
32003,Clark County,NV,"Las Vegas-Henderson-Paradise, NV",2019,1246.5769904913761,12,7.128156666392255,0.062034153035734896,94105,1671902,1766007,0.05328687825133196,Nevada,Clark County,2275884,0.02082895299420251,14100,6.195394844376954,32
32003,Clark County,NV,"Las Vegas-Henderson-Paradise, NV",2020,1298.7817680414794,12,7.169182002588956,0.04102533619670101,99571,1723005,1822576,0.054632015345313444,Nevada,Clark County,2315963,0.017457035405595178,14100,6.088180165227165,32
32003,Clark County,NV,"Las Vegas-Henderson-Paradise, NV",2021,1518.881345077074,12,7.325729385704751,0.15654738311579486,97487,1667151,1764638,0.05524475841504037,Nevada,Clark County,2295310,-0.008957673119498466,14100,6.142961081509687,32
32003,Clark County,NV,"Las Vegas-Henderson-Paradise, NV",2022,1690.1019799185349,12,7.432544149243607,0.1068147635388561,95621,1721616,1817237,0.052618893407959444,Nevada,Clark County,2322535,0.011791350916757537,14100,6.070952644416553,32
32019,Lyon County,NV,"Fernley, NV",2022,1513.2992845587903,12,7.3220475029239465,0.05575917522983165,5504,46109,51613,0.1066398000503749,Nevada,Lyon County,61628,0.010881997276211308,329,5.338482507950932,32
32031,Washoe County,NV,"Reno, NV",2019,1361.8714702687334,12,7.216615113878166,0.05660531829693127,21605,364053,385658,0.05602113789938235,Nevada,Washoe County,472381,0.016624109863201397,4489,9.502922429140884,32
32031,Washoe County,NV,"Reno, NV",2020,1421.6371172128472,12,7.2595643859627685,0.042949272084602974,23802,375696,399498,0.05957977261463136,Nevada,Washoe County,477082,0.009902520508767054,4489,9.409283938610134,32
32031,Washoe County,NV,"Reno, NV",2021,1607.880707535789,12,7.382672260131078,0.12310787416830937,22809,364554,387363,0.05888275338635853,Nevada,Washoe County,494300,0.035454236442204135,4489,9.081529435565447,32
32031,Washoe County,NV,"Reno, NV",2022,1698.2298002659238,12,7.437341693559879,0.05466943342880093,21241,375931,397172,0.05348060789783771,Nevada,Washoe County,496980,0.005407163525314118,4489,9.032556642118395,32
33011,Hillsborough County,NH,"Manchester-Nashua, NH",2019,1352.5037431985527,12,7.209712778331263,0.052051479318762084,18294,337338,355632,0.05144081522472668,New Hampshire,Hillsborough County,417738,0.006775941520707818,868,2.077857413019644,33
33011,Hillsborough County,NH,"Manchester-Nashua, NH",2020,1425.7613493565439,12,7.262461230276082,0.0527484519448187,19975,341651,361626,0.05523662568510008,New Hampshire,Hillsborough County,418735,0.002383819853429614,868,2.0729100743907245,33
33011,Hillsborough County,NH,"Manchester-Nashua, NH",2021,1615.8454106429465,12,7.387613572774316,0.12515234249823415,19687,327805,347492,0.056654541687290644,New Hampshire,Hillsborough County,424413,0.01346877614825992,868,2.0451776924835006,33
33011,Hillsborough County,NH,"Manchester-Nashua, NH",2022,1816.0177986775564,12,7.504401360147106,0.11678778737278961,18903,337405,356308,0.053052415326066214,New Hampshire,Hillsborough County,427493,0.007230876223319527,868,2.030442603738541,33
33015,Rockingham County,NH,"Boston-Cambridge-Newton, MA-NH",2019,1727.9996869035378,12,7.454719768173902,0.05000251421780799,16406,263381,279787,0.058637463499018896,New Hampshire,Rockingham County,309647,0.0041098785407722715,1166,3.765578222944191,33
33015,Rockingham County,NH,"Boston-Cambridge-Newton, MA-NH",2020,1807.7943825180857,12,7.499862808001415,0.04514303982751322,18602,265368,283970,0.0655069197450435,New Hampshire,Rockingham County,311307,0.005346624563008717,1166,3.7454988162810343,33
33015,Rockingham County,NH,"Boston-Cambridge-Newton, MA-NH",2021,1986.8611516933788,12,7.594311361747542,0.09444855374612704,17447,255463,272910,0.06392950056795281,New Hampshire,Rockingham County,318260,0.02208909523971414,1166,3.663671212216427,33
33015,Rockingham County,NH,"Boston-Cambridge-Newton, MA-NH",2022,2226.8045209123707,12,7.708322886535588,0.11401152478804555,16212,264456,280668,0.05776219590405746,New Hampshire,Rockingham County,319633,0.004304803847331229,1166,3.6479337239897007,33
33017,Strafford County,NH,"Boston-Cambridge-Newton, MA-NH",2019,1292.641491039212,12,7.164443071214466,0.059232809344386794,6478,95016,101494,0.06382643308964077,New Hampshire,Strafford County,130716,0.005169555687761118,317,2.4251048073686468,33
33017,Strafford County,NH,"Boston-Cambridge-Newton, MA-NH",2020,1377.1657705360997,12,7.227782876766951,0.0633398055524852,7258,96539,103797,0.06992494966135823,New Hampshire,Strafford County,131533,0.006230739817025821,317,2.4100415865220137,33
33017,Strafford County,NH,"Boston-Cambridge-Newton, MA-NH",2021,1525.662799358106,12,7.3301842171504035,0.1024013403834525,6839,93757,100596,0.0679848105292457,New Hampshire,Strafford County,131534,7.60262594567962e-06,317,2.4100232639469645,33
33017,Strafford County,NH,"Boston-Cambridge-Newton, MA-NH",2022,1729.33430586058,12,7.455491819139258,0.1253076019888546,6646,96786,103432,0.06425477608477068,New Hampshire,Strafford County,132571,0.007852977635760539,317,2.3911715231838033,33
34001,Atlantic County,NJ,"Atlantic City-Hammonton, NJ",2019,1169.4052242110856,12,7.06425054316026,0.03223760509320073,8008,212560,220568,0.03630626382793515,New Jersey,Atlantic County,263653,-0.001292530981789497,667,2.5298403583498006,34
34001,Atlantic County,NJ,"Atlantic City-Hammonton, NJ",2020,1234.4246487373828,12,7.118360269042544,0.05410972588228358,9292,214877,224169,0.04145086965637532,New Jersey,Atlantic County,262945,-0.0026889598008335014,667,2.5366521515906366,34
34001,Atlantic County,NJ,"Atlantic City-Hammonton, NJ",2021,1428.1237772965712,12,7.264116817922253,0.14575654887970924,9470,205308,214778,0.04409203922189423,New Jersey,Atlantic County,274956,0.04466620003250732,667,2.425842680283391,34
34001,Atlantic County,NJ,"Atlantic City-Hammonton, NJ",2022,1682.4751536393517,12,7.42802129388494,0.16390447596268665,8770,210786,219556,0.03994425112499772,New Jersey,Atlantic County,275382,0.001548139816200944,667,2.4220900421959315,34
34003,Bergen County,NJ,"New York-Newark-Jersey City, NY-NJ-PA",2019,2043.1432748611612,12,7.622244722001905,0.03350725671607169,35648,785335,820983,0.04342111834227993,New Jersey,Bergen County,932256,-0.0006873431029372767,3380,3.625613565372601,34
34003,Bergen County,NJ,"New York-Newark-Jersey City, NY-NJ-PA",2020,2078.119340552809,12,7.639218600497501,0.016973878495596395,40878,785840,826718,0.04944612310364598,New Jersey,Bergen County,930394,-0.0019993027356015602,3380,3.6328695154955857,34
34003,Bergen County,NJ,"New York-Newark-Jersey City, NY-NJ-PA",2021,2192.5771903521045,12,7.692832930172602,0.05361432967510105,40267,740967,781234,0.051542815596863426,New Jersey,Bergen County,955383,0.026504154858795204,3380,3.537848171884993,34
34003,Bergen County,NJ,"New York-Newark-Jersey City, NY-NJ-PA",2022,2412.098625450827,12,7.788252446501517,0.09541951632891443,39386,764453,803839,0.048997373852226626,New Jersey,Bergen County,953540,-0.0019309323347620477,3380,3.5446861169956163,34
34005,Burlington County,NJ,"Philadelphia-Camden-Wilmington, PA-NJ-DE-MD",2019,1403.0265828377542,12,7.2463870270632045,0.03578939368334755,21358,364970,386328,0.05528462860574434,New Jersey,Burlington County,446160,0.001639769364125243,1749,3.920118343195267,34
34005,Burlington County,NJ,"Philadelphia-Camden-Wilmington, PA-NJ-DE-MD",2020,1464.1162595458309,12,7.289007103626352,0.04262007656314726,22638,367761,390399,0.05798682885970507,New Jersey,Burlington County,446596,0.0009767507239679674,1749,3.9162912341355502,34
34005,Burlington County,NJ,"Philadelphia-Camden-Wilmington, PA-NJ-DE-MD",2021,1644.4832908351361,12,7.4051815049421235,0.11617440131577172,24029,349987,374016,0.06424591461327858,New Jersey,Burlington County,464479,0.039261964523506165,1749,3.7655093125846375,34
34005,Burlington County,NJ,"Philadelphia-Camden-Wilmington, PA-NJ-DE-MD",2022,1835.9670373209144,12,7.515326617490356,0.11014511254823223,22999,360940,383939,0.05990274496729949,New Jersey,Burlington County,466101,0.0034860015099678066,1749,3.7524055944956136,34
34007,Camden County,NJ,"Philadelphia-Camden-Wilmington, PA-NJ-DE-MD",2019,1279.5100740166579,12,7.15423252896991,0.03296386604462409,20168,396461,416629,0.04840757604487446,New Jersey,Camden County,506503,-0.0003592620559214055,895,1.767018161787788,34
34007,Camden County,NJ,"Philadelphia-Camden-Wilmington, PA-NJ-DE-MD",2020,1343.602879411713,12,7.203110000793085,0.048877471823175256,22278,399082,421360,0.052871653692804256,New Jersey,Camden County,506809,0.0006039601017295837,895,1.7659512755298346,34
34007,Camden County,NJ,"Philadelphia-Camden-Wilmington, PA-NJ-DE-MD",2021,1520.136221733328,12,7.32655522938613,0.1234452285930443,22034,380678,402712,0.05471403881682195,New Jersey,Camden County,524093,0.0335349427152849,895,1.7077121808533982,34
34007,Camden County,NJ,"Philadelphia-Camden-Wilmington, PA-NJ-DE-MD",2022,1711.7139622006173,12,7.4452504645887325,0.11869523520260294,21467,392155,413622,0.051900044001527965,New Jersey,Camden County,524649,0.0010603180803112622,895,1.7059024223814399,34
34013,Essex County,NJ,"New York-Newark-Jersey City, NY-NJ-PA",2019,1536.8911415453933,12,7.337516915750857,0.050401095705469245,34463,601659,636122,0.054176714529602814,New Jersey,Essex County,802162,0.002036574169057559,2705,3.3721368002971968,34
34013,Essex County,NJ,"New York-Newark-Jersey City, NY-NJ-PA",2020,1599.9126946966546,12,7.377704340924513,0.04018742517365581,36113,602334,638447,0.05656381813995524,New Jersey,Essex County,800501,-0.0020728008255108676,2705,3.379133817446824,34
34013,Essex County,NJ,"New York-Newark-Jersey City, NY-NJ-PA",2021,1703.3279602610946,12,7.4403392400791235,0.0626348991546104,34938,574243,609181,0.057352412501374794,New Jersey,Essex County,854233,0.06496620864464475,2705,3.1665833560632755,34
34013,Essex County,NJ,"New York-Newark-Jersey City, NY-NJ-PA",2022,1883.0673465737264,12,7.540657293590456,0.10031805351133283,33498,588598,622096,0.05384699467606286,New Jersey,Essex County,849724,-0.005292399426231498,2705,3.1833866055330904,34
34015,Gloucester County,NJ,"Philadelphia-Camden-Wilmington, PA-NJ-DE-MD",2019,1442.6003218975754,12,7.274202543206644,0.037330362474485845,12389,235544,247933,0.04996914488995011,New Jersey,Gloucester County,291842,0.00030157849151457583,709,2.429396728366719,34
34015,Gloucester County,NJ,"Philadelphia-Camden-Wilmington, PA-NJ-DE-MD",2020,1511.3285212784047,12,7.320744358414413,0.04654181520776923,14448,237500,251948,0.05734516646292092,New Jersey,Gloucester County,293245,0.004795877157187434,709,2.417773534075602,34
34015,Gloucester County,NJ,"Philadelphia-Camden-Wilmington, PA-NJ-DE-MD",2021,1706.5142022615544,12,7.442208090762499,0.1214637323480856,14101,227371,241472,0.05839600450569838,New Jersey,Gloucester County,304592,0.03796473907358511,709,2.327703944949309,34
34015,Gloucester County,NJ,"Philadelphia-Camden-Wilmington, PA-NJ-DE-MD",2022,1903.2249063215784,12,7.551305045452919,0.10909695469042013,13295,234714,248009,0.053606925555120984,New Jersey,Gloucester County,306767,0.007115325614874379,709,2.3112003572744135,34
34017,Hudson County,NJ,"New York-Newark-Jersey City, NY-NJ-PA",2019,2242.514410919359,12,7.715353020186265,0.029473956125300127,37801,497268,535069,0.07064696328884686,New Jersey,Hudson County,674030,0.0024360909835756672,6950,10.311113748646202,34
34017,Hudson County,NJ,"New York-Newark-Jersey City, NY-NJ-PA",2020,2233.3830215551066,10,7.711272764920965,-0.004080255265299648,38565,495591,534156,0.0721980095702379,New Jersey,Hudson County,671666,-0.003513427151155213,6950,10.347404811319912,34
34017,Hudson County,NJ,"New York-Newark-Jersey City, NY-NJ-PA",2021,2254.5022938981224,12,7.720684515335948,0.009411750414982656,39153,469444,508597,0.07698236521253567,New Jersey,Hudson County,703448,0.04623276453254377,6950,9.87990583525719,34
34017,Hudson County,NJ,"New York-Newark-Jersey City, NY-NJ-PA",2022,2578.921295169279,12,7.855126487838814,0.1344419725028665,41134,478824,519958,0.07911023582673986,New Jersey,Hudson County,702381,-0.001517965847742886,6950,9.894914583395622,34
34019,Hunterdon County,NJ,"New York-Newark-Jersey City, NY-NJ-PA",2019,1731.7796880085907,12,7.45690488011283,0.036261022881245,5524,108303,113827,0.048529786430284556,New Jersey,Hunterdon County,125201,-0.0005110474187546288,319,2.54790297202099,34
34019,Hunterdon County,NJ,"New York-Newark-Jersey City, NY-NJ-PA",2020,1798.5245498000268,12,7.494721913195436,0.03781703308260553,6968,107723,114691,0.06075454917997053,New Jersey,Hunterdon County,124797,-0.0032320286696876366,319,2.5561511895317994,34
34019,Hunterdon County,NJ,"New York-Newark-Jersey City, NY-NJ-PA",2021,1972.1563235589135,12,7.586882803602354,0.09216089040691777,7217,101603,108820,0.06632052931446425,New Jersey,Hunterdon County,129671,0.03831205623020928,319,2.4600720284412088,34
34019,Hunterdon County,NJ,"New York-Newark-Jersey City, NY-NJ-PA",2022,2187.3305568778615,12,7.690437155518634,0.10355435191628004,6508,105665,112173,0.0580175264992467,New Jersey,Hunterdon County,129805,0.0010328509142460973,319,2.457532452524941,34
34021,Mercer County,NJ,"Trenton-Princeton, NJ",2019,1754.822712573613,12,7.470123112320683,0.025894897602170452,15046,284685,299731,0.050198344515582305,New Jersey,Mercer County,368047,-0.0018269010071900738,832,2.2605808497284317,34
34021,Mercer County,NJ,"Trenton-Princeton, NJ",2020,1822.6511076121496,12,7.508047372715822,0.03792426039513952,15892,285609,301501,0.052709609586701206,New Jersey,Mercer County,367239,-0.002197785148192466,832,2.265554584344255,34
34021,Mercer County,NJ,"Trenton-Princeton, NJ",2021,1971.2235025618781,12,7.586409696239855,0.07836232352403272,15925,272454,288379,0.0552224676554118,New Jersey,Mercer County,382172,0.03985790679239187,832,2.1770302376940225,34
34021,Mercer County,NJ,"Trenton-Princeton, NJ",2022,2205.8455247551065,12,7.698866172318564,0.11245647607870879,14847,281868,296715,0.050037915171123805,New Jersey,Mercer County,380779,-0.0036516147115310815,832,2.1849944455970522,34
34023,Middlesex County,NJ,"New York-Newark-Jersey City, NY-NJ-PA",2019,1813.4093916017025,12,7.502963994200256,0.0187933110018097,37895,691134,729029,0.05198009955708209,New Jersey,Middlesex County,824394,-0.001555084912777005,2757,3.344274703600463,34
34023,Middlesex County,NJ,"New York-Newark-Jersey City, NY-NJ-PA",2020,1854.665780913116,12,7.525459786794116,0.02249579259386003,40633,690802,731435,0.05555244143362021,New Jersey,Middlesex County,822736,-0.0020131993952947624,2757,3.3510141770871824,34
34023,Middlesex County,NJ,"New York-Newark-Jersey City, NY-NJ-PA",2021,1969.3657526230636,12,7.58546681691083,0.060007030116714155,40264,653148,693412,0.058066488609946176,New Jersey,Middlesex County,862364,0.04704208373896712,2757,3.1970258498731394,34
34023,Middlesex County,NJ,"New York-Newark-Jersey City, NY-NJ-PA",2022,2245.3532616968937,12,7.7166181426734965,0.13115132576266664,38495,674196,712691,0.05401359074269214,New Jersey,Middlesex County,861094,-0.0014737814671121896,2757,3.2017410410477836,34
34025,Monmouth County,NJ,"New York-Newark-Jersey City, NY-NJ-PA",2019,1848.796323047778,12,7.522290070126399,0.03671077044208104,22568,528033,550601,0.04098793863432867,New Jersey,Monmouth County,619687,-0.001889491157420764,2638,4.256987801906446,34
34025,Monmouth County,NJ,"New York-Newark-Jersey City, NY-NJ-PA",2020,1946.3834812244547,12,7.57372830459835,0.05143823447195128,27301,527217,554518,0.04923374894953816,New Jersey,Monmouth County,618381,-0.002109739504481567,2638,4.265978417836252,34
34025,Monmouth County,NJ,"New York-Newark-Jersey City, NY-NJ-PA",2021,2184.055898706689,12,7.688938931183178,0.11521062658482784,26699,499418,526117,0.05074726724283762,New Jersey,Monmouth County,646517,0.044494720952148015,2638,4.080325807364694,34
34025,Monmouth County,NJ,"New York-Newark-Jersey City, NY-NJ-PA",2022,2433.367905258469,12,7.797031546007912,0.10809261482473431,24302,516307,540609,0.04495300670170123,New Jersey,Monmouth County,644228,-0.003546792588132064,2638,4.094823571778935,34
34027,Morris County,NJ,"New York-Newark-Jersey City, NY-NJ-PA",2019,2108.585597480533,12,7.653772668748913,0.025809764946439273,21695,427131,448826,0.0483372175408733,New Jersey,Morris County,491577,-0.0030609543317865473,1630,3.315858960040848,34
34027,Morris County,NJ,"New York-Newark-Jersey City, NY-NJ-PA",2020,2127.092136528329,12,7.662511131858826,0.00873846310991322,25639,425764,451403,0.05679847054627461,New Jersey,Morris County,491087,-0.000997289084796904,1630,3.3191674794893773,34
34027,Morris County,NJ,"New York-Newark-Jersey City, NY-NJ-PA",2021,2272.765629271738,12,7.728752707789119,0.06624157593029256,25479,402455,427934,0.059539555165048816,New Jersey,Morris County,510613,0.03899066321842781,1630,3.192241482296769,34
34027,Morris County,NJ,"New York-Newark-Jersey City, NY-NJ-PA",2022,2503.7482175299106,12,7.825544175059619,0.09679146727050014,24218,418349,442567,0.05472165796365296,New Jersey,Morris County,511219,0.0011861050956429864,1630,3.1884573930155176,34
34029,Ocean County,NJ,"New York-Newark-Jersey City, NY-NJ-PA",2019,1692.448472291796,12,7.433931559591397,0.04049893271400862,21931,498004,519935,0.04218027253406676,New Jersey,Ocean County,607498,0.009674664241325459,3625,5.967097834066943,34
34029,Ocean County,NJ,"New York-Newark-Jersey City, NY-NJ-PA",2020,1788.509142239958,12,7.489137670366163,0.05520611077476634,27296,551306,578602,0.04717577886007999,New Jersey,Ocean County,614237,0.011031964127949934,3625,5.901630803745134,34
34029,Ocean County,NJ,"New York-Newark-Jersey City, NY-NJ-PA",2021,2027.6519150365245,12,7.614633710450983,0.12549604008481996,25957,488543,514500,0.05045092322643343,New Jersey,Ocean County,649825,0.05632224871517799,3625,5.5784249605663065,34
34029,Ocean County,NJ,"New York-Newark-Jersey City, NY-NJ-PA",2022,2321.153763624093,12,7.749819652948709,0.13518594249772597,23200,509120,532320,0.04358280733393448,New Jersey,Ocean County,655663,0.008943841561475097,3625,5.528754863397813,34
34031,Passaic County,NJ,"New York-Newark-Jersey City, NY-NJ-PA",2019,1578.644454495965,12,7.364321817587264,0.04670910661723493,17447,414605,432052,0.04038171331228648,New Jersey,Passaic County,501838,-0.0026944485620834513,1314,2.6183748540365617,34
34031,Passaic County,NJ,"New York-Newark-Jersey City, NY-NJ-PA",2020,1645.1563369469031,12,7.405590696341372,0.04126887875410823,19226,418886,438112,0.043883755751953836,New Jersey,Passaic County,500382,-0.0029055517238205653,1314,2.6259937407820426,34
34031,Passaic County,NJ,"New York-Newark-Jersey City, NY-NJ-PA",2021,1755.6117654959091,12,7.4705726594867174,0.06498196314534521,18975,393677,412652,0.04598305594059886,New Jersey,Passaic County,518376,0.03532904094730682,1314,2.534839575906292,34
34031,Passaic County,NJ,"New York-Newark-Jersey City, NY-NJ-PA",2022,1940.6879771192168,12,7.570797816572986,0.10022515708626845,17911,406250,424161,0.042226890261009384,New Jersey,Passaic County,513634,-0.009189898108445504,1314,2.558241860935997,34
34035,Somerset County,NJ,"New York-Newark-Jersey City, NY-NJ-PA",2019,1838.754480310421,12,7.516843708519298,0.02723133663361743,17832,284121,301953,0.059055548380045904,New Jersey,Somerset County,329998,-0.002342722441994738,1913,5.797004830332305,34
34035,Somerset County,NJ,"New York-Newark-Jersey City, NY-NJ-PA",2020,1888.0981808220922,12,7.543325347907435,0.026481639388136635,20125,283469,303594,0.06628918885089956,New Jersey,Somerset County,329331,-0.002023269801682659,1913,5.808745608521518,34
34035,Somerset County,NJ,"New York-Newark-Jersey City, NY-NJ-PA",2021,1990.5058944737773,12,7.596144103739065,0.052818755831630426,20455,267930,288385,0.07092948662378418,New Jersey,Somerset County,346498,0.05081372257311223,1913,5.520955387909886,34
34035,Somerset County,NJ,"New York-Newark-Jersey City, NY-NJ-PA",2022,2204.5525305218493,12,7.698279833283359,0.10213572954429395,19492,278927,298419,0.06531755685797486,New Jersey,Somerset County,347047,0.001583170853134419,1913,5.512221687552406,34
34039,Union County,NJ,"New York-Newark-Jersey City, NY-NJ-PA",2019,1765.6269978858484,12,7.476261145880133,0.0423950387482126,25022,451766,476788,0.05248034765975654,New Jersey,Union County,556664,0.00033958023538183113,2650,4.760501846715433,34
34039,Union County,NJ,"New York-Newark-Jersey City, NY-NJ-PA",2020,1827.353377551458,12,7.510623957243249,0.03436281136311603,27435,451778,479213,0.057250116336576846,New Jersey,Union County,555394,-0.0022840545225566444,2650,4.771387519490668,34
34039,Union County,NJ,"New York-Newark-Jersey City, NY-NJ-PA",2021,1950.785286371008,12,7.575987281450988,0.06536332420773938,26773,429045,455818,0.05873616224019236,New Jersey,Union County,572833,0.030916453929288323,2650,4.6261301286762455,34
34039,Union County,NJ,"New York-Newark-Jersey City, NY-NJ-PA",2022,2130.0868547804694,12,7.663918034764355,0.08793075331336642,25494,442330,467824,0.054494852765142446,New Jersey,Union County,570417,-0.004226553416255996,2650,4.645724093075767,34
34041,Warren County,NJ,"Allentown-Bethlehem-Easton, PA-NJ",2019,1209.6642549439032,12,7.098098124834434,0.030772131224735766,5065,86747,91812,0.05516708055591862,New Jersey,Warren County,105455,-0.002405714255282021,304,2.882746195059504,34
34041,Warren County,NJ,"Allentown-Bethlehem-Easton, PA-NJ",2020,1291.0361295526125,11,7.163200376165826,0.06510225133139258,6056,87420,93476,0.06478668321280329,New Jersey,Warren County,105624,0.0016012965393219503,304,2.8781337574793606,34
34041,Warren County,NJ,"Allentown-Bethlehem-Easton, PA-NJ",2021,1421.503908432416,12,7.259470680600054,0.09627030443422768,5957,83825,89782,0.06634960237018556,New Jersey,Warren County,110567,0.0457360538758369,304,2.749464125824161,34
34041,Warren County,NJ,"Allentown-Bethlehem-Easton, PA-NJ",2022,1595.738813685158,12,7.375092114044328,0.11562143344427422,5651,86544,92195,0.06129399642063019,New Jersey,Warren County,110903,0.0030342733353574403,304,2.7411341442521846,34
35001,Bernalillo County,NM,"Albuquerque, NM",2019,951.950820751293,12,6.858513374582308,0.04705456489590709,24441,486121,510562,0.04787077769203348,New Mexico,Bernalillo County,679425,0.002204289530574499,1084,1.5954667549766346,35
35001,Bernalillo County,NM,"Albuquerque, NM",2020,1002.6515876650561,12,6.910403357390653,0.051889982808345,25719,491283,517002,0.04974642264439983,New Mexico,Bernalillo County,681666,0.003292949589743799,1084,1.590221604128708,35
35001,Bernalillo County,NM,"Albuquerque, NM",2021,1141.9469060069534,12,7.040489897022163,0.1300865396315105,24319,472247,496566,0.04897435587615745,New Mexico,Bernalillo County,675286,-0.00940349697403775,1084,1.6052457773447102,35
35001,Bernalillo County,NM,"Albuquerque, NM",2022,1299.9561997163178,12,7.170085850356113,0.1295959533339497,23557,485674,509231,0.04625994882479661,New Mexico,Bernalillo County,672957,-0.0034548702520300623,1084,1.6108012844802864,35
35013,Dona Ana County,NM,"Las Cruces, NM",2019,944.3794742997112,12,6.850528070857963,0.039651391116867885,8699,156513,165212,0.0526535602740721,New Mexico,Doña Ana County,218864,0.006389622366191006,1109,5.067073616492434,35
35013,Dona Ana County,NM,"Las Cruces, NM",2020,1001.7539537146673,12,6.909507696316219,0.058979625458256635,9585,159840,169425,0.05657370517928287,New Mexico,Doña Ana County,221262,0.010896987358298915,1109,5.012157532698791,35
35013,Dona Ana County,NM,"Las Cruces, NM",2021,1108.2894390211682,12,7.010573059746915,0.1010653634306955,9109,155279,164388,0.055411587220478384,New Mexico,Doña Ana County,221732,0.002121925698093108,1109,5.0015333826421084,35
35013,Dona Ana County,NM,"Las Cruces, NM",2022,1250.6140841479594,12,7.131389976982432,0.12081691723551735,9481,160669,170150,0.05572142227446371,New Mexico,Doña Ana County,223530,0.00807618783026598,1109,4.961302733413859,35
35043,Sandoval County,NM,"Albuquerque, NM",2019,1073.1841635330884,12,6.978385362137234,0.05545715999033973,9923,108675,118598,0.08366920184151504,New Mexico,Sandoval County,147045,0.011201955387575069,834,5.671733142915434,35
35043,Sandoval County,NM,"Albuquerque, NM",2020,1147.6618086488754,12,7.045481941709561,0.0670965795723264,10984,112266,123250,0.08911967545638945,New Mexico,Sandoval County,148904,0.012563140614233248,834,5.600924085316714,35
35043,Sandoval County,NM,"Albuquerque, NM",2021,1292.8872300251403,12,7.164633159210523,0.11915121750096258,10934,109279,120213,0.09095522114912696,New Mexico,Sandoval County,151478,0.017138596887289026,834,5.505750009902428,35
35043,Sandoval County,NM,"Albuquerque, NM",2022,1462.9570947326513,12,7.288215073681436,0.12358191447091293,10091,114636,124727,0.08090469585574896,New Mexico,Sandoval County,153597,0.013891889389512357,834,5.429793550655287,35
35049,Santa Fe County,NM,"Santa Fe, NM",2019,1363.2318186996733,12,7.217613496984923,0.0901518463245159,7419,112947,120366,0.061637007128258814,New Mexico,Santa Fe County,150951,0.005467017293380394,577,3.822432444965585,35
35049,Santa Fe County,NM,"Santa Fe, NM",2020,1417.286097701507,12,7.25649912312278,0.03888562613785762,7862,114213,122075,0.06440303092361253,New Mexico,Santa Fe County,151946,0.006569913726401921,577,3.7974017085017047,35
35049,Santa Fe County,NM,"Santa Fe, NM",2021,1569.309755837976,12,7.358391155706659,0.10189203258387902,7518,108515,116033,0.06479191264554049,New Mexico,Santa Fe County,155400,0.02247724336607071,577,3.7129987129987128,35
35049,Santa Fe County,NM,"Santa Fe, NM",2022,1777.3312037722426,12,7.482868194452114,0.12447703874545457,7319,113160,120479,0.060749176204981784,New Mexico,Santa Fe County,155761,0.0023203432433280824,577,3.7043932691752106,35
36001,Albany County,NY,"Albany-Schenectady-Troy, NY",2019,1181.9834832805407,12,7.074949224332491,0.024493332171068083,12836,230256,243092,0.05280305398779063,New York,Albany County,304752,-0.006342394956986297,651,2.136163175303197,36
36001,Albany County,NY,"Albany-Schenectady-Troy, NY",2020,1227.6415505781163,12,7.112850169173531,0.037900944841039674,14532,232901,247433,0.05873105042577183,New York,Albany County,303654,-0.003609435778294312,651,2.143887450848663,36
36001,Albany County,NY,"Albany-Schenectady-Troy, NY",2021,1310.8143510648104,12,7.178403865090033,0.06555369591650173,14025,223891,237916,0.05894937709107416,New York,Albany County,316178,0.04041645081934142,651,2.058966784532763,36
36001,Albany County,NY,"Albany-Schenectady-Troy, NY",2022,1397.6173861763318,12,7.242524198765604,0.06412033367557157,13897,227332,241229,0.05760915976105692,New York,Albany County,315921,-0.0008131638055477453,651,2.0606417427141595,36
36005,Bronx County,NY,"New York-Newark-Jersey City, NY-NJ-PA",2019,2029.3553840467828,12,7.615473476803265,0.03823156564381325,42376,1031815,1074191,0.039449222717375214,New York,Bronx County,1418187,-0.009913419288785974,4461,3.145565429664776,36
36005,Bronx County,NY,"New York-Newark-Jersey City, NY-NJ-PA",2020,2092.0497609966374,12,7.645899611229188,0.030426134425923124,41570,1035829,1077399,0.03858366306261654,New York,Bronx County,1401142,-0.012091676903757786,4461,3.183831474611424,36
36005,Bronx County,NY,"New York-Newark-Jersey City, NY-NJ-PA",2021,2130.0276244133406,12,7.663890227827513,0.01799061659832457,38256,978011,1016267,0.037643650733517865,New York,Bronx County,1424084,0.01624118162121846,4461,3.1325399344420695,36
36005,Bronx County,NY,"New York-Newark-Jersey City, NY-NJ-PA",2022,2283.740956296901,12,7.7335701476611245,0.06967991983361177,33603,987378,1020981,0.032912463601183564,New York,Bronx County,1381808,-0.03013601340840033,4461,3.2283790512140618,36
36007,Broome County,NY,"Binghamton, NY",2019,691.4175578101613,12,6.538743921741543,0.05448134805992133,4699,138978,143677,0.03270530425885841,New York,Broome County,190737,-0.007755438274916315,313,1.6410030565647986,36
36007,Broome County,NY,"Binghamton, NY",2020,744.9507657890894,12,6.613318130006629,0.0745742082650862,5247,140945,146192,0.035891156834847324,New York,Broome County,189420,-0.006928744012700605,313,1.652412628022384,36
36007,Broome County,NY,"Binghamton, NY",2021,834.211668805584,12,6.726487169684175,0.11316903967754577,5208,135423,140631,0.037033086588305564,New York,Broome County,198562,0.04713462212977326,313,1.576333840311842,36
36007,Broome County,NY,"Binghamton, NY",2022,937.2235621812179,12,6.842921847356041,0.1164346776718661,5183,136838,142021,0.03649460291083713,New York,Broome County,197258,-0.006588877356250578,313,1.5867544028632552,36
36027,Dutchess County,NY,"Poughkeepsie-Newburgh-Middletown, NY",2019,1294.1362663331909,12,7.165598775801838,0.053573898276647824,10418,228850,239268,0.043541133791397096,New York,Dutchess County,293934,0.00040833827309505466,590,2.0072533289786145,36
36027,Dutchess County,NY,"Poughkeepsie-Newburgh-Middletown, NY",2020,1434.2205076337088,12,7.268376780351759,0.10277800454992114,12347,229373,241720,0.051079761707761046,New York,Dutchess County,293293,-0.002183142991007969,590,2.0116402368962096,36
36027,Dutchess County,NY,"Poughkeepsie-Newburgh-Middletown, NY",2021,1622.1875562538542,12,7.391530860699323,0.1231540803475637,12680,220576,233256,0.05436087388963199,New York,Dutchess County,298776,0.018522019397444467,590,1.9747235387045812,36
36027,Dutchess County,NY,"Poughkeepsie-Newburgh-Middletown, NY",2022,1785.0376310378933,12,7.487194775805467,0.0956639151061438,11879,225381,237260,0.05006743656747872,New York,Dutchess County,297609,-0.003913584310451412,590,1.982466928083492,36
36029,Erie County,NY,"Buffalo-Cheektowaga, NY",2019,995.3039779771813,12,6.903048196005994,0.037806683203917224,17584,715900,733484,0.023973256403684334,New York,Erie County,918813,-0.0012269179471537939,1269,1.3811297837536038,36
36029,Erie County,NY,"Buffalo-Cheektowaga, NY",2020,1046.7745652336193,12,6.953468872723828,0.05042067671783457,19079,730475,749554,0.025453803194966606,New York,Erie County,917241,-0.0017123683553084135,1269,1.383496812724246,36
36029,Erie County,NY,"Buffalo-Cheektowaga, NY",2021,1133.2719653674358,12,7.032864272264872,0.07939539954104369,18968,702892,721860,0.026276563322527913,New York,Erie County,952912,0.038152308162194615,1269,1.331707439931494,36
36029,Erie County,NY,"Buffalo-Cheektowaga, NY",2022,1236.3044626587941,12,7.119881936695596,0.08701766443072412,19535,711660,731195,0.026716539363644445,New York,Erie County,948423,-0.004721954143670715,1269,1.3380105712324564,36
36047,Kings County,NY,"New York-Newark-Jersey City, NY-NJ-PA",2019,2655.9986832557775,12,7.88457601483407,0.03798101606996962,85566,1928785,2014351,0.04247819769245777,New York,Kings County,2562329,-0.006906896348425562,6802,2.654616171459637,36
36047,Kings County,NY,"New York-Newark-Jersey City, NY-NJ-PA",2020,2629.589524381234,12,7.874583038611178,-0.009992976222892302,84340,1992778,2077118,0.04060433735589408,New York,Kings County,2538934,-0.00917230263188884,6802,2.6790771244939804,36
36047,Kings County,NY,"New York-Newark-Jersey City, NY-NJ-PA",2021,2646.6324689264943,12,7.8810433444290755,0.0064603058178978046,79178,1802527,1881705,0.042077796466502455,New York,Kings County,2637522,0.03809553210096439,6802,2.578935834468869,36
36047,Kings County,NY,"New York-Newark-Jersey City, NY-NJ-PA",2022,3092.478724684714,12,8.036728224593734,0.15568488016465842,82571,1814116,1896687,0.04353433117852339,New York,Kings County,2589531,-0.018363061766418554,6802,2.6267304774493914,36
36055,Monroe County,NY,"Rochester, NY",2019,1049.0753661690915,12,6.9556644515439165,0.035340213248590935,15900,582175,598075,0.026585294486477448,New York,Monroe County,742605,-0.0021979449865838774,1645,2.215174958423388,36
36055,Monroe County,NY,"Rochester, NY",2020,1096.8347224816605,12,7.000183785735386,0.04451933419146936,17009,590510,607519,0.027997478268169392,New York,Monroe County,740900,-0.0022986113976202205,1645,2.220272641382103,36
36055,Monroe County,NY,"Rochester, NY",2021,1193.6625399103748,12,7.084781624114385,0.0845978383789987,16693,569201,585894,0.028491501875765924,New York,Monroe County,755813,0.019928327662398715,1645,2.176464284154943,36
36055,Monroe County,NY,"Rochester, NY",2022,1311.6708548689994,12,7.179057065216924,0.09427544110253905,16374,574243,590617,0.027723550117927525,New York,Monroe County,750887,-0.006538816687299942,1645,2.190742415303501,36
36059,Nassau County,NY,"New York-Newark-Jersey City, NY-NJ-PA",2019,2531.9579347333697,12,7.836748169671626,0.033331614519385155,47122,1199203,1246325,0.03780875774777847,New York,Nassau County,1356073,-0.0009950264244960039,1338,0.9866725463894643,36
36059,Nassau County,NY,"New York-Newark-Jersey City, NY-NJ-PA",2020,2620.338832118171,12,7.871058913629298,0.034310743957671974,50699,1206641,1257340,0.04032242671035678,New York,Nassau County,1351334,-0.00350077017593442,1338,0.9901327133040387,36
36059,Nassau County,NY,"New York-Newark-Jersey City, NY-NJ-PA",2021,2763.314455754481,11,7.924186127985959,0.053127214356661234,50557,1135106,1185663,0.04264027805540023,New York,Nassau County,1391809,0.029512087152545163,1338,0.961338804390545,36
36059,Nassau County,NY,"New York-Newark-Jersey City, NY-NJ-PA",2022,2997.9775454926244,12,8.005693188805482,0.08150706081952297,50854,1164589,1215443,0.041839888830656806,New York,Nassau County,1385294,-0.004691948373515942,1338,0.9658599546377881,36
36061,New York County,NY,"New York-Newark-Jersey City, NY-NJ-PA",2019,3454.232641119656,12,8.147355610555303,0.026283945756336635,89859,1129740,1219599,0.07367913551913374,New York,New York County,1632326,-4.1044880132901085e-05,1896,1.1615326840349292,36
36061,New York County,NY,"New York-Newark-Jersey City, NY-NJ-PA",2020,3286.349945670923,10,8.0975327888706,-0.0498228216847032,81003,1096302,1177305,0.06880375093964605,New York,New York County,1611989,-0.012537171255708301,1896,1.1761866861374364,36
36061,New York County,NY,"New York-Newark-Jersey City, NY-NJ-PA",2021,3265.06688235524,12,8.091035526142452,-0.006497262728148101,85259,998232,1083491,0.07868916308488026,New York,New York County,1578055,-0.021275744177644995,1896,1.2014790359017906,36
36061,New York County,NY,"New York-Newark-Jersey City, NY-NJ-PA",2022,3930.866485669602,12,8.276615160375353,0.18557963423290147,97082,1004520,1101602,0.08812801719677342,New York,New York County,1594543,0.010394098743658375,1896,1.1890554221491674,36
36063,Niagara County,NY,"Buffalo-Cheektowaga, NY",2019,665.0721924635251,12,6.49989559485916,0.06387537094010742,5636,165246,170882,0.03298182371461008,New York,Niagara County,209563,-0.0035106725619993284,175,0.8350710764781951,36
36063,Niagara County,NY,"Buffalo-Cheektowaga, NY",2020,711.3734143421613,12,6.567197487916638,0.06730189305747825,6194,167002,173196,0.035762950645511445,New York,Niagara County,208396,-0.005584294309612048,175,0.8397474039808825,36
36063,Niagara County,NY,"Buffalo-Cheektowaga, NY",2021,792.1174846919583,12,6.674709720070769,0.1075122321541313,6091,161334,167425,0.03638046886665671,New York,Niagara County,211719,0.015819807922243356,175,0.826567289662241,36
36063,Niagara County,NY,"Buffalo-Cheektowaga, NY",2022,892.2391345647874,12,6.793734184727938,0.1190244646571692,6367,162552,168919,0.03769262190754148,New York,Niagara County,210467,-0.005931052522686997,175,0.8314842706932678,36
36067,Onondaga County,NY,"Syracuse, NY",2019,1073.1312209666075,12,6.978336028691764,0.02624545444952542,11899,360371,372270,0.031963359926934755,New York,Onondaga County,460870,-0.0022107599276814938,352,0.7637728643652223,36
36067,Onondaga County,NY,"Syracuse, NY",2020,1126.4585618507597,12,7.026833974331769,0.04849794564000476,12529,366107,378636,0.033089827697313515,New York,Onondaga County,459214,-0.003599675221300558,352,0.7665271529178117,36
36067,Onondaga County,NY,"Syracuse, NY",2021,1228.737104878848,12,7.113742176902828,0.0869082025710588,12100,351876,363976,0.03324395015055938,New York,Onondaga County,471887,0.027223217798026056,352,0.745941295267723,36
36067,Onondaga County,NY,"Syracuse, NY",2022,1363.61095214428,12,7.2178915720181465,0.10414939511531873,11908,354939,366847,0.03246039902193557,New York,Onondaga County,469728,-0.004585746368693577,352,0.7493698480822945,36
36069,Ontario County,NY,"Rochester, NY",2022,1544.382640448977,12,7.342379524006381,0.09452369652595394,5089,87303,92392,0.05508052645250671,New York,Ontario County,112481,-0.001598991199790234,322,2.862705701407349,36
36071,Orange County,NY,"Poughkeepsie-Newburgh-Middletown, NY",2019,1427.259088037763,12,7.263511162340483,0.044404743874783215,15913,315374,331287,0.04803387998925403,New York,Orange County,384950,0.006617509270160582,1106,2.873100402649695,36
36071,Orange County,NY,"Poughkeepsie-Newburgh-Middletown, NY",2020,1508.4982203951897,12,7.318869878880283,0.05535871653979996,17902,333949,351851,0.05087949160297967,New York,Orange County,385234,0.0007374861406415079,1106,2.8709823120493,36
36071,Orange County,NY,"Poughkeepsie-Newburgh-Middletown, NY",2021,1701.4247895824954,12,7.439221290544078,0.12035141166379582,17905,303186,321091,0.05576300799461835,New York,Orange County,405167,0.050448385929733774,1106,2.729738601613656,36
36071,Orange County,NY,"Poughkeepsie-Newburgh-Middletown, NY",2022,1884.8568338369405,12,7.541607146778618,0.10238585623453922,17342,311551,328893,0.05272839494911719,New York,Orange County,406491,0.0032624607269298167,1106,2.72084744803698,36
36081,Queens County,NY,"New York-Newark-Jersey City, NY-NJ-PA",2019,2345.15860430308,12,7.760108313690492,0.03314841991964368,73008,1827233,1900241,0.03842038983476306,New York,Queens County,2253942,-0.00942507553268257,5840,2.5910160953564914,36
36081,Queens County,NY,"New York-Newark-Jersey City, NY-NJ-PA",2020,2333.658363382574,12,7.755192428260725,-0.004915885429767286,71742,1828524,1900266,0.03775366185576125,New York,Queens County,2225821,-0.012554846931930541,5840,2.623750966497306,36
36081,Queens County,NY,"New York-Newark-Jersey City, NY-NJ-PA",2021,2328.5738554838467,12,7.753011279971324,-0.002181148289400525,65039,1718787,1783826,0.03646039467975015,New York,Queens County,2329008,0.04531658952429041,5840,2.5075053413298707,36
36081,Queens County,NY,"New York-Newark-Jersey City, NY-NJ-PA",2022,2581.6587439136697,12,7.856187395326118,0.10317611535479365,68368,1746727,1815095,0.03766634804238896,New York,Queens County,2278558,-0.0218996391056816,5840,2.5630245093607447,36
36083,Rensselaer County,NY,"Albany-Schenectady-Troy, NY",2019,1093.0523153405372,12,6.996729351020607,0.034077479068696626,7086,118794,125880,0.05629170638703527,New York,Rensselaer County,158981,-0.0029582382697999066,164,1.0315698102288953,36
36083,Rensselaer County,NY,"Albany-Schenectady-Troy, NY",2020,1137.9080681336688,12,7.036946827709273,0.04021747668866649,7574,119835,127409,0.05944634994388152,New York,Rensselaer County,158108,-0.005506354403806313,164,1.0372656665064386,36
36083,Rensselaer County,NY,"Albany-Schenectady-Troy, NY",2021,1233.9528691534763,12,7.117978010181221,0.08103118247194807,7427,115051,122478,0.06063946178089126,New York,Rensselaer County,160622,0.01577543461150377,164,1.0210307429866394,36
36083,Rensselaer County,NY,"Albany-Schenectady-Troy, NY",2022,1320.1490232730594,12,7.18549990562708,0.06752189544585896,7201,116679,123880,0.05812883435582822,New York,Rensselaer County,159421,-0.007505276713482445,164,1.028722690235289,36
36085,Richmond County,NY,"New York-Newark-Jersey City, NY-NJ-PA",2019,1920.661028156215,12,7.560424691267204,0.039204961038541875,16354,383433,399787,0.04090678286187395,New York,Richmond County,476141,-0.0008187498358012135,408,0.856889030770297,36
36085,Richmond County,NY,"New York-Newark-Jersey City, NY-NJ-PA",2020,2006.7836613731035,12,7.604288550945055,0.04386385967785156,17198,389586,406784,0.04227796570169918,New York,Richmond County,475327,-0.0017110406205844697,408,0.8583564577648651,36
36085,Richmond County,NY,"New York-Newark-Jersey City, NY-NJ-PA",2021,2065.4107315152287,12,7.6330843870770195,0.028795836131964236,16579,368035,384614,0.043105555179998645,New York,Richmond County,493547,0.03761510419971792,408,0.826668989984743,36
36085,Richmond County,NY,"New York-Newark-Jersey City, NY-NJ-PA",2022,2220.053549770471,12,7.705286596093636,0.07220220901661634,18280,377817,396097,0.04615031166608179,New York,Richmond County,491358,-0.004445106085080752,408,0.830351800520191,36
36087,Rockland County,NY,"New York-Newark-Jersey City, NY-NJ-PA",2019,1998.5180122192148,12,7.600161190980022,0.03960568583762658,8446,277977,286423,0.02948785537474295,New York,Rockland County,326352,0.0021349439404527715,406,1.2440554983576018,36
36087,Rockland County,NY,"New York-Newark-Jersey City, NY-NJ-PA",2020,2088.3319521242556,12,7.644120917268826,0.04395972628880429,11026,309518,320544,0.03439777378456624,New York,Rockland County,326225,-0.00038922610390379475,406,1.244539811479807,36
36087,Rockland County,NY,"New York-Newark-Jersey City, NY-NJ-PA",2021,2280.7881007428346,12,7.732276320442988,0.08815540317416204,10599,261830,272429,0.03890554970285836,New York,Rockland County,339786,0.04072868033445154,406,1.1948697121129181,36
36087,Rockland County,NY,"New York-Newark-Jersey City, NY-NJ-PA",2022,2496.074996428591,12,7.822474775683997,0.09019845524100845,10011,269857,279868,0.035770434633470065,New York,Rockland County,340357,0.0016790590630169078,406,1.1928651386632272,36
36091,Saratoga County,NY,"Albany-Schenectady-Troy, NY",2019,1210.7276035059851,12,7.098976783078785,0.019002796871474104,11390,188889,200279,0.056870665421736674,New York,Saratoga County,229635,-0.002140238592165389,1000,4.354736865024931,36
36091,Saratoga County,NY,"Albany-Schenectady-Troy, NY",2020,1258.8050576988283,12,7.137918183055415,0.03894139997662993,12225,191248,203473,0.060081681599032793,New York,Saratoga County,230298,0.0028830306119829174,1000,4.342200105949682,36
36091,Saratoga County,NY,"Albany-Schenectady-Troy, NY",2021,1368.0740606753652,12,7.22115923463768,0.0832410515822648,12136,185042,197178,0.06154844860988548,New York,Saratoga County,237846,0.03224928295089846,1000,4.204401167141764,36
36091,Saratoga County,NY,"Albany-Schenectady-Troy, NY",2022,1548.3355650984352,12,7.344935803977134,0.12377656933945413,11294,189093,200387,0.05636094157804648,New York,Saratoga County,238468,0.0026117240037475398,1000,4.193434758542026,36
36093,Schenectady County,NY,"Albany-Schenectady-Troy, NY",2019,1101.9101150973756,12,7.004800421138843,0.05026378287742528,6746,120335,127081,0.053084253350225444,New York,Schenectady County,155548,0.0013767283651109352,192,1.2343456682181706,36
36093,Schenectady County,NY,"Albany-Schenectady-Troy, NY",2020,1134.4288393500365,12,7.033884578012928,0.0290841568740845,7036,121968,129004,0.054540944466838236,New York,Schenectady County,155358,-0.0012222345252439482,192,1.2358552504537905,36
36093,Schenectady County,NY,"Albany-Schenectady-Troy, NY",2021,1215.6620382025856,12,7.103044094786944,0.06915951677401644,7175,117645,124820,0.05748277519628265,New York,Schenectady County,160046,0.029729142779935103,192,1.1996550991589918,36
36093,Schenectady County,NY,"Albany-Schenectady-Troy, NY",2022,1333.4895266110457,12,7.1955544895312675,0.09251039474432332,7170,119663,126833,0.056531028990877766,New York,Schenectady County,159694,-0.0022017898430242155,192,1.202299397597906,36
36103,Suffolk County,NY,"New York-Newark-Jersey City, NY-NJ-PA",2019,3148.4226519698072,12,8.054656860998419,0.05744598715440663,36289,1281762,1318051,0.02753231855216528,New York,Suffolk County,1478325,-0.00266837961477151,590,0.39910033314731197,36
36103,Suffolk County,NY,"New York-Newark-Jersey City, NY-NJ-PA",2020,3323.000445838326,12,8.108623402522001,0.05396654152358238,44965,1284878,1329843,0.03381226204897871,New York,Suffolk County,1474273,-0.0027447031690588375,590,0.40019724976310356,36
36103,Suffolk County,NY,"New York-Newark-Jersey City, NY-NJ-PA",2021,3667.642277728417,12,8.207304303464639,0.0986809009426377,46629,1226368,1272997,0.03662930863152073,New York,Suffolk County,1533815,0.039593109003179805,590,0.3846617747251135,36
36103,Suffolk County,NY,"New York-Newark-Jersey City, NY-NJ-PA",2022,3983.3430877679293,12,8.289876717500581,0.08257241403594229,42772,1260896,1303668,0.03280896670011076,New York,Suffolk County,1527974,-0.003815421040334499,590,0.3861322247629868,36
36109,Tompkins County,NY,"Ithaca, NY",2020,1411.628064006741,12,7.252498972594381,0.04091087961942108,4168,62175,66343,0.06282501545000979,New York,Tompkins County,101058,-0.008993849689666433,329,3.255556215242732,36
36109,Tompkins County,NY,"Ithaca, NY",2021,1445.332948787399,12,7.276094988390958,0.023596015796576886,4049,59524,63573,0.06369056045805609,New York,Tompkins County,105966,0.04742367849798512,329,3.104769454353283,36
36109,Tompkins County,NY,"Ithaca, NY",2022,1635.1266925703746,12,7.399475568139955,0.1233805797489973,4063,59940,64003,0.06348139930940737,New York,Tompkins County,104299,-0.0158565137092328,329,3.1543926595652882,36
36111,Ulster County,NY,"Kingston, NY",2019,1340.0813513998953,12,7.200485601102102,0.04478395408133995,6076,132885,138961,0.043724498240513526,New York,Ulster County,177933,-0.003237547119709916,265,1.489324633429437,36
36111,Ulster County,NY,"Kingston, NY",2020,1489.573916209327,12,7.306245395768878,0.10575979466677587,8047,132833,140880,0.05711953435547984,New York,Ulster County,177716,-0.0012203044402134822,265,1.4911431722523576,36
36111,Ulster County,NY,"Kingston, NY",2021,1722.0424664731481,12,7.451266345817828,0.14502095004895033,8089,128750,136839,0.059113264493309656,New York,Ulster County,183489,0.03196794969419692,265,1.4442282643646212,36
36111,Ulster County,NY,"Kingston, NY",2022,1891.094099168463,12,7.544910829011328,0.09364448319349972,7135,131316,138451,0.0515344779019292,New York,Ulster County,182320,-0.006391335256305197,265,1.4534883720930232,36
36119,Westchester County,NY,"New York-Newark-Jersey City, NY-NJ-PA",2019,2255.181588137537,11,7.720985775584923,0.034316528439457095,34675,803604,838279,0.04136450990660627,New York,Westchester County,968467,-0.00047589676725756647,2834,2.926274204490189,36
36119,Westchester County,NY,"New York-Newark-Jersey City, NY-NJ-PA",2020,2319.0273067395633,12,7.748903112408095,0.027917336823171546,40534,800395,840929,0.04820145339261697,New York,Westchester County,965802,-0.002755564697888957,2834,2.9343488623962264,36
36119,Westchester County,NY,"New York-Newark-Jersey City, NY-NJ-PA",2021,2419.4490435170046,12,7.791295125262266,0.04239201285417149,38888,756316,795204,0.048903174531315236,New York,Westchester County,999856,0.034652424353728506,2834,2.8344081547742874,36
36119,Westchester County,NY,"New York-Newark-Jersey City, NY-NJ-PA",2022,2611.309237147327,12,7.86760699797386,0.07631187271159412,37217,775007,812224,0.04582110353794027,New York,Westchester County,991736,-0.008154325779141658,2834,2.8576153331128444,36
37001,Alamance County,NC,"Burlington, NC",2019,884.4417960687215,12,6.784956707103064,0.06951369696755716,8916,121793,130709,0.06821259438906273,North Carolina,Alamance County,169173,0.01583045907101699,1784,10.545418004055021,37
37001,Alamance County,NC,"Burlington, NC",2020,934.6935689159368,12,6.840218741792488,0.0552620346894237,9533,124616,134149,0.07106277348321642,North Carolina,Alamance County,171346,0.01276304404478168,1784,10.41168162665017,37
37001,Alamance County,NC,"Burlington, NC",2021,1054.771322616036,12,6.961079266601047,0.1208605248085588,9491,121366,130857,0.07252955516326982,North Carolina,Alamance County,173968,0.015186470239934025,1784,10.254759495999265,37
37001,Alamance County,NC,"Burlington, NC",2022,1212.0444774242276,12,7.100063863500663,0.13898459689961662,9471,124468,133939,0.07071129394724464,North Carolina,Alamance County,176618,0.015117833975253347,1784,10.100895718443194,37
37019,Brunswick County,NC,"Myrtle Beach-Conway-North Myrtle Beach, SC-NC",2019,1189.937776324144,12,7.081656295935227,0.0677151996904577,11156,96431,107587,0.10369282534135164,North Carolina,Brunswick County,142987,0.04225467727741439,3720,26.016351136816635,37
37019,Brunswick County,NC,"Myrtle Beach-Conway-North Myrtle Beach, SC-NC",2020,1255.5734581248755,12,7.135347685946088,0.05369139001086065,13375,101434,114809,0.11649783553554163,North Carolina,Brunswick County,149039,0.04145429962614777,3720,24.959909822261285,37
37019,Brunswick County,NC,"Myrtle Beach-Conway-North Myrtle Beach, SC-NC",2021,1426.595264690476,12,7.263045950541132,0.1276982645950442,14283,103467,117750,0.12129936305732485,North Carolina,Brunswick County,144843,-0.0285576194693693,3720,25.682980882748907,37
37019,Brunswick County,NC,"Myrtle Beach-Conway-North Myrtle Beach, SC-NC",2022,1631.9547711659434,12,7.397533821393661,0.13448787085252878,14104,110945,125049,0.11278778718742254,North Carolina,Brunswick County,152908,0.05418603615192552,3720,24.32835430454914,37
37021,Buncombe County,NC,"Asheville, NC",2019,1195.299981430828,12,7.086152463348779,0.03987923079827205,14068,191333,205401,0.06849041630761292,North Carolina,Buncombe County,262049,0.008904279999875087,2546,9.715740185995749,37
37021,Buncombe County,NC,"Asheville, NC",2020,1238.7041725886781,12,7.121821090076866,0.03566862672808657,15772,192976,208748,0.07555521490026251,North Carolina,Buncombe County,263477,0.005434568468954737,2546,9.663082546104594,37
37021,Buncombe County,NC,"Asheville, NC",2021,1399.8821954101543,12,7.244143365927261,0.12232227585039546,15906,187476,203382,0.07820751098917308,North Carolina,Buncombe County,271945,0.03163376232306625,2546,9.362187206971997,37
37021,Buncombe County,NC,"Asheville, NC",2022,1612.10773858,12,7.385297756180586,0.141154390253325,15843,192413,208256,0.07607463890596189,North Carolina,Buncombe County,273790,0.006761549210592577,2546,9.299097848716169,37
37025,Cabarrus County,NC,"Charlotte-Concord-Gastonia, NC-SC",2019,1211.1095533663156,12,7.099292204668889,0.05244572663980662,16582,164895,181477,0.09137246042198185,North Carolina,Cabarrus County,216340,0.022706627196905416,3134,14.486456503651658,37
37025,Cabarrus County,NC,"Charlotte-Concord-Gastonia, NC-SC",2020,1283.7688863220046,12,7.157555472972528,0.05826326830363904,18553,169703,188256,0.09855197178310386,North Carolina,Cabarrus County,221479,0.02347653266206251,3134,14.150325764519435,37
37025,Cabarrus County,NC,"Charlotte-Concord-Gastonia, NC-SC",2021,1431.4507229774438,12,7.266443700597747,0.10888822762521855,18455,166383,184838,0.09984418788344387,North Carolina,Cabarrus County,231788,0.04549538393521857,3134,13.52097606433465,37
37025,Cabarrus County,NC,"Charlotte-Concord-Gastonia, NC-SC",2022,1603.7503161494067,12,7.38010011306118,0.11365641246343294,17748,173313,191061,0.09289179895426068,North Carolina,Cabarrus County,235909,0.017622976645665034,3134,13.284783539415622,37
37051,Cumberland County,NC,"Fayetteville, NC",2019,862.6394342949467,12,6.759996798790131,0.046961779104575996,25836,223005,248841,0.10382533424958106,North Carolina,Cumberland County,336524,0.006047537204851849,710,2.1098049470468676,37
37051,Cumberland County,NC,"Fayetteville, NC",2020,927.4687216421295,12,6.832459070616052,0.07246227182592069,27780,228209,255989,0.10852028798112419,North Carolina,Cumberland County,336364,-0.0004755620638654534,710,2.1108085288556446,37
37051,Cumberland County,NC,"Fayetteville, NC",2021,1087.310825176303,12,6.991462793970241,0.15900372335418922,26566,221851,248417,0.10694115137047787,North Carolina,Cumberland County,337888,0.004520572709660442,710,2.1012880007576475,37
37051,Cumberland County,NC,"Fayetteville, NC",2022,1244.1246602497874,12,7.126187477482527,0.13472468351228617,26405,225016,251421,0.10502304898954344,North Carolina,Cumberland County,336781,-0.0032816121488838945,710,2.108194939738287,37
37057,Davidson County,NC,"Winston-Salem, NC",2022,1216.8446752938137,12,7.1040164556670575,0.11378763372433554,9425,128248,137673,0.06845932027340147,North Carolina,Davidson County,172380,0.009694127453762746,768,4.455273233553776,37
37063,Durham County,NC,"Durham-Chapel Hill, NC",2019,1285.3280380318895,12,7.158769247265372,0.046725318606913646,20843,214934,235777,0.08840132837384478,North Carolina,Durham County,322969,0.017147818791132252,3956,12.248853605144767,37
37063,Durham County,NC,"Durham-Chapel Hill, NC",2020,1319.6822388880094,12,7.1851462584856085,0.02637701122023639,22499,217194,239693,0.09386590346818639,North Carolina,Durham County,327306,0.01333916976025229,3956,12.086548978631617,37
37063,Durham County,NC,"Durham-Chapel Hill, NC",2021,1443.7275664367928,12,7.2749836357506235,0.08983737726501495,21646,209662,231308,0.09358085323464818,North Carolina,Durham County,329849,0.00773946083842425,3956,11.993366661714905,37
37063,Durham County,NC,"Durham-Chapel Hill, NC",2022,1624.5708098618195,12,7.392998942870687,0.11801530712006336,21517,215292,236809,0.09086225607979427,North Carolina,Durham County,333292,0.010384008642175147,3956,11.869471814505,37
37067,Forsyth County,NC,"Winston-Salem, NC",2019,975.2795482216519,12,6.882724146027405,0.0500179384616013,17047,277472,294519,0.0578808158387065,North Carolina,Forsyth County,382118,0.007676239628167991,2918,7.63638457230489,37
37067,Forsyth County,NC,"Winston-Salem, NC",2020,1034.3051508898059,12,6.94148512844465,0.05876098241724481,18615,280871,299486,0.06215649479441443,North Carolina,Forsyth County,383843,0.004504153387214771,2918,7.602066469884823,37
37067,Forsyth County,NC,"Winston-Salem, NC",2021,1163.9967064496532,12,7.059614798776773,0.11812967033212285,18931,272079,291010,0.0650527473282705,North Carolina,Forsyth County,386376,0.006577373790696228,2918,7.552228916909953,37
37067,Forsyth County,NC,"Winston-Salem, NC",2022,1307.935253913453,12,7.176205030725808,0.1165902319490355,18966,279565,298531,0.06353109057350828,North Carolina,Forsyth County,389661,0.00846614174623106,2918,7.488560569315379,37
37071,Gaston County,NC,"Charlotte-Concord-Gastonia, NC-SC",2019,1102.8884258263877,12,7.00568785894784,0.05840934451672375,11893,160866,172759,0.06884156541772064,North Carolina,Gaston County,224652,0.007999792391570892,1728,7.691896800384595,37
37071,Gaston County,NC,"Charlotte-Concord-Gastonia, NC-SC",2020,1177.837445573347,12,7.071435362816557,0.06574750386871742,13578,163713,177291,0.0765859519095724,North Carolina,Gaston County,226568,0.008492582402277904,1728,7.626849334416158,37
37071,Gaston County,NC,"Charlotte-Concord-Gastonia, NC-SC",2021,1322.9232398139725,12,7.187599142638827,0.11616377982226922,14405,160214,174619,0.08249388669045178,North Carolina,Gaston County,231277,0.020571005717343382,1728,7.471560077309892,37
37071,Gaston County,NC,"Charlotte-Concord-Gastonia, NC-SC",2022,1474.1380526103155,12,7.295828726850924,0.10822958421209705,13941,165048,178989,0.07788746794495752,North Carolina,Gaston County,233970,0.011576775676763518,1728,7.385562251570714,37
37081,Guilford County,NC,"Greensboro-High Point, NC",2019,939.2515061025005,12,6.8450832879688965,0.05029973842478608,23756,386204,409960,0.057947116791882136,North Carolina,Guilford County,537872,0.00864150810907205,2566,4.770651753577059,37
37081,Guilford County,NC,"Greensboro-High Point, NC",2020,993.1666206427955,12,6.900898445178392,0.05581515720949515,25889,391832,417721,0.06197677397114342,North Carolina,Guilford County,540521,0.004912875599332622,2566,4.7472716138688416,37
37081,Guilford County,NC,"Greensboro-High Point, NC",2021,1100.8492773571309,12,7.003837231218153,0.10293878603976125,24889,378999,403888,0.06162351939151448,North Carolina,Guilford County,542495,0.0036453795438031733,2566,4.729997511497802,37
37081,Guilford County,NC,"Greensboro-High Point, NC",2022,1250.361167044147,12,7.13118772219838,0.127350490980227,25446,386900,412346,0.06171031124347029,North Carolina,Guilford County,546457,0.007276753213520948,2566,4.695703413077332,37
37097,Iredell County,NC,"Charlotte-Concord-Gastonia, NC-SC",2019,1159.631942801491,12,7.0558579430647,0.04549341962663345,11242,139855,151097,0.07440253611918171,North Carolina,Iredell County,181866,0.019477385745386044,1905,10.474745142027647,37
37097,Iredell County,NC,"Charlotte-Concord-Gastonia, NC-SC",2020,1224.7561668775363,12,7.110497055719346,0.05463911265464638,13355,143264,156619,0.08527062489225445,North Carolina,Iredell County,185770,0.0212391972380388,1905,10.254615922915434,37
37097,Iredell County,NC,"Charlotte-Concord-Gastonia, NC-SC",2021,1391.5752685430525,12,7.238191671161724,0.12769461544237792,13282,140563,153845,0.08633364750235627,North Carolina,Iredell County,192186,0.03395430368901664,1905,9.91227248602916,37
37097,Iredell County,NC,"Charlotte-Concord-Gastonia, NC-SC",2022,1533.4918690042002,12,7.335302681293233,0.09711101013150891,12732,146222,158954,0.08009864489097475,North Carolina,Iredell County,195874,0.01900794227407765,1905,9.725639952214179,37
37101,Johnston County,NC,"Raleigh-Cary, NC",2019,1271.1490105627488,12,7.147676503155244,0.052469610183576876,14736,153149,167885,0.08777436935997855,North Carolina,Johnston County,209786,0.03272928677387377,3447,16.4310297159963,37
37101,Johnston County,NC,"Raleigh-Cary, NC",2020,1333.4125567909923,12,7.195496767262007,0.04782026410676288,17554,161220,178774,0.09819101211585578,North Carolina,Johnston County,216246,0.030328685014708867,3447,15.940179240309647,37
37101,Johnston County,NC,"Raleigh-Cary, NC",2021,1485.8914954544987,12,7.303770204748042,0.10827343748603457,18650,160040,178690,0.1043706978566232,North Carolina,Johnston County,227302,0.04986288123282456,3447,15.164846767736316,37
37101,Johnston County,NC,"Raleigh-Cary, NC",2022,1645.7815603004672,12,7.405970663013857,0.10220045826581536,17070,168398,185468,0.09203744042098906,North Carolina,Johnston County,234902,0.03288887612609592,3447,14.67420456190241,37
37119,Mecklenburg County,NC,"Charlotte-Concord-Gastonia, NC-SC",2019,1276.1004515031111,12,7.1515641845547036,0.050861657453853404,62218,792601,854819,0.07278499892959796,North Carolina,Mecklenburg County,1113283,0.015727326868670843,11067,9.940868584178506,37
37119,Mecklenburg County,NC,"Charlotte-Concord-Gastonia, NC-SC",2020,1310.9535383866041,12,7.178510043308543,0.026945858753839147,64946,804308,869254,0.07471464036978835,North Carolina,Mecklenburg County,1128945,0.013970260585608685,11067,9.802957628582437,37
37119,Mecklenburg County,NC,"Charlotte-Concord-Gastonia, NC-SC",2021,1451.268174564908,12,7.280193056320356,0.10168301301181337,65343,779660,845003,0.07732871954300755,North Carolina,Mecklenburg County,1126283,-0.0023607380152217416,11067,9.826127181179153,37
37119,Mecklenburg County,NC,"Charlotte-Concord-Gastonia, NC-SC",2022,1644.3569655235854,12,7.405104684359933,0.12491162803957678,67453,798799,866252,0.07786764128683109,North Carolina,Mecklenburg County,1144075,0.015673619961175334,11067,9.673316871708584,37
37125,Moore County,NC,"Pinehurst-Southern Pines, NC",2019,1280.4137247674269,12,7.154938527163084,0.027103875183285275,7284,75256,82540,0.08824812212260721,North Carolina,Moore County,101167,0.022046783592788444,1021,10.092223748850909,37
37125,Moore County,NC,"Pinehurst-Southern Pines, NC",2020,1342.425948673808,12,7.20223366558706,0.04729513842397548,8450,77729,86179,0.09805172953967904,North Carolina,Moore County,103352,0.021368020939069865,1021,9.87886059292515,37
37125,Moore County,NC,"Pinehurst-Southern Pines, NC",2021,1505.4172600301047,12,7.31682538794596,0.11459172235890058,8575,76647,85222,0.10061955833000868,North Carolina,Moore County,103044,-0.0029845561796530973,1021,9.908388649508947,37
37125,Moore County,NC,"Pinehurst-Southern Pines, NC",2022,1693.444158364586,12,7.434519697615903,0.11769430966994232,7868,80017,87885,0.08952608522500996,North Carolina,Moore County,105491,0.023469559741961632,1021,9.678550776843522,37
37129,New Hanover County,NC,"Wilmington, NC",2019,1126.1061252141342,12,7.02652105400453,0.07819802665705655,12246,150596,162842,0.07520172928360006,North Carolina,New Hanover County,234275,0.007321583298473655,3095,13.210970013872586,37
37129,New Hanover County,NC,"Wilmington, NC",2020,1184.3707678168234,12,7.076966914917134,0.05044586091260328,13904,156573,170477,0.08155938924312371,North Carolina,New Hanover County,236613,0.009930256079920596,3095,13.08043091461585,37
37129,New Hanover County,NC,"Wilmington, NC",2021,1336.1635709997752,12,7.197557779985301,0.1205908650681673,15240,153786,169026,0.09016364346313585,North Carolina,New Hanover County,230019,-0.028263980882870854,3095,13.455410205243915,37
37129,New Hanover County,NC,"Wilmington, NC",2022,1574.460759815406,12,7.361668117915751,0.16411033793044982,14604,158824,173428,0.08420785570957401,North Carolina,New Hanover County,235784,0.02475421748048312,3095,13.126420791911242,37
37133,Onslow County,NC,"Jacksonville, NC",2019,962.187665299294,12,6.869209509914109,0.08641134757966373,19000,127419,146419,0.12976457973350453,North Carolina,Onslow County,202795,0.02864169536019645,1435,7.076111343968046,37
37133,Onslow County,NC,"Jacksonville, NC",2020,996.9529157495261,12,6.9047035429184005,0.03549403300429166,21972,130642,152614,0.14397106425360714,North Carolina,Onslow County,203943,0.00564492645602499,1435,7.036279744830663,37
37133,Onslow County,NC,"Jacksonville, NC",2021,1108.3526927703992,12,7.010630131430558,0.10592658851215742,21330,129120,150450,0.14177467597208374,North Carolina,Onslow County,206018,0.010123000576294672,1435,6.965410789348503,37
37133,Onslow County,NC,"Jacksonville, NC",2022,1302.609040684925,12,7.172124486580251,0.16149435514969301,21242,133363,154605,0.13739529769412373,North Carolina,Onslow County,209031,0.014519022711478868,1435,6.86501045299501,37
37135,Orange County,NC,"Durham-Chapel Hill, NC",2019,1200.4810113017547,12,7.09047759821156,0.04733291379941651,9341,98236,107577,0.08683082815099882,North Carolina,Orange County,148192,0.001100529783180093,465,3.137821204923343,37
37135,Orange County,NC,"Durham-Chapel Hill, NC",2020,1250.1189833082424,12,7.130994012412979,0.04051641420141916,10213,98283,108496,0.09413250258074031,North Carolina,Orange County,149077,0.0059542206865721425,465,3.119193436948691,37
37135,Orange County,NC,"Durham-Chapel Hill, NC",2021,1362.6419163918579,12,7.217180679932958,0.0861866675199785,10041,95077,105118,0.09552122376757549,North Carolina,Orange County,148693,-0.002579173273790758,465,3.1272487608697115,37
37135,Orange County,NC,"Durham-Chapel Hill, NC",2022,1541.9677616131928,12,7.34081464703909,0.12363396710613195,9879,97973,107852,0.09159774505804251,North Carolina,Orange County,150253,0.010436762226991192,465,3.0947801375014143,37
37147,Pitt County,NC,"Greenville, NC",2019,863.0364913984854,12,6.760456974544609,0.04526367136049103,7773,115616,123389,0.06299589104377214,North Carolina,Pitt County,181257,0.00877738159525343,719,3.9667433533601457,37
37147,Pitt County,NC,"Greenville, NC",2020,911.2850870058843,12,6.814855786840456,0.05439881229584653,8232,117616,125848,0.06541224334117347,North Carolina,Pitt County,182924,0.009154852355138132,719,3.9305941265224904,37
37147,Pitt County,NC,"Greenville, NC",2021,992.8475616279874,12,6.9005771392980995,0.0857213524576439,8393,114900,123293,0.06807361326271565,North Carolina,Pitt County,172235,-0.060210942660562594,719,4.1745289865590625,37
37147,Pitt County,NC,"Greenville, NC",2022,1122.0207410089668,12,7.022886571659525,0.12230943236142533,8531,118062,126593,0.06738919213542613,North Carolina,Pitt County,173610,0.007951580880602549,719,4.141466505385634,37
37159,Rowan County,NC,"Charlotte-Concord-Gastonia, NC-SC",2022,1118.6305243248664,12,7.01986046998663,0.11345355323879325,8034,106464,114498,0.07016716449195619,North Carolina,Rowan County,149673,0.011666406974358168,874,5.83939655114817,37
37179,Union County,NC,"Charlotte-Concord-Gastonia, NC-SC",2019,1424.4115442080604,12,7.261514055981888,0.0381111284288389,14522,188529,203051,0.07151897799075109,North Carolina,Union County,240028,0.01600470912597629,2354,9.80718916126452,37
37179,Union County,NC,"Charlotte-Concord-Gastonia, NC-SC",2020,1491.6406739201132,12,7.3076319165840715,0.046117860602183924,17084,192888,209972,0.08136322938296535,North Carolina,Union County,244562,0.018713272297748773,2354,9.625371071548319,37
37179,Union County,NC,"Charlotte-Concord-Gastonia, NC-SC",2021,1660.3090907220114,12,7.414759063247791,0.10712714666371959,16610,187776,204386,0.08126779720724511,North Carolina,Union County,244259,-0.0012397177650171898,2354,9.637311214735178,37
37179,Union County,NC,"Charlotte-Concord-Gastonia, NC-SC",2022,1827.8748933013023,12,7.510909310558959,0.09615024731116772,17456,195786,213242,0.08186004633233603,North Carolina,Union County,249172,0.019914283313566372,2354,9.447289422567545,37
37183,Wake County,NC,"Raleigh-Cary, NC",2019,1249.7704153350398,12,7.130715145695396,0.03341994630715828,59649,855240,914889,0.06519807320888107,North Carolina,Wake County,1112795,0.018679026545926902,12598,11.321042959395037,37
37183,Wake County,NC,"Raleigh-Cary, NC",2020,1289.501759775108,12,7.1620111900161705,0.03129604432077482,66505,873371,939876,0.07075933421004472,North Carolina,Wake County,1132271,0.017350481976219356,12598,11.126311633875636,37
37183,Wake County,NC,"Raleigh-Cary, NC",2021,1423.5246516799682,12,7.260891224221791,0.09888003420562086,68553,852748,921301,0.07440890653543196,North Carolina,Wake County,1152301,0.017535462444174144,12598,10.932907287245259,37
37183,Wake County,NC,"Raleigh-Cary, NC",2022,1607.5550223828625,12,7.382469684068985,0.12157845984719362,66729,881723,948452,0.07035569538574435,North Carolina,Wake County,1170778,0.015907672221484148,12598,10.760366183853813,37
38017,Cass County,ND,"Fargo, ND-MN",2019,857.0227611008513,12,6.753464477289262,0.017682447962716452,8197,139539,147736,0.05548410678507608,North Dakota,Cass County,182238,0.007584744663972742,1666,9.141891372820158,38
38017,Cass County,ND,"Fargo, ND-MN",2020,879.3654092323169,12,6.7792005214635545,0.02573604417429287,8955,143221,152176,0.05884633582168016,North Dakota,Cass County,183904,0.009100357225749534,1666,9.059074299634592,38
38017,Cass County,ND,"Fargo, ND-MN",2021,910.7988346751068,12,6.814322054736754,0.03512153327319911,9359,140176,149535,0.06258735413113986,North Dakota,Cass County,189377,0.029325854938640816,1666,8.797266827545055,38
38017,Cass County,ND,"Fargo, ND-MN",2022,963.5453047231322,12,6.870619507738208,0.056297453001454834,9556,145114,154670,0.06178315122518911,North Dakota,Cass County,192713,0.017462298257616027,1666,8.644979840488187,38
38035,Grand Forks County,ND,"Grand Forks, ND-MN",2019,844.9564822535963,12,6.739285125739387,0.008769644342335958,3532,50141,53673,0.06580589868276415,North Dakota,Grand Forks County,69670,-0.014322094537625674,420,6.028419692837663,38
38035,Grand Forks County,ND,"Grand Forks, ND-MN",2020,867.5136088915206,12,6.765631199180988,0.026346073441601447,3593,51339,54932,0.0654081409742955,North Dakota,Grand Forks County,69481,-0.0027164751417245725,420,6.044818007800694,38
38035,Grand Forks County,ND,"Grand Forks, ND-MN",2021,890.3533228009159,12,6.7916183758568875,0.025987176675899448,3524,49039,52563,0.06704335749481574,North Dakota,Grand Forks County,72586,0.043718731869347494,420,5.786239770754691,38
38035,Grand Forks County,ND,"Grand Forks, ND-MN",2022,930.1295381823446,12,6.83532386481569,0.04370548895880244,3710,50140,53850,0.06889507892293407,North Dakota,Grand Forks County,72421,-0.0022757531872521497,420,5.7994228193479795,38
38101,Ward County,ND,"Minot, ND",2022,843.8781287174248,12,6.738008086915434,0.03226968601563929,3824,51620,55444,0.06897049274944088,North Dakota,Ward County,68788,-0.00833868981434982,160,2.3259870907716462,38
38105,Williams County,ND,"Williston, ND",2022,909.5409064594119,12,6.812939973812512,0.0681569183513826,2618,27962,30580,0.0856115107913669,North Dakota,Williams County,37966,-0.013941244562083455,84,2.21250592635516,38
39017,Butler County,OH,"Cincinnati, OH-KY-IN",2019,1064.7200809035937,12,6.970467208764091,0.03475115852863908,17004,290304,307308,0.05533210980514663,Ohio,Butler County,383603,0.0038891702204342238,1152,3.003104772381864,39
39017,Butler County,OH,"Cincinnati, OH-KY-IN",2020,1110.9514463340086,12,7.012972086014981,0.042504877250890694,18979,301002,319981,0.05931289670324175,Ohio,Butler County,385648,0.005316872691825125,1152,2.9871800190847613,39
39017,Butler County,OH,"Cincinnati, OH-KY-IN",2021,1212.0975867458444,12,7.100107680504964,0.08713559448998254,17555,284743,302298,0.05807183639984386,Ohio,Butler County,387619,0.005097862105998274,1152,2.971990537099575,39
39017,Butler County,OH,"Cincinnati, OH-KY-IN",2022,1350.6664122887553,12,7.208353388365369,0.1082457078604051,17135,292071,309206,0.055416130346759115,Ohio,Butler County,389728,0.00542616148166708,1152,2.95590770999261,39
39025,Clermont County,OH,"Cincinnati, OH-KY-IN",2019,1077.2804379063093,12,6.982195031289452,0.04076500505901315,9927,162531,172458,0.057561841143930696,Ohio,Clermont County,206851,0.005079326763636871,958,4.631353002886136,39
39025,Clermont County,OH,"Cincinnati, OH-KY-IN",2020,1128.222327834529,12,7.028398511780606,0.04620348049115375,11206,168702,179908,0.06228739133334816,Ohio,Clermont County,207449,0.002886799011784902,958,4.618002496999263,39
39025,Clermont County,OH,"Cincinnati, OH-KY-IN",2021,1246.8740959906702,12,7.128394975057952,0.09999646327734624,10586,159817,170403,0.06212331942512749,Ohio,Clermont County,209893,0.011712350727981047,958,4.564230345938169,39
39025,Clermont County,OH,"Cincinnati, OH-KY-IN",2022,1379.0238495337928,12,7.229131172447079,0.10073619738912676,10114,164673,174787,0.05786471533924148,Ohio,Clermont County,210679,0.003737771012314539,958,4.547202141646771,39
39035,Cuyahoga County,OH,"Cleveland-Elyria, OH",2019,943.1424372529151,12,6.849217318154818,0.045940121338627904,31497,933302,964799,0.03264617811585625,Ohio,Cuyahoga County,1235574,-0.005016637077766006,808,0.6539470723728404,39
39035,Cuyahoga County,OH,"Cleveland-Elyria, OH",2020,997.0141481462236,12,6.90476496057953,0.05554764242471144,34296,958891,993187,0.034531261484493855,Ohio,Cuyahoga County,1227883,-0.006244091119491202,808,0.6580431523198872,39
39035,Cuyahoga County,OH,"Cleveland-Elyria, OH",2021,1074.9303208762296,12,6.9800111206714455,0.07524616009191565,31959,895249,927208,0.03446799423646043,Ohio,Cuyahoga County,1247496,0.015846793912713153,808,0.6476974675670303,39
39035,Cuyahoga County,OH,"Cleveland-Elyria, OH",2022,1170.5272217900658,12,7.065209543209076,0.08519842253763077,33219,909267,942486,0.03524614689236763,Ohio,Cuyahoga County,1236994,-0.008454099271606452,808,0.6531963776703849,39
39041,Delaware County,OH,"Columbus, OH",2019,1178.9812015857376,12,7.072405956038534,0.025634723303408435,13908,175909,189817,0.0732705711290348,Ohio,Delaware County,209768,0.021300927021394855,1902,9.067159909995805,39
39041,Delaware County,OH,"Columbus, OH",2020,1205.2866589634318,12,7.094472708889078,0.02206675285054338,16477,185341,201818,0.08164286634492464,Ohio,Delaware County,213554,0.017887569974957884,1902,8.906412429643087,39
39041,Delaware County,OH,"Columbus, OH",2021,1296.7390792590597,12,7.167607991572034,0.07313528268295588,16061,176965,193026,0.08320640742697875,Ohio,Delaware County,221282,0.0355481781096838,1902,8.595366997767554,39
39041,Delaware County,OH,"Columbus, OH",2022,1428.3895210083822,12,7.26430287951891,0.0966948879468763,15697,185681,201378,0.07794793870234087,Ohio,Delaware County,226526,0.023421822424074534,1902,8.396387169684715,39
39045,Fairfield County,OH,"Columbus, OH",2020,1123.4763836952422,12,7.024183071106495,0.05093071052441189,10804,128162,138966,0.07774563562310205,Ohio,Fairfield County,159709,0.012639892049602253,744,4.658472597035859,39
39045,Fairfield County,OH,"Columbus, OH",2021,1233.0912169796545,12,7.117279480135729,0.09309640902923455,10448,121057,131505,0.07944945059123228,Ohio,Fairfield County,161209,0.009348250479607856,744,4.615126947006681,39
39045,Fairfield County,OH,"Columbus, OH",2022,1357.521651378017,12,7.213416001130636,0.09613652099490633,10402,125261,135663,0.07667529097838024,Ohio,Fairfield County,162956,0.010778565936931273,744,4.565649623211173,39
39049,Franklin County,OH,"Columbus, OH",2019,1063.9582285138638,12,6.969751410215396,0.0433406664803222,48451,973249,1021700,0.04742194381912499,Ohio,Franklin County,1318766,0.0077393515923063205,8108,6.148171851564265,39
39049,Franklin County,OH,"Columbus, OH",2020,1116.0241143812611,12,7.017527750576323,0.04777634036092682,49184,1010584,1059768,0.046410157694891714,Ohio,Franklin County,1324624,0.004432194711876392,8108,6.120982256096825,39
39049,Franklin County,OH,"Columbus, OH",2021,1200.0437991535007,12,7.090113334404593,0.0725855838282694,46675,955571,1002246,0.04657040287514243,Ohio,Franklin County,1317346,-0.0055095390260362365,8108,6.154799118834384,39
39049,Franklin County,OH,"Columbus, OH",2022,1307.9863879323375,12,7.176244125183435,0.08613079077884223,47834,973001,1020835,0.0468577194159683,Ohio,Franklin County,1321730,0.0033223780085300803,8108,6.134384480945427,39
39057,Greene County,OH,"Dayton-Kettering, OH",2019,1014.1589528403297,12,6.921814930091019,0.04080473989436406,10102,123733,133835,0.07548100272723876,Ohio,Greene County,169354,0.010154480320222703,509,3.0055386940963897,39
39057,Greene County,OH,"Dayton-Kettering, OH",2020,1069.2691145243925,12,6.974730623519029,0.05291569342801061,11294,127941,139235,0.08111466226164399,Ohio,Greene County,170122,0.00452462801626119,509,2.9919704682521955,39
39057,Greene County,OH,"Dayton-Kettering, OH",2021,1153.936966852421,12,7.050934824131197,0.07620420061216748,10574,121161,131735,0.0802672030971268,Ohio,Greene County,168236,-0.011148071170493878,509,3.0255117810694503,39
39057,Greene County,OH,"Dayton-Kettering, OH",2022,1277.7568460413456,12,7.152861355521999,0.10192653139080221,10617,125088,135705,0.07823587929700453,Ohio,Greene County,169027,0.004690709922808622,509,3.011353215758429,39
39061,Hamilton County,OH,"Cincinnati, OH-KY-IN",2019,1035.2006027392204,12,6.9423505059906905,0.05511914162269704,27340,621146,648486,0.04215973822102559,Ohio,Hamilton County,818653,0.003426114971652794,1739,2.1242211290986535,39
39061,Hamilton County,OH,"Cincinnati, OH-KY-IN",2020,1089.130257212514,12,6.993134727545438,0.050784221554747155,29231,638422,667653,0.0437817249379543,Ohio,Hamilton County,817985,-0.0008163076222036381,1739,2.1259558549362154,39
39061,Hamilton County,OH,"Cincinnati, OH-KY-IN",2021,1167.2425841896577,12,7.062399480598616,0.06926475305317847,27306,602522,629828,0.04335469366239672,Ohio,Hamilton County,827430,0.011480512501783835,1739,2.1016883603446814,39
39061,Hamilton County,OH,"Cincinnati, OH-KY-IN",2022,1288.8346261908916,12,7.161493698502856,0.09909421790423956,27863,613479,641342,0.04344483910300589,Ohio,Hamilton County,824721,-0.0032793642079536056,1739,2.108591875312985,39
39085,Lake County,OH,"Cleveland-Elyria, OH",2019,893.4044122957283,12,6.795039347674267,0.034033595108525994,7732,190450,198182,0.03901464310583201,Ohio,Lake County,229739,-0.0005091439311897261,681,2.964233325643448,39
39085,Lake County,OH,"Cleveland-Elyria, OH",2020,938.2379560828913,12,6.844003601357085,0.04896425368281765,8659,195870,204529,0.042336294608588516,Ohio,Lake County,229569,-0.0007402440530661636,681,2.9664283940775973,39
39085,Lake County,OH,"Cleveland-Elyria, OH",2021,1001.3521493746067,12,6.909106515025992,0.06510291366890719,8408,182923,191331,0.04394478678311408,Ohio,Lake County,232222,0.011490172776245089,681,2.9325386914245852,39
39085,Lake County,OH,"Cleveland-Elyria, OH",2022,1103.7286143231192,12,7.00644937625877,0.0973428612327778,8075,187405,195480,0.041308573767137306,Ohio,Lake County,231736,-0.0020950179876564334,681,2.9386888528325334,39
39089,Licking County,OH,"Columbus, OH",2019,1134.2909936194544,12,7.033763059499493,0.04549481704511393,8729,137474,146203,0.05970465722317599,Ohio,Licking County,177174,0.007694306919328042,292,1.648097350627067,39
39089,Licking County,OH,"Columbus, OH",2020,1187.5517887113726,12,7.079649146504259,0.045886087004766374,10091,144306,154397,0.06535748751594915,Ohio,Licking County,178100,0.005212889752376881,292,1.639528354856822,39
39089,Licking County,OH,"Columbus, OH",2021,1326.7920262140372,12,7.190519297267408,0.11087015076314888,9731,136128,145859,0.0667151152825674,Ohio,Licking County,180021,0.010728320456236062,292,1.622032985040634,39
39089,Licking County,OH,"Columbus, OH",2022,1435.228600636344,12,7.269079419085587,0.07856012181817906,9552,140409,149961,0.06369656110588753,Ohio,Licking County,181765,0.009641133205391839,292,1.6064698924435397,39
39093,Lorain County,OH,"Cleveland-Elyria, OH",2019,815.5870026887565,12,6.703908102684108,0.04407146871534273,11140,243072,254212,0.043821692130977294,Ohio,Lorain County,310100,0.002835360565930145,1252,4.037407287971622,39
39093,Lorain County,OH,"Cleveland-Elyria, OH",2020,857.1963342970331,12,6.753666987221908,0.049758884537800085,13268,252672,265940,0.04989095284650673,Ohio,Lorain County,312172,0.006659491854234645,1252,4.010609535768743,39
39093,Lorain County,OH,"Cleveland-Elyria, OH",2021,950.0971555718169,12,6.856564248388431,0.10289726116652353,12539,240561,253100,0.04954168312919795,Ohio,Lorain County,314216,0.006526329543346421,1252,3.9845202026631363,39
39093,Lorain County,OH,"Cleveland-Elyria, OH",2022,1047.67045863331,12,6.954324367562911,0.09776011917448013,12006,248070,260076,0.0461634291514788,Ohio,Lorain County,316031,0.005759662537135668,1252,3.96163667488316,39
39095,Lucas County,OH,"Toledo, OH",2019,792.3401296418688,12,6.674990756242847,0.03395444803658698,11968,314666,326634,0.036640398733750926,Ohio,Lucas County,428888,-0.0025661400215852836,881,2.0541493350245283,39
39095,Lucas County,OH,"Toledo, OH",2020,826.8259035326469,12,6.717594157182163,0.04260340093931614,12713,325133,337846,0.037629570869567794,Ohio,Lucas County,428294,-0.0013859369307347436,881,2.056998230187675,39
39095,Lucas County,OH,"Toledo, OH",2021,904.146020841581,12,6.806990874827643,0.08939671764547974,12035,307354,319389,0.037681322775674805,Ohio,Lucas County,429482,0.002769955698440185,881,2.051308320255564,39
39095,Lucas County,OH,"Toledo, OH",2022,1006.083373581598,12,6.913820223549288,0.10682934872164473,12220,313283,325503,0.037541896695268556,Ohio,Lucas County,426719,-0.006454114375465281,881,2.064590515069636,39
39099,Mahoning County,OH,"Youngstown-Warren-Boardman, OH-PA",2019,663.911303261104,12,6.498148561127859,0.03137243980508231,6864,171401,178265,0.03850447367682944,Ohio,Mahoning County,227510,-0.006418633820128861,151,0.6637070897982505,39
39099,Mahoning County,OH,"Youngstown-Warren-Boardman, OH-PA",2020,711.4431742446299,12,6.567295546799397,0.0691469856715381,8085,176154,184239,0.04388321690847215,Ohio,Mahoning County,226075,-0.006327390842379543,151,0.6679199380736481,39
39099,Mahoning County,OH,"Youngstown-Warren-Boardman, OH-PA",2021,796.0824708066275,12,6.679702787018585,0.1124072402191878,8103,165962,174065,0.0465515755608537,Ohio,Mahoning County,226529,0.0020061694208113323,151,0.6665813207139042,39
39099,Mahoning County,OH,"Youngstown-Warren-Boardman, OH-PA",2022,876.2554704727365,11,6.775657681379511,0.09595489436092564,7479,170090,177569,0.042118838310741175,Ohio,Mahoning County,225922,-0.002683165090443751,151,0.6683722700755128,39
39103,Medina County,OH,"Cleveland-Elyria, OH",2019,1191.0011698377907,12,7.08254955158638,0.032491688915365025,8220,153430,161650,0.05085060315496443,Ohio,Medina County,180121,0.005098445334981605,500,2.775911748213701,39
39103,Medina County,OH,"Cleveland-Elyria, OH",2020,1235.5297937757505,12,7.1192551398896295,0.036705588303249215,9030,158959,167989,0.053753519575686505,Ohio,Medina County,180912,0.0043818779206095115,500,2.7637746528699036,39
39103,Medina County,OH,"Cleveland-Elyria, OH",2021,1399.94251739576,12,7.244186455757378,0.12493131586774808,8592,149043,157635,0.054505661813683506,Ohio,Medina County,183394,0.013626118718089941,500,2.7263705464737122,39
39103,Medina County,OH,"Cleveland-Elyria, OH",2022,1520.9914499200238,12,7.327117670889137,0.08293121513175894,7864,153144,161008,0.04884229355063102,Ohio,Medina County,183489,0.0005178762827551253,500,2.72495898936721,39
39109,Miami County,OH,"Dayton-Kettering, OH",2019,968.5608045251544,12,6.8758112630396315,0.04385844148748763,4998,86327,91325,0.054727621133315085,Ohio,Miami County,106995,0.00848488801226388,277,2.588906023645965,39
39109,Miami County,OH,"Dayton-Kettering, OH",2020,1022.3300196810095,12,6.929839634176797,0.05402837113716519,5700,90158,95858,0.05946295562185733,Ohio,Miami County,107516,0.004857569303750253,277,2.576360727705644,39
39109,Miami County,OH,"Dayton-Kettering, OH",2021,1127.0838536430454,11,7.027388915569204,0.09754928139240704,5297,84751,90048,0.05882418265813788,Ohio,Miami County,109411,0.01747175967743253,277,2.5317381250514113,39
39109,Miami County,OH,"Dayton-Kettering, OH",2022,1225.8479522049377,12,7.111388089396417,0.08399917382721345,5426,86985,92411,0.05871595372845224,Ohio,Miami County,110213,0.007303423714045465,277,2.5133151261647897,39
39113,Montgomery County,OH,"Dayton-Kettering, OH",2019,846.6664465304517,12,6.741306811341035,0.04772425678650194,20291,395061,415352,0.048852539532733684,Ohio,Montgomery County,532139,0.00034771397211308397,913,1.7157171340570792,39
39113,Montgomery County,OH,"Dayton-Kettering, OH",2020,897.9751878331804,12,6.800142437445171,0.05883562610413584,22613,405618,428231,0.052805611924405284,Ohio,Montgomery County,531610,-0.0009945956115746668,913,1.7174244276819473,39
39113,Montgomery County,OH,"Dayton-Kettering, OH",2021,976.6955551655774,12,6.884174991573389,0.08403255412821853,21743,384991,406734,0.053457542275787126,Ohio,Montgomery County,536155,0.008513160572706013,913,1.7028657757551455,39
39113,Montgomery County,OH,"Dayton-Kettering, OH",2022,1076.570727520022,12,6.981536016011734,0.09736102443834493,20985,392774,413759,0.05071793000273106,Ohio,Montgomery County,533474,-0.005012963587214259,913,1.7114236120223292,39
39133,Portage County,OH,"Akron, OH",2019,872.8412463612382,12,6.771753690919719,0.040091877593138925,7352,115719,123071,0.05973787488522885,Ohio,Portage County,162426,0.0003633083265270898,344,2.1178875303215006,39
39133,Portage County,OH,"Akron, OH",2020,920.3241648119374,12,6.824725961037779,0.05297227011805994,8532,119891,128423,0.06643669747630876,Ohio,Portage County,162583,0.0009661271670129423,344,2.1158423697434543,39
39133,Portage County,OH,"Akron, OH",2021,993.7942761496175,12,6.901530219591981,0.07680425855420214,7890,112964,120854,0.06528538567196783,Ohio,Portage County,159076,-0.021806565160341407,344,2.162488370338706,39
39133,Portage County,OH,"Akron, OH",2022,1110.5826089132352,12,7.012640029503589,0.1111098099116079,7920,116376,124296,0.06371886464568449,Ohio,Portage County,161742,0.016620397674124376,344,2.126843986101322,39
39151,Stark County,OH,"Canton-Massillon, OH",2019,678.938070813169,12,6.520529916938411,0.037580212838498994,10712,293945,304657,0.035160853024877155,Ohio,Stark County,370723,-0.0018514206920841048,683,1.8423459024662618,39
39151,Stark County,OH,"Canton-Massillon, OH",2020,718.6671254401963,12,6.577398281728194,0.056868364789782966,11942,303665,315607,0.03783819750512504,Ohio,Stark County,369772,-0.0025685535293256123,683,1.847084149151369,39
39151,Stark County,OH,"Canton-Massillon, OH",2021,778.39629084105,12,6.657235765753877,0.07983748402568303,11594,286851,298445,0.0388480289500578,Ohio,Stark County,373792,0.010812893490477649,683,1.827219416145878,39
39151,Stark County,OH,"Canton-Massillon, OH",2022,862.7163720150737,12,6.760085983548309,0.10285021779443149,11382,293322,304704,0.03735428481411468,Ohio,Stark County,372785,-0.0026976470228436966,683,1.8321552637579301,39
39153,Summit County,OH,"Akron, OH",2019,797.1530450480233,12,6.681046686764567,0.038284353297879825,18203,418722,436925,0.04166161240487498,Ohio,Summit County,540814,-0.0011771609976438668,570,1.0539667981967922,39
39153,Summit County,OH,"Akron, OH",2020,837.3725441785788,12,6.730269066062321,0.04922237929775353,20153,430414,450567,0.04472808705475545,Ohio,Summit County,538866,-0.003608480501192446,570,1.057776887018294,39
39153,Summit County,OH,"Akron, OH",2021,922.7079004616098,12,6.8273127168775485,0.0970436508152277,19713,404307,424020,0.0464907315692656,Ohio,Summit County,537436,-0.002657248321440875,570,1.0605914006504962,39
39153,Summit County,OH,"Akron, OH",2022,1023.585443946633,12,6.931066883733792,0.10375416685624383,19675,413528,433203,0.045417506342292184,Ohio,Summit County,535769,-0.0031065851177860537,570,1.0638913412310156,39
39155,Trumbull County,OH,"Youngstown-Warren-Boardman, OH-PA",2019,646.1810852237867,12,6.4710797821848205,0.04131428121169112,6017,154062,160079,0.03758769107753047,Ohio,Trumbull County,198069,-0.0025463717895881643,105,0.5301182921103251,39
39155,Trumbull County,OH,"Youngstown-Warren-Boardman, OH-PA",2020,683.1198906855129,12,6.526670379576959,0.055590597392138896,6714,160829,167543,0.040073294616904315,Ohio,Trumbull County,196800,-0.0064274702181261745,105,0.5335365853658537,39
39155,Trumbull County,OH,"Youngstown-Warren-Boardman, OH-PA",2021,776.9190417598279,12,6.6553361515798475,0.1286657720028881,6958,150141,157099,0.0442905429060656,Ohio,Trumbull County,201572,0.023958653044216405,105,0.5209056813446312,39
39155,Trumbull County,OH,"Youngstown-Warren-Boardman, OH-PA",2022,835.9764036058722,12,6.728600387334532,0.07326423575468421,6670,153660,160330,0.041601696500966755,Ohio,Trumbull County,200726,-0.004205843663564579,105,0.5231011428514492,39
39165,Warren County,OH,"Cincinnati, OH-KY-IN",2019,1270.4680500727766,12,7.147140654921603,0.03801544241323551,15345,193880,209225,0.07334209582984826,Ohio,Warren County,235601,0.013081743354806719,1640,6.96092121850077,39
39165,Warren County,OH,"Cincinnati, OH-KY-IN",2020,1328.3292412433711,12,7.1916772219316645,0.044536567010061034,17940,202921,220861,0.0812275594151978,Ohio,Warren County,238412,0.011860573244275585,1640,6.878848380115095,39
39165,Warren County,OH,"Cincinnati, OH-KY-IN",2021,1427.6618464133373,12,7.263793312625897,0.07211609069423286,16637,193432,210069,0.0791977873936659,Ohio,Warren County,246828,0.034691468289153704,1640,6.644302915390475,39
39165,Warren County,OH,"Cincinnati, OH-KY-IN",2022,1578.7754080551601,12,7.364404767315188,0.10061145468929045,15615,201364,216979,0.07196548974785578,Ohio,Warren County,249735,0.011708617880898942,1640,6.566960978637355,39
39173,Wood County,OH,"Toledo, OH",2020,1164.2509139808678,12,7.059833166900502,0.03223753775463667,6964,100410,107374,0.06485741427161137,Ohio,Wood County,131113,0.0001830649656895389,484,3.6914722415016055,39
39173,Wood County,OH,"Toledo, OH",2021,1298.8117062639803,12,7.169205053326339,0.10937188642583706,6768,94813,101581,0.06662663293332415,Ohio,Wood County,130310,-0.006143319642561096,484,3.7142199370731332,39
39173,Wood County,OH,"Toledo, OH",2022,1430.2837444656454,12,7.265628126274021,0.09642307294768226,6504,97404,103908,0.0625938330061208,Ohio,Wood County,131642,0.010169889753385064,484,3.6766381549961262,39
40017,Canadian County,OK,"Oklahoma City, OK",2019,1217.0964042992455,12,7.104223304557887,0.02018775819642915,11299,111429,122728,0.09206538035330161,Oklahoma,Canadian County,148635,0.027729816858620637,435,2.92663235442527,40
40017,Canadian County,OK,"Oklahoma City, OK",2020,1251.8150547346886,12,7.132349820887918,0.028126516330031492,14514,116140,130654,0.11108729927901174,Oklahoma,Canadian County,153192,0.030198400442893458,435,2.8395738680871063,40
40017,Canadian County,OK,"Oklahoma City, OK",2021,1347.7502110498156,12,7.2061919709259525,0.0738421500380344,14822,115418,130240,0.11380528255528255,Oklahoma,Canadian County,161999,0.05589812575196085,435,2.6852017605046945,40
40017,Canadian County,OK,"Oklahoma City, OK",2022,1447.3090555752522,12,7.27746128749903,0.07126931657307711,14639,122230,136869,0.10695628666827404,Oklahoma,Canadian County,169254,0.043810382817277116,435,2.5701017405792475,40
40027,Cleveland County,OK,"Oklahoma City, OK",2019,985.0841490221432,12,6.892727068002446,0.026633316409742314,17196,199148,216344,0.07948452464593425,Oklahoma,Cleveland County,284537,0.010521280741574657,1150,4.041653633798066,40
40027,Cleveland County,OK,"Oklahoma City, OK",2020,1015.425691384823,12,6.923063203931267,0.03033613592882123,19118,203957,223075,0.08570211812170794,Oklahoma,Cleveland County,287066,0.008848856644140923,1150,4.006047389798862,40
40027,Cleveland County,OK,"Oklahoma City, OK",2021,1104.8943742548327,12,7.007505020473289,0.08444181654202154,18665,197044,215709,0.08652861030369619,Oklahoma,Cleveland County,298110,0.03775039143289938,1150,3.857636442923753,40
40027,Cleveland County,OK,"Oklahoma City, OK",2022,1204.6028271960465,12,7.093905187606739,0.08640016713345045,17454,203295,220749,0.07906717584224617,Oklahoma,Cleveland County,299484,0.004598447846479559,1150,3.839938026739325,40
40031,Comanche County,OK,"Lawton, OK",2019,739.0687929240662,12,6.6053910058227965,0.020180955680650925,7602,77012,84614,0.08984328834471837,Oklahoma,Comanche County,121224,0.0018412638084601696,102,0.8414175410809741,40
40031,Comanche County,OK,"Lawton, OK",2020,767.3950656323872,12,6.643001747810928,0.0376107419881313,9061,79391,88452,0.10243974132863022,Oklahoma,Comanche County,121099,-0.0010316809472250554,102,0.8422860634687321,40
40031,Comanche County,OK,"Lawton, OK",2021,839.8826847715048,12,6.733262221097552,0.0902604732866239,8843,77001,85844,0.10301244117235916,Oklahoma,Comanche County,122324,0.010064869311339208,102,0.8338510840064092,40
40031,Comanche County,OK,"Lawton, OK",2022,966.8301997114672,12,6.874022885113778,0.14076066401622622,7912,78464,86376,0.0915995183847365,Oklahoma,Comanche County,122225,-0.0008096537332651366,102,0.8345264880343628,40
40109,Oklahoma County,OK,"Oklahoma City, OK",2019,977.3971833878396,12,6.88489310309243,0.03465879543410466,34761,554547,589308,0.058986132888065326,Oklahoma,Oklahoma County,797563,0.008356417478001532,4991,6.257812862432185,40
40109,Oklahoma County,OK,"Oklahoma City, OK",2020,1010.840720182386,12,6.918537659805887,0.03364455671345734,38656,567644,606300,0.06375721589971961,Oklahoma,Oklahoma County,804041,0.008089434499524373,4991,6.207394896528908,40
40109,Oklahoma County,OK,"Oklahoma City, OK",2021,1102.879748387094,12,7.005679990995627,0.08714233118973969,37337,545206,582543,0.06409312273943726,Oklahoma,Oklahoma County,799845,-0.005232304007668276,4991,6.23995899205471,40
40109,Oklahoma County,OK,"Oklahoma City, OK",2022,1208.9635710668251,12,7.097518718702457,0.09183872770682999,36631,559632,596263,0.061434299964948355,Oklahoma,Oklahoma County,803103,0.0040650158163089145,4991,6.214644945916028,40
40119,Payne County,OK,"Stillwater, OK",2022,1141.4940534584168,12,7.040093256546221,0.0931716666175566,4333,47429,51762,0.08371005757119122,Oklahoma,Payne County,82701,0.006526614782496054,114,1.3784597526027498,40
40131,Rogers County,OK,"Tulsa, OK",2019,915.7571097856344,12,6.819751165522462,0.03418461620324553,5962,70622,76584,0.07784915909328319,Oklahoma,Rogers County,92616,0.0071408364200973296,685,7.396130258270709,40
40131,Rogers County,OK,"Tulsa, OK",2020,955.6291326428372,12,6.862369901218475,0.04261873569601349,6931,72613,79544,0.08713416473901237,Oklahoma,Rogers County,93155,0.005802859568889929,685,7.353335838119264,40
40131,Rogers County,OK,"Tulsa, OK",2021,1046.4695945917692,12,6.953177487084387,0.09080758586591209,7494,69593,77087,0.09721483518621817,Oklahoma,Rogers County,96871,0.03911542402614465,685,7.071259716530231,40
40131,Rogers County,OK,"Tulsa, OK",2022,1156.8517980045788,12,7.053457627376954,0.1002801402925666,6917,72526,79443,0.08706871593469531,Oklahoma,Rogers County,99060,0.02234553066162981,685,6.915001009489198,40
40143,Tulsa County,OK,"Tulsa, OK",2019,895.8173154729052,12,6.797736503205614,0.02894456127879952,27917,474142,502059,0.055605018533678316,Oklahoma,Tulsa County,652166,0.005643295090964173,3215,4.929726480681299,40
40143,Tulsa County,OK,"Tulsa, OK",2020,937.6165640415862,12,6.843341085093305,0.045604581887691786,31287,487047,518334,0.06036069406984686,Oklahoma,Tulsa County,657589,0.008280985359892412,3215,4.8890720495628734,40
40143,Tulsa County,OK,"Tulsa, OK",2021,1042.6810715479694,12,6.9495506283249044,0.10620954323159904,30187,467933,498120,0.06060186300489842,Oklahoma,Tulsa County,674051,0.02472565959729245,3215,4.76966876393626,40
40143,Tulsa County,OK,"Tulsa, OK",2022,1161.5115157978837,12,7.057477466752691,0.10792683842778672,29190,479741,508931,0.05735551577718787,Oklahoma,Tulsa County,677061,0.00445559654510852,3215,4.748464318576908,40
41003,Benton County,OR,"Corvallis, OR",2019,1283.0967327067344,12,7.157031757491944,0.03855241370130358,5092,59261,64353,0.07912607026867434,Oregon,Benton County,93114,0.006496992550539815,302,3.243336125609468,41
41003,Benton County,OR,"Corvallis, OR",2020,1311.9541556753773,12,7.1792730265729405,0.022241269080996773,5718,60853,66571,0.08589325682354178,Oregon,Benton County,93239,0.0013415401817749029,302,3.2389879771340317,41
41003,Benton County,OR,"Corvallis, OR",2021,1401.5847855197078,12,7.245358865043093,0.06608583847015215,6137,58668,64805,0.09469948306457834,Oregon,Benton County,96321,0.0325202744670996,302,3.135349508414572,41
41003,Benton County,OR,"Corvallis, OR",2022,1581.106800149786,12,7.365880387204824,0.12052152216173173,5811,61123,66934,0.08681686437386082,Oregon,Benton County,97661,0.013815934621471015,302,3.092329589088787,41
41005,Clackamas County,OR,"Portland-Vancouver-Hillsboro, OR-WA",2019,1413.7925479797311,12,7.2540311228075085,0.0417546576964174,25093,325482,350575,0.07157669542893817,Oregon,Clackamas County,418199,0.006267823370379233,2011,4.808715467994903,41
41005,Clackamas County,OR,"Portland-Vancouver-Hillsboro, OR-WA",2020,1457.795900987138,12,7.284680917164175,0.03064979435666615,28222,331159,359381,0.07852947150795396,Oregon,Clackamas County,421596,0.008090113724819048,2011,4.769969354547956,41
41005,Clackamas County,OR,"Portland-Vancouver-Hillsboro, OR-WA",2021,1608.412915751567,12,7.383003205177129,0.0983222880129544,27191,315987,343178,0.07923293451211907,Oregon,Clackamas County,423804,0.005223574687892807,2011,4.745118026257421,41
41005,Clackamas County,OR,"Portland-Vancouver-Hillsboro, OR-WA",2022,1769.9570308593045,12,7.478710548922524,0.0957073437453948,25167,325509,350676,0.07176710125586011,Oregon,Clackamas County,423118,-0.0016199842489026395,2011,4.752811272505542,41
41017,Deschutes County,OR,"Bend, OR",2019,1448.9824077322035,12,7.278616801275416,0.060937840793116926,12969,149166,162135,0.07998889814043852,Oregon,Deschutes County,197417,0.029021505560086425,2338,11.842951721482953,41
41017,Deschutes County,OR,"Bend, OR",2020,1565.8904233010835,12,7.356209901753325,0.0775931004779089,15222,154157,169379,0.08986946433737358,Oregon,Deschutes County,201769,0.021805235830617775,2338,11.587508487428693,41
41017,Deschutes County,OR,"Bend, OR",2021,1889.6636593107703,12,7.544154134180649,0.1879442324273235,14429,152297,166726,0.0865431906241378,Oregon,Deschutes County,205283,0.01726603626991441,2338,11.389155458562081,41
41017,Deschutes County,OR,"Bend, OR",2022,1982.410759985012,12,7.592068938616913,0.047914804436264724,13327,157070,170397,0.07821147085922875,Oregon,Deschutes County,206483,0.005828569610994094,2338,11.322966055316902,41
41029,Jackson County,OR,"Medford, OR",2019,1295.3309873865871,12,7.166521530191918,0.04291067668281201,9112,163815,172927,0.0526927547462224,Oregon,Jackson County,220815,0.005444680151862613,886,4.012408577315853,41
41029,Jackson County,OR,"Medford, OR",2020,1366.3048133589436,12,7.219865158253368,0.05334362806144988,9763,167625,177388,0.0550375448170113,Oregon,Jackson County,221844,0.004649185280221957,886,3.993797443248409,41
41029,Jackson County,OR,"Medford, OR",2021,1505.625837801622,12,7.316963929816716,0.09709877156334823,9004,161015,170019,0.05295878695910457,Oregon,Jackson County,224353,0.011246272137730884,886,3.949133731218214,41
41029,Jackson County,OR,"Medford, OR",2022,1596.9275427381247,12,7.375836776326691,0.05887284650997504,8697,164299,172996,0.050272838678350945,Oregon,Jackson County,221669,-0.012035426047905418,886,3.996950408040817,41
41039,Lane County,OR,"Eugene-Springfield, OR",2019,1216.1559418514985,12,7.103450295958047,0.056000629391836476,14094,262667,276761,0.050924805156795934,Oregon,Lane County,382064,0.008561293290615168,1391,3.640751287742368,41
41039,Lane County,OR,"Eugene-Springfield, OR",2020,1273.0152700282936,12,7.149143593794413,0.04569329783636622,14637,268998,283635,0.05160505579353747,Oregon,Lane County,382986,0.002410301147289573,1391,3.631986547811147,41
41039,Lane County,OR,"Eugene-Springfield, OR",2021,1394.3587345682129,12,7.240189900084758,0.0910463062903446,14001,259982,273983,0.051101710690079315,Oregon,Lane County,384121,0.00295917213175656,1391,3.6212547608696215,41
41039,Lane County,OR,"Eugene-Springfield, OR",2022,1561.813507579777,12,7.353602929916861,0.11341302983210344,13754,266186,279940,0.04913195684789598,Oregon,Lane County,382181,-0.005063288741590455,1391,3.6396367166342647,41
41043,Linn County,OR,"Albany-Lebanon, OR",2022,1417.6841079427456,12,7.256779909314509,0.1315405317691507,7275,95625,102900,0.0706997084548105,Oregon,Linn County,130622,0.0038505543430140676,796,6.09391986036043,41
41047,Marion County,OR,"Salem, OR",2019,1158.8931712022752,12,7.055220665840696,0.04114493994114543,15008,258970,273978,0.05477812087101884,Oregon,Marion County,347557,0.005901305453933858,1743,5.015004733036596,41
41047,Marion County,OR,"Salem, OR",2020,1213.2213229615609,12,7.1010343514607985,0.045813685620102795,16289,267466,283755,0.05740515585628447,Oregon,Marion County,349204,0.004727598322988413,1743,4.991351760002749,41
41047,Marion County,OR,"Salem, OR",2021,1338.4227525650413,12,7.1992471493525665,0.09821279789176796,15966,252144,268110,0.05955018462571333,Oregon,Marion County,347851,-0.0038820514856894306,1743,5.01076610387781,41
41047,Marion County,OR,"Salem, OR",2022,1494.6324211838871,12,7.3096355834754805,0.11038843412291399,14517,258385,272902,0.05319491978805579,Oregon,Marion County,346719,-0.0032595735556526506,1743,5.027125712752978,41
41051,Multnomah County,OR,"Portland-Vancouver-Hillsboro, OR-WA",2019,1385.5654782806935,12,7.233863622862038,0.034502857924230135,42118,577201,619319,0.06800695602750763,Oregon,Multnomah County,812439,0.003688300591456084,2709,3.334404182960198,41
41051,Multnomah County,OR,"Portland-Vancouver-Hillsboro, OR-WA",2020,1409.185017076934,12,7.250766814191524,0.0169031913294857,43208,586365,629573,0.06863064330903644,Oregon,Multnomah County,815637,0.003928568584104397,2709,3.321330444793456,41
41051,Multnomah County,OR,"Portland-Vancouver-Hillsboro, OR-WA",2021,1474.9046078481772,12,7.296348594037251,0.04558177984572698,41029,556080,597109,0.0687127475887987,Oregon,Multnomah County,805319,-0.012730930831542864,2709,3.3638843737698974,41
41051,Multnomah County,OR,"Portland-Vancouver-Hillsboro, OR-WA",2022,1587.093478578093,12,7.369659621487425,0.07331102745017404,41066,560824,601890,0.06822841382976956,Oregon,Multnomah County,794563,-0.013446194227702435,2709,3.409421279369918,41
41053,Polk County,OR,"Salem, OR",2022,1552.6418436624717,12,7.347713174312056,0.09979851980407428,6052,63150,69202,0.0874541198231265,Oregon,Polk County,89593,0.002458568787556459,265,2.9578203654303348,41
41067,Washington County,OR,"Portland-Vancouver-Hillsboro, OR-WA",2019,1446.6678126909985,12,7.277018130608745,0.03378467727557499,31730,468248,499978,0.06346279236286397,Oregon,Washington County,600933,0.006516084069197348,3062,5.095409970828695,41
41067,Washington County,OR,"Portland-Vancouver-Hillsboro, OR-WA",2020,1486.2611738298901,12,7.304018966112905,0.027000835504160214,32935,476458,509393,0.0646553839569841,Oregon,Washington County,603514,0.004285790824585689,3062,5.073618838999592,41
41067,Washington County,OR,"Portland-Vancouver-Hillsboro, OR-WA",2021,1621.037093014245,12,7.390821404271059,0.0868024381581538,32247,452297,484544,0.06655123167349095,Oregon,Washington County,602453,-0.0017595842568649545,3062,5.0825541577517255,41
41067,Washington County,OR,"Portland-Vancouver-Hillsboro, OR-WA",2022,1824.6645568609786,12,7.509151444662744,0.11833004039168493,30792,462545,493337,0.062415752315354414,Oregon,Washington County,600086,-0.003936675745011442,3062,5.1026019603856785,41
41071,Yamhill County,OR,"Portland-Vancouver-Hillsboro, OR-WA",2019,1388.743953070715,12,7.2361549867198525,0.06215929802421272,5284,79333,84617,0.06244608057482539,Oregon,Yamhill County,106927,0.005034771109322378,351,3.282613371739598,41
41071,Yamhill County,OR,"Portland-Vancouver-Hillsboro, OR-WA",2020,1480.0736162327737,12,7.299847106218953,0.06369211949910092,6260,81299,87559,0.07149464932217134,Oregon,Yamhill County,107664,0.006868907808364355,351,3.260142666072225,41
41071,Yamhill County,OR,"Portland-Vancouver-Hillsboro, OR-WA",2021,1596.579847976028,12,7.3756190252956575,0.07577191907670411,5976,77583,83559,0.07151832836678275,Oregon,Yamhill County,108481,0.007559775992721285,351,3.2355896424258628,41
41071,Yamhill County,OR,"Portland-Vancouver-Hillsboro, OR-WA",2022,1775.3058109644378,12,7.4817279749369545,0.10610894964129702,5740,79225,84965,0.06755722944741953,Oregon,Yamhill County,108362,-0.001097568396914994,351,3.239142872962847,41
42003,Allegheny County,PA,"Pittsburgh, PA",2019,1123.1205882899285,12,7.023866329463267,0.038801209561354355,31856,962926,994782,0.03202309651762899,Pennsylvania,Allegheny County,1215716,-0.0014729431601754328,1974,1.6237344906211648,42
42003,Allegheny County,PA,"Pittsburgh, PA",2020,1162.9028185410846,12,7.058674588013564,0.03480825855029668,32645,972924,1005569,0.032464206832151746,Pennsylvania,Allegheny County,1211358,-0.0035911593000879094,1974,1.6295760625677957,42
42003,Allegheny County,PA,"Pittsburgh, PA",2021,1224.3906148628762,12,7.110198541951123,0.05152395393755871,31028,923186,954214,0.03251681488638817,Pennsylvania,Allegheny County,1245220,0.02757017679852325,1974,1.5852620420487946,42
42003,Allegheny County,PA,"Pittsburgh, PA",2022,1316.3627770090006,12,7.1826277403164696,0.07242919836534689,31400,943923,975323,0.032194462757465986,Pennsylvania,Allegheny County,1232605,-0.010182405129382843,1974,1.60148628311584,42
42007,Beaver County,PA,"Pittsburgh, PA",2022,896.8238039427988,12,6.798859414606844,0.036783059780394645,5556,132064,137620,0.04037203894782735,Pennsylvania,Beaver County,165737,-0.0073939934824149844,216,1.3032696380409925,42
42011,Berks County,PA,"Reading, PA",2019,940.6023643215213,12,6.846520483139004,0.03589874919314351,11929,340932,352861,0.03380651304621367,Pennsylvania,Berks County,420375,-7.611961249232024e-05,515,1.2250966399048469,42
42011,Berks County,PA,"Reading, PA",2020,991.8601400846491,12,6.8995821095272625,0.053061626388258176,13550,346677,360227,0.03761517043419844,Pennsylvania,Berks County,421017,0.0015260428542021032,515,1.2232285157131422,42
42011,Berks County,PA,"Reading, PA",2021,1118.2573519844948,12,7.019526816835942,0.11994470730867945,13851,330481,344332,0.04022571239385245,Pennsylvania,Berks County,429635,0.02026279809736664,515,1.1986919129028129,42
42011,Berks County,PA,"Reading, PA",2022,1235.2578318261333,12,7.119034997981926,0.0995081811459837,13567,341498,355065,0.03820990522862011,Pennsylvania,Berks County,431573,0.00450066249114478,515,1.1933091273087055,42
42017,Bucks County,PA,"Philadelphia-Camden-Wilmington, PA-NJ-DE-MD",2019,1481.9567545045395,12,7.301118624934011,0.037275262672818776,23179,546227,569406,0.040707333607303046,Pennsylvania,Bucks County,628497,0.0004997294562407717,730,1.1615011686611074,42
42017,Bucks County,PA,"Philadelphia-Camden-Wilmington, PA-NJ-DE-MD",2020,1542.9318822259504,12,7.3414397050672,0.04032108013318858,25826,547541,573367,0.045042703887736825,Pennsylvania,Bucks County,627987,-0.0008117891322250159,730,1.1624444455060376,42
42017,Bucks County,PA,"Philadelphia-Camden-Wilmington, PA-NJ-DE-MD",2021,1700.0478961685785,12,7.438411703864232,0.09697199879703255,25568,515837,541405,0.04722527497898985,Pennsylvania,Bucks County,647397,0.030440241944116764,730,1.127592497339345,42
42017,Bucks County,PA,"Philadelphia-Camden-Wilmington, PA-NJ-DE-MD",2022,1882.2479856990449,12,7.540222078573753,0.1018103747095207,24120,536229,560349,0.043044602560190166,Pennsylvania,Bucks County,645557,-0.002846197532361927,730,1.1308064198823653,42
42019,Butler County,PA,"Pittsburgh, PA",2019,1283.6039496389824,12,7.157426986232356,0.026953064030100116,7799,158705,166504,0.04683971556238889,Pennsylvania,Butler County,188313,0.0014986291944509844,1298,6.89277957443193,42
42019,Butler County,PA,"Pittsburgh, PA",2020,1323.2911229394497,12,7.18787718748132,0.03045020124896336,8649,161284,169933,0.050896529808807,Pennsylvania,Butler County,189135,0.004355573745336017,1298,6.862822851402438,42
42019,Butler County,PA,"Pittsburgh, PA",2021,1397.84175709159,12,7.242684724034793,0.054807536553473035,8283,154589,162872,0.05085588683137679,Pennsylvania,Butler County,196759,0.0395185837871157,1298,6.596902810036644,42
42019,Butler County,PA,"Pittsburgh, PA",2022,1511.451277615555,12,7.320825579241192,0.07814085520639935,8421,160344,168765,0.04989778686338992,Pennsylvania,Butler County,197368,0.003090376881990764,1298,6.576547363301041,42
42021,Cambria County,PA,"Johnstown, PA",2019,563.2743046191354,12,6.33376672905895,0.03779750309576002,2928,102111,105039,0.02787536058035587,Pennsylvania,Cambria County,130107,-0.010482348404719843,59,0.4534729107580684,42
42021,Cambria County,PA,"Johnstown, PA",2020,595.4862119305795,12,6.389378234758334,0.055611505699384445,3278,103124,106402,0.030807691584744647,Pennsylvania,Cambria County,128672,-0.011090658121737818,59,0.4585302163640885,42
42021,Cambria County,PA,"Johnstown, PA",2021,636.0257060153805,12,6.455238980786503,0.06586074602816883,3558,99315,102873,0.03458633460674813,Pennsylvania,Cambria County,132237,0.027329236515164723,59,0.4461686214902032,42
42021,Cambria County,PA,"Johnstown, PA",2022,682.719719313062,12,6.526084408309218,0.07084542752271528,3613,101197,104810,0.034471901536112966,Pennsylvania,Cambria County,131429,-0.006128985378007101,59,0.44891157963615336,42
42027,Centre County,PA,"State College, PA",2020,1267.5979574521214,11,7.144879016464979,0.020002502452928894,4769,99100,103869,0.04591360271110726,Pennsylvania,Centre County,161496,-0.0037022085544720085,380,2.352999455094863,42
42027,Centre County,PA,"State College, PA",2021,1329.8240887921365,12,7.1928019484020735,0.047922931937094404,4918,93715,98633,0.04986160818387355,Pennsylvania,Centre County,157984,-0.021986612477673972,380,2.4053068665181283,42
42027,Centre County,PA,"State College, PA",2022,1417.6175514573097,12,7.25673296088119,0.06393101247911659,4822,96106,100928,0.04777663284717819,Pennsylvania,Centre County,157533,-0.0028588019482889138,380,2.412193000831572,42
42029,Chester County,PA,"Philadelphia-Camden-Wilmington, PA-NJ-DE-MD",2019,1522.6213827529627,12,7.328188722352224,0.03655745090955076,20927,442564,463491,0.04515082277757281,Pennsylvania,Chester County,525059,0.005352748108460759,2242,4.269996324222611,42
42029,Chester County,PA,"Philadelphia-Camden-Wilmington, PA-NJ-DE-MD",2020,1579.896786527749,12,7.365114798904806,0.0369260765525814,23405,448208,471613,0.04962755479598739,Pennsylvania,Chester County,526759,0.003232501212725225,2242,4.256215840640597,42
42029,Chester County,PA,"Philadelphia-Camden-Wilmington, PA-NJ-DE-MD",2021,1713.4061028481271,12,7.446238541358623,0.08112374245381737,24666,422668,447334,0.05514000724291022,Pennsylvania,Chester County,540939,0.026563379887823757,2242,4.144644775104032,42
42029,Chester County,PA,"Philadelphia-Camden-Wilmington, PA-NJ-DE-MD",2022,1902.2688959483355,12,7.5508026084799384,0.1045640671213155,23011,442531,465542,0.04942840817799468,Pennsylvania,Chester County,546638,0.010480273420482078,2242,4.101434587423487,42
42041,Cumberland County,PA,"Harrisburg-Carlisle, PA",2019,1145.1449281673274,12,7.0432864827970505,0.04217680363562959,12621,205748,218369,0.05779666527758061,Pennsylvania,Cumberland County,253133,0.0065277203132421135,817,3.2275523143959894,42
42041,Cumberland County,PA,"Harrisburg-Carlisle, PA",2020,1187.319412616492,12,7.079453450758324,0.0361669679612735,14109,211390,225499,0.06256790495744992,Pennsylvania,Cumberland County,255857,0.010703652358300175,817,3.1931899459463686,42
42041,Cumberland County,PA,"Harrisburg-Carlisle, PA",2021,1302.8460167884493,12,7.172306394230892,0.09285294347256823,13660,203262,216922,0.06297194383234526,Pennsylvania,Cumberland County,265537,0.03713549601306454,817,3.076784026331547,42
42041,Cumberland County,PA,"Harrisburg-Carlisle, PA",2022,1434.7123359080886,12,7.268719645316553,0.09641325108566079,14514,210831,225345,0.06440790787459229,Pennsylvania,Cumberland County,268532,0.011215896809604331,817,3.0424679367822085,42
42043,Dauphin County,PA,"Harrisburg-Carlisle, PA",2019,945.5489475418572,12,6.851765655708157,0.041246749657896764,12665,221300,233965,0.05413202829483042,Pennsylvania,Dauphin County,278427,0.005315311283702329,552,1.9825663459362777,42
42043,Dauphin County,PA,"Harrisburg-Carlisle, PA",2020,1004.750674660546,12,6.912494704800143,0.06072904909198584,13726,227031,240757,0.05701184181560661,Pennsylvania,Dauphin County,279874,0.005183595372503902,552,1.9723161136797271,42
42043,Dauphin County,PA,"Harrisburg-Carlisle, PA",2021,1110.1343590086055,12,7.012236331133025,0.09974162633288142,13542,217916,231458,0.058507374988118796,Pennsylvania,Dauphin County,288252,0.029495595657742513,552,1.9149910494983555,42
42043,Dauphin County,PA,"Harrisburg-Carlisle, PA",2022,1221.309554732366,12,7.107678967557859,0.09544263642483397,13565,223664,237229,0.05718103604534016,Pennsylvania,Dauphin County,288687,0.001507958666097764,552,1.9121054983424954,42
42045,Delaware County,PA,"Philadelphia-Camden-Wilmington, PA-NJ-DE-MD",2019,1222.0850904360989,12,7.108313769415439,0.04470395307894748,21813,448205,470018,0.046408860937240705,Pennsylvania,Delaware County,566506,0.0017667661829054992,254,0.44836241805029425,42
42045,Delaware County,PA,"Philadelphia-Camden-Wilmington, PA-NJ-DE-MD",2020,1273.777217028381,12,7.149741951946241,0.04142818253080183,22940,451344,474284,0.04836764470233025,Pennsylvania,Delaware County,566753,0.00043591095047368356,254,0.44816701455484137,42
42045,Delaware County,PA,"Philadelphia-Camden-Wilmington, PA-NJ-DE-MD",2021,1392.8206648245202,12,7.2390862252368775,0.08934427329063688,22525,424916,447441,0.050341832777952844,Pennsylvania,Delaware County,576892,0.01773149123249418,254,0.44029038364199885,42
42045,Delaware County,PA,"Philadelphia-Camden-Wilmington, PA-NJ-DE-MD",2022,1540.5416160513194,12,7.339889332310795,0.10080310707391771,22217,440800,463017,0.04798311941030243,Pennsylvania,Delaware County,575873,-0.0017679236711938273,254,0.44106947191481455,42
42049,Erie County,PA,"Erie, PA",2019,737.2625301001939,12,6.602944043278588,0.031853314433180735,4972,207246,212218,0.023428738372805322,Pennsylvania,Erie County,269529,-0.008316924253447766,201,0.7457453557873179,42
42049,Erie County,PA,"Erie, PA",2020,758.7191972768411,12,6.631631744879909,0.028687701601321614,5797,210005,215802,0.026862587001047256,Pennsylvania,Erie County,268426,-0.004100720490233911,201,0.7488097278207029,42
42049,Erie County,PA,"Erie, PA",2021,801.9678563076659,12,6.687068527646438,0.0554367827665283,5429,201637,207066,0.026218693556643774,Pennsylvania,Erie County,269257,0.0030910430928727806,201,0.746498698269683,42
42049,Erie County,PA,"Erie, PA",2022,891.4100367672175,12,6.792804520003944,0.10573599235750653,5435,205558,210993,0.025759148407767083,Pennsylvania,Erie County,268840,-0.0015499067397772848,201,0.7476565987204284,42
42055,Franklin County,PA,"Chambersburg-Waynesboro, PA",2019,810.8739204257816,12,6.698112580162864,0.034877185767908436,5357,130448,135805,0.039446264865063876,Pennsylvania,Franklin County,155522,0.0037298933616281005,330,2.12188629261455,42
42055,Franklin County,PA,"Chambersburg-Waynesboro, PA",2020,851.3482781646225,12,6.7468213023880965,0.048708722225232925,5508,134703,140211,0.039283651068746386,Pennsylvania,Franklin County,155637,0.0007391719682612319,330,2.1203184332774336,42
42055,Franklin County,PA,"Chambersburg-Waynesboro, PA",2021,948.4167819377566,12,6.854794049034439,0.10797274664634227,5697,126364,132061,0.04313915539031205,Pennsylvania,Franklin County,156573,0.00599598221862685,330,2.10764308022456,42
42055,Franklin County,PA,"Chambersburg-Waynesboro, PA",2022,1035.400988974606,12,6.9425440596292205,0.08775001059478171,5624,129742,135366,0.041546621751399906,Pennsylvania,Franklin County,156951,0.0024112998249101736,330,2.10256704321731,42
42069,Lackawanna County,PA,"Scranton--Wilkes-Barre, PA",2019,867.3903992168938,12,6.7654891628789695,0.04755799848460818,5794,162536,168330,0.03442048357393216,Pennsylvania,Lackawanna County,209808,-0.0023470110200243255,172,0.8197971478685274,42
42069,Lackawanna County,PA,"Scranton--Wilkes-Barre, PA",2020,918.5029975056681,12,6.82274516812908,0.05725600525011032,6580,165024,171604,0.03834409454325074,Pennsylvania,Lackawanna County,208989,-0.003911207788295457,172,0.8230098234835327,42
42069,Lackawanna County,PA,"Scranton--Wilkes-Barre, PA",2021,1044.7876418545357,12,6.951568930211914,0.12882376208283386,6823,158843,165666,0.04118527639950261,Pennsylvania,Lackawanna County,216043,0.033195842944850895,172,0.7961378058997515,42
42069,Lackawanna County,PA,"Scranton--Wilkes-Barre, PA",2022,1153.277390008748,12,7.050363072434456,0.09879414222254201,6887,163547,170434,0.040408603917058805,Pennsylvania,Lackawanna County,215750,-0.001357131982087978,172,0.7972190034762456,42
42071,Lancaster County,PA,"Lancaster, PA",2019,985.9445841193304,12,6.893600150304471,0.04179787550302194,14344,465081,479425,0.029919174010533452,Pennsylvania,Lancaster County,545441,0.0027189270293774825,1338,2.4530609176794558,42
42071,Lancaster County,PA,"Lancaster, PA",2020,1035.211631603892,12,6.942361159776916,0.04876100947244488,16024,491163,507187,0.031593869716692265,Pennsylvania,Lancaster County,546192,0.00137592051262736,1338,2.449688021794534,42
42071,Lancaster County,PA,"Lancaster, PA",2021,1145.1698683862503,12,7.043308261653792,0.1009471018768755,15337,451912,467249,0.032824040286870595,Pennsylvania,Lancaster County,556292,0.018322773965259387,1338,2.405211651434858,42
42071,Lancaster County,PA,"Lancaster, PA",2022,1258.0280588175212,12,7.137300741318104,0.09399247966431279,15033,464035,479068,0.03137967887648518,Pennsylvania,Lancaster County,556660,0.0006613043750522962,1338,2.4036216002586857,42
42075,Lebanon County,PA,"Lebanon, PA",2022,1153.3338052970025,12,7.050411988600631,0.10226388733754455,5540,118325,123865,0.04472611310701167,Pennsylvania,Lebanon County,143902,0.0009942259241224605,434,3.015941404566997,42
42077,Lehigh County,PA,"Allentown-Bethlehem-Easton, PA-NJ",2019,1211.679409828627,12,7.099762618296718,0.035737457122074545,15576,297750,313326,0.04971180176557324,Pennsylvania,Lehigh County,369308,0.0023205388856073483,426,1.1535087244251412,42
42077,Lehigh County,PA,"Allentown-Bethlehem-Easton, PA-NJ",2020,1273.1808575512293,12,7.149273660383845,0.04951104208712742,16693,301419,318112,0.05247522885021628,Pennsylvania,Lehigh County,370802,0.004037243191596929,426,1.1488611172539522,42
42077,Lehigh County,PA,"Allentown-Bethlehem-Easton, PA-NJ",2021,1449.3632197692357,12,7.278879580176325,0.12960591979247926,16898,288426,305324,0.05534448651268816,Pennsylvania,Lehigh County,375889,0.013625659619659558,426,1.13331329195587,42
42077,Lehigh County,PA,"Allentown-Bethlehem-Easton, PA-NJ",2022,1607.8983297416787,12,7.3826832199673635,0.1038036397910389,16443,298598,315041,0.05219320659850623,Pennsylvania,Lehigh County,376274,0.0010237143641020907,426,1.1321536965083956,42
42079,Luzerne County,PA,"Scranton--Wilkes-Barre, PA",2019,796.4961365568593,12,6.680222278813367,0.053242179020731584,8871,246462,255333,0.034742865199562926,Pennsylvania,Luzerne County,317438,-0.0020612691809365202,385,1.2128352623189411,42
42079,Luzerne County,PA,"Scranton--Wilkes-Barre, PA",2020,847.6832023020485,12,6.742506983801712,0.06228470498834504,10145,249679,259824,0.03904566167867479,Pennsylvania,Luzerne County,316982,-0.0014375337427168233,385,1.214580007697598,42
42079,Luzerne County,PA,"Scranton--Wilkes-Barre, PA",2021,966.4894470848927,12,6.873670379897511,0.13116339609579963,10940,242455,253395,0.04317370113853865,Pennsylvania,Luzerne County,325942,0.027874461496967484,385,1.18119174577072,42
42079,Luzerne County,PA,"Scranton--Wilkes-Barre, PA",2022,1074.4310589252416,12,6.979546552949461,0.10587617305194996,10731,251009,261740,0.04099870100099335,Pennsylvania,Luzerne County,326496,0.0016982460652084086,385,1.1791874938743507,42
42089,Monroe County,PA,"East Stroudsburg, PA",2019,1131.3921302846768,12,7.0312041271527415,0.04807795476181731,8053,123824,131877,0.06106447674727208,Pennsylvania,Monroe County,170083,0.0032920434787815367,212,1.2464502625188878,42
42089,Monroe County,PA,"East Stroudsburg, PA",2020,1228.8346918170905,12,7.1138215942679075,0.08261746711516604,9390,125301,134691,0.06971512573223156,Pennsylvania,Monroe County,170154,0.0004173561431031203,212,1.2459301573868378,42
42089,Monroe County,PA,"East Stroudsburg, PA",2021,1424.703252950059,12,7.261718827473235,0.14789723320532744,8838,119744,128582,0.06873434850912258,Pennsylvania,Monroe County,168676,-0.008724194282654807,212,1.256847447176836,42
42089,Monroe County,PA,"East Stroudsburg, PA",2022,1615.5869692078452,12,7.387453618051287,0.12573479057805237,8070,123010,131080,0.061565456209948126,Pennsylvania,Monroe County,167451,-0.0072889439024557134,212,1.2660420063182662,42
42091,Montgomery County,PA,"Philadelphia-Camden-Wilmington, PA-NJ-DE-MD",2019,1410.7711906427392,12,7.25189177757127,0.04417915019510943,35547,696184,731731,0.04857932764909509,Pennsylvania,Montgomery County,830397,0.004105250632134627,1892,2.2784282698516494,42
42091,Montgomery County,PA,"Philadelphia-Camden-Wilmington, PA-NJ-DE-MD",2020,1468.1529692782078,12,7.291760406251348,0.03986862868007801,39166,700227,739393,0.052970477134622586,Pennsylvania,Montgomery County,833869,0.0041724159924179105,1892,2.268941524388123,42
42091,Montgomery County,PA,"Philadelphia-Camden-Wilmington, PA-NJ-DE-MD",2021,1589.975988345457,12,7.371474193430722,0.07971378717937405,38795,661657,700452,0.05538566525614889,Pennsylvania,Montgomery County,864249,0.035784606047705836,1892,2.189183904175764,42
42091,Montgomery County,PA,"Philadelphia-Camden-Wilmington, PA-NJ-DE-MD",2022,1760.507358676782,12,7.4733573184652595,0.10188312503453734,37383,688002,725385,0.05153539155069377,Pennsylvania,Montgomery County,865044,0.0009194509617582725,1892,2.187171982003228,42
42095,Northampton County,PA,"Allentown-Bethlehem-Easton, PA-NJ",2019,1197.698626212939,12,7.088157182931796,0.03865595725771609,13741,245135,258876,0.05307946661722215,Pennsylvania,Northampton County,305515,0.001854327731640737,848,2.775641130550055,42
42095,Northampton County,PA,"Allentown-Bethlehem-Easton, PA-NJ",2020,1267.256906963312,12,7.144609927693346,0.05645274476155038,14608,247070,261678,0.05582433372312537,Pennsylvania,Northampton County,305892,0.0012332212348891147,848,2.7722202607456228,42
42095,Northampton County,PA,"Allentown-Bethlehem-Easton, PA-NJ",2021,1421.7146965138365,12,7.259618954870235,0.11500902717688888,14643,235260,249903,0.05859473475708575,Pennsylvania,Northampton County,318157,0.03931287315946186,848,2.6653507545017083,42
42095,Northampton County,PA,"Allentown-Bethlehem-Easton, PA-NJ",2022,1577.5874036782388,12,7.36365199933262,0.10403304446238515,14297,243175,257472,0.055528368133233905,Pennsylvania,Northampton County,317900,-0.0008081037202192221,848,2.6675055048757472,42
42101,Philadelphia County,PA,"Philadelphia-Camden-Wilmington, PA-NJ-DE-MD",2019,1403.8171433100545,12,7.2469503362961625,0.03775199740700419,48040,1011140,1059180,0.04535584131120301,Pennsylvania,Philadelphia County,1584439,-0.0012507645453521121,5665,3.575397979979033,42
42101,Philadelphia County,PA,"Philadelphia-Camden-Wilmington, PA-NJ-DE-MD",2020,1432.9904739394613,12,7.2675187801713665,0.020568443875204068,48496,1022999,1071495,0.045260127205446594,Pennsylvania,Philadelphia County,1578487,-0.0037636081436698277,5665,3.5888797310335785,42
42101,Philadelphia County,PA,"Philadelphia-Camden-Wilmington, PA-NJ-DE-MD",2021,1493.2605961104252,12,7.308717327592881,0.04119854742151485,45712,969798,1015510,0.045013835412748275,Pennsylvania,Philadelphia County,1589623,0.007030087884388081,5665,3.5637380687118894,42
42101,Philadelphia County,PA,"Philadelphia-Camden-Wilmington, PA-NJ-DE-MD",2022,1606.9248420600213,12,7.38207759554612,0.07336026795323836,47532,984630,1032162,0.04605091061286891,Pennsylvania,Philadelphia County,1566836,-0.014438581886100366,5665,3.6155666579016565,42
42125,Washington County,PA,"Pittsburgh, PA",2019,935.513343827848,12,6.841095409458326,0.022746582907248403,7168,167264,174432,0.041093377361951934,Pennsylvania,Washington County,206866,-0.0011981256566357956,587,2.837585683485928,42
42125,Washington County,PA,"Pittsburgh, PA",2020,957.8196767268169,12,6.864659531367168,0.023564121908841607,8043,168935,176978,0.04544632666207099,Pennsylvania,Washington County,206803,-0.00030459135437865825,587,2.8384501191955627,42
42125,Washington County,PA,"Pittsburgh, PA",2021,1011.3586890556786,12,6.919049942503878,0.05439041113671017,8121,161917,170038,0.04775991249014926,Pennsylvania,Washington County,210054,0.0155979912201758,587,2.7945195045083646,42
42125,Washington County,PA,"Pittsburgh, PA",2022,1088.3766063630796,12,6.992442513075638,0.07339257057175974,8336,167621,175957,0.04737521098904846,Pennsylvania,Washington County,209940,-0.0005428649114023187,587,2.796036962941793,42
42129,Westmoreland County,PA,"Pittsburgh, PA",2019,771.3355869993744,12,6.648123540860899,0.045239396523747644,9636,291618,301254,0.031986297277380546,Pennsylvania,Westmoreland County,348941,-0.004743119017280861,534,1.530344671448755,42
42129,Westmoreland County,PA,"Pittsburgh, PA",2020,802.9071750503928,12,6.688239109569182,0.040115568708283256,11033,293828,304861,0.03619026375954943,Pennsylvania,Westmoreland County,347087,-0.005327384487021192,534,1.5385191609020217,42
42129,Westmoreland County,PA,"Pittsburgh, PA",2021,853.96607410461,12,6.7498914671266546,0.061652357557472115,11239,280006,291245,0.03858950368246665,Pennsylvania,Westmoreland County,353717,0.018921689404104214,534,1.509681468518618,42
42129,Westmoreland County,PA,"Pittsburgh, PA",2022,915.6992842166959,12,6.819688018434552,0.0697965513078973,10704,288399,299103,0.035787003139386764,Pennsylvania,Westmoreland County,351998,-0.004871664623163241,534,1.517054074170876,42
42133,York County,PA,"York-Hanover, PA",2019,926.2074464529733,12,6.8310982338037665,0.046641369750499706,14922,374382,389304,0.03832994266691326,Pennsylvania,York County,449341,0.0020584619157268946,1204,2.6794795044298207,42
42133,York County,PA,"York-Hanover, PA",2020,967.579990064622,12,6.874798098555753,0.04369986475198662,16748,380596,397344,0.042149875171136345,Pennsylvania,York County,450448,0.002460578110028422,1204,2.672894540546301,42
42133,York County,PA,"York-Hanover, PA",2021,1052.9913345641648,12,6.9593902828163205,0.08459218426056747,17651,365099,382750,0.04611626387981711,Pennsylvania,York County,459183,0.019206180330989753,1204,2.62204829011527,42
42133,York County,PA,"York-Hanover, PA",2022,1140.0539400685507,12,7.038830856118787,0.07944057330246679,17387,374892,392279,0.04432304558745179,Pennsylvania,York County,461049,0.004055504606505167,1204,2.611436094645038,42
44001,Bristol County,RI,"Providence-Warwick, RI-MA",2020,1434.1170117160984,12,7.268304615959001,0.06861666004296563,2882,38816,41698,0.06911602474938847,Rhode Island,Bristol County,48350,-0.0036541221745292063,56,1.1582213029989659,44
44001,Bristol County,RI,"Providence-Warwick, RI-MA",2021,1594.3663802932358,12,7.374231682558128,0.10592706659912743,2623,37125,39748,0.06599074167253698,Rhode Island,Bristol County,50774,0.048918190641542125,56,1.1029266947650371,44
44001,Bristol County,RI,"Providence-Warwick, RI-MA",2022,1779.348328907957,12,7.484002468897391,0.10977078633926318,2516,38448,40964,0.061419783224294505,Rhode Island,Bristol County,50307,-0.009240180107763507,56,1.1131651658814878,44
44003,Kent County,RI,"Providence-Warwick, RI-MA",2019,1297.2483290812797,12,7.168000630200212,0.04737655870559099,8419,133527,141946,0.05931128739097967,Rhode Island,Kent County,164233,1.8266897642504887e-05,241,1.4674273745227815,44
44003,Kent County,RI,"Providence-Warwick, RI-MA",2020,1382.6465974733298,12,7.231754765730256,0.0637541355300435,9095,134570,143665,0.06330699892110117,Rhode Island,Kent County,164646,0.0025115633232797308,241,1.46374646210658,44
44003,Kent County,RI,"Providence-Warwick, RI-MA",2021,1585.2687343240566,12,7.3685092204091,0.13675445467884462,8950,129339,138289,0.06471953662258025,Rhode Island,Kent County,171077,0.038316032978730874,241,1.408722388164394,44
44003,Kent County,RI,"Providence-Warwick, RI-MA",2022,1801.3240546279421,12,7.496277259377956,0.12776803896885536,8839,133318,142157,0.06217773306977497,Rhode Island,Kent County,171134,0.0003331278101939006,241,1.4082531817172508,44
44005,Newport County,RI,"Providence-Warwick, RI-MA",2019,1654.7722599136334,12,7.41141867103947,0.07202002040271527,4780,61990,66770,0.07158903699266138,Rhode Island,Newport County,82472,-0.0039209092514607136,123,1.4914152682122417,44
44005,Newport County,RI,"Providence-Warwick, RI-MA",2020,1751.4503736680524,12,7.468199508618126,0.05678083757865604,5818,61828,67646,0.08600656358099518,Rhode Island,Newport County,81836,-0.007741597200503492,123,1.503006012024048,44
44005,Newport County,RI,"Providence-Warwick, RI-MA",2021,2067.8169845260377,12,7.63424873293356,0.16604922431543478,5025,59149,64174,0.07830273942718234,Rhode Island,Newport County,85608,0.04506149213112032,123,1.4367816091954022,44
44005,Newport County,RI,"Providence-Warwick, RI-MA",2022,2310.892472291981,12,7.745389080542812,0.1111403476092514,4775,60516,65291,0.07313412262026926,Rhode Island,Newport County,84721,-0.01041523191292093,123,1.4518242230379719,44
44007,Providence County,RI,"Providence-Warwick, RI-MA",2019,1296.2022501803747,12,7.1671939219745,0.0454780093858167,18993,480236,499229,0.038044664873234525,Rhode Island,Providence County,637052,-0.00038607918241595485,620,0.9732329542957247,44
44007,Providence County,RI,"Providence-Warwick, RI-MA",2020,1359.1312490082446,12,7.214600987124501,0.04740706515000159,20485,485769,506254,0.040463877816274044,Rhode Island,Providence County,636547,-0.0007930283024180085,620,0.974005061684369,44
44007,Providence County,RI,"Providence-Warwick, RI-MA",2021,1494.2730208701332,12,7.309395093889943,0.09479410676544209,20102,467979,488081,0.04118578678539013,Rhode Island,Providence County,658782,0.03433441893480804,620,0.9411307534207066,44
44007,Providence County,RI,"Providence-Warwick, RI-MA",2022,1671.127313375281,12,7.421253715624435,0.11185862173449213,20538,483730,504268,0.04072834286530178,Rhode Island,Providence County,657424,-0.002063507508506035,620,0.9430747888729343,44
44009,Washington County,RI,"Providence-Warwick, RI-MA",2019,1448.5335114221914,12,7.278306952200465,0.03330616057685987,5201,99477,104678,0.04968570282198743,Rhode Island,Washington County,125874,-0.003521130398578265,334,2.6534470978915423,44
44009,Washington County,RI,"Providence-Warwick, RI-MA",2020,1574.6996846921477,12,7.361819856692742,0.08351290449227733,6914,99951,106865,0.0646984513170823,Rhode Island,Washington County,125746,-0.001017407289097605,334,2.6561481080909135,44
44009,Washington County,RI,"Providence-Warwick, RI-MA",2021,1768.224989300318,12,7.477731491492763,0.11591163480002109,6216,96258,102474,0.060659289185549504,Rhode Island,Washington County,130851,0.039795271956711176,334,2.5525215703357254,44
44009,Washington County,RI,"Providence-Warwick, RI-MA",2022,1979.5881342500006,12,7.590644089045825,0.11291259755306182,5584,98976,104560,0.05340474368783474,Rhode Island,Washington County,130256,-0.004557526453886851,334,2.5641813045080455,44
45003,Aiken County,SC,"Augusta-Richmond County, GA-SC",2019,872.0894250814898,12,6.77089197034987,0.0595968904428279,7943,123526,131469,0.060417284683081184,South Carolina,Aiken County,171300,0.009366554990405618,1145,6.684179801517805,45
45003,Aiken County,SC,"Augusta-Richmond County, GA-SC",2020,947.771786626529,12,6.854113741867951,0.08322177151808141,9206,126225,135431,0.06797557427767646,South Carolina,Aiken County,172895,0.009268068491053327,1145,6.622516556291391,45
45003,Aiken County,SC,"Augusta-Richmond County, GA-SC",2021,1052.6728026478393,12,6.959087735118303,0.1049739932503524,9397,123370,132767,0.07077813010763216,South Carolina,Aiken County,171247,-0.009577515080414045,1145,6.686248518222217,45
45003,Aiken County,SC,"Augusta-Richmond County, GA-SC",2022,1184.2759931352628,12,7.076886890590017,0.11779915547171349,9675,128017,137692,0.07026552014641374,South Carolina,Aiken County,174228,0.01725782754883909,1145,6.571848382579149,45
45007,Anderson County,SC,"Greenville-Anderson, SC",2019,873.700961519649,12,6.772738167818092,0.042875689138465845,9263,148684,157947,0.05864625475634232,South Carolina,Anderson County,202424,0.011002686543076123,1569,7.751057186894834,45
45007,Anderson County,SC,"Greenville-Anderson, SC",2020,923.3572577935084,12,6.8280162211452895,0.05527805332719726,10836,152371,163207,0.06639421103261502,South Carolina,Anderson County,204353,0.009484383138708807,1569,7.677890708724609,45
45007,Anderson County,SC,"Greenville-Anderson, SC",2021,1024.0858646710024,12,6.931555654301828,0.10353943315653868,11264,149063,160327,0.07025641345500135,South Carolina,Anderson County,206885,0.012314192734233842,1569,7.583923435725161,45
45007,Anderson County,SC,"Greenville-Anderson, SC",2022,1161.5562232428233,12,7.057515956758121,0.12596030245629297,11275,155612,166887,0.0675606847747278,South Carolina,Anderson County,209652,0.013285929948661845,1569,7.483830347432888,45
45013,Beaufort County,SC,"Hilton Head Island-Bluffton, SC",2019,1357.8593045144587,12,7.213664697828202,0.041107333383560984,12993,134518,147511,0.08808156679840826,South Carolina,Beaufort County,192638,0.016091356908949805,2287,11.872008637963434,45
45013,Beaufort County,SC,"Hilton Head Island-Bluffton, SC",2020,1406.2766506179967,12,7.248700817323727,0.03503611949552532,15283,136914,152197,0.10041590832933632,South Carolina,Beaufort County,195656,0.015545235186849027,2287,11.688882528519443,45
45013,Beaufort County,SC,"Hilton Head Island-Bluffton, SC",2021,1601.1296272926163,12,7.3784646761729595,0.12976385884923225,15925,134639,150564,0.10576897531946548,South Carolina,Beaufort County,191997,-0.018878268287899402,2287,11.911644452777908,45
45013,Beaufort County,SC,"Hilton Head Island-Bluffton, SC",2022,1922.519952591957,12,7.561392079787299,0.18292740361433957,14878,141208,156086,0.09531924708173699,South Carolina,Beaufort County,196147,0.021384631215353167,2287,11.6596226299663,45
45015,Berkeley County,SC,"Charleston-North Charleston, SC",2019,1282.348293735453,12,7.156448280563144,0.039223712098591434,18971,156676,175647,0.10800639919839224,South Carolina,Berkeley County,228952,0.03155146554602695,2967,12.959048184772355,45
45015,Berkeley County,SC,"Charleston-North Charleston, SC",2020,1331.8107979754434,12,7.194294797449213,0.037846516886068216,21361,162536,183897,0.11615741420469067,South Carolina,Berkeley County,235987,0.030264344165901846,2967,12.572726463745886,45
45015,Berkeley County,SC,"Charleston-North Charleston, SC",2021,1479.0243402806634,12,7.299137919830732,0.10484312238151894,22348,160493,182841,0.12222641530072577,South Carolina,Berkeley County,236857,0.003679864740808725,2967,12.5265455528019,45
45015,Berkeley County,SC,"Charleston-North Charleston, SC",2022,1674.63756987807,12,7.423352044654264,0.12421412482353222,23454,169357,192811,0.12164243741280321,South Carolina,Berkeley County,244952,0.03360568947943321,2967,12.112577157973806,45
45019,Charleston County,SC,"Charleston-North Charleston, SC",2019,1352.8892664953132,12,7.209997781876396,0.03750956109329007,25488,281261,306749,0.08309073542212037,South Carolina,Charleston County,412615,0.0138025115318694,4273,10.355900779176714,45
45019,Charleston County,SC,"Charleston-North Charleston, SC",2020,1379.5521877700764,12,7.229514223873322,0.019516441996925593,27656,285749,313405,0.08824364640002552,South Carolina,Charleston County,417981,0.01292102214680746,4273,10.22295271794651,45
45019,Charleston County,SC,"Charleston-North Charleston, SC",2021,1537.899241404276,12,7.338172635178493,0.1086584113051714,28224,278085,306309,0.09214224851375571,South Carolina,Charleston County,414514,-0.008329227307953602,4273,10.308457615424327,45
45019,Charleston County,SC,"Charleston-North Charleston, SC",2022,1788.6870832702477,12,7.4892371566784695,0.1510645214999764,26857,285466,312323,0.08599110536207707,South Carolina,Charleston County,419350,0.011599143792162536,4273,10.189579110528198,45
45035,Dorchester County,SC,"Charleston-North Charleston, SC",2019,1153.891468507378,12,7.050895394558052,0.04029264298756452,13904,115157,129061,0.10773200269639938,South Carolina,Dorchester County,163517,0.013403020958566714,1364,8.341640318743618,45
45035,Dorchester County,SC,"Charleston-North Charleston, SC",2020,1195.2747613872164,12,7.086131363783758,0.03523596922570604,14989,117331,132320,0.11327841596130593,South Carolina,Dorchester County,165737,0.013485234150127923,1364,8.229906417999603,45
45035,Dorchester County,SC,"Charleston-North Charleston, SC",2021,1308.2428913914932,12,7.176440211560118,0.0903088477763605,15127,114159,129286,0.11700416131677058,South Carolina,Dorchester County,163452,-0.013882825364317952,1364,8.344957541051807,45
45035,Dorchester County,SC,"Charleston-North Charleston, SC",2022,1470.6141380121564,12,7.293435373487266,0.11699516192714743,15074,118066,133140,0.11321916779330028,South Carolina,Dorchester County,166050,0.015769578569551967,1364,8.214393255043662,45
45041,Florence County,SC,"Florence, SC",2022,1127.5618352160393,12,7.027812912636695,0.10211665865352071,5888,97803,103691,0.05678409890925924,South Carolina,Florence County,136740,0.0024822357248623916,630,4.607283896445809,45
45045,Greenville County,SC,"Greenville-Anderson, SC",2019,1120.8923238261443,12,7.021880364779981,0.04113229465786539,25918,385371,411289,0.06301651636683694,South Carolina,Greenville County,524748,0.01764118342762444,6122,11.666552326068894,45
45045,Greenville County,SC,"Greenville-Anderson, SC",2020,1157.442636470297,12,7.053968226607331,0.03208786182735057,29091,395251,424342,0.06855555188974931,South Carolina,Greenville County,532486,0.01463845880340564,6122,11.497015883985682,45
45045,Greenville County,SC,"Greenville-Anderson, SC",2021,1272.4241380103742,12,7.1486791301527495,0.09471090354541811,31759,386697,418456,0.07589567361920967,South Carolina,Greenville County,534648,0.004051980272530287,6122,11.450524457212971,45
45045,Greenville County,SC,"Greenville-Anderson, SC",2022,1408.3730918002732,12,7.25019048158878,0.10151135143603085,31431,403345,434776,0.07229239884446244,South Carolina,Greenville County,547845,0.024383813793328102,6122,11.174693572086996,45
45051,Horry County,SC,"Myrtle Beach-Conway-North Myrtle Beach, SC-NC",2019,1125.5477716403766,12,7.026025104262003,0.03876832223305726,21517,243689,265206,0.08113315686673755,South Carolina,Horry County,354418,0.027860557137307396,5419,15.289855481380743,45
45051,Horry County,SC,"Myrtle Beach-Conway-North Myrtle Beach, SC-NC",2020,1167.4534650372395,12,7.062580130108196,0.036555025846192635,26027,254759,280786,0.09269336790295812,South Carolina,Horry County,365449,0.030649727061339505,5419,14.828334459801505,45
45051,Horry County,SC,"Myrtle Beach-Conway-North Myrtle Beach, SC-NC",2021,1322.87792306592,11,7.187564887042682,0.12498475693448619,27705,256790,284495,0.09738308230373117,South Carolina,Horry County,366093,0.001760664914288057,5419,14.80224970157856,45
45051,Horry County,SC,"Myrtle Beach-Conway-North Myrtle Beach, SC-NC",2022,1554.7032714274528,12,7.3490399841713065,0.1614750971286245,27856,272178,300034,0.09284281114806989,South Carolina,Horry County,383147,0.04553132806960036,5419,14.143396659767662,45
45057,Lancaster County,SC,"Charlotte-Concord-Gastonia, NC-SC",2021,1436.9873356511896,12,7.270304072993001,0.06933735855645828,8819,72156,80975,0.10891015745600494,South Carolina,Lancaster County,100529,-0.003941331949263827,1458,14.503277661172397,45
45057,Lancaster County,SC,"Charlotte-Concord-Gastonia, NC-SC",2022,1634.546916662064,11,7.399120929736446,0.12881685674344467,8285,76984,85269,0.09716309561505354,South Carolina,Lancaster County,104724,0.04088207488073792,1458,13.922310072189756,45
45063,Lexington County,SC,"Columbia, SC",2019,1107.4142689820028,12,7.009783089425958,0.03954994624913599,16979,217515,234494,0.07240696990114885,South Carolina,Lexington County,299421,0.01566878857125431,2396,8.00211074039563,45
45063,Lexington County,SC,"Columbia, SC",2020,1153.26956029504,12,7.050356283312988,0.04057319388703018,19306,222884,242190,0.07971427391717247,South Carolina,Lexington County,303946,0.014999444242542737,2396,7.882979213412909,45
45063,Lexington County,SC,"Columbia, SC",2021,1278.9600080649527,12,7.153802532962504,0.1034462496495161,19328,219235,238563,0.08101843119008396,South Carolina,Lexington County,300650,-0.010903256563340236,2396,7.969399634126061,45
45063,Lexington County,SC,"Columbia, SC",2022,1406.8127636794804,12,7.249081973404476,0.09527944044197145,17573,227392,244965,0.07173677872349112,South Carolina,Lexington County,305105,0.014709182172248703,2396,7.853034201340522,45
45077,Pickens County,SC,"Greenville-Anderson, SC",2019,1011.4900739103224,12,6.919179843322203,0.05392137168473532,6268,82665,88933,0.07048002428794711,South Carolina,Pickens County,126974,0.014261594090484664,857,6.74941326570794,45
45077,Pickens County,SC,"Greenville-Anderson, SC",2020,1059.5363778404412,12,6.965586712032035,0.04640686870983224,7002,84548,91550,0.07648279628618242,South Carolina,Pickens County,127983,0.007915101509015088,857,6.696201839306783,45
45077,Pickens County,SC,"Greenville-Anderson, SC",2021,1167.6157550644382,12,7.062719132435033,0.09713242040299797,6917,82524,89441,0.07733589740722935,South Carolina,Pickens County,132097,0.03163905860301597,857,6.487656797656268,45
45077,Pickens County,SC,"Greenville-Anderson, SC",2022,1307.878392350787,12,7.176161555486082,0.11344242305104846,7466,85502,92968,0.0803072024782721,South Carolina,Pickens County,133470,0.010340232283787998,857,6.4209185584775605,45
45079,Richland County,SC,"Columbia, SC",2019,977.5759025088211,12,6.8850759384703375,0.042845233917406134,23164,274910,298074,0.07771224595234741,South Carolina,Richland County,417027,0.004489388519873572,1781,4.270706692852022,45
45079,Richland County,SC,"Columbia, SC",2020,1020.8782813497168,12,6.928418595925476,0.04334265745513832,24770,279361,304131,0.0814451667209196,South Carolina,Richland County,419051,0.004841662987978168,1781,4.250079345950732,45
45079,Richland County,SC,"Columbia, SC",2021,1124.271373516349,12,7.024890436825539,0.09647184090006355,25197,270617,295814,0.08517852434299931,South Carolina,Richland County,417294,-0.004201621543224121,1781,4.26797413813762,45
45079,Richland County,SC,"Columbia, SC",2022,1253.8708438938866,12,7.133990720588555,0.1091002837630155,24245,277805,302050,0.08026816752193346,South Carolina,Richland County,421526,0.010090450650842797,1781,4.225124903327434,45
45083,Spartanburg County,SC,"Spartanburg, SC",2019,1019.1010526974628,12,6.926676196801893,0.045893166659751294,15489,236003,251492,0.061588440188952334,South Carolina,Spartanburg County,320254,0.01816215180824976,2876,8.980371829860047,45
45083,Spartanburg County,SC,"Spartanburg, SC",2020,1075.9363521689381,12,6.980946586712815,0.054270389910922034,17841,245716,263557,0.06769313658904905,South Carolina,Spartanburg County,326205,0.01841158714822022,2876,8.816541745221564,45
45083,Spartanburg County,SC,"Spartanburg, SC",2021,1154.8238399978857,12,7.051703091841265,0.07075650512845044,19690,239941,259631,0.07583840142355883,South Carolina,Spartanburg County,335397,0.02778888671621793,2876,8.574912715379089,45
45083,Spartanburg County,SC,"Spartanburg, SC",2022,1265.8830415926589,12,7.143525214228427,0.09182212238716225,20852,252180,273032,0.07637200035160714,South Carolina,Spartanburg County,345948,0.030973569940579537,2876,8.313388139257922,45
45085,Sumter County,SC,"Sumter, SC",2019,916.0957976455,12,6.8201209417881765,0.032313776066708044,5256,76772,82028,0.06407568147461842,South Carolina,Sumter County,106635,0.0010978030968402663,333,3.1228020818680546,45
45085,Sumter County,SC,"Sumter, SC",2020,963.7656095308294,12,6.8708481214061194,0.05072717961794293,5371,77025,82396,0.0651852031652022,South Carolina,Sumter County,106360,-0.0025822216747375393,333,3.130876269274163,45
45085,Sumter County,SC,"Sumter, SC",2021,1044.2213414205528,12,6.951026758825971,0.0801786374198512,5649,73915,79564,0.0709994469860741,South Carolina,Sumter County,104854,-0.014260660016852,333,3.1758445076010453,45
45085,Sumter County,SC,"Sumter, SC",2022,1163.3774147233562,12,7.059082618122808,0.10805585929683748,5614,75578,81192,0.06914474332446546,South Carolina,Sumter County,103936,-0.008793581258808914,333,3.2038947044334978,45
45091,York County,SC,"Charlotte-Concord-Gastonia, NC-SC",2019,1099.0976862055654,12,7.002244836900739,0.04406990664395494,18006,212323,230329,0.07817513209365734,South Carolina,York County,281499,0.026314892681158497,2555,9.076408797189332,45
45091,York County,SC,"Charlotte-Concord-Gastonia, NC-SC",2020,1166.9014081821554,12,7.062107145583255,0.05986230868251585,19267,219855,239122,0.0805739329714539,South Carolina,York County,289105,0.026661048750790783,2555,8.837619549990489,45
45091,York County,SC,"Charlotte-Concord-Gastonia, NC-SC",2021,1304.7834090709816,12,7.173792335921688,0.1116851903384335,18284,216982,235266,0.07771628709630801,South Carolina,York County,289201,0.0003320041669354623,2555,8.83468591049132,45
45091,York County,SC,"Charlotte-Concord-Gastonia, NC-SC",2022,1492.0613869823621,12,7.307913924007367,0.1341215880856783,17475,224415,241890,0.07224358179337716,South Carolina,York County,294201,0.017141259116534968,2555,8.684538801703598,45
46083,Lincoln County,SD,"Sioux Falls, SD",2020,1022.2691292339281,12,6.929780071942183,0.02188436706634267,6468,54481,60949,0.106121511427587,South Dakota,Lincoln County,63019,0.028717346751559347,583,9.251178216093559,46
46083,Lincoln County,SD,"Sioux Falls, SD",2021,1102.0985703292977,12,7.004971432472535,0.07519136053035247,6681,53991,60672,0.11011669303797468,South Dakota,Lincoln County,67992,0.07595378297151534,583,8.574538180962467,46
46083,Lincoln County,SD,"Sioux Falls, SD",2022,1247.0556732734692,12,7.128540590452064,0.12356915797952883,6628,57148,63776,0.10392624184646262,South Dakota,Lincoln County,71024,0.04362779689535401,583,8.208492903807164,46
46099,Minnehaha County,SD,"Sioux Falls, SD",2019,912.7269055863685,12,6.816436718201258,0.012681105162892337,11626,159847,171473,0.06780076163594269,South Dakota,Minnehaha County,194153,0.01506503532177561,2932,15.101492122192292,46
46099,Minnehaha County,SD,"Sioux Falls, SD",2020,944.2544385784744,12,6.850395662220623,0.033958944019365056,12168,166522,178690,0.06809558453187084,South Dakota,Minnehaha County,196659,0.012824756392527448,2932,14.90905577675062,46
46099,Minnehaha County,SD,"Sioux Falls, SD",2021,1020.1588738966067,12,6.92771365287135,0.07731799065072664,11967,161274,173241,0.06907718149860599,South Dakota,Minnehaha County,199904,0.01636598689021085,2932,14.667040179286058,46
46099,Minnehaha County,SD,"Sioux Falls, SD",2022,1153.6391429496064,12,7.050676697083336,0.12296304421198645,11859,166490,178349,0.06649322395976429,South Dakota,Minnehaha County,203845,0.019522649814193827,2932,14.383477642326278,46
46103,Pennington County,SD,"Rapid City, SD",2019,933.2339878575993,12,6.838655960248735,0.014170656272519011,8099,86761,94860,0.08537845245625132,South Dakota,Pennington County,114407,0.018944656370873503,1170,10.22664697090213,46
46103,Pennington County,SD,"Rapid City, SD",2020,963.4310708487334,12,6.870500944920334,0.03184498467159891,9351,89950,99301,0.09416823596942629,South Dakota,Pennington County,115926,0.013189790622375241,1170,10.092645308213859,46
46103,Pennington County,SD,"Rapid City, SD",2021,1068.517195402777,12,6.974027167659918,0.10352622273958456,9129,87967,97096,0.09402035099283183,South Dakota,Pennington County,111886,-0.035471560723426165,1170,10.45707237724112,46
46103,Pennington County,SD,"Rapid City, SD",2022,1257.851986482981,12,7.137160772534492,0.16313360487457373,9536,90773,100309,0.09506624530201677,South Dakota,Pennington County,114306,0.021398567077476116,1170,10.235683166237992,46
47009,Blount County,TN,"Knoxville, TN",2019,1027.2791448879393,12,6.9346689791185945,0.0558914116659226,7173,101043,108216,0.06628409846972722,Tennessee,Blount County,133396,0.01359312377601185,907,6.799304326966325,47
47009,Blount County,TN,"Knoxville, TN",2020,1099.002520752853,12,7.002158248079656,0.06748926896106155,8182,103523,111705,0.07324649747101741,Tennessee,Blount County,134751,0.010106482887380253,907,6.730933351143961,47
47009,Blount County,TN,"Knoxville, TN",2021,1277.508367254194,12,7.152666871766151,0.15050862368649476,8605,101457,110062,0.07818320582944159,Tennessee,Blount County,137611,0.021002233252678693,907,6.59104286721265,47
47009,Blount County,TN,"Knoxville, TN",2022,1518.8697962206477,12,7.325721782148113,0.1730549103819623,8131,105926,114057,0.07128891694503625,Tennessee,Blount County,139810,0.015853493835205512,907,6.4873757241971255,47
47011,Bradley County,TN,"Cleveland, TN",2022,1273.8439992514102,12,7.149794379067367,0.13644909624330914,5650,81015,86665,0.0651935614146426,Tennessee,Bradley County,110539,0.007117790861087769,500,4.52329042238486,47
47037,Davidson County,TN,"Nashville-Davidson--Murfreesboro--Franklin, TN",2019,1400.496230297885,12,7.244581903013488,0.036044692480926344,40127,487051,527178,0.07611660577641707,Tennessee,Davidson County,692999,0.002457566340341444,13324,19.226578970532426,47
47037,Davidson County,TN,"Nashville-Davidson--Murfreesboro--Franklin, TN",2020,1438.4298971385108,12,7.271307448497534,0.026725545484046265,41407,488929,530336,0.07807691727508598,Tennessee,Davidson County,694176,0.0016969744732318048,13324,19.19397962476375,47
47037,Davidson County,TN,"Nashville-Davidson--Murfreesboro--Franklin, TN",2021,1557.8183036036316,12,7.351041598066091,0.07973414956855684,41941,465875,507816,0.0825909384501473,Tennessee,Davidson County,700860,0.009582621735010122,13324,19.010929429557972,47
47037,Davidson County,TN,"Nashville-Davidson--Murfreesboro--Franklin, TN",2022,1763.3631115752257,12,7.4749781235134165,0.12393652544732525,43191,480962,524153,0.08240151253546198,Tennessee,Davidson County,707351,0.009218854235575336,13324,18.836475809039644,47
47065,Hamilton County,TN,"Chattanooga, TN-GA",2019,1053.394411299779,12,6.959773001642942,0.04962402702722457,16269,268324,284593,0.0571658473679957,Tennessee,Hamilton County,367776,0.00860188645851423,2364,6.427825632993996,47
47065,Hamilton County,TN,"Chattanooga, TN-GA",2020,1109.4175017023233,12,7.011590383323561,0.051817381680619334,17670,272452,290122,0.06090541220589959,Tennessee,Hamilton County,371662,0.01051078190712218,2364,6.360617980853571,47
47065,Hamilton County,TN,"Chattanooga, TN-GA",2021,1241.605186294735,12,7.12416032652617,0.11256994320260905,18459,263335,281794,0.06550529819655493,Tennessee,Hamilton County,369005,-0.00717464500924514,2364,6.406417257218737,47
47065,Hamilton County,TN,"Chattanooga, TN-GA",2022,1404.4107916412859,12,7.247373128429725,0.12321280190355477,18975,275400,294375,0.06445859872611465,Tennessee,Hamilton County,374602,0.015053934939807334,2364,6.3106977538827875,47
47093,Knox County,TN,"Knoxville, TN",2019,1061.5411095622455,12,6.967477008195807,0.05513263707583249,21924,343036,364960,0.060072336694432266,Tennessee,Knox County,470137,0.007151090752378408,2978,6.334323824757464,47
47093,Knox County,TN,"Knoxville, TN",2020,1122.6457938011374,12,7.023443494301381,0.05596648610557331,25626,350155,375781,0.06819397468206216,Tennessee,Knox County,475609,0.011571946511640618,2978,6.261445851529303,47
47093,Knox County,TN,"Knoxville, TN",2021,1295.1612369728193,12,7.166390473698164,0.14294697939678347,26776,340493,367269,0.07290569037953108,Tennessee,Knox County,485941,0.021491129251385743,2978,6.128315988978086,47
47093,Knox County,TN,"Knoxville, TN",2022,1523.0389878609783,12,7.328462951950943,0.16207247825277893,25063,356664,381727,0.06565686996204094,Tennessee,Knox County,495380,0.019237927469212934,2978,6.011546691428801,47
47119,Maury County,TN,"Nashville-Davidson--Murfreesboro--Franklin, TN",2019,1196.3442807464041,12,7.087025753242648,0.03508327429685831,7420,72711,80131,0.0925983701688485,Tennessee,Maury County,96795,0.02318102252277754,1891,19.536133064724417,47
47119,Maury County,TN,"Nashville-Davidson--Murfreesboro--Franklin, TN",2020,1255.992385630538,12,7.135681284613699,0.04865553137105039,9194,75993,85187,0.10792726589737871,Tennessee,Maury County,99590,0.02846641788763371,1891,18.987850185761623,47
47119,Maury County,TN,"Nashville-Davidson--Murfreesboro--Franklin, TN",2021,1409.2988908869381,12,7.250847619201441,0.11516633458774184,9302,75117,84419,0.11018846468212132,Tennessee,Maury County,104942,0.05234605864303177,1891,18.01947742562558,47
47119,Maury County,TN,"Nashville-Davidson--Murfreesboro--Franklin, TN",2022,1587.1411518370758,12,7.3696896591276975,0.11884203992625686,9160,79905,89065,0.10284623589513277,Tennessee,Maury County,107996,0.02868637281471642,1891,17.509907774362013,47
47125,Montgomery County,TN,"Clarksville, TN-KY",2019,951.6965863233098,12,6.858246272146689,0.05811693245735494,21091,149245,170336,0.12381997933496149,Tennessee,Montgomery County,209807,0.019045170217351526,3634,17.32068043487586,47
47125,Montgomery County,TN,"Clarksville, TN-KY",2020,1004.1932235138062,12,6.911939735433847,0.05369346328715885,23643,156180,179823,0.13147928796650038,Tennessee,Montgomery County,214251,0.020960164396347736,3634,16.961414415802025,47
47125,Montgomery County,TN,"Clarksville, TN-KY",2021,1130.903917096002,12,7.030772518569224,0.11883278313537637,24288,155584,179872,0.1350293542074364,Tennessee,Montgomery County,227741,0.06106079343340909,3634,15.956722768407973,47
47125,Montgomery County,TN,"Clarksville, TN-KY",2022,1266.5600476366044,12,7.144059880585158,0.11328736201593426,24607,162840,187447,0.131274440241775,Tennessee,Montgomery County,234899,0.030946616180132835,3634,15.470478801527465,47
47149,Rutherford County,TN,"Nashville-Davidson--Murfreesboro--Franklin, TN",2019,1233.9930830203177,12,7.1180105991176275,0.03856245441393735,21573,245523,267096,0.08076871237307934,Tennessee,Rutherford County,332125,0.022274086816745253,3520,10.598419269853217,47
47149,Rutherford County,TN,"Nashville-Davidson--Murfreesboro--Franklin, TN",2020,1289.09950735771,12,7.161699197289115,0.04368859817148785,24653,254956,279609,0.08816955105164712,Tennessee,Rutherford County,339261,0.02125831857507343,3520,10.375492614830469,47
47149,Rutherford County,TN,"Nashville-Davidson--Murfreesboro--Franklin, TN",2021,1409.2737225357448,12,7.250829760267401,0.08913056297828525,24973,250616,275589,0.09061682432898265,Tennessee,Rutherford County,351194,0.03456905467751348,3520,10.02295027819382,47
47149,Rutherford County,TN,"Nashville-Davidson--Murfreesboro--Franklin, TN",2022,1599.2592386195831,12,7.377295825158697,0.12646606489129653,23786,264975,288761,0.08237261957120248,Tennessee,Rutherford County,360682,0.02665790636527987,3520,9.759289346293965,47
47157,Shelby County,TN,"Memphis, TN-MS-AR",2019,959.9462275892711,12,6.866877269965257,0.03947362412472444,28184,698939,727123,0.03876097991674036,Tennessee,Shelby County,937070,-0.00018033312592358186,1878,2.004119222683471,47
47157,Shelby County,TN,"Memphis, TN-MS-AR",2020,1036.4421786724927,12,6.943549145150939,0.0766718751856823,29036,701012,730048,0.03977272727272727,Tennessee,Shelby County,936017,-0.0011243472523485565,1878,2.006373815860182,47
47157,Shelby County,TN,"Memphis, TN-MS-AR",2021,1167.2248771945171,12,7.062384310547687,0.11883516539674766,27194,663897,691091,0.03934937656545954,Tennessee,Shelby County,923382,-0.013590622000313246,1878,2.0338278199055213,47
47157,Shelby County,TN,"Memphis, TN-MS-AR",2022,1274.7347717505886,12,7.150493413796515,0.08810910324882837,26522,678724,705246,0.037606735805662136,Tennessee,Shelby County,916357,-0.007636989968233365,1878,2.0494196039316552,47
47165,Sumner County,TN,"Nashville-Davidson--Murfreesboro--Franklin, TN",2019,1240.2109781723143,12,7.123036787813637,0.030786010524535,13464,146602,160066,0.08411530243774443,Tennessee,Sumner County,191497,0.019207077323066812,1980,10.339587565340448,47
47165,Sumner County,TN,"Nashville-Davidson--Murfreesboro--Franklin, TN",2020,1275.1073825456115,12,7.1507856756504875,0.027748887836850145,14461,151450,165911,0.08716118883015593,Tennessee,Sumner County,195561,0.021000208515872032,1980,10.124718118643287,47
47165,Sumner County,TN,"Nashville-Davidson--Murfreesboro--Franklin, TN",2021,1411.7222499320508,12,7.252565691856868,0.10178001620638089,14621,147746,162367,0.09004908632911861,Tennessee,Sumner County,200505,0.02496683287402668,1980,9.875065459714222,47
47165,Sumner County,TN,"Nashville-Davidson--Murfreesboro--Franklin, TN",2022,1601.4975848992124,12,7.378694461023856,0.12612876916698745,14287,154719,169006,0.08453546027951671,Tennessee,Sumner County,203721,0.015912226611023428,1980,9.719174753707277,47
47179,Washington County,TN,"Johnson City, TN",2019,906.7094050923062,12,6.809822007480429,0.048947531890974894,7230,89933,97163,0.07441104123997819,Tennessee,Washington County,129670,0.004986577526002733,880,6.786457931672707,47
47179,Washington County,TN,"Johnson City, TN",2020,955.6220002874551,12,6.862362437672467,0.05254043019203802,8100,91637,99737,0.08121359174629275,Tennessee,Washington County,130367,0.005360788420116336,880,6.750174507352321,47
47179,Washington County,TN,"Johnson City, TN",2021,1069.457455974426,12,6.97490674837119,0.1125443106987225,8621,89183,97804,0.0881456791133287,Tennessee,Washington County,133460,0.023448257494550262,880,6.593735950846695,47
47179,Washington County,TN,"Johnson City, TN",2022,1255.1933586974324,12,7.135044910373462,0.16013816200227193,8768,93316,102084,0.08589005133027702,Tennessee,Washington County,136147,0.019933376880794995,880,6.463601842126525,47
47187,Williamson County,TN,"Nashville-Davidson--Murfreesboro--Franklin, TN",2019,1514.940023830397,12,7.323131128929074,0.028128616868130507,19198,200732,219930,0.08729141090346929,Tennessee,Williamson County,238556,0.02564074297159813,2284,9.57427186907896,47
47187,Williamson County,TN,"Nashville-Davidson--Murfreesboro--Franklin, TN",2020,1543.7749249768983,12,7.341985945979969,0.018854817050895534,22373,206985,229358,0.09754619415934913,Tennessee,Williamson County,245348,0.028073527276985644,2284,9.309226078875719,47
47187,Williamson County,TN,"Nashville-Davidson--Murfreesboro--Franklin, TN",2021,1750.8485063651344,11,7.46785581019063,0.12586986421066104,21603,200002,221605,0.09748426253920263,Tennessee,Williamson County,256065,0.042753707618272685,2284,8.919610255208639,47
47187,Williamson County,TN,"Nashville-Davidson--Murfreesboro--Franklin, TN",2022,1968.2378085074563,12,7.584893907968145,0.11703809777751495,20211,211124,231335,0.08736680571465623,Tennessee,Williamson County,260738,0.018084753228052364,2284,8.75975116783898,47
47189,Wilson County,TN,"Nashville-Davidson--Murfreesboro--Franklin, TN",2019,1331.6938821854135,12,7.194207006508971,0.041040649530518,10966,112659,123625,0.08870374115267947,Tennessee,Wilson County,144507,0.025213657332317396,2349,16.25526791089705,47
47189,Wilson County,TN,"Nashville-Davidson--Murfreesboro--Franklin, TN",2020,1392.8446844387208,12,7.2391034703910435,0.0448964638820728,12398,116573,128971,0.09613013778291243,Tennessee,Wilson County,148130,0.02476231730821965,2349,15.857692567339498,47
47189,Wilson County,TN,"Nashville-Davidson--Murfreesboro--Franklin, TN",2021,1501.2126664189088,12,7.3140285047545195,0.07492503436347597,13414,114934,128348,0.1045127310125596,Tennessee,Wilson County,152036,0.026027068314915525,2349,15.450288089662974,47
47189,Wilson County,TN,"Nashville-Davidson--Murfreesboro--Franklin, TN",2022,1677.2057391085075,12,7.424884437129835,0.11085593237531555,13626,122429,136055,0.10015067435963397,Tennessee,Wilson County,158593,0.04222383712616384,2349,14.811498615954045,47
48027,Bell County,TX,"Killeen-Temple, TX",2019,933.4537334909883,12,6.838891399344296,0.047918987129660806,31675,254831,286506,0.1105561489113666,Texas,Bell County,363693,0.02216057826061224,3108,8.545669012051373,48
48027,Bell County,TX,"Killeen-Temple, TX",2020,987.7157723501372,12,6.895394976552541,0.05650357720824495,34352,266795,301147,0.11407053698027873,Texas,Bell County,369927,0.016995583699415562,3108,8.4016576243421,48
48027,Bell County,TX,"Killeen-Temple, TX",2021,1152.0945819890949,12,7.0493369403067065,0.1539419637541659,33821,265123,298944,0.11313490152001712,Texas,Bell County,380399,0.02791501298070287,3108,8.170368481515462,48
48027,Bell County,TX,"Killeen-Temple, TX",2022,1300.4389241005968,12,7.170457120387657,0.12112018008095049,32835,273852,306687,0.10706355339482926,Texas,Bell County,387454,0.018376430213427497,3108,8.021597402530364,48
48029,Bexar County,TX,"San Antonio-New Braunfels, TX",2019,1157.27684636025,12,7.053824978052541,0.03002641165121922,77689,1480955,1558644,0.049843966935361764,Texas,Bexar County,2002445,0.010736374143915484,10392,5.189655645972798,48
48029,Bexar County,TX,"San Antonio-New Braunfels, TX",2020,1181.5646184304921,12,7.074594786989642,0.020769808937100898,83996,1524527,1608523,0.052219334134482376,Texas,Bexar County,2026823,0.012100608577592098,10392,5.127236073401575,48
48029,Bexar County,TX,"San Antonio-New Braunfels, TX",2021,1275.2437444273392,12,7.150892611421343,0.07629782443170097,85968,1484484,1570452,0.054740928089492706,Texas,Bexar County,2030981,0.0020493850640850297,10392,5.1167391521634125,48
48029,Bexar County,TX,"San Antonio-New Braunfels, TX",2022,1401.8374172244378,12,7.245539095980243,0.09464648455890057,86823,1519802,1606625,0.05404061308643896,Texas,Bexar County,2060191,0.014279769393050756,10392,5.044192504481381,48
48039,Brazoria County,TX,"Houston-The Woodlands-Sugar Land, TX",2019,1344.8910027730728,12,7.204068249921687,0.013295250343268172,21285,277147,298432,0.07132278039888484,Texas,Brazoria County,374699,0.014053490700643323,3897,10.400348012671504,48
48039,Brazoria County,TX,"Houston-The Woodlands-Sugar Land, TX",2020,1368.2945612999117,12,7.221320397591569,0.0172521476698817,24655,284367,309022,0.079783963601297,Texas,Brazoria County,380518,0.01541044536454983,3897,10.241302645341351,48
48039,Brazoria County,TX,"Houston-The Woodlands-Sugar Land, TX",2021,1448.7027547448397,12,7.278423783074644,0.057103385483075364,24387,277316,301703,0.08083114851360444,Texas,Brazoria County,379121,-0.003678067015792763,3897,10.279040200885733,48
48039,Brazoria County,TX,"Houston-The Woodlands-Sugar Land, TX",2022,1567.7674510572854,12,7.357407880636755,0.07898409756211056,24873,287991,312864,0.07950099723841669,Texas,Brazoria County,388234,0.023752835276281914,3897,10.037760731929712,48
48041,Brazos County,TX,"College Station-Bryan, TX",2019,1096.1656185639254,12,6.999573567920118,0.026709330977430668,10199,134664,144863,0.07040445110207576,Texas,Brazos County,229418,0.014961996525158838,1937,8.443103854100375,48
48041,Brazos County,TX,"College Station-Bryan, TX",2020,1127.2251852062893,12,7.027514303491617,0.027940735571498898,11829,139284,151113,0.07827916856921642,Texas,Brazos County,232555,0.01358108901214905,1937,8.329212444368,48
48041,Brazos County,TX,"College Station-Bryan, TX",2021,1193.699406190768,12,7.084812508648215,0.05729820515659867,11542,135973,147515,0.07824289055350303,Texas,Brazos County,237612,0.021512335072163324,1937,8.151945187953471,48
48041,Brazos County,TX,"College Station-Bryan, TX",2022,1293.3910663789336,12,7.165022781905705,0.08021027325748964,11979,141101,153080,0.07825320094068461,Texas,Brazos County,241931,0.01801347027051925,1937,8.006415052225634,48
48061,Cameron County,TX,"Brownsville-Harlingen, TX",2019,943.6647157009197,12,6.849770929010624,0.03266458232937364,9568,323869,333437,0.02869507583141643,Texas,Cameron County,422649,0.002850391992618384,1904,4.504920158334693,48
48061,Cameron County,TX,"Brownsville-Harlingen, TX",2020,988.4088983747994,12,6.8960964768812945,0.046325547870670114,10649,332056,342705,0.031073372142221445,Texas,Cameron County,424180,0.0036158460989597074,1904,4.488660474326936,48
48061,Cameron County,TX,"Brownsville-Harlingen, TX",2021,1072.887140696558,12,6.978108556014491,0.08201207913319664,10431,322090,332521,0.031369447343175316,Texas,Cameron County,422636,-0.003646604955442001,1904,4.505058726658401,48
48061,Cameron County,TX,"Brownsville-Harlingen, TX",2022,1189.9931080056358,12,7.081702794496901,0.10359423848241,9576,332430,342006,0.02799950878054771,Texas,Cameron County,424911,0.005368446738247101,1904,4.480938361209759,48
48085,Collin County,TX,"Dallas-Fort Worth-Arlington, TX",2019,1355.4587727446471,12,7.211895253680642,0.030026869343815044,81297,808598,889895,0.09135572174245277,Texas,Collin County,1035072,0.028476989479347736,14794,14.292725530204663,48
48085,Collin County,TX,"Dallas-Fort Worth-Arlington, TX",2020,1381.2958218536635,12,7.230777338908509,0.01888208522786705,92494,842310,934804,0.09894480554212434,Texas,Collin County,1072069,0.03511943673369444,14794,13.799484921213095,48
48085,Collin County,TX,"Dallas-Fort Worth-Arlington, TX",2021,1541.7855606622452,12,7.340696478734353,0.10991913982584389,96672,833322,929994,0.10394905773585636,Texas,Collin County,1114661,0.038959896560495366,14794,13.272196658894497,48
48085,Collin County,TX,"Dallas-Fort Worth-Arlington, TX",2022,1765.9104839585088,12,7.47642169129398,0.13572521255962666,94563,876033,970596,0.09742776603241719,Texas,Collin County,1158995,0.03900292747509582,14794,12.764507180790254,48
48091,Comal County,TX,"San Antonio-New Braunfels, TX",2019,1215.6751126139968,12,7.103054849701298,0.02054347491407338,16581,116655,133236,0.12444834729352428,Texas,Comal County,156435,0.05387546671551746,4197,26.82903442324288,48
48091,Comal County,TX,"San Antonio-New Braunfels, TX",2020,1253.7908240044665,12,7.133926900265046,0.03087205056374831,19507,122537,142044,0.13733068626622735,Texas,Comal County,164812,0.05216484211714523,4197,25.465378734558165,48
48091,Comal County,TX,"San Antonio-New Braunfels, TX",2021,1425.6764518124912,12,7.262401683093223,0.12847478282817715,20662,125110,145772,0.14174189830694509,Texas,Comal County,174977,0.05984910635616458,4197,23.986009589831806,48
48091,Comal County,TX,"San Antonio-New Braunfels, TX",2022,1552.5401622313502,12,7.347647682865201,0.08524599977197767,20318,134142,154460,0.13154214683413182,Texas,Comal County,184749,0.0543436103791759,4197,22.717308348083076,48
48099,Coryell County,TX,"Killeen-Temple, TX",2019,823.4530708224903,12,6.713506560528748,0.04752058932108394,8735,46196,54931,0.15901767672170541,Texas,Coryell County,76543,0.023155117535820224,472,6.1664685209620735,48
48099,Coryell County,TX,"Killeen-Temple, TX",2020,882.4488925027184,12,6.782700874952254,0.06919431442350632,9866,47978,57844,0.170562201784109,Texas,Coryell County,76737,0.002531316591714017,472,6.150878976243534,48
48099,Coryell County,TX,"Killeen-Temple, TX",2021,991.4193180201245,12,6.899137570992884,0.11643669604062978,9843,47786,57629,0.17079942390116087,Texas,Coryell County,84389,0.0950530703412209,472,5.593146026140848,48
48099,Coryell County,TX,"Killeen-Temple, TX",2022,1139.3444246388053,12,7.038208309868297,0.13907073887541355,9530,48769,58299,0.1634676409543903,Texas,Coryell County,84205,-0.0021827594464181033,472,5.605367852265305,48
48113,Dallas County,TX,"Dallas-Fort Worth-Arlington, TX",2019,1296.1461530679826,12,7.167150642982887,0.03677968832862,114743,1933063,2047806,0.05603216320295965,Texas,Dallas County,2635603,0.002217889994570399,10628,4.0324737830394035,48
48113,Dallas County,TX,"Dallas-Fort Worth-Arlington, TX",2020,1313.7804163610883,12,7.180664074243674,0.013513431260786746,120796,1940761,2061557,0.058594547713208996,Texas,Dallas County,2635888,0.00010812880085531162,10628,4.032037780057423,48
48113,Dallas County,TX,"Dallas-Fort Worth-Arlington, TX",2021,1431.3711571179874,12,7.26638811498131,0.08572404073763629,120938,1838305,1959243,0.06172690166559227,Texas,Dallas County,2588235,-0.018243950892799177,10628,4.1062731938946815,48
48113,Dallas County,TX,"Dallas-Fort Worth-Arlington, TX",2022,1617.434854592669,12,7.388596750196234,0.12220863521492387,122651,1872392,1995043,0.06147787290800248,Texas,Dallas County,2601993,0.0053015136227418935,10628,4.08456133433103,48
48121,Denton County,TX,"Dallas-Fort Worth-Arlington, TX",2019,1309.4148561175184,12,7.177335641686876,0.028307952550049365,78261,651673,729934,0.10721654286551935,Texas,Denton County,888765,0.03505627982710813,9974,11.222314110029085,48
48121,Denton County,TX,"Dallas-Fort Worth-Arlington, TX",2020,1340.9437273860092,12,7.201128919228947,0.023793277542070612,81998,696083,778081,0.10538491493816196,Texas,Denton County,919324,0.0338057587371825,9974,10.849276207300147,48
48121,Denton County,TX,"Dallas-Fort Worth-Arlington, TX",2021,1480.8363140827462,10,7.300362284245162,0.09923336501621538,83866,689867,773733,0.10839139599836119,Texas,Denton County,943883,0.0263636004369161,9974,10.566987645714566,48
48121,Denton County,TX,"Dallas-Fort Worth-Arlington, TX",2022,1672.7165991927031,12,7.422204289860942,0.12184200561577985,82738,722833,805571,0.10270727223298753,Texas,Denton County,977760,0.035262023360351336,9974,10.200867288496156,48
48135,Ector County,TX,"Odessa, TX",2019,1515.2219745751606,12,7.323317225082167,0.07016173502305012,10431,123773,134204,0.07772495603707788,Texas,Ector County,166204,0.026490363650623294,1188,7.147842410531636,48
48135,Ector County,TX,"Odessa, TX",2020,1298.6039465751107,12,7.169045079169654,-0.15427214591251381,9481,128872,138353,0.06852760691853448,Texas,Ector County,167701,0.008966682320181718,1188,7.084036469669233,48
48135,Ector County,TX,"Odessa, TX",2021,1200.7826301296782,12,7.090728814966194,-0.07831626420346005,7324,122318,129642,0.056494037426142764,Texas,Ector County,160758,-0.04228250324269034,1188,7.389989922741014,48
48135,Ector County,TX,"Odessa, TX",2022,1325.2052975476913,12,7.189322667963548,0.09859385299735468,7653,122758,130411,0.058683699994632355,Texas,Ector County,161057,0.0018582109972253846,1188,7.376270512923996,48
48139,Ellis County,TX,"Dallas-Fort Worth-Arlington, TX",2019,1320.2740728703002,12,7.18559462499044,0.03333738882280013,13938,143642,157580,0.08845031095316665,Texas,Ellis County,184765,0.031173939662913597,2731,14.780937948204476,48
48139,Ellis County,TX,"Dallas-Fort Worth-Arlington, TX",2020,1377.588913749123,12,7.228090086130286,0.042495461139846036,17219,151249,168468,0.10220932165158962,Texas,Ellis County,191760,0.0371598427952371,2731,14.241760534000834,48
48139,Ellis County,TX,"Dallas-Fort Worth-Arlington, TX",2021,1488.2184402842297,12,7.305335005885069,0.07724491975478287,17401,149333,166734,0.10436383700984803,Texas,Ellis County,203187,0.05788214715366813,2731,13.440820524935159,48
48139,Ellis County,TX,"Dallas-Fort Worth-Arlington, TX",2022,1654.382429167018,12,7.411183063589806,0.10584805770473693,18577,158381,176958,0.10497971270018874,Texas,Ellis County,212323,0.04398196281995226,2731,12.862478393767985,48
48141,El Paso County,TX,"El Paso, TX",2019,983.2965394564299,12,6.890910742463768,0.028616218319408304,30433,670696,701129,0.04340570708100792,Texas,El Paso County,837501,0.002284395566098496,2562,3.059100824954239,48
48141,El Paso County,TX,"El Paso, TX",2020,1039.5779047950093,12,6.946570048977613,0.05565930651384576,32501,687106,719607,0.04516493030223442,Texas,El Paso County,841286,0.004509215777074971,2562,3.045337732946941,48
48141,El Paso County,TX,"El Paso, TX",2021,1132.8780879604599,12,7.03251665414456,0.08594660516694663,30521,670423,700944,0.04354270811933621,Texas,El Paso County,867499,0.030682685577163582,2562,2.9533175254380697,48
48141,El Paso County,TX,"El Paso, TX",2022,1282.8892385691977,12,7.156870030857182,0.12435337671262214,29550,685810,715360,0.04130787295906956,Texas,El Paso County,867239,-0.0002997570837166563,2562,2.954202935984198,48
48157,Fort Bend County,TX,"Houston-The Woodlands-Sugar Land, TX",2019,1489.9719846146643,12,7.306512596490703,0.017843129066943852,52804,627072,679876,0.07766710400131789,Texas,Fort Bend County,812737,0.02930036334182695,14093,17.340172774218473,48
48157,Fort Bend County,TX,"Houston-The Woodlands-Sugar Land, TX",2020,1511.4316576103627,12,7.3208125982521075,0.01430000176140478,63996,652356,716352,0.08933596890913964,Texas,Fort Bend County,839706,0.03264426659541009,14093,16.783255091663037,48
48157,Fort Bend County,TX,"Houston-The Woodlands-Sugar Land, TX",2021,1655.4403501640197,12,7.411822325026783,0.09100972677467567,64122,644774,708896,0.09045332460614815,Texas,Fort Bend County,860305,0.024235146963421883,14093,16.381399619902247,48
48157,Fort Bend County,TX,"Houston-The Woodlands-Sugar Land, TX",2022,1811.1668334830183,12,7.501726575939155,0.08990425091237153,59693,682479,742172,0.08043014287793127,Texas,Fort Bend County,888919,0.03271914021552291,14093,15.854087942770937,48
48167,Galveston County,TX,"Houston-The Woodlands-Sugar Land, TX",2019,1182.2348727706744,12,7.075161886154051,0.028056779477472205,19410,253075,272485,0.07123327889608602,Texas,Galveston County,341541,0.011490452992804379,3278,9.597676413666296,48
48167,Galveston County,TX,"Houston-The Woodlands-Sugar Land, TX",2020,1199.845323405251,12,7.089947930305848,0.014786044151796851,21100,258722,279822,0.07540507894304237,Texas,Galveston County,345089,0.010334624407505544,3278,9.498998809002895,48
48167,Galveston County,TX,"Houston-The Woodlands-Sugar Land, TX",2021,1278.381068118408,12,7.1533497658585565,0.06340183555270862,20725,251359,272084,0.07617132944237809,Texas,Galveston County,355560,0.029891656596422678,3278,9.21925975925301,48
48167,Galveston County,TX,"Houston-The Woodlands-Sugar Land, TX",2022,1404.2475682753175,12,7.247256899721755,0.09390713386319849,19710,258540,278250,0.0708355795148248,Texas,Galveston County,357387,0.005125216879454442,3278,9.1721299319785,48
48181,Grayson County,TX,"Sherman-Denison, TX",2020,1112.6858451350406,12,7.014532051895574,0.03433923621098067,9333,102515,111848,0.08344360203132824,Texas,Grayson County,138318,0.01584957812923271,1181,8.538295811101955,48
48181,Grayson County,TX,"Sherman-Denison, TX",2021,1232.0953083364795,12,7.1164715017640106,0.1019394498684365,10327,100043,110370,0.09356709250702183,Texas,Grayson County,139563,0.008960730172717035,1181,8.462128214498112,48
48181,Grayson County,TX,"Sherman-Denison, TX",2022,1359.5993705436197,12,7.214945354850112,0.09847385308610157,10172,104388,114560,0.08879189944134078,Texas,Grayson County,143198,0.025712175730335574,1181,8.24732188997053,48
48183,Gregg County,TX,"Longview, TX",2019,802.6594229213014,12,6.687930493120173,0.03244260495459006,7428,92740,100168,0.0741554188962543,Texas,Gregg County,124098,0.005948453650880481,275,2.2159905880836113,48
48183,Gregg County,TX,"Longview, TX",2020,839.2928034580885,12,6.732559636594841,0.044629143474668176,7708,93773,101481,0.07595510489648309,Texas,Gregg County,124229,0.001055060562499932,275,2.2136538167416626,48
48183,Gregg County,TX,"Longview, TX",2021,901.4888947265672,12,6.804047723905896,0.07148808731105483,7937,90234,98171,0.08084872314634668,Texas,Gregg County,124130,-0.0007972330798846627,275,2.215419318456457,48
48183,Gregg County,TX,"Longview, TX",2022,999.3851477828374,12,6.907140237665834,0.10309251375993789,7878,91952,99830,0.07891415406190525,Texas,Gregg County,125559,0.011446364094334527,275,2.1902054014447394,48
48187,Guadalupe County,TX,"San Antonio-New Braunfels, TX",2019,1363.3769359082596,12,7.217719942186111,0.025412101777145146,14730,126078,140808,0.1046105334924152,Texas,Guadalupe County,166970,0.021631333156628685,1549,9.277115649517878,48
48187,Guadalupe County,TX,"San Antonio-New Braunfels, TX",2020,1411.3723233344244,12,7.252317789003927,0.034597846817815636,17627,132404,150031,0.11748905226253241,Texas,Guadalupe County,170608,0.021554371714957554,1549,9.079292881928163,48
48187,Guadalupe County,TX,"San Antonio-New Braunfels, TX",2021,1517.9364656018786,12,7.3251071030624635,0.07278931405853672,17527,130314,147841,0.11855304009036735,Texas,Guadalupe County,177301,0.03848032594635775,1549,8.736555349377612,48
48187,Guadalupe County,TX,"San Antonio-New Braunfels, TX",2022,1668.4784163716424,12,7.419667362160286,0.09456025909782273,17426,136668,154094,0.11308681713759135,Texas,Guadalupe County,182702,0.030007557009360752,1549,8.478287046666157,48
48201,Harris County,TX,"Houston-The Woodlands-Sugar Land, TX",2019,1297.179731225628,12,7.167947749292303,0.016282298791844063,148098,3466289,3614387,0.04097458296524418,Texas,Harris County,4709243,0.006888896339818373,36961,7.8486075150507215,48
48201,Harris County,TX,"Houston-The Woodlands-Sugar Land, TX",2020,1314.4106606397872,12,7.181143677341253,0.0131959280489502,158977,3512880,3671857,0.0432960760726793,Texas,Harris County,4738253,0.006141329126402084,36961,7.800554339331395,48
48201,Harris County,TX,"Houston-The Woodlands-Sugar Land, TX",2021,1393.9395741750714,12,7.239889243304251,0.05874556596299829,160443,3374466,3534909,0.045388155678123536,Texas,Harris County,4735517,-0.0005775947856161423,36961,7.805061200287106,48
48201,Harris County,TX,"Houston-The Woodlands-Sugar Land, TX",2022,1510.9633451917625,12,7.320502703336378,0.08061346003212666,166095,3457855,3623950,0.045832585990424814,Texas,Harris County,4781337,0.009629306921990377,36961,7.73026456825779,48
48209,Hays County,TX,"Austin-Round Rock-Georgetown, TX",2019,1336.4602168995186,12,7.197779768506323,0.035470032719955746,18969,154662,173631,0.10924892444321578,Texas,Hays County,230400,0.03296807945049984,4925,21.375868055555557,48
48209,Hays County,TX,"Austin-Round Rock-Georgetown, TX",2020,1378.7089205495474,12,7.228902775418164,0.03112300691184089,22417,163467,185884,0.12059671623162833,Texas,Hays County,241365,0.04649338175748774,4925,20.404781140596192,48
48209,Hays County,TX,"Austin-Round Rock-Georgetown, TX",2021,1522.3079494834449,12,7.327982850073149,0.09908007465498514,23536,165448,188984,0.12453964356770944,Texas,Hays County,255955,0.05869133719900432,4925,19.241663573675062,48
48209,Hays County,TX,"Austin-Round Rock-Georgetown, TX",2022,1695.8917660611908,12,7.435963997134544,0.10798114706139472,24133,176787,200920,0.1201124825801314,Texas,Hays County,269103,0.05009255816450775,4925,18.301542532041633,48
48215,Hidalgo County,TX,"McAllen-Edinburg-Mission, TX",2019,874.9040421141343,12,6.774114214188567,0.023463744239276885,14309,647389,661698,0.021624668655489364,Texas,Hidalgo County,867221,0.007472317529757078,4894,5.643313526771147,48
48215,Hidalgo County,TX,"McAllen-Edinburg-Mission, TX",2020,899.0801177633213,12,6.801372149258645,0.0272579350700779,16347,665771,682118,0.023965061763507194,Texas,Hidalgo County,875200,0.00915858540837533,4894,5.591864716636198,48
48215,Hidalgo County,TX,"McAllen-Edinburg-Mission, TX",2021,968.558158069759,12,6.875808530677348,0.07443638141870323,16106,646416,662522,0.02431013611623463,Texas,Hidalgo County,879865,0.005316054945248894,4894,5.5622169310064615,48
48215,Hidalgo County,TX,"McAllen-Edinburg-Mission, TX",2022,1053.7824572973796,12,6.9601413105474,0.08433277987005194,15753,673425,689178,0.022857665218564725,Texas,Hidalgo County,888286,0.00952527659720026,4894,5.509486809428495,48
48221,Hood County,TX,"Granbury, TX",2019,1238.049352112392,12,7.121292316838017,0.06670184642072385,4976,44774,49750,0.10002010050251256,Texas,Hood County,61762,0.024802313889226824,389,6.298371166736829,48
48221,Hood County,TX,"Granbury, TX",2020,1267.41801363853,12,7.144737049853371,0.023444733015354657,5786,46127,51913,0.11145570473677113,Texas,Hood County,63527,0.028176723766597078,389,6.123380609819447,48
48221,Hood County,TX,"Granbury, TX",2021,1385.6924633422589,12,7.233955267208634,0.08921821735526247,6060,45700,51760,0.11707882534775889,Texas,Hood County,64293,0.011985748242173244,389,6.050425396232871,48
48221,Hood County,TX,"Granbury, TX",2022,1531.8956098415244,12,7.334261208188788,0.10030594098015388,5898,48153,54051,0.10911916523283566,Texas,Hood County,66394,0.032155930333114924,389,5.858963159321625,48
48245,Jefferson County,TX,"Beaumont-Port Arthur, TX",2019,960.9044031290174,12,6.867874927569547,0.028592988337210024,8898,175566,184464,0.04823705438459537,Texas,Jefferson County,251315,-0.0053177893835236745,1115,4.43666315182142,48
48245,Jefferson County,TX,"Beaumont-Port Arthur, TX",2020,1003.2724714740519,12,6.911022407574527,0.04314748000498003,9080,178056,187136,0.04852086183310533,Texas,Jefferson County,250127,-0.004738343508270404,1115,4.457735470381047,48
48245,Jefferson County,TX,"Beaumont-Port Arthur, TX",2021,1041.628879397459,12,6.948540997065971,0.0375185894914436,9116,171284,180400,0.05053215077605321,Texas,Jefferson County,253727,0.014290096979891587,1115,4.394486987983147,48
48245,Jefferson County,TX,"Beaumont-Port Arthur, TX",2022,1102.880500902773,12,7.005680673314278,0.0571396762483074,8688,173942,182630,0.047571592837978426,Texas,Jefferson County,251601,-0.008414386472635371,1115,4.4316199061212,48
48251,Johnson County,TX,"Dallas-Fort Worth-Arlington, TX",2019,1156.0402474872437,12,7.05275586479169,0.039076061164944775,12933,133913,146846,0.08807185759230758,Texas,Johnson County,175997,0.027085570991394192,2582,14.6707046142832,48
48251,Johnson County,TX,"Dallas-Fort Worth-Arlington, TX",2020,1212.6947897354166,12,7.1006002612367745,0.047844396445084314,15517,138461,153978,0.10077413656496383,Texas,Johnson County,179575,0.02012599852253416,2582,14.378393428929416,48
48251,Johnson County,TX,"Dallas-Fort Worth-Arlington, TX",2021,1321.6577447750788,12,7.1866420948926155,0.08604183365584106,16823,137059,153882,0.10932402750159213,Texas,Johnson County,187511,0.043244562395445385,2582,13.76985883494835,48
48251,Johnson County,TX,"Dallas-Fort Worth-Arlington, TX",2022,1480.6465200460082,12,7.300234109241201,0.11359201434858512,16941,144549,161490,0.10490432844138955,Texas,Johnson County,195496,0.04170240850173634,2582,13.207431354094203,48
48257,Kaufman County,TX,"Dallas-Fort Worth-Arlington, TX",2019,1422.828393173254,12,7.260401995718068,0.037313147011777126,14253,102955,117208,0.12160432734966896,Texas,Kaufman County,136459,0.060001918016501676,1068,7.826526649030111,48
48257,Kaufman County,TX,"Dallas-Fort Worth-Arlington, TX",2020,1489.2317793470627,12,7.30601568164937,0.04561368593130233,17999,108960,126959,0.141770177773927,Texas,Kaufman County,143198,0.048204084742909714,1068,7.458204723529659,48
48257,Kaufman County,TX,"Dallas-Fort Worth-Arlington, TX",2021,1625.2675068789906,12,7.393427700833356,0.08741201918398556,20864,110176,131040,0.1592185592185592,Texas,Kaufman County,158313,0.10034579811864397,1068,6.746129502946694,48
48257,Kaufman County,TX,"Dallas-Fort Worth-Arlington, TX",2022,1765.5942353793746,12,7.476242589973091,0.08281488913973512,22587,121755,144342,0.15648252068005156,Texas,Kaufman County,172611,0.08646642172170793,1068,6.187322940021204,48
48303,Lubbock County,TX,"Lubbock, TX",2019,1110.1545298516312,12,7.012254500699271,0.020437171766059414,12572,213654,226226,0.055572745838232566,Texas,Lubbock County,311087,0.009700142760815211,3851,12.37917367167384,48
48303,Lubbock County,TX,"Lubbock, TX",2020,1145.756773620474,12,7.043820635325041,0.03156613462576985,13935,220483,234418,0.059445093806789584,Texas,Lubbock County,314772,0.011775951401444829,3851,12.234252093578844,48
48303,Lubbock County,TX,"Lubbock, TX",2021,1222.3746608340068,12,7.108550689167635,0.06473005384259434,13294,216521,229815,0.05784652872963036,Texas,Lubbock County,314642,-0.00041308265100070685,3851,12.239306894820146,48
48303,Lubbock County,TX,"Lubbock, TX",2022,1302.8847572559218,12,7.172336129050668,0.06378543988303331,13320,220962,234282,0.0568545598893641,Texas,Lubbock County,317761,0.009864043306821557,3851,12.11917132687775,48
48309,McLennan County,TX,"Waco, TX",2019,979.142505835167,12,6.88667719458813,0.041983120366683835,10450,183907,194357,0.05376703694747295,Texas,McLennan County,257080,0.011250226230307803,1201,4.6716975260619265,48
48309,McLennan County,TX,"Waco, TX",2020,1023.6398705471353,12,6.931120054823588,0.04444286023545807,11266,190137,201403,0.055937597751771324,Texas,McLennan County,259730,0.010255309399214596,1201,4.6240326492896475,48
48309,McLennan County,TX,"Waco, TX",2021,1122.3378351361484,12,7.02316914159524,0.09204908677165147,11479,185642,197121,0.058233267891295196,Texas,McLennan County,263721,0.01524909623611137,1201,4.554055232613254,48
48309,McLennan County,TX,"Waco, TX",2022,1277.286794538454,12,7.1524934154205235,0.12932427382528378,11292,190369,201661,0.055994961841902995,Texas,McLennan County,266162,0.009213419820705226,1201,4.512289507893689,48
48329,Midland County,TX,"Midland, TX",2019,1533.3566576506466,12,7.335214505204674,0.04119535841813615,12733,132912,145645,0.08742490301761131,Texas,Midland County,176444,0.022391839351245224,1289,7.305434018725488,48
48329,Midland County,TX,"Midland, TX",2020,1294.8872273610416,12,7.166178887222796,-0.16903561798187816,12212,136897,149109,0.08189981825376068,Texas,Midland County,177863,0.008010045452163439,1289,7.247150897038733,48
48329,Midland County,TX,"Midland, TX",2021,1175.2355804912465,12,7.06922390051712,-0.09695498670567648,11950,131718,143668,0.08317788233983907,Texas,Midland County,168257,-0.05552101861395187,1289,7.660899695109268,48
48329,Midland County,TX,"Midland, TX",2022,1291.02923422119,12,7.1631950352232465,0.09397113470612695,12017,135130,147147,0.08166663268704084,Texas,Midland County,172019,0.022112363414697356,1289,7.493358291816602,48
48339,Montgomery County,TX,"Houston-The Woodlands-Sugar Land, TX",2019,1372.4234711950785,12,7.224333413137002,0.014507260112338827,42979,451580,494559,0.08690368591007341,Texas,Montgomery County,607583,0.029151023423507283,10219,16.819101258593477,48
48339,Montgomery County,TX,"Houston-The Woodlands-Sugar Land, TX",2020,1387.980985373366,12,7.235605441674186,0.01127202853718412,50854,471095,521949,0.09743097505695,Texas,Montgomery County,626351,0.030422125443683612,10219,16.315133208057464,48
48339,Montgomery County,TX,"Houston-The Woodlands-Sugar Land, TX",2021,1491.9430485484247,12,7.307834608820975,0.07222916714678895,55610,469508,525118,0.10590000723646875,Texas,Montgomery County,650755,0.03822231044696345,10219,15.703298476385124,48
48339,Montgomery County,TX,"Houston-The Woodlands-Sugar Land, TX",2022,1638.6123243539198,12,7.401605018949978,0.09377041012900289,56783,497973,554756,0.10235671177959318,Texas,Montgomery County,679554,0.04330347334494711,10219,15.037804206876864,48
48355,Nueces County,TX,"Corpus Christi, TX",2019,1124.2011945060183,12,7.024828013106121,0.014142998729840706,13459,254678,268137,0.05019449013004546,Texas,Nueces County,362347,0.00046927362825854857,1557,4.296986038245108,48
48355,Nueces County,TX,"Corpus Christi, TX",2020,1170.3097772182266,12,7.06502375960043,0.04019574649430879,15107,259881,274988,0.05493694270295431,Texas,Nueces County,363148,0.002208148437873092,1557,4.28750812340974,48
48355,Nueces County,TX,"Corpus Christi, TX",2021,1277.3817451079483,12,7.152567750363053,0.0875439907626232,13661,250879,264540,0.0516405836546458,Texas,Nueces County,353292,-0.027515554207807824,1557,4.407119323392548,48
48355,Nueces County,TX,"Corpus Christi, TX",2022,1356.354783854025,12,7.212556074288905,0.05998832392585207,13252,254428,267680,0.04950687387925882,Texas,Nueces County,351590,-0.004829186467237179,1557,4.428453596518673,48
48367,Parker County,TX,"Dallas-Fort Worth-Arlington, TX",2019,1158.8275836957055,12,7.0551640692844035,0.049341276034670756,12347,110136,122483,0.10080582611464448,Texas,Parker County,143149,0.034793472764251376,1113,7.7751154391578,48
48367,Parker County,TX,"Dallas-Fort Worth-Arlington, TX",2020,1195.5556381245804,12,7.086366325442865,0.03120225615846106,15419,115874,131293,0.11743961978170961,Texas,Parker County,148198,0.03466317165390542,1113,7.510222810024427,48
48367,Parker County,TX,"Dallas-Fort Worth-Arlington, TX",2021,1309.6860703216796,12,7.177542746500893,0.09117642105802837,16177,116424,132601,0.12199757166235549,Texas,Parker County,157088,0.058256940381369304,1113,7.085200651863924,48
48367,Parker County,TX,"Dallas-Fort Worth-Arlington, TX",2022,1467.6592739015175,12,7.291424079987643,0.11388133348675034,16872,123334,140206,0.12033721809337689,Texas,Parker County,165938,0.05480806673875094,1113,6.707324422374622,48
48375,Potter County,TX,"Amarillo, TX",2019,699.4148433288568,12,6.550244047350679,0.03131837122634629,7132,82001,89133,0.08001525809744987,Texas,Potter County,116818,-0.012978469480430022,845,7.233474293345203,48
48375,Potter County,TX,"Amarillo, TX",2020,723.148558374247,12,6.583614675981485,0.033370628630805754,7661,82587,90248,0.0848883077741335,Texas,Potter County,116004,-0.0069924948390358566,845,7.284231578221441,48
48375,Potter County,TX,"Amarillo, TX",2021,775.7269029651793,11,6.653800529073032,0.07018585309154712,7454,78853,86307,0.08636611167112748,Texas,Potter County,116461,0.0039317797408298105,845,7.255647813431106,48
48375,Potter County,TX,"Amarillo, TX",2022,857.3145378876906,12,6.753804873300979,0.1000043442279468,7162,79295,86457,0.08283886787651665,Texas,Potter County,114911,-0.013398537316826165,845,7.353517069732227,48
48381,Randall County,TX,"Amarillo, TX",2019,1092.1392768597802,12,6.995893691083832,0.01864287383762875,9882,102573,112455,0.08787515006002401,Texas,Randall County,137770,0.014807502333315625,173,1.2557160484866081,48
48381,Randall County,TX,"Amarillo, TX",2020,1125.9574292171944,12,7.026389000895405,0.030495309811573,10863,106179,117042,0.0928128364176962,Texas,Randall County,139899,0.015335105626549606,173,1.2366064089092845,48
48381,Randall County,TX,"Amarillo, TX",2021,1214.6303193281663,12,7.1021950455495535,0.07580604465414886,10747,104030,114777,0.09363374195178477,Texas,Randall County,144055,0.029274437415175214,173,1.2009302002707298,48
48381,Randall County,TX,"Amarillo, TX",2022,1331.9584277881102,12,7.194405640243994,0.09221059469444093,9752,107330,117082,0.08329205172443245,Texas,Randall County,146244,0.015081288531133552,173,1.1829545143732392,48
48397,Rockwall County,TX,"Dallas-Fort Worth-Arlington, TX",2019,1542.892254123227,12,7.341414021100146,0.033868928608144167,10319,79868,90187,0.11441782075021899,Texas,Rockwall County,104862,0.041572468371573024,2699,25.73858976559669,48
48397,Rockwall County,TX,"Dallas-Fort Worth-Arlington, TX",2020,1603.2427501663135,12,7.379783576057927,0.03836955495778138,12885,84590,97475,0.13218774044626827,Texas,Rockwall County,109888,0.046816465262732976,2699,24.561371578334303,48
48397,Rockwall County,TX,"Dallas-Fort Worth-Arlington, TX",2021,1749.1453400136186,12,7.466882570487529,0.0870989944296019,13295,84709,98004,0.13565772825598954,Texas,Rockwall County,116612,0.05939051929787098,2699,23.145130861317874,48
48397,Rockwall County,TX,"Dallas-Fort Worth-Arlington, TX",2022,1934.3550481418763,12,7.567529241450463,0.10064667096293345,14261,90466,104727,0.1361730976729974,Texas,Rockwall County,123342,0.05610880019870912,2699,21.882246112435343,48
48423,Smith County,TX,"Tyler, TX",2019,1033.3483646278498,12,6.940559648113378,0.026160725655530292,11472,172581,184053,0.06232987237371844,Texas,Smith County,232916,0.01320744560246645,828,3.5549296742173144,48
48423,Smith County,TX,"Tyler, TX",2020,1048.3975892164224,12,6.955018171958265,0.014458523844886884,13307,177083,190390,0.06989337675298073,Texas,Smith County,235806,0.012331559529087599,828,3.51136103407038,48
48423,Smith County,TX,"Tyler, TX",2021,1156.6212570414923,12,7.053258324460201,0.09824015250193607,14000,173159,187159,0.07480270785802447,Texas,Smith County,237182,0.005818345843131567,828,3.4909900414028048,48
48423,Smith County,TX,"Tyler, TX",2022,1281.1281459333547,12,7.155496332750901,0.10223800829069951,13763,179238,193001,0.07131051134450081,Texas,Smith County,241995,0.020089285870920293,828,3.421558296659022,48
48439,Tarrant County,TX,"Dallas-Fort Worth-Arlington, TX",2019,1219.4255123576688,12,7.106135135312971,0.04078413659657354,101605,1599494,1701099,0.059729033995082004,Texas,Tarrant County,2101282,0.009700048320437915,14224,6.769200897356947,48
48439,Tarrant County,TX,"Dallas-Fort Worth-Arlington, TX",2020,1255.6013416026606,12,7.135369893462498,0.029234758149526918,110430,1633772,1744202,0.06331262090056083,Texas,Tarrant County,2123347,0.010445982660902686,14224,6.698857982232767,48
48439,Tarrant County,TX,"Dallas-Fort Worth-Arlington, TX",2021,1380.695442340522,12,7.2303425949392715,0.09497270147677384,110317,1575362,1685679,0.06544365801555338,Texas,Tarrant County,2129695,0.0029851596640781963,14224,6.678890639269943,48
48439,Tarrant County,TX,"Dallas-Fort Worth-Arlington, TX",2022,1538.0731198177034,12,7.338285691079648,0.10794309614037623,110506,1616940,1727446,0.06397074061938839,Texas,Tarrant County,2155646,0.012111669635656241,14224,6.598486022287519,48
48441,Taylor County,TX,"Abilene, TX",2019,866.9192644941008,12,6.764945851907187,0.04287341943272338,7452,101713,109165,0.06826363761278798,Texas,Taylor County,138141,0.0059682163649288356,648,4.690859339370643,48
48441,Taylor County,TX,"Abilene, TX",2020,911.6668559571643,12,6.815274633819209,0.05032878191202261,8096,104005,112101,0.07222058679226769,Texas,Taylor County,139200,0.007636845232829259,648,4.655172413793103,48
48441,Taylor County,TX,"Abilene, TX",2021,993.4025128678999,12,6.901135932233067,0.08586129841385759,8410,101771,110181,0.0763289496374148,Texas,Taylor County,143922,0.03335973825462801,648,4.502438821028058,48
48441,Taylor County,TX,"Abilene, TX",2022,1078.9954193297342,12,6.98378571995694,0.08264978772387366,8503,103756,112259,0.07574448373849758,Texas,Taylor County,145147,0.00847553582790006,648,4.464439499266261,48
48451,Tom Green County,TX,"San Angelo, TX",2019,986.8024243554393,12,6.894469841437185,0.04441393050651499,6291,85433,91724,0.06858619336269679,Texas,Tom Green County,119429,0.00950673467645835,686,5.743998526321078,48
48451,Tom Green County,TX,"San Angelo, TX",2020,1011.6313171402321,12,6.919319472343738,0.024849630906553344,6147,87858,94005,0.06539013882240306,Texas,Tom Green County,120010,0.004853020103652739,686,5.716190317473544,48
48451,Tom Green County,TX,"San Angelo, TX",2021,1062.148170359884,12,6.9680487121827435,0.048729239839005345,5842,85555,91397,0.06391894701138987,Texas,Tom Green County,119231,-0.006512284709595306,686,5.753537251218224,48
48451,Tom Green County,TX,"San Angelo, TX",2022,1120.0158120992262,12,7.021098082135221,0.05304936995247722,5459,86060,91519,0.05964881609283318,Texas,Tom Green County,118913,-0.0026706546376011886,686,5.768923498692321,48
48453,Travis County,TX,"Austin-Round Rock-Georgetown, TX",2019,1384.4977604873054,12,7.233092725049077,0.049488109955118986,79538,886634,966172,0.0823228162273384,Texas,Travis County,1273567,0.0213271794383747,27110,21.28666964517768,48
48453,Travis County,TX,"Austin-Round Rock-Georgetown, TX",2020,1397.3502839295609,12,7.2423330679339735,0.009240342884896613,82497,907736,990233,0.08331069556356938,Texas,Travis County,1300503,0.02092948774071246,27110,20.845780440337318,48
48453,Travis County,TX,"Austin-Round Rock-Georgetown, TX",2021,1554.9081701151583,12,7.349171768281221,0.10683870034724752,83368,882364,965732,0.08632622715204633,Texas,Travis County,1308868,0.0064115287979173985,27110,20.71255466555833,48
48453,Travis County,TX,"Austin-Round Rock-Georgetown, TX",2022,1761.731914602435,12,7.474052646567629,0.12488087828640815,82110,898071,980181,0.08377024243481561,Texas,Travis County,1327550,0.01417249670118359,27110,20.42107641896727,48
48479,Webb County,TX,"Laredo, TX",2019,1020.9269526903557,12,6.928466270737781,0.020509829399948387,4245,224677,228922,0.018543434008090092,Texas,Webb County,276387,0.005998700673172763,1447,5.23541266412675,48
48479,Webb County,TX,"Laredo, TX",2020,1034.6231081325082,12,6.941792492650072,0.01332622191229138,4436,229619,234055,0.018952810236910127,Texas,Webb County,277681,0.004670915312370738,1447,5.211015517806404,48
48479,Webb County,TX,"Laredo, TX",2021,1084.2799248130148,12,6.98867138188547,0.046878889235397736,3897,220783,224680,0.017344667972227168,Texas,Webb County,267400,-0.03772730814684877,1447,5.411368735976065,48
48479,Webb County,TX,"Laredo, TX",2022,1192.7232399168322,12,7.083994408526703,0.09532302664123282,3645,223833,227478,0.016023527549916917,Texas,Webb County,267619,0.0008186625605119957,1447,5.40694046386841,48
48485,Wichita County,TX,"Wichita Falls, TX",2019,804.9264392038925,12,6.690750893372227,0.04693511410239015,6033,87436,93469,0.06454546427157667,Texas,Wichita County,132328,0.0021333422118061662,187,1.4131551901336072,48
48485,Wichita County,TX,"Wichita Falls, TX",2020,858.4362007712303,12,6.7551123628075365,0.06436146943530918,6858,89743,96601,0.07099305390213352,Texas,Wichita County,133205,0.006605605999391528,187,1.403851206786532,48
48485,Wichita County,TX,"Wichita Falls, TX",2021,957.5539206248577,12,6.8643820334377486,0.10926967063021209,6941,88253,95194,0.07291425930205685,Texas,Wichita County,130073,-0.023793463625914058,187,1.43765424031121,48
48485,Wichita County,TX,"Wichita Falls, TX",2022,1071.3887847195701,12,6.97671101551786,0.11232898208011122,6651,88860,95511,0.06963595816188711,Texas,Wichita County,130220,0.0011294964953183495,187,1.4360313315926891,48
48491,Williamson County,TX,"Austin-Round Rock-Georgetown, TX",2019,1374.525802488865,12,7.225864079701831,0.034420562949938116,51277,450441,501718,0.10220283107243511,Texas,Williamson County,591823,0.04202853024732178,9317,15.742882584826882,48
48491,Williamson County,TX,"Austin-Round Rock-Georgetown, TX",2020,1409.6850871234556,12,7.251121615961937,0.025257536260105518,58851,474231,533082,0.11039764989251184,Texas,Williamson County,617855,0.043046198404411484,9317,15.07958987140996,48
48491,Williamson County,TX,"Austin-Round Rock-Georgetown, TX",2021,1589.7184737608898,12,7.371312219009469,0.12019060304753193,61571,475042,536613,0.11474004543311474,Texas,Williamson County,644595,0.04236841050632201,9317,14.454037031003965,48
48491,Williamson County,TX,"Austin-Round Rock-Georgetown, TX",2022,1783.4486148994317,12,7.486304193001458,0.11499197399198913,60331,499967,560298,0.1076766292223067,Texas,Williamson County,672273,0.04204229542307836,9317,13.8589531336228,48
49011,Davis County,UT,"Ogden-Clearfield, UT",2019,1216.1052349243598,12,7.103408600660165,0.047740553319919776,22235,291639,313874,0.07084052836488527,Utah,Davis County,355304,0.011748887371824779,2417,6.802625357440389,49
49011,Davis County,UT,"Ogden-Clearfield, UT",2020,1277.2272578282161,12,7.152446802476513,0.04903820181634799,25222,312179,337401,0.07475377962720917,Utah,Davis County,359232,0.010994658264371182,2417,6.728242472830928,49
49011,Davis County,UT,"Ogden-Clearfield, UT",2021,1430.4392010105203,12,7.265736809671883,0.11329000719536975,23576,287902,311478,0.07569073899280206,Utah,Davis County,367504,0.02276578362766557,2417,6.576799164090731,49
49011,Davis County,UT,"Ogden-Clearfield, UT",2022,1613.3384594685492,12,7.386060888394058,0.12032407872217554,21907,299155,321062,0.06823292697360635,Utah,Davis County,369887,0.006463350639737797,2417,6.534428082089936,49
49035,Salt Lake County,UT,"Salt Lake City, UT",2019,1209.3646873005441,12,7.097850448885081,0.04844727550902839,44866,907140,952006,0.047127854236212796,Utah,Salt Lake County,1158585,0.008351821478280286,10101,8.718393557658695,49
49035,Salt Lake County,UT,"Salt Lake City, UT",2020,1247.2162708244489,12,7.128669363540806,0.030818914655724505,49228,943160,992388,0.04960559781053378,Utah,Salt Lake County,1165517,0.005965332465070361,10101,8.666540256384078,49
49035,Salt Lake County,UT,"Salt Lake City, UT",2021,1394.0101217275203,12,7.2399398522177245,0.11127048867691869,47830,883274,931104,0.05136912740145032,Utah,Salt Lake County,1186312,0.01768456971699628,10101,8.514623471734248,49
49035,Salt Lake County,UT,"Salt Lake City, UT",2022,1579.0666337217965,12,7.364589213315722,0.12464936109799751,44928,910668,955596,0.0470156844524255,Utah,Salt Lake County,1186569,0.0002166143190525105,10101,8.512779282115073,49
49049,Utah County,UT,"Provo-Orem, UT",2019,1290.4522487471652,12,7.162748016340919,0.04001230950487766,30098,494489,524587,0.057374658540909326,Utah,Utah County,635675,0.021625154672408442,7859,12.3632359303103,49
49049,Utah County,UT,"Provo-Orem, UT",2020,1335.613360968251,12,7.1971459117393275,0.034397895398408096,38304,553471,591775,0.06472730345148071,Utah,Utah County,651059,0.023912841459640788,7859,12.071102618963874,49
49049,Utah County,UT,"Provo-Orem, UT",2021,1500.1498846899003,12,7.313320305224918,0.11617439348559078,37060,505725,542785,0.06827749477233158,Utah,Utah County,685973,0.052238000448488364,7859,11.456719142007048,49
49049,Utah County,UT,"Provo-Orem, UT",2022,1679.7116101846934,12,7.426377397057587,0.11305709183266899,35692,537499,573191,0.06226894700021459,Utah,Utah County,702692,0.024080405123442006,7859,11.18413188139327,49
49053,Washington County,UT,"St. George, UT",2019,1336.5631631692856,12,7.197856794596395,0.03958895667110429,12337,131236,143573,0.08592841272384083,Utah,Washington County,177938,0.033644230519245255,3314,18.624464701188057,49
49053,Washington County,UT,"St. George, UT",2020,1393.0608052180216,12,7.2392586233784915,0.04140182878209675,15832,144485,160317,0.09875434295801444,Utah,Washington County,184913,0.03845026918659045,3314,17.92194166986637,49
49053,Washington County,UT,"St. George, UT",2021,1584.3587452020795,12,7.3679350272883894,0.12867640390989799,14604,138325,152929,0.0954952952023488,Utah,Washington County,191513,0.035070247237792174,3314,17.304308323716928,49
49053,Washington County,UT,"St. George, UT",2022,1745.2226697828348,12,7.4646374309558485,0.09670240366745908,13554,148201,161755,0.08379339123983803,Utah,Washington County,197730,0.031946772298635295,3314,16.76022859454812,49
49057,Weber County,UT,"Ogden-Clearfield, UT",2019,1008.1215497159934,12,6.915844026397231,0.07413773803908619,14457,200250,214707,0.06733362209895345,Utah,Weber County,259680,0.016407749470456423,2407,9.269100431300062,49
49057,Weber County,UT,"Ogden-Clearfield, UT",2020,1078.1197866348216,12,6.98297386462294,0.06712983822570884,16374,210915,227289,0.07204044190435965,Utah,Weber County,262658,0.011402701955287142,2407,9.164007949500872,49
49057,Weber County,UT,"Ogden-Clearfield, UT",2021,1238.4007919579942,12,7.121576142336223,0.13860227771328315,16320,200253,216573,0.07535565375185273,Utah,Weber County,266569,0.014780316192338105,2407,9.02955707527882,49
49057,Weber County,UT,"Ogden-Clearfield, UT",2022,1391.224765527857,12,7.237939764439892,0.1163636221036688,15161,208138,223299,0.06789551229517374,Utah,Weber County,269460,0.010786834413796242,2407,8.932680175165144,49
50007,Chittenden County,VT,"Burlington-South Burlington, VT",2019,1484.819525331558,12,7.3030485120879565,0.021621567384952023,6355,127956,134311,0.04731555866608096,Vermont,Chittenden County,163918,0.0009948943821740386,890,5.429544040312839,50
50007,Chittenden County,VT,"Burlington-South Burlington, VT",2020,1529.9112547791399,12,7.332965009291891,0.029916497203934966,7168,128806,135974,0.05271596040419492,Vermont,Chittenden County,164306,0.002364240157522346,890,5.416722456879238,50
50007,Chittenden County,VT,"Burlington-South Burlington, VT",2021,1627.1989181070621,12,7.39461536041395,0.061650351122058744,7106,124264,131370,0.05409149729770876,Vermont,Chittenden County,169338,0.030166174645707144,890,5.255760668013087,50
50007,Chittenden County,VT,"Burlington-South Burlington, VT",2022,1816.1470299151076,12,7.504472519493503,0.10985715907955296,6939,128130,135069,0.05137374230948626,Vermont,Chittenden County,169357,0.00011219533810624682,890,5.255171029245912,50
51003,Albemarle County,VA,"Charlottesville, VA",2019,1453.5877800977148,12,7.281790110399483,0.03646747472051004,7431,80786,88217,0.08423546481970595,Virginia,Albemarle County,109843,0.009246664716432207,982,8.940032591972178,51
51003,Albemarle County,VA,"Charlottesville, VA",2020,1494.7078621004532,12,7.309686056763519,0.02789594636403603,8789,81536,90325,0.09730417935233877,Virginia,Albemarle County,110652,0.00733806780378643,982,8.87467013700611,51
51003,Albemarle County,VA,"Charlottesville, VA",2021,1625.9845805154812,12,7.393868806984981,0.08418275022146204,8644,78821,87465,0.09882810266963929,Virginia,Albemarle County,113882,0.028772683256946152,982,8.622960608348993,51
51003,Albemarle County,VA,"Charlottesville, VA",2022,1784.7290442992662,12,7.4870218867807985,0.0931530797958171,8230,82819,91049,0.09039088842271743,Virginia,Albemarle County,114845,0.008420568539767359,982,8.550655230963473,51
51013,Arlington County,VA,"Washington-Arlington-Alexandria, DC-VA-MD-WV",2019,2185.626929160499,12,7.689657990475758,0.026517888467245676,21554,162886,184440,0.11686185209282152,Virginia,Arlington County,238392,0.007283414718180836,553,2.3197087150575526,51
51013,Arlington County,VA,"Washington-Arlington-Alexandria, DC-VA-MD-WV",2020,2151.3059603989527,12,7.673830360156135,-0.015827630319622976,21753,161325,183078,0.1188182086323862,Virginia,Arlington County,240119,0.007218256209430507,553,2.303024750228012,51
51013,Arlington County,VA,"Washington-Arlington-Alexandria, DC-VA-MD-WV",2021,2169.3551632393196,12,7.682185242576235,0.008354882420100296,21947,151276,173223,0.12669795581418172,Virginia,Arlington County,233436,-0.028226684186915207,553,2.3689576586302024,51
51013,Arlington County,VA,"Washington-Arlington-Alexandria, DC-VA-MD-WV",2022,2375.9514312377178,12,7.773153238875341,0.09096799629910546,22112,156967,179079,0.12347623116054926,Virginia,Arlington County,233678,0.001036149726409974,553,2.36650433502512,51
51041,Chesterfield County,VA,"Richmond, VA",2019,1238.3752580718615,12,7.12155552368874,0.033235133390260074,22043,281204,303247,0.07268991943860945,Virginia,Chesterfield County,353376,0.013309221070244348,3116,8.817803133206557,51
51041,Chesterfield County,VA,"Richmond, VA",2020,1291.8125509759436,12,7.163801589432845,0.04224606574410483,24366,287252,311618,0.07819188878691218,Virginia,Chesterfield County,358245,0.01368446401204082,3116,8.69795810129939,51
51041,Chesterfield County,VA,"Richmond, VA",2021,1452.1393766164667,12,7.280793180183333,0.11699159075048815,24170,277414,301584,0.08014350893946628,Virginia,Chesterfield County,370931,0.03479895160604407,3116,8.400484187086008,51
51041,Chesterfield County,VA,"Richmond, VA",2022,1615.22629770999,12,7.387230348261574,0.10643716807824077,23639,291503,315142,0.07501063012864043,Virginia,Chesterfield County,378290,0.019645035759740637,3116,8.237066800602712,51
51059,Fairfax County,VA,"Washington-Arlington-Alexandria, DC-VA-MD-WV",2019,1885.2056591213652,12,7.54179219691297,0.028805082017759887,66548,920290,986838,0.06743558719870942,Virginia,Fairfax County,1152359,0.0023205444533456188,1605,1.3927951272129604,51
51059,Fairfax County,VA,"Washington-Arlington-Alexandria, DC-VA-MD-WV",2020,1895.459526584508,12,7.547216582359397,0.005424385446426427,71562,920503,992065,0.07213438635573274,Virginia,Fairfax County,1150847,-0.0013129526557378313,1605,1.3946250022809288,51
51059,Fairfax County,VA,"Washington-Arlington-Alexandria, DC-VA-MD-WV",2021,1961.184953260221,12,7.581304137536868,0.03408755517747153,68256,861440,929696,0.07341754724124876,Virginia,Fairfax County,1142203,-0.007539339259837519,1605,1.4051792894958253,51
51059,Fairfax County,VA,"Washington-Arlington-Alexandria, DC-VA-MD-WV",2022,2136.085336427024,12,7.666730150792824,0.08542601325595545,65253,901783,967036,0.06747732245748865,Virginia,Fairfax County,1139309,-0.0025369154772221236,1605,1.4087486362347703,51
51085,Hanover County,VA,"Richmond, VA",2022,1678.256142264463,12,7.425510522734382,0.09650808426149027,7012,90764,97776,0.0717149402716413,Virginia,Hanover County,112860,0.009588620626949762,690,6.113769271664009,51
51087,Henrico County,VA,"Richmond, VA",2019,1203.3202962266348,12,7.092839928439436,0.039403040596610595,20827,254714,275541,0.07558584747823373,Virginia,Henrico County,332513,0.007837849402204,1915,5.759173325554189,51
51087,Henrico County,VA,"Richmond, VA",2020,1241.5347758719959,12,7.124103615729493,0.03126368729005691,21142,258000,279142,0.07573922949609876,Virginia,Henrico County,333766,0.0037611915643029903,1915,5.737552656651666,51
51087,Henrico County,VA,"Richmond, VA",2021,1385.780261879768,12,7.234018625968574,0.10991501023908068,20488,246227,266715,0.07681607708602815,Virginia,Henrico County,334422,0.00196351987992216,1915,5.7262979110226,51
51087,Henrico County,VA,"Richmond, VA",2022,1562.2355937433533,12,7.353873147286983,0.11985452131840901,19689,253530,273219,0.07206307028427744,Virginia,Henrico County,334553,0.00039164393788837515,1915,5.7240556802659075,51
51095,James City County,VA,"Virginia Beach-Norfolk-Newport News, VA-NC",2019,1378.5210572695278,12,7.228766505841943,0.031731708841373774,5976,61098,67074,0.0890956257268092,Virginia,James City County,76838,0.008259109701022282,374,4.86738332595851,51
51095,James City County,VA,"Virginia Beach-Norfolk-Newport News, VA-NC",2020,1419.6448938130297,12,7.258162044541838,0.029395538699895418,6834,61842,68676,0.09951074611217893,Virginia,James City County,77612,0.01002274495776767,374,4.818842447044272,51
51095,James City County,VA,"Virginia Beach-Norfolk-Newport News, VA-NC",2021,1542.6312630813761,12,7.341244849780583,0.08308280523874512,7128,59447,66575,0.10706721742395794,Virginia,James City County,79991,0.03019207393625578,374,4.675525996674626,51
51095,James City County,VA,"Virginia Beach-Norfolk-Newport News, VA-NC",2022,1719.5592895851005,12,7.449823309990349,0.10857846020976591,6326,62851,69177,0.09144657906529627,Virginia,James City County,81483,0.018480281186777248,374,4.58991446068505,51
51107,Loudoun County,VA,"Washington-Arlington-Alexandria, DC-VA-MD-WV",2019,1948.9437236033111,12,7.57504282459264,0.024414454208497638,26727,355936,382663,0.06984474589913318,Virginia,Loudoun County,414872,0.021705553200709105,2493,6.009082319365973,51
51107,Loudoun County,VA,"Washington-Arlington-Alexandria, DC-VA-MD-WV",2020,1994.3523521476134,12,7.598074641103468,0.02303181651082742,29916,363802,393718,0.07598331800933664,Virginia,Loudoun County,422784,0.018891371407979918,2493,5.896628065395095,51
51107,Loudoun County,VA,"Washington-Arlington-Alexandria, DC-VA-MD-WV",2021,2115.611954004368,12,7.65709938958443,0.05902474848096251,28191,348262,376453,0.07488584232294603,Virginia,Loudoun County,428764,0.014045240680003346,2493,5.814387401927401,51
51107,Loudoun County,VA,"Washington-Arlington-Alexandria, DC-VA-MD-WV",2022,2337.480987984672,12,7.756829127647272,0.09972973806284191,25486,365082,390568,0.06525368181725077,Virginia,Loudoun County,432792,0.009350592064805596,2493,5.760272833139244,51
51121,Montgomery County,VA,"Blacksburg-Christiansburg, VA",2020,1330.0005912187644,12,7.192934665741087,0.07467140142419915,4228,54805,59033,0.07162095776938322,Virginia,Montgomery County,98391,-0.00487674782689318,1625,16.51573822808997,51
51121,Montgomery County,VA,"Blacksburg-Christiansburg, VA",2021,1415.176391409137,12,7.255009460547818,0.062074794806730615,4101,52864,56965,0.07199157377336961,Virginia,Montgomery County,98788,0.004026803426844694,1625,16.449366319795924,51
51121,Montgomery County,VA,"Blacksburg-Christiansburg, VA",2022,1524.9915624617408,12,7.3297441562142325,0.07473469566641455,4265,53892,58157,0.07333596987464966,Virginia,Montgomery County,98826,0.00038458814120900797,1625,16.44304130491976,51
51153,Prince William County,VA,"Washington-Arlington-Alexandria, DC-VA-MD-WV",2019,1586.2693286794126,12,7.369140204095045,0.02706394175450466,33024,378755,411779,0.08019835882840066,Virginia,Prince William County,471774,0.010903402024197817,1433,3.03747133161217,51
51153,Prince William County,VA,"Washington-Arlington-Alexandria, DC-VA-MD-WV",2020,1630.1832766188816,12,7.396447727123431,0.02730752302838635,37015,386264,423279,0.08744823154467857,Virginia,Prince William County,475533,0.007936222849831864,1433,3.0134606851680115,51
51153,Prince William County,VA,"Washington-Arlington-Alexandria, DC-VA-MD-WV",2021,1758.1606209244394,12,7.47202343978509,0.07557571266165919,34757,364645,399402,0.08702259878518386,Virginia,Prince William County,485352,0.020438120679109772,1433,2.952496332558638,51
51153,Prince William County,VA,"Washington-Arlington-Alexandria, DC-VA-MD-WV",2022,1924.608929427862,12,7.562478072539441,0.0904546327543505,31839,383507,415346,0.07665657066638418,Virginia,Prince William County,487012,0.0034143625487406126,1433,2.942432629996797,51
51177,Spotsylvania County,VA,"Washington-Arlington-Alexandria, DC-VA-MD-WV",2019,1348.8007795508752,12,7.206971165206258,0.0323742980442594,10055,106308,116363,0.08641062880812629,Virginia,Spotsylvania County,136447,0.016403864285658543,1411,10.341011528285707,51
51177,Spotsylvania County,VA,"Washington-Arlington-Alexandria, DC-VA-MD-WV",2020,1403.9292083174478,12,7.247030161888234,0.04005899668197621,11828,109248,121076,0.0976907066635832,Virginia,Spotsylvania County,138449,0.014565765929596353,1411,10.191478450548578,51
51177,Spotsylvania County,VA,"Washington-Arlington-Alexandria, DC-VA-MD-WV",2021,1610.9783480753679,12,7.384596943034122,0.13756678114588805,12270,104827,117097,0.10478492190235446,Virginia,Spotsylvania County,144003,0.03933210592556158,1411,9.79840697763241,51
51177,Spotsylvania County,VA,"Washington-Arlington-Alexandria, DC-VA-MD-WV",2022,1778.9685804458043,12,7.483789026152819,0.0991920831186972,11251,110592,121843,0.09234014264258103,Virginia,Spotsylvania County,146828,0.0194277009951751,1411,9.60988367341379,51
51179,Stafford County,VA,"Washington-Arlington-Alexandria, DC-VA-MD-WV",2019,1547.8329437399154,12,7.344611130845488,0.03565103574224526,14289,116753,131042,0.10904137604737413,Virginia,Stafford County,153775,0.025582131815038878,964,6.268899365956755,51
51179,Stafford County,VA,"Washington-Arlington-Alexandria, DC-VA-MD-WV",2020,1595.5796901072447,12,7.374992391263381,0.030381260417892797,16314,121865,138179,0.11806424999457225,Virginia,Stafford County,156748,0.01914892516654554,964,6.149998724066655,51
51179,Stafford County,VA,"Washington-Arlington-Alexandria, DC-VA-MD-WV",2021,1757.01719168382,12,7.471372872819831,0.09638048155645063,15592,116593,132185,0.11795589514695314,Virginia,Stafford County,161568,0.030286686415527342,964,5.966528025351555,51
51179,Stafford County,VA,"Washington-Arlington-Alexandria, DC-VA-MD-WV",2022,1938.5975655190214,12,7.569720086264374,0.09834721344454245,14587,122899,137486,0.10609807544040847,Virginia,Stafford County,163169,0.009860366830137579,964,5.907984972635734,51
51199,York County,VA,"Virginia Beach-Norfolk-Newport News, VA-NC",2019,1326.5954329899341,12,7.190371114442634,0.025988476566999097,7444,53306,60750,0.12253497942386832,Virginia,York County,68579,0.0064806575790381515,286,4.170372854663964,51
51199,York County,VA,"Virginia Beach-Norfolk-Newport News, VA-NC",2020,1360.0980808991933,12,7.215312094437928,0.024940979995293766,8030,53854,61884,0.12975890375541335,Virginia,York County,69199,0.009000046234339365,286,4.133007702423445,51
51199,York County,VA,"Virginia Beach-Norfolk-Newport News, VA-NC",2021,1520.1506284025563,12,7.326564706563737,0.11125261212580906,7792,52079,59871,0.1301464816021112,Virginia,York County,71104,0.027157182365007415,286,4.022277227722772,51
51199,York County,VA,"Virginia Beach-Norfolk-Newport News, VA-NC",2022,1646.377962231487,12,7.406332979562288,0.07976827299855138,7106,54278,61384,0.11576306529388766,Virginia,York County,71164,0.0008434785553639301,286,4.018885953572031,51
51510,Alexandria City,VA,"Washington-Arlington-Alexandria, DC-VA-MD-WV",2019,1783.0657625586528,12,7.486089500278126,0.02491763985704143,18019,108703,126722,0.1421931472041161,Virginia,Alexandria city,159050,0.00424035137786305,107,0.6727444199937126,51
51510,Alexandria City,VA,"Washington-Arlington-Alexandria, DC-VA-MD-WV",2020,1791.6426609339421,12,7.490888165689495,0.004798665411368752,18269,108210,126479,0.14444295100372395,Virginia,Alexandria city,158726,-0.0020391729537294623,107,0.6741176618827414,51
51510,Alexandria City,VA,"Washington-Arlington-Alexandria, DC-VA-MD-WV",2021,1821.6038231992363,12,7.507472613561137,0.016584447871641927,17431,101702,119133,0.14631546255025896,Virginia,Alexandria city,155105,-0.023077138312260104,107,0.6898552593404468,51
51510,Alexandria City,VA,"Washington-Arlington-Alexandria, DC-VA-MD-WV",2022,1986.249725947613,12,7.594003579876146,0.08653096631500912,17634,105839,123473,0.14281664817409473,Virginia,Alexandria city,155045,-0.00038690956471754134,107,0.6901222225805411,51
51540,Charlottesville City,VA,"Charlottesville, VA",2019,1345.5394207363545,12,7.204550267943912,0.037818872387176405,3595,26638,30233,0.1189098005490689,Virginia,Charlottesville city,47283,-0.0029143457018552255,190,4.01835754922488,51
51540,Charlottesville City,VA,"Charlottesville, VA",2020,1401.6616671084257,12,7.245413716865818,0.04086344892190663,3758,26335,30093,0.12487954009238028,Virginia,Charlottesville city,46950,-0.007067617207241028,190,4.046858359957401,51
51540,Charlottesville City,VA,"Charlottesville, VA",2021,1489.950558258437,12,7.30649821601207,0.06108449914625158,3420,24509,27929,0.12245336388699918,Virginia,Charlottesville city,45746,-0.025978849449105113,190,4.15336860053338,51
51540,Charlottesville City,VA,"Charlottesville, VA",2022,1629.2620040027266,12,7.395882432994294,0.0893842169822241,3468,25126,28594,0.12128418549346016,Virginia,Charlottesville city,45272,-0.010415616364944924,190,4.196854567944866,51
51550,Chesapeake City,VA,"Virginia Beach-Norfolk-Newport News, VA-NC",2019,1337.9048421529794,12,7.198860118691934,0.026075832751883077,19567,183645,203212,0.09628860500364152,Virginia,Chesapeake city,245403,0.010877888932407487,1128,4.596520824928791,51
51550,Chesapeake City,VA,"Virginia Beach-Norfolk-Newport News, VA-NC",2020,1385.3041832869158,12,7.233675021428938,0.03481490273700327,21695,186109,207804,0.10440126272834016,Virginia,Chesapeake city,247011,0.006531112908342962,1128,4.566598248660991,51
51550,Chesapeake City,VA,"Virginia Beach-Norfolk-Newport News, VA-NC",2021,1529.199031960923,12,7.332499368785779,0.09882434735684154,20570,178719,199289,0.10321693620822023,Virginia,Chesapeake city,251763,0.01905529874643186,1128,4.480404189654556,51
51550,Chesapeake City,VA,"Virginia Beach-Norfolk-Newport News, VA-NC",2022,1679.1381304853867,12,7.426035923190546,0.09353655440476683,19795,183967,203762,0.09714765265358605,Virginia,Chesapeake city,252459,0.002760690497604301,1128,4.46805223818521,51
51600,Fairfax City,VA,"Washington-Arlington-Alexandria, DC-VA-MD-WV",2020,1949.5234491799936,12,7.575340236655003,0.016047350421766637,2641,18518,21159,0.12481686280069947,Virginia,Fairfax city,23429,0.005778754604044423,10,0.4268214605830381,51
51600,Fairfax City,VA,"Washington-Arlington-Alexandria, DC-VA-MD-WV",2021,2042.065159767509,12,7.621716907993912,0.046376671338909325,2512,17443,19955,0.12588323728388875,Virginia,Fairfax city,24353,0.038680473940614135,10,0.41062702747094815,51
51600,Fairfax City,VA,"Washington-Arlington-Alexandria, DC-VA-MD-WV",2022,2216.54742821804,12,7.703706051753625,0.08198914375971267,2214,18317,20531,0.10783692952121182,Virginia,Fairfax city,24752,0.016251248605591684,10,0.40400775694893337,51
51610,Falls Church City,VA,"Washington-Arlington-Alexandria, DC-VA-MD-WV",2020,1982.3124481453206,12,7.5920193453239895,-0.024864403672056667,1437,10913,12350,0.11635627530364373,Virginia,Falls Church city,14631,0.005482845617883925,14,0.9568723942314264,51
51610,Falls Church City,VA,"Washington-Arlington-Alexandria, DC-VA-MD-WV",2021,2015.6848859769027,12,7.60871431041504,0.01669496509105084,1448,9987,11435,0.12662877131613468,Virginia,Falls Church city,14516,-0.007891076045201117,14,0.9644530173601543,51
51610,Falls Church City,VA,"Washington-Arlington-Alexandria, DC-VA-MD-WV",2022,2228.0947400508044,12,7.708902122607575,0.10018781219253459,1544,10437,11981,0.1288707119606043,Virginia,Falls Church city,14489,-0.0018617485122387478,14,0.9662502588170336,51
51630,Fredericksburg City,VA,"Washington-Arlington-Alexandria, DC-VA-MD-WV",2019,1324.0537334784437,12,7.188453319871657,0.03772442098362294,3347,16631,19978,0.16753428771648815,Virginia,Fredericksburg city,29254,-0.003685004852371776,104,3.5550693922198673,51
51630,Fredericksburg City,VA,"Washington-Arlington-Alexandria, DC-VA-MD-WV",2020,1390.9226872607526,12,7.237722609689169,0.049269289817511996,3871,16866,20737,0.18667116747842022,Virginia,Fredericksburg city,29492,0.008102723662506861,104,3.5263800352638004,51
51630,Fredericksburg City,VA,"Washington-Arlington-Alexandria, DC-VA-MD-WV",2021,1551.9561059436421,12,7.347271418090406,0.10954880840123682,3467,16339,19806,0.1750479652630516,Virginia,Fredericksburg city,28437,-0.03642792598838973,104,3.6572071596863243,51
51630,Fredericksburg City,VA,"Washington-Arlington-Alexandria, DC-VA-MD-WV",2022,1705.5518813723293,12,7.441644021432566,0.09437260334216013,3591,16992,20583,0.17446436379536512,Virginia,Fredericksburg city,28648,0.0073925185571184215,104,3.630270874057526,51
51650,Hampton City,VA,"Virginia Beach-Norfolk-Newport News, VA-NC",2019,1039.0767913563643,12,6.946087897277015,0.033149567953182135,11404,89284,100688,0.11326076593039885,Virginia,Hampton city,135048,0.0018380723208810679,211,1.5624074403175165,51
51650,Hampton City,VA,"Virginia Beach-Norfolk-Newport News, VA-NC",2020,1091.998202480165,12,6.995764510223061,0.04967661294604575,11968,90476,102444,0.1168248018429581,Virginia,Hampton city,135464,0.0030756515639520643,211,1.5576094017598772,51
51650,Hampton City,VA,"Virginia Beach-Norfolk-Newport News, VA-NC",2021,1301.640758076189,12,7.171380869240766,0.17561635901770511,11971,86902,98873,0.1210745097245962,Virginia,Hampton city,137760,0.01680711831638071,211,1.5316492450638792,51
51650,Hampton City,VA,"Virginia Beach-Norfolk-Newport News, VA-NC",2022,1411.7334982090586,12,7.252573659594288,0.0811927903535219,11133,89059,100192,0.11111665602044075,Virginia,Hampton city,137858,0.0007111292015018478,211,1.5305604317486108,51
51680,Lynchburg City,VA,"Lynchburg, VA",2019,859.1600116195488,12,6.755955181260376,0.03801754936935442,4799,46325,51124,0.09386980674438619,Virginia,Lynchburg city,81753,0.00806886827164277,361,4.415740095164704,51
51680,Lynchburg City,VA,"Lynchburg, VA",2020,909.5057337019925,12,6.812901302173591,0.05694612091321538,4705,47129,51834,0.09077053671335417,Virginia,Lynchburg city,81561,-0.002351299808440288,361,4.4261350400313875,51
51680,Lynchburg City,VA,"Lynchburg, VA",2021,992.3591552214974,12,6.900085093394569,0.08718379122097808,4760,44747,49507,0.09614801947199386,Virginia,Lynchburg city,79114,-0.03046135628033575,361,4.563035619485806,51
51680,Lynchburg City,VA,"Lynchburg, VA",2022,1151.6356844273778,12,7.048938545082685,0.14885345168811615,4966,46146,51112,0.0971591798403506,Virginia,Lynchburg city,79228,0.0014399214320519604,361,4.55646993487151,51
51685,Manassas Park City,VA,"Washington-Arlington-Alexandria, DC-VA-MD-WV",2021,1678.875964498039,12,7.425879779719754,0.06558820749876393,1805,11864,13669,0.1320506255029629,Virginia,Manassas Park city,17089,-0.052158973765914496,0,0.0,51
51685,Manassas Park City,VA,"Washington-Arlington-Alexandria, DC-VA-MD-WV",2022,1841.422505292159,12,7.518293652616878,0.092413872897124,1594,12555,14149,0.11265813838433812,Virginia,Manassas Park city,16693,-0.02344551179151999,0,0.0,51
51700,Newport News City,VA,"Virginia Beach-Norfolk-Newport News, VA-NC",2019,982.3586327562576,12,6.889956448155582,0.03317661294926033,14412,121485,135897,0.1060509062010199,Virginia,Newport News city,179736,0.004639758490759149,160,0.8901945074998887,51
51700,Newport News City,VA,"Virginia Beach-Norfolk-Newport News, VA-NC",2020,1030.5197912567744,12,6.93781860563544,0.04786215747985789,14370,122354,136724,0.10510224978789386,Virginia,Newport News city,179062,-0.003756993031132083,160,0.8935452524823804,51
51700,Newport News City,VA,"Virginia Beach-Norfolk-Newport News, VA-NC",2021,1196.0306630699313,12,7.086763572200266,0.1489449665648266,14174,116702,130876,0.10830098719398515,Virginia,Newport News city,184691,0.030952043767433324,160,0.8663118397756253,51
51700,Newport News City,VA,"Virginia Beach-Norfolk-Newport News, VA-NC",2022,1330.4508166592827,12,7.19327312367607,0.10650955147580365,13670,118691,132361,0.10327815595228201,Virginia,Newport News city,183980,-0.003857102302465165,160,0.8696597456245244,51
51710,Norfolk City,VA,"Virginia Beach-Norfolk-Newport News, VA-NC",2019,1113.1715708507688,12,7.01496849110318,0.0421404013789779,18873,138719,157592,0.11975861718868978,Virginia,Norfolk city,243581,-0.0024069768811454395,1202,4.93470344567105,51
51710,Norfolk City,VA,"Virginia Beach-Norfolk-Newport News, VA-NC",2020,1172.322985035085,12,7.06674251667145,0.051774025568270154,19793,139640,159433,0.12414619307169783,Virginia,Norfolk city,242803,-0.003199121120466941,1202,4.950515438441864,51
51710,Norfolk City,VA,"Virginia Beach-Norfolk-Newport News, VA-NC",2021,1288.2800011373179,12,7.1610632752254,0.09432075855395006,18595,133757,152352,0.12205287754673388,Virginia,Norfolk city,234862,-0.03325230734528084,1202,5.117899021553082,51
51710,Norfolk City,VA,"Virginia Beach-Norfolk-Newport News, VA-NC",2022,1426.9760856205946,12,7.2633128588364775,0.10224958361107728,18413,134642,153055,0.12030315899513247,Virginia,Norfolk city,232558,-0.009858451329723295,1202,5.168603101161861,51
51730,Petersburg City,VA,"Richmond, VA",2019,825.2471501692337,11,6.71568291743347,0.06686649058426308,3276,19021,22297,0.14692559537157465,Virginia,Petersburg city,30593,0.0006539581045945653,63,2.0592946098780764,51
51730,Petersburg City,VA,"Richmond, VA",2020,861.0830304952259,12,6.758190934731984,0.04250801729851439,3354,19141,22495,0.14909979995554568,Virginia,Petersburg city,30446,-0.004816601982197355,63,2.069237338238192,51
51730,Petersburg City,VA,"Richmond, VA",2021,990.163958801063,12,6.897870544366563,0.13967960963457848,3211,18423,21634,0.1484237773874457,Virginia,Petersburg city,33411,0.09293056444201042,63,1.8856065367693275,51
51730,Petersburg City,VA,"Richmond, VA",2022,1091.110618157553,12,6.99495137222176,0.09708082785519778,2962,18867,21829,0.13569105318612854,Virginia,Petersburg city,33462,0.0015252795563984733,63,1.882732651963421,51
51740,Portsmouth City,VA,"Virginia Beach-Norfolk-Newport News, VA-NC",2019,1033.4987274522593,12,6.940705147821848,0.03397603342238131,7834,62485,70319,0.11140658996857179,Virginia,Portsmouth city,94582,-0.003135212453027947,280,2.9603941553361106,51
51740,Portsmouth City,VA,"Virginia Beach-Norfolk-Newport News, VA-NC",2020,1085.4151897199113,12,6.989717856113942,0.0490127082920937,8404,63150,71554,0.11744975822455768,Virginia,Portsmouth city,95094,0.0053986929665033045,280,2.944454960355017,51
51740,Portsmouth City,VA,"Virginia Beach-Norfolk-Newport News, VA-NC",2021,1189.2675246754852,12,7.081092871109209,0.09137501499526657,8140,60307,68447,0.11892413107952138,Virginia,Portsmouth city,97652,0.026544262345408853,280,2.8673247859746858,51
51740,Portsmouth City,VA,"Virginia Beach-Norfolk-Newport News, VA-NC",2022,1313.3206798923413,12,7.180314078977717,0.09922120786850819,7885,60954,68839,0.114542628451895,Virginia,Portsmouth city,96954,-0.007173499205586964,280,2.887967489737401,51
51760,Richmond City,VA,"Richmond, VA",2019,1151.6785089388964,12,7.048975730206319,0.048296676413870365,16117,126579,142696,0.11294640354319672,Virginia,Richmond city,231027,0.006104463130855109,1023,4.428053863834098,51
51760,Richmond City,VA,"Richmond, VA",2020,1203.1322214621803,12,7.092683619712416,0.04370788950609672,16617,127479,144096,0.11531895403064624,Virginia,Richmond city,232226,0.005176448624521157,1023,4.405191494492434,51
51760,Richmond City,VA,"Richmond, VA",2021,1291.8692831379133,12,7.163845505182246,0.07116188546982993,16842,123265,140107,0.12020812664606337,Virginia,Richmond city,227140,-0.022144467969399173,1023,4.503830236858325,51
51760,Richmond City,VA,"Richmond, VA",2022,1441.735975823903,12,7.273603205258272,0.10975770007602659,16785,128058,144843,0.11588409519272591,Virginia,Richmond city,228367,0.005387416517107724,1023,4.479631470396336,51
51770,Roanoke City,VA,"Roanoke, VA",2019,784.5008452741063,12,6.665047649641093,0.05170175862489934,6318,65305,71623,0.08821188724292475,Virginia,Roanoke city,99216,0.002543143968303241,317,3.195049185615223,51
51770,Roanoke City,VA,"Roanoke, VA",2020,820.8853704046119,12,6.710383477785515,0.04533582814442205,6243,66176,72419,0.086206658473605,Virginia,Roanoke city,99058,-0.0015937544352162547,317,3.2001453693795554,51
51770,Roanoke City,VA,"Roanoke, VA",2021,902.5133971410875,12,6.805183534574517,0.09480005678900127,6123,63619,69742,0.08779501591580396,Virginia,Roanoke city,98700,-0.0036205907328685782,317,3.2117527862208712,51
51770,Roanoke City,VA,"Roanoke, VA",2022,1030.974089396126,12,6.938259352174607,0.13307581760009057,5619,64809,70428,0.07978360879195774,Virginia,Roanoke city,97657,-0.010623607098152021,317,3.2460550702970603,51
51800,Suffolk City,VA,"Virginia Beach-Norfolk-Newport News, VA-NC",2019,1219.465937210255,12,7.106168285498968,0.03896831862332917,7710,67721,75431,0.10221261815433973,Virginia,Suffolk city,92277,0.012452999347276617,1108,12.007325769151576,51
51800,Suffolk City,VA,"Virginia Beach-Norfolk-Newport News, VA-NC",2020,1273.5056621269011,12,7.149528740524195,0.04336045502522712,8686,69171,77857,0.11156350745597698,Virginia,Suffolk city,93913,0.017573898761817475,1108,11.798153610256302,51
51800,Suffolk City,VA,"Virginia Beach-Norfolk-Newport News, VA-NC",2021,1409.7184783763494,12,7.251145302711365,0.10161656218716963,8906,66776,75682,0.11767659417034433,Virginia,Suffolk city,96337,0.025483639217718235,1108,11.501292338353904,51
51800,Suffolk City,VA,"Virginia Beach-Norfolk-Newport News, VA-NC",2022,1561.5815896693277,12,7.353454426187007,0.10230912347564214,9016,69620,78636,0.11465486545602523,Virginia,Suffolk city,98426,0.021452535794798777,1108,11.257188141344766,51
51810,Virginia Beach City,VA,"Virginia Beach-Norfolk-Newport News, VA-NC",2019,1302.648889317468,12,7.172155077511066,0.03170182741745453,29975,338661,368636,0.08131327379854382,Virginia,Virginia Beach city,450766,0.0006169182246438254,938,2.08090228633038,51
51810,Virginia Beach City,VA,"Virginia Beach-Norfolk-Newport News, VA-NC",2020,1357.0410928105732,12,7.213061941477019,0.04090686396595267,31703,341585,373288,0.08492906281477036,Virginia,Virginia Beach city,451231,0.0010310456491406939,938,2.078757886758667,51
51810,Virginia Beach City,VA,"Virginia Beach-Norfolk-Newport News, VA-NC",2021,1537.7092401234447,12,7.338049081558314,0.12498714008129497,30006,326142,356148,0.08425149095319923,Virginia,Virginia Beach city,458569,0.016131367607087554,938,2.045493698876287,51
51810,Virginia Beach City,VA,"Virginia Beach-Norfolk-Newport News, VA-NC",2022,1688.5843697731789,12,7.431645805869676,0.09359672431136268,28487,332096,360583,0.07900261520925835,Virginia,Virginia Beach city,455069,-0.00766171529942028,938,2.0612258800313796,51
53005,Benton County,WA,"Kennewick-Richland, WA",2019,1156.1498970949235,12,7.052850709593289,0.042336184987366465,11688,159065,170753,0.06844974905272529,Washington,Benton County,204173,0.014797468454540663,1345,6.587550753527646,53
53005,Benton County,WA,"Kennewick-Richland, WA",2020,1198.7370329148632,12,7.0890238089669735,0.03617309937368418,12711,167016,179727,0.07072393129579863,Washington,Benton County,206426,0.010974320988415442,1345,6.5156520980884185,53
53005,Benton County,WA,"Kennewick-Richland, WA",2021,1343.491271753157,12,7.203026931386253,0.11400312241927946,12146,158846,170992,0.07103256292692056,Washington,Benton County,210599,0.02001385668429201,1345,6.3865450453231025,53
53005,Benton County,WA,"Kennewick-Richland, WA",2022,1467.1456526208192,12,7.2910740592545435,0.08804712786829061,11574,163790,175364,0.06599986314180789,Washington,Benton County,212829,0.010533175027427788,1345,6.3196274943734165,53
53007,Chelan County,WA,"Wenatchee, WA",2022,1648.0490297588613,12,7.407347461094133,0.08673174704681408,4601,64787,69388,0.06630829538248688,Washington,Chelan County,80038,0.003253744673648029,670,8.371023763712238,53
53011,Clark County,WA,"Portland-Vancouver-Hillsboro, OR-WA",2019,1366.5675581635016,12,7.220057442977752,0.04133767717147041,25345,390896,416241,0.06089020543387124,Washington,Clark County,489271,0.014004003538415688,5022,10.264250282563243,53
53011,Clark County,WA,"Portland-Vancouver-Hillsboro, OR-WA",2020,1414.0865672520122,12,7.2542390661186325,0.03418162314088047,28452,408570,437022,0.06510427392671307,Washington,Clark County,496865,0.015401831223796236,5022,10.107373230153058,53
53011,Clark County,WA,"Portland-Vancouver-Hillsboro, OR-WA",2021,1575.9523558491062,12,7.362615038900645,0.10837597278201283,28269,389058,417327,0.0677382484238978,Washington,Clark County,512583,0.031144289699485128,5022,9.797437683263002,53
53011,Clark County,WA,"Portland-Vancouver-Hillsboro, OR-WA",2022,1739.8960587527208,12,7.461580654075277,0.09896561517463187,26970,399827,426797,0.06319163443042008,Washington,Clark County,516737,0.008071391893333058,5022,9.718677005904357,53
53021,Franklin County,WA,"Kennewick-Richland, WA",2020,1270.6614217868341,12,7.147292848437575,0.04936756086996308,6447,79462,85909,0.075044523856639,Washington,Franklin County,97075,0.016923233081552524,620,6.3868143188256505,53
53021,Franklin County,WA,"Kennewick-Richland, WA",2021,1391.0840832718811,12,7.237838638171213,0.09054578973363814,6007,74358,80365,0.07474646923411933,Washington,Franklin County,98102,0.010523878105603401,620,6.319952702289454,53
53021,Franklin County,WA,"Kennewick-Richland, WA",2022,1559.7696909813483,12,7.352293455358298,0.11445481718708539,5384,76435,81819,0.06580378640658038,Washington,Franklin County,98582,0.004880935438986711,620,6.289180580633381,53
53025,Grant County,WA,"Moses Lake, WA",2019,1023.9095985648065,12,6.931383519050755,0.04749781366450545,3860,79620,83480,0.0462386200287494,Washington,Grant County,97959,0.015037104004804291,544,5.553343745852857,53
53025,Grant County,WA,"Moses Lake, WA",2020,1099.3572429931462,12,7.002480963450654,0.07109744439989907,4678,83623,88301,0.0529778824701872,Washington,Grant County,99377,0.014371674774540821,544,5.474103665838172,53
53025,Grant County,WA,"Moses Lake, WA",2021,1204.4918382640287,12,7.0938130459954625,0.09133208254480873,4925,78468,83393,0.05905771467629178,Washington,Grant County,100427,0.010510396848619763,544,5.41686996524839,53
53025,Grant County,WA,"Moses Lake, WA",2022,1337.799930158098,12,7.198781700477772,0.10496865448230963,4550,81668,86218,0.05277320281147788,Washington,Grant County,101580,0.0114155699663403,544,5.355384918291001,53
53029,Island County,WA,"Oak Harbor, WA",2019,1332.8063569569738,12,7.195042041026785,0.03865456490040575,7236,64660,71896,0.10064537665516858,Washington,Island County,85344,0.011229387154704895,445,5.214191976003,53
53029,Island County,WA,"Oak Harbor, WA",2020,1386.8166703432883,12,7.23476623446496,0.03972419343817535,8004,65917,73921,0.10827775598273832,Washington,Island County,86014,0.00781992570261103,445,5.173576394540424,53
53029,Island County,WA,"Oak Harbor, WA",2021,1523.2628775609644,12,7.328609943096456,0.09384370863149627,7373,63499,70872,0.104032622192121,Washington,Island County,87566,0.01788272104513844,445,5.081881095402325,53
53029,Island County,WA,"Oak Harbor, WA",2022,1655.7577463081352,12,7.412014035782733,0.08340409268627713,6897,64979,71876,0.09595692581668429,Washington,Island County,86682,-0.010146544972053917,445,5.133707113356867,53
53033,King County,WA,"Seattle-Tacoma-Bellevue, WA",2019,1845.6726232379553,12,7.520599055477421,0.03507895769149183,98049,1757042,1855091,0.052854010935312605,Washington,King County,2249653,0.009452653498634334,12337,5.483956859124496,53
53033,King County,WA,"Seattle-Tacoma-Bellevue, WA",2020,1860.3071787141887,12,7.52849690291785,0.00789784744042965,97510,1786567,1884077,0.051754784968979506,Washington,King County,2274315,0.010902926061802987,12337,5.424490450970952,53
53033,King County,WA,"Seattle-Tacoma-Bellevue, WA",2021,1904.2584365801074,12,7.551847939638308,0.023351036720457685,94966,1706008,1800974,0.052730355907414546,Washington,King County,2252980,-0.00942512380455085,12337,5.475858640556063,53
53033,King County,WA,"Seattle-Tacoma-Bellevue, WA",2022,2109.2545739518214,12,7.6540898815638645,0.10224194192555647,97833,1732828,1830661,0.05344135260433253,Washington,King County,2265311,0.00545827199465343,12337,5.446051336880455,53
53035,Kitsap County,WA,"Bremerton-Silverdale-Port Orchard, WA",2019,1440.274293571971,12,7.272588856077923,0.06594021949713813,17104,207559,224663,0.07613180630544415,Washington,Kitsap County,272299,0.010024406582653356,1285,4.719077190882082,53
53035,Kitsap County,WA,"Bremerton-Silverdale-Port Orchard, WA",2020,1500.3648421150554,12,7.313463585591852,0.0408747295139289,17811,212755,230566,0.07724903064632253,Washington,Kitsap County,272787,0.0017905436220306825,1285,4.710635037593434,53
53035,Kitsap County,WA,"Bremerton-Silverdale-Port Orchard, WA",2021,1708.3517798517848,12,7.443284313242222,0.12982072765036978,17576,204451,222027,0.07916154341589086,Washington,Kitsap County,276589,0.013841378946045424,1285,4.645882518827574,53
53035,Kitsap County,WA,"Bremerton-Silverdale-Port Orchard, WA",2022,1844.0805856527434,12,7.519736104708695,0.0764517914664733,17025,208256,225281,0.07557228527927344,Washington,Kitsap County,277813,0.004415575660710047,1285,4.625413497568508,53
53053,Pierce County,WA,"Seattle-Tacoma-Bellevue, WA",2019,1347.535333669844,12,7.20603252408675,0.05902131942009348,53735,680664,734399,0.07316867261529496,Washington,Pierce County,905719,0.011960135236986247,4922,5.434356571961061,53
53053,Pierce County,WA,"Seattle-Tacoma-Bellevue, WA",2020,1426.956486503258,12,7.263299124021907,0.057266599935156925,58156,704269,762425,0.07627766665573663,Washington,Pierce County,913890,0.008981110692355188,4922,5.385768527940999,53
53053,Pierce County,WA,"Seattle-Tacoma-Bellevue, WA",2021,1593.2022214192193,12,7.373501245619359,0.11020212159745135,56151,677139,733290,0.07657407028597145,Washington,Pierce County,927402,0.014676914419695208,4922,5.3072993157228465,53
53053,Pierce County,WA,"Seattle-Tacoma-Bellevue, WA",2022,1735.0770335868372,12,7.458807091157185,0.08530584553782639,53778,689858,743636,0.07231763927512923,Washington,Pierce County,926479,-0.0009957490003547065,4922,5.312586685720885,53
53057,Skagit County,WA,"Mount Vernon-Anacortes, WA",2020,1496.607376677619,12,7.310956076591493,0.06755752336830234,7732,103059,110791,0.06978906228845304,Washington,Skagit County,130789,0.012370815916584732,561,4.289351550971412,53
53057,Skagit County,WA,"Mount Vernon-Anacortes, WA",2021,1659.9896977805145,11,7.414566675175014,0.10361059858352117,6691,99023,105714,0.06329341430652516,Washington,Skagit County,131005,0.0016501527843573172,561,4.282279302316706,53
53057,Skagit County,WA,"Mount Vernon-Anacortes, WA",2022,1852.89406677308,12,7.524504056153111,0.10993738097809658,6722,100862,107584,0.06248140987507436,Washington,Skagit County,131322,0.0024168320782980146,561,4.271942248823502,53
53061,Snohomish County,WA,"Seattle-Tacoma-Bellevue, WA",2019,1593.2067733822212,12,7.373504102730928,0.04384050894263414,39810,643581,683391,0.0582536205481196,Washington,Snohomish County,822413,0.010150894973715907,5780,7.02809902080828,53
53061,Snohomish County,WA,"Seattle-Tacoma-Bellevue, WA",2020,1645.350883507945,12,7.405708943497956,0.032204840767027676,43566,660226,703792,0.06190181189897015,Washington,Snohomish County,830393,0.00965638073468611,5780,6.960559638628939,53
53061,Snohomish County,WA,"Seattle-Tacoma-Bellevue, WA",2021,1774.5802109364529,12,7.481319173057901,0.07561022955994545,44206,635607,679813,0.06502670587352699,Washington,Snohomish County,836097,0.006845552358379692,5780,6.913073483100645,53
53061,Snohomish County,WA,"Seattle-Tacoma-Bellevue, WA",2022,1963.20068235277,12,7.582331421528291,0.10101224847038992,42126,649422,691548,0.06091551128771972,Washington,Snohomish County,840452,0.005195207292098658,5780,6.877251764526707,53
53063,Spokane County,WA,"Spokane-Spokane Valley, WA",2019,1025.3897782340644,12,6.932828090735514,0.06505686056913351,21585,396408,417993,0.05163962075919932,Washington,Spokane County,522231,0.016856094530941945,3170,6.070110736436558,53
53063,Spokane County,WA,"Spokane-Spokane Valley, WA",2020,1095.2720417221258,12,6.998758051323395,0.06592996058788092,23624,413419,437043,0.05405417773537158,Washington,Spokane County,528225,0.011412310568275075,3170,6.0012305362298255,53
53063,Spokane County,WA,"Spokane-Spokane Valley, WA",2021,1301.1258344294324,12,7.170985195149238,0.17222714382584314,23649,401632,425281,0.055607939221361875,Washington,Spokane County,545510,0.03219880761120031,3170,5.811075873952815,53
53063,Spokane County,WA,"Spokane-Spokane Valley, WA",2022,1428.7652288940433,12,7.264565873945683,0.09358067879644505,22520,410864,433384,0.05196315507725251,Washington,Spokane County,549740,0.0077243022722424115,3170,5.7663622803507115,53
53067,Thurston County,WA,"Olympia-Lacey-Tumwater, WA",2019,1373.766978873755,12,7.225311865149191,0.058863366771866765,20275,220698,240973,0.08413805696073834,Washington,Thurston County,289661,0.01386697415647653,1161,4.008133645882601,53
53067,Thurston County,WA,"Olympia-Lacey-Tumwater, WA",2020,1471.2905441645423,12,7.293895215825737,0.06858335067654586,21882,227852,249734,0.08762122898764285,Washington,Thurston County,294074,0.015120162657487057,1161,3.9479858811047563,53
53067,Thurston County,WA,"Olympia-Lacey-Tumwater, WA",2021,1657.1104608473952,12,7.412830678359408,0.11893546253367138,21074,220769,241843,0.08713917706942106,Washington,Thurston County,298196,0.013919552076789188,1161,3.8934123864840577,53
53067,Thurston County,WA,"Olympia-Lacey-Tumwater, WA",2022,1810.1374871157784,12,7.501158081107551,0.08832740274814288,20141,225189,245330,0.08209758284759304,Washington,Thurston County,298639,0.0014844976630197237,1161,3.887636912794377,53
53073,Whatcom County,WA,"Bellingham, WA",2019,1368.8963693737335,12,7.221760124376263,0.062220805546126634,9088,167891,176979,0.051350725227286856,Washington,Whatcom County,228675,0.015765918609238483,1382,6.04351153383623,53
53073,Whatcom County,WA,"Bellingham, WA",2020,1455.7345080217892,12,7.283265868738425,0.061505744362162496,9573,172866,182439,0.052472333218226364,Washington,Whatcom County,231016,0.010185190649984577,1382,5.982269626346227,53
53073,Whatcom County,WA,"Bellingham, WA",2021,1605.3870207656994,12,7.381120140929339,0.09785427219091414,9837,166862,176699,0.055670943242463175,Washington,Whatcom County,226701,-0.01885500357264469,1382,6.096135438308609,53
53073,Whatcom County,WA,"Bellingham, WA",2022,1783.1957983804257,12,7.486162425844357,0.10504228491501788,9740,171230,180970,0.053821075316350775,Washington,Whatcom County,230598,0.017043966150692924,1382,5.993113556925906,53
54003,Berkeley County,WV,"Hagerstown-Martinsburg, MD-WV",2019,1147.7445072117105,12,7.045553997416909,0.035926693092721784,6732,91184,97916,0.0687528085297602,West Virginia,Berkeley County,119623,0.018145123405661323,1383,11.56132181938256,54
54003,Berkeley County,WV,"Hagerstown-Martinsburg, MD-WV",2020,1207.492670856595,12,7.096301315824328,0.05074731840741897,8029,95142,103171,0.07782225625417995,West Virginia,Berkeley County,122125,0.02069997964286152,1383,11.32446264073695,54
54003,Berkeley County,WV,"Hagerstown-Martinsburg, MD-WV",2021,1342.4151064927303,12,7.202225588996413,0.10592427317208486,8275,93306,101581,0.08146208444492573,West Virginia,Berkeley County,126180,0.03266434857971667,1383,10.960532572515454,54
54003,Berkeley County,WV,"Hagerstown-Martinsburg, MD-WV",2022,1498.5043167264084,12,7.312222767450873,0.10999717845446,8248,98269,106517,0.07743364908887783,West Virginia,Berkeley County,129379,0.025036622473418646,1383,10.689524575085601,54
54011,Cabell County,WV,"Huntington-Ashland, WV-KY-OH",2019,733.7351404615492,12,6.5981481194367975,0.026969496205290433,3349,61037,64386,0.05201441307116454,West Virginia,Cabell County,91897,-0.01123193940996181,61,0.6637866306843532,54
54011,Cabell County,WV,"Huntington-Ashland, WV-KY-OH",2020,762.4702686697009,12,6.636563515812774,0.03841539637597613,3851,61640,65491,0.05880197279015437,West Virginia,Cabell County,91589,-0.0033572075175758442,61,0.6660188450578127,54
54011,Cabell County,WV,"Huntington-Ashland, WV-KY-OH",2021,801.567274696372,12,6.686568904517662,0.050005388704888354,3846,59838,63684,0.060391935179951006,West Virginia,Cabell County,93408,0.019665817538925268,61,0.6530489893799246,54
54011,Cabell County,WV,"Huntington-Ashland, WV-KY-OH",2022,855.6229583335312,12,6.751829809870144,0.06526090535248219,3525,61151,64676,0.054502442946378876,West Virginia,Cabell County,92485,-0.00993052546519202,61,0.6595664161755961,54
54039,Kanawha County,WV,"Charleston, WV",2019,861.9766850166048,12,6.75922822275336,0.01563005879909607,4877,131594,136471,0.03573653010529709,West Virginia,Kanawha County,178393,-0.011725175428267676,272,1.524723503724922,54
54039,Kanawha County,WV,"Charleston, WV",2020,887.7176901731199,12,6.7886537759743035,0.029425553220943534,5539,131480,137019,0.040425050540436,West Virginia,Kanawha County,176253,-0.012068518883816992,272,1.5432361434982669,54
54039,Kanawha County,WV,"Charleston, WV",2021,918.0207666722946,12,6.8222200120120045,0.033566236037700925,5345,125669,131014,0.040797166715007556,West Virginia,Kanawha County,178073,0.010273115754435125,272,1.5274634559983826,54
54039,Kanawha County,WV,"Charleston, WV",2022,970.1489734754656,12,6.877449640607631,0.055229628595626856,5484,127882,133366,0.041119925618223536,West Virginia,Kanawha County,175864,-0.012482609520732879,272,1.5466496838466086,54
54061,Monongalia County,WV,"Morgantown, WV",2019,1043.878052270901,12,6.9506979534503435,0.018124249789789992,4305,64103,68408,0.06293123611273535,West Virginia,Monongalia County,106281,0.003308031346959339,23,0.21640744817982518,54
54061,Monongalia County,WV,"Morgantown, WV",2020,1075.2812890680486,12,6.980337570582992,0.02963961713264851,4507,65396,69903,0.06447505829506602,West Virginia,Monongalia County,106819,0.005049283369658042,23,0.215317499695747,54
54061,Monongalia County,WV,"Morgantown, WV",2021,1133.640763414255,12,7.0331896469874104,0.05285207640441847,4493,63125,67618,0.06644680410541572,West Virginia,Monongalia County,106521,-0.0027936645149839734,23,0.21591986556641413,54
54061,Monongalia County,WV,"Morgantown, WV",2022,1210.9351244456948,12,7.0991481702317705,0.06595852324436002,4748,64775,69523,0.06829394588841103,West Virginia,Monongalia County,106978,0.004281057035116831,23,0.2149974761165847,54
55009,Brown County,WI,"Green Bay, WI",2022,979.7592886816623,11,6.887306917699931,0.1145648830210595,9346,222232,231578,0.04035789237319607,Wisconsin,Brown County,270068,0.004337934727560722,1210,4.480353096257239,55
55025,Dane County,WI,"Madison, WI",2019,1199.7396949422123,12,7.089859891363864,0.032899232361398134,19915,433953,453868,0.043878396361937834,Wisconsin,Dane County,547637,0.009520430413370917,4769,8.70832321409985,55
55025,Dane County,WI,"Madison, WI",2020,1236.744109143033,12,7.120237486921243,0.030377595557379067,20621,438410,459031,0.044922891917975036,Wisconsin,Dane County,552536,0.008905930940958484,4769,8.631111818958404,55
55025,Dane County,WI,"Madison, WI",2021,1290.2760452118048,12,7.1626114629997195,0.04237397607847626,19842,426869,446711,0.04441797940950637,Wisconsin,Dane County,561542,0.01616798138472042,4769,8.492686210470454,55
55025,Dane County,WI,"Madison, WI",2022,1387.5207146110563,12,7.235273774958556,0.07266231195883677,21553,435867,457420,0.04711862183551222,Wisconsin,Dane County,567758,0.011008700570378949,4769,8.399705508332776,55
55059,Kenosha County,WI,"Chicago-Naperville-Elgin, IL-IN-WI",2019,1228.1834849910053,12,7.113291515290487,0.05985668059128102,7133,132762,139895,0.050988241180885664,Wisconsin,Kenosha County,169760,0.004167484353141404,226,1.3312912346842602,55
55059,Kenosha County,WI,"Chicago-Naperville-Elgin, IL-IN-WI",2020,1259.9525576008186,12,7.13882934653888,0.025537831248392706,7604,133596,141200,0.053852691218130314,Wisconsin,Kenosha County,169671,-0.0005244070343568552,226,1.3319895562588775,55
55059,Kenosha County,WI,"Chicago-Naperville-Elgin, IL-IN-WI",2021,1314.6649410833534,12,7.181337114490183,0.042507767951303066,7353,128480,135833,0.05413264817827774,Wisconsin,Kenosha County,168414,-0.007436034086721222,226,1.3419311933687224,55
55059,Kenosha County,WI,"Chicago-Naperville-Elgin, IL-IN-WI",2022,1435.0943345960939,12,7.268985864427538,0.0876487499373555,7370,131599,138969,0.053033410328922274,Wisconsin,Kenosha County,167637,-0.004624306338186557,226,1.3481510645024666,55
55079,Milwaukee County,WI,"Milwaukee-Waukesha, WI",2019,1080.8192920111564,12,6.98547463623794,0.03058657308064916,25607,695385,720992,0.03551634414806267,Wisconsin,Milwaukee County,947011,-0.0009467423852935752,749,0.790909503691087,55
55079,Milwaukee County,WI,"Milwaukee-Waukesha, WI",2020,1118.8341955402564,12,7.02004252534075,0.03456788910281006,26136,703082,729218,0.03584113392702868,Wisconsin,Milwaukee County,945016,-0.0021088501795745174,749,0.7925791732626749,55
55079,Milwaukee County,WI,"Milwaukee-Waukesha, WI",2021,1179.0949868743553,12,7.072502462919239,0.052459937578489324,25221,672482,697703,0.0361486191115704,Wisconsin,Milwaukee County,924276,-0.022191130229309408,749,0.8103640038256971,55
55079,Milwaukee County,WI,"Milwaukee-Waukesha, WI",2022,1269.3746277946036,12,7.14627963911519,0.07377717619595092,25611,681306,706917,0.03622914712759772,Wisconsin,Milwaukee County,918078,-0.006728374006799598,749,0.8158348201351083,55
55101,Racine County,WI,"Racine, WI",2020,1007.5455354014317,12,6.91527248922773,0.0399628891204431,8481,159262,167743,0.05055948683402586,Wisconsin,Racine County,195802,-0.0020509897344407335,224,1.1440128292867284,55
55101,Racine County,WI,"Racine, WI",2021,1072.1617002801065,11,6.977432170069099,0.06215968084136847,8104,153766,161870,0.0500648668684747,Wisconsin,Racine County,196505,0.00358393172937177,224,1.1399201038141524,55
55101,Racine County,WI,"Racine, WI",2022,1178.2058787960325,12,7.071748118716993,0.09431594864789439,8127,156511,164638,0.04936284454378698,Wisconsin,Racine County,195961,-0.0027722164385952652,224,1.143084593362965,55
55131,Washington County,WI,"Milwaukee-Waukesha, WI",2022,1063.3085348510622,11,6.96914058538215,0.11586477439528231,6526,118998,125524,0.05199005767821293,Wisconsin,Washington County,137756,0.003658066178966024,407,2.954499259560382,55
55133,Waukesha County,WI,"Milwaukee-Waukesha, WI",2019,1222.326918235087,12,7.10851163114981,0.044072118158884344,18658,354780,373438,0.04996277829251442,Wisconsin,Waukesha County,404545,0.004558694794736695,1201,2.9687673806375066,55
55133,Waukesha County,WI,"Milwaukee-Waukesha, WI",2020,1257.312635701695,12,7.136731893418751,0.02822026226894092,20980,357626,378606,0.05541380749380623,Wisconsin,Waukesha County,406172,0.004013736443809535,1201,2.9568754123868706,55
55133,Waukesha County,WI,"Milwaukee-Waukesha, WI",2021,1336.544015171108,12,7.19784246819876,0.061110574780009586,19951,346601,366552,0.05442883956437286,Wisconsin,Waukesha County,409108,0.00720246465556329,1201,2.9356551326300147,55
55133,Waukesha County,WI,"Milwaukee-Waukesha, WI",2022,1436.7050187777652,12,7.2701075892783145,0.07226512107955418,19498,355399,374897,0.05200895179209223,Wisconsin,Waukesha County,410273,0.0028436119095474055,1201,2.927319126532821,55
55139,Winnebago County,WI,"Oshkosh-Neenah, WI",2019,729.7270012135968,12,6.592670493257588,0.06534000351848679,7600,133043,140643,0.054037527640906406,Wisconsin,Winnebago County,171801,0.005779148163982839,554,3.224661090447669,55
55139,Winnebago County,WI,"Oshkosh-Neenah, WI",2020,777.3136253797192,11,6.655843905195778,0.06317341193819015,8219,134635,142854,0.057534265753846583,Wisconsin,Winnebago County,171631,-0.000990006836200763,554,3.227855107760253,55
55139,Winnebago County,WI,"Oshkosh-Neenah, WI",2021,849.7580084025562,11,6.744951612953771,0.08910770775799293,8121,130933,139054,0.05840177197347793,Wisconsin,Winnebago County,170580,-0.0061424285278199875,554,3.247742994489389,55
55139,Winnebago County,WI,"Oshkosh-Neenah, WI",2022,931.4121268318125,12,6.836701850467611,0.09175023751383993,8319,132897,141216,0.058909755268524815,Wisconsin,Winnebago County,170688,0.0006329336685855225,554,3.2456880389951257,55
56021,Laramie County,WY,"Cheyenne, WY",2019,1028.4525984662826,12,6.935810620005921,0.042153081387082736,5989,77491,83480,0.07174173454719693,Wyoming,Laramie County,99865,0.0060363063630610725,550,5.507435037300355,56
56021,Laramie County,WY,"Cheyenne, WY",2020,1075.715884273068,12,6.980741657781542,0.04493103777562091,6910,79633,86543,0.07984470147787805,Wyoming,Laramie County,100595,0.007283280724063701,550,5.4674685620557675,56
56021,Laramie County,WY,"Cheyenne, WY",2021,1150.4118103570402,12,7.047875253218883,0.06713359543734043,6327,76405,82732,0.07647584973166369,Wyoming,Laramie County,100827,0.002303622271606187,550,5.454888075614667,56
56021,Laramie County,WY,"Cheyenne, WY",2022,1235.9255154024092,12,7.119575373582362,0.07170012036347906,6019,78233,84252,0.07144044058301287,Wyoming,Laramie County,100781,-0.00045633110589093917,550,5.457377878766831,56
56025,Natrona County,WY,"Casper, WY",2019,977.680466905842,12,6.885182895694726,0.052650684573883666,3805,61344,65149,0.05840458026984297,Wyoming,Natrona County,79734,0.007477658620148375,208,2.608673840519728,56
56025,Natrona County,WY,"Casper, WY",2020,998.9496697807172,12,6.906704396779526,0.02152150108480022,4004,63648,67652,0.05918524212144504,Wyoming,Natrona County,80815,0.013466497284346346,208,2.5737796201200274,56
56025,Natrona County,WY,"Casper, WY",2021,1034.600118037253,12,6.941770271659156,0.03506587487962953,3547,61076,64623,0.054887578725840644,Wyoming,Natrona County,79635,-0.014708897158028478,208,2.611916870722672,56
56025,Natrona County,WY,"Casper, WY",2022,1122.7296089471831,12,7.023518150099233,0.08174787844007714,3803,62169,65972,0.05764566785909173,Wyoming,Natrona County,79523,-0.0014074067088980513,208,2.615595488097783,56
56037,Sweetwater County,WY,"Rock Springs, WY",2022,904.5683851524201,12,6.807457907452712,0.13929547243635998,1779,33200,34979,0.05085908688069985,Wyoming,Sweetwater County,41374,-0.006072307815202294,50,1.2084884226809107,56
